ISO-10303-21;
HEADER;
FILE_DESCRIPTION(('FreeCAD Model'),'2;1');
FILE_NAME('Open CASCADE Shape Model','2026-06-10T17:49:28',(''),(''),
  'Open CASCADE STEP processor 7.8','FreeCAD','Unknown');
FILE_SCHEMA(('AUTOMOTIVE_DESIGN { 1 0 10303 214 1 1 1 1 }'));
ENDSEC;
DATA;
#1 = APPLICATION_PROTOCOL_DEFINITION('international standard',
  'automotive_design',2000,#2);
#2 = APPLICATION_CONTEXT(
  'core data for automotive mechanical design processes');
#3 = SHAPE_DEFINITION_REPRESENTATION(#4,#10);
#4 = PRODUCT_DEFINITION_SHAPE('','',#5);
#5 = PRODUCT_DEFINITION('design','',#6,#9);
#6 = PRODUCT_DEFINITION_FORMATION('','',#7);
#7 = PRODUCT('PicoIDE_3_5_Enclosure','PicoIDE_3_5_Enclosure','',(#8));
#8 = PRODUCT_CONTEXT('',#2,'mechanical');
#9 = PRODUCT_DEFINITION_CONTEXT('part definition',#2,'design');
#10 = SHAPE_REPRESENTATION('',(#11,#15,#19),#23);
#11 = AXIS2_PLACEMENT_3D('',#12,#13,#14);
#12 = CARTESIAN_POINT('',(0.,0.,0.));
#13 = DIRECTION('',(0.,0.,1.));
#14 = DIRECTION('',(1.,0.,-0.));
#15 = AXIS2_PLACEMENT_3D('',#16,#17,#18);
#16 = CARTESIAN_POINT('',(0.,0.,0.));
#17 = DIRECTION('',(0.,0.,1.));
#18 = DIRECTION('',(1.,0.,0.));
#19 = AXIS2_PLACEMENT_3D('',#20,#21,#22);
#20 = CARTESIAN_POINT('',(0.,0.,0.));
#21 = DIRECTION('',(0.,0.,1.));
#22 = DIRECTION('',(1.,0.,0.));
#23 = ( GEOMETRIC_REPRESENTATION_CONTEXT(3) 
GLOBAL_UNCERTAINTY_ASSIGNED_CONTEXT((#27)) GLOBAL_UNIT_ASSIGNED_CONTEXT(
(#24,#25,#26)) REPRESENTATION_CONTEXT('Context #1',
  '3D Context with UNIT and UNCERTAINTY') );
#24 = ( LENGTH_UNIT() NAMED_UNIT(*) SI_UNIT(.MILLI.,.METRE.) );
#25 = ( NAMED_UNIT(*) PLANE_ANGLE_UNIT() SI_UNIT($,.RADIAN.) );
#26 = ( NAMED_UNIT(*) SI_UNIT($,.STERADIAN.) SOLID_ANGLE_UNIT() );
#27 = UNCERTAINTY_MEASURE_WITH_UNIT(LENGTH_MEASURE(1.E-04),#24,
  'distance_accuracy_value','confusion accuracy');
#28 = PRODUCT_RELATED_PRODUCT_CATEGORY('part',$,(#7));
#29 = SHAPE_DEFINITION_REPRESENTATION(#30,#36);
#30 = PRODUCT_DEFINITION_SHAPE('','',#31);
#31 = PRODUCT_DEFINITION('design','',#32,#35);
#32 = PRODUCT_DEFINITION_FORMATION('','',#33);
#33 = PRODUCT('PicoIDE Enclosure','PicoIDE Enclosure','',(#34));
#34 = PRODUCT_CONTEXT('',#2,'mechanical');
#35 = PRODUCT_DEFINITION_CONTEXT('part definition',#2,'design');
#36 = ADVANCED_BREP_SHAPE_REPRESENTATION('',(#11,#37),#8483);
#37 = MANIFOLD_SOLID_BREP('',#38);
#38 = CLOSED_SHELL('',(#39,#79,#411,#435,#487,#504,#530,#554,#590,#614,
    #1286,#1310,#1335,#1359,#1383,#1405,#1429,#1454,#1478,#1502,#1519,
    #1543,#1579,#1596,#1620,#1645,#1669,#1693,#1715,#1739,#1764,#1788,
    #1812,#1829,#2524,#2548,#2604,#2628,#2645,#2657,#2690,#2703,#2727,
    #3017,#3041,#3093,#3152,#3169,#3193,#3218,#3235,#3259,#3311,#3370,
    #3387,#3411,#3445,#3504,#3521,#3546,#3571,#3583,#3608,#3633,#3675,
    #3691,#3707,#3724,#3766,#3790,#3815,#3840,#3856,#3881,#3905,#3929,
    #3945,#3963,#4005,#4021,#4037,#4054,#4086,#4110,#4126,#4151,#4173,
    #4184,#4226,#4242,#4258,#4275,#4317,#4333,#4357,#4381,#4404,#4415,
    #4457,#4473,#4489,#4506,#4530,#4585,#4601,#4632,#4655,#4703,#4727,
    #4744,#4768,#4785,#4816,#4840,#4864,#4881,#4912,#4936,#4960,#5000,
    #5025,#5072,#5096,#5120,#5137,#5162,#5209,#5233,#5257,#5274,#5292,
    #5323,#5347,#5437,#5461,#5485,#5502,#5526,#5550,#5567,#5584,#5609,
    #5634,#5665,#5689,#5713,#5753,#5778,#5825,#5849,#5873,#5890,#5915,
    #5962,#5986,#6010,#6027,#6045,#6076,#6100,#6124,#6215,#6239,#6263,
    #6280,#6304,#6328,#6345,#6376,#6400,#6424,#6441,#6542,#6610,#6677,
    #6694,#6711,#6728,#6745,#6762,#6779,#6796,#6808,#6831,#6848,#6865,
    #6882,#6899,#6916,#6933,#6950,#6962,#6990,#7007,#7025,#7042,#7059,
    #7071,#7117,#7133,#7149,#7165,#7181,#7197,#7214,#7231,#7248,#7265,
    #7287,#7326,#7348,#7371,#7393,#7417,#7439,#7456,#7592,#7609,#7621,
    #7638,#7650,#7662,#7674,#7686,#7698,#7710,#7730,#7750,#7762,#7774,
    #7786,#7798,#7810,#7823,#7869,#7881,#7897,#7913,#7944,#7968,#7992,
    #8009,#8034,#8059,#8084,#8109,#8134,#8159,#8184,#8209,#8231,#8248,
    #8265,#8277,#8299,#8316,#8333,#8345,#8369,#8393,#8402,#8411,#8420,
    #8429,#8438,#8447,#8456,#8465,#8474));
#39 = ADVANCED_FACE('',(#40),#74,.T.);
#40 = FACE_BOUND('',#41,.T.);
#41 = EDGE_LOOP('',(#42,#52,#60,#68));
#42 = ORIENTED_EDGE('',*,*,#43,.F.);
#43 = EDGE_CURVE('',#44,#46,#48,.T.);
#44 = VERTEX_POINT('',#45);
#45 = CARTESIAN_POINT('',(49.815,-48.75,-1.44));
#46 = VERTEX_POINT('',#47);
#47 = CARTESIAN_POINT('',(49.815,-48.75,-1.45));
#48 = LINE('',#49,#50);
#49 = CARTESIAN_POINT('',(49.815,-48.75,-1.44));
#50 = VECTOR('',#51,1.);
#51 = DIRECTION('',(0.,-2.2E-16,-1.));
#52 = ORIENTED_EDGE('',*,*,#53,.T.);
#53 = EDGE_CURVE('',#44,#54,#56,.T.);
#54 = VERTEX_POINT('',#55);
#55 = CARTESIAN_POINT('',(49.815,-46.95,-1.44));
#56 = LINE('',#57,#58);
#57 = CARTESIAN_POINT('',(49.815,-48.75,-1.44));
#58 = VECTOR('',#59,1.);
#59 = DIRECTION('',(0.,1.,-2.2E-16));
#60 = ORIENTED_EDGE('',*,*,#61,.T.);
#61 = EDGE_CURVE('',#54,#62,#64,.T.);
#62 = VERTEX_POINT('',#63);
#63 = CARTESIAN_POINT('',(49.815,-46.95,-1.45));
#64 = LINE('',#65,#66);
#65 = CARTESIAN_POINT('',(49.815,-46.95,-1.44));
#66 = VECTOR('',#67,1.);
#67 = DIRECTION('',(0.,-2.2E-16,-1.));
#68 = ORIENTED_EDGE('',*,*,#69,.F.);
#69 = EDGE_CURVE('',#46,#62,#70,.T.);
#70 = LINE('',#71,#72);
#71 = CARTESIAN_POINT('',(49.815,-48.75,-1.45));
#72 = VECTOR('',#73,1.);
#73 = DIRECTION('',(0.,1.,0.));
#74 = PLANE('',#75);
#75 = AXIS2_PLACEMENT_3D('',#76,#77,#78);
#76 = CARTESIAN_POINT('',(49.815,-47.85,-3.47));
#77 = DIRECTION('',(-1.,-0.,-0.));
#78 = DIRECTION('',(0.,0.,-1.));
#79 = ADVANCED_FACE('',(#80),#406,.T.);
#80 = FACE_BOUND('',#81,.T.);
#81 = EDGE_LOOP('',(#82,#90,#98,#106,#114,#122,#130,#138,#147,#155,#163,
    #171,#179,#188,#196,#204,#212,#220,#228,#236,#244,#252,#260,#269,
    #277,#285,#293,#301,#310,#318,#326,#334,#342,#350,#358,#366,#374,
    #382,#390,#398,#405));
#82 = ORIENTED_EDGE('',*,*,#83,.F.);
#83 = EDGE_CURVE('',#84,#46,#86,.T.);
#84 = VERTEX_POINT('',#85);
#85 = CARTESIAN_POINT('',(49.8023046875,-48.75,-1.45));
#86 = LINE('',#87,#88);
#87 = CARTESIAN_POINT('',(46.565,-48.75,-1.45));
#88 = VECTOR('',#89,1.);
#89 = DIRECTION('',(1.,0.,0.));
#90 = ORIENTED_EDGE('',*,*,#91,.F.);
#91 = EDGE_CURVE('',#92,#84,#94,.T.);
#92 = VERTEX_POINT('',#93);
#93 = CARTESIAN_POINT('',(46.565,-48.75,-4.));
#94 = LINE('',#95,#96);
#95 = CARTESIAN_POINT('',(36.233471033263,-48.75,-12.13806589379));
#96 = VECTOR('',#97,1.);
#97 = DIRECTION('',(0.785562879526,0.,0.618781837411));
#98 = ORIENTED_EDGE('',*,*,#99,.F.);
#99 = EDGE_CURVE('',#100,#92,#102,.T.);
#100 = VERTEX_POINT('',#101);
#101 = CARTESIAN_POINT('',(46.565,-48.75,-3.));
#102 = LINE('',#103,#104);
#103 = CARTESIAN_POINT('',(46.565,-48.75,0.357713610975));
#104 = VECTOR('',#105,1.);
#105 = DIRECTION('',(0.,0.,-1.));
#106 = ORIENTED_EDGE('',*,*,#107,.F.);
#107 = EDGE_CURVE('',#108,#100,#110,.T.);
#108 = VERTEX_POINT('',#109);
#109 = CARTESIAN_POINT('',(39.815,-48.75,-3.));
#110 = LINE('',#111,#112);
#111 = CARTESIAN_POINT('',(39.815,-48.75,-3.));
#112 = VECTOR('',#113,1.);
#113 = DIRECTION('',(1.,0.,0.));
#114 = ORIENTED_EDGE('',*,*,#115,.F.);
#115 = EDGE_CURVE('',#116,#108,#118,.T.);
#116 = VERTEX_POINT('',#117);
#117 = CARTESIAN_POINT('',(39.815,-48.75,-4.));
#118 = LINE('',#119,#120);
#119 = CARTESIAN_POINT('',(39.815,-48.75,-5.5));
#120 = VECTOR('',#121,1.);
#121 = DIRECTION('',(0.,0.,1.));
#122 = ORIENTED_EDGE('',*,*,#123,.F.);
#123 = EDGE_CURVE('',#124,#116,#126,.T.);
#124 = VERTEX_POINT('',#125);
#125 = CARTESIAN_POINT('',(26.565,-48.75,-4.));
#126 = LINE('',#127,#128);
#127 = CARTESIAN_POINT('',(-57.81,-48.75,-4.));
#128 = VECTOR('',#129,1.);
#129 = DIRECTION('',(1.,0.,0.));
#130 = ORIENTED_EDGE('',*,*,#131,.F.);
#131 = EDGE_CURVE('',#132,#124,#134,.T.);
#132 = VERTEX_POINT('',#133);
#133 = CARTESIAN_POINT('',(26.565,-48.75,-1.44));
#134 = LINE('',#135,#136);
#135 = CARTESIAN_POINT('',(26.565,-48.75,-4.));
#136 = VECTOR('',#137,1.);
#137 = DIRECTION('',(-0.,-0.,-1.));
#138 = ORIENTED_EDGE('',*,*,#139,.F.);
#139 = EDGE_CURVE('',#140,#132,#142,.T.);
#140 = VERTEX_POINT('',#141);
#141 = CARTESIAN_POINT('',(19.815,-48.75,-1.44));
#142 = CIRCLE('',#143,3.375);
#143 = AXIS2_PLACEMENT_3D('',#144,#145,#146);
#144 = CARTESIAN_POINT('',(23.19,-48.75,-1.44));
#145 = DIRECTION('',(0.,1.,-0.));
#146 = DIRECTION('',(-1.,0.,0.));
#147 = ORIENTED_EDGE('',*,*,#148,.T.);
#148 = EDGE_CURVE('',#140,#149,#151,.T.);
#149 = VERTEX_POINT('',#150);
#150 = CARTESIAN_POINT('',(19.815,-48.75,-1.45));
#151 = LINE('',#152,#153);
#152 = CARTESIAN_POINT('',(19.815,-48.75,-1.44));
#153 = VECTOR('',#154,1.);
#154 = DIRECTION('',(0.,-2.2E-16,-1.));
#155 = ORIENTED_EDGE('',*,*,#156,.F.);
#156 = EDGE_CURVE('',#157,#149,#159,.T.);
#157 = VERTEX_POINT('',#158);
#158 = CARTESIAN_POINT('',(19.79921875,-48.75,-1.45));
#159 = LINE('',#160,#161);
#160 = CARTESIAN_POINT('',(15.775,-48.75,-1.45));
#161 = VECTOR('',#162,1.);
#162 = DIRECTION('',(1.,0.,0.));
#163 = ORIENTED_EDGE('',*,*,#164,.T.);
#164 = EDGE_CURVE('',#157,#165,#167,.T.);
#165 = VERTEX_POINT('',#166);
#166 = CARTESIAN_POINT('',(15.775,-48.75,-4.));
#167 = LINE('',#168,#169);
#168 = CARTESIAN_POINT('',(12.456281536174,-48.75,-6.102950313712));
#169 = VECTOR('',#170,1.);
#170 = DIRECTION('',(-0.84469303892,0.,-0.535251034563));
#171 = ORIENTED_EDGE('',*,*,#172,.T.);
#172 = EDGE_CURVE('',#165,#173,#175,.T.);
#173 = VERTEX_POINT('',#174);
#174 = CARTESIAN_POINT('',(15.775,-48.75,-1.44));
#175 = LINE('',#176,#177);
#176 = CARTESIAN_POINT('',(15.775,-48.75,1.637713610975));
#177 = VECTOR('',#178,1.);
#178 = DIRECTION('',(0.,0.,1.));
#179 = ORIENTED_EDGE('',*,*,#180,.F.);
#180 = EDGE_CURVE('',#181,#173,#183,.T.);
#181 = VERTEX_POINT('',#182);
#182 = CARTESIAN_POINT('',(9.025,-48.75,-1.44));
#183 = CIRCLE('',#184,3.375);
#184 = AXIS2_PLACEMENT_3D('',#185,#186,#187);
#185 = CARTESIAN_POINT('',(12.4,-48.75,-1.44));
#186 = DIRECTION('',(0.,1.,-0.));
#187 = DIRECTION('',(-1.,0.,0.));
#188 = ORIENTED_EDGE('',*,*,#189,.F.);
#189 = EDGE_CURVE('',#190,#181,#192,.T.);
#190 = VERTEX_POINT('',#191);
#191 = CARTESIAN_POINT('',(9.025,-48.75,-1.45));
#192 = LINE('',#193,#194);
#193 = CARTESIAN_POINT('',(9.025,-48.75,-4.));
#194 = VECTOR('',#195,1.);
#195 = DIRECTION('',(0.,2.2E-16,1.));
#196 = ORIENTED_EDGE('',*,*,#197,.F.);
#197 = EDGE_CURVE('',#198,#190,#200,.T.);
#198 = VERTEX_POINT('',#199);
#199 = CARTESIAN_POINT('',(9.00921875,-48.75,-1.45));
#200 = LINE('',#201,#202);
#201 = CARTESIAN_POINT('',(4.985,-48.75,-1.45));
#202 = VECTOR('',#203,1.);
#203 = DIRECTION('',(1.,0.,0.));
#204 = ORIENTED_EDGE('',*,*,#205,.T.);
#205 = EDGE_CURVE('',#198,#206,#208,.T.);
#206 = VERTEX_POINT('',#207);
#207 = CARTESIAN_POINT('',(4.985,-48.75,-4.));
#208 = LINE('',#209,#210);
#209 = CARTESIAN_POINT('',(5.51564818652,-48.75,-3.663747683789));
#210 = VECTOR('',#211,1.);
#211 = DIRECTION('',(-0.84469303892,0.,-0.535251034563));
#212 = ORIENTED_EDGE('',*,*,#213,.F.);
#213 = EDGE_CURVE('',#214,#206,#216,.T.);
#214 = VERTEX_POINT('',#215);
#215 = CARTESIAN_POINT('',(-23.435,-48.75,-4.));
#216 = LINE('',#217,#218);
#217 = CARTESIAN_POINT('',(-57.81,-48.75,-4.));
#218 = VECTOR('',#219,1.);
#219 = DIRECTION('',(1.,0.,0.));
#220 = ORIENTED_EDGE('',*,*,#221,.T.);
#221 = EDGE_CURVE('',#214,#222,#224,.T.);
#222 = VERTEX_POINT('',#223);
#223 = CARTESIAN_POINT('',(-23.435,-48.75,-3.));
#224 = LINE('',#225,#226);
#225 = CARTESIAN_POINT('',(-23.435,-48.75,-5.5));
#226 = VECTOR('',#227,1.);
#227 = DIRECTION('',(0.,0.,1.));
#228 = ORIENTED_EDGE('',*,*,#229,.F.);
#229 = EDGE_CURVE('',#230,#222,#232,.T.);
#230 = VERTEX_POINT('',#231);
#231 = CARTESIAN_POINT('',(-30.185,-48.75,-3.));
#232 = LINE('',#233,#234);
#233 = CARTESIAN_POINT('',(-30.185,-48.75,-3.));
#234 = VECTOR('',#235,1.);
#235 = DIRECTION('',(1.,0.,0.));
#236 = ORIENTED_EDGE('',*,*,#237,.F.);
#237 = EDGE_CURVE('',#238,#230,#240,.T.);
#238 = VERTEX_POINT('',#239);
#239 = CARTESIAN_POINT('',(-30.185,-48.75,-4.));
#240 = LINE('',#241,#242);
#241 = CARTESIAN_POINT('',(-30.185,-48.75,-5.5));
#242 = VECTOR('',#243,1.);
#243 = DIRECTION('',(0.,0.,1.));
#244 = ORIENTED_EDGE('',*,*,#245,.F.);
#245 = EDGE_CURVE('',#246,#238,#248,.T.);
#246 = VERTEX_POINT('',#247);
#247 = CARTESIAN_POINT('',(-33.435,-48.75,-4.));
#248 = LINE('',#249,#250);
#249 = CARTESIAN_POINT('',(-57.81,-48.75,-4.));
#250 = VECTOR('',#251,1.);
#251 = DIRECTION('',(1.,0.,0.));
#252 = ORIENTED_EDGE('',*,*,#253,.F.);
#253 = EDGE_CURVE('',#254,#246,#256,.T.);
#254 = VERTEX_POINT('',#255);
#255 = CARTESIAN_POINT('',(-33.435,-48.75,-1.44));
#256 = LINE('',#257,#258);
#257 = CARTESIAN_POINT('',(-33.435,-48.75,-4.));
#258 = VECTOR('',#259,1.);
#259 = DIRECTION('',(-0.,-0.,-1.));
#260 = ORIENTED_EDGE('',*,*,#261,.F.);
#261 = EDGE_CURVE('',#262,#254,#264,.T.);
#262 = VERTEX_POINT('',#263);
#263 = CARTESIAN_POINT('',(-40.185,-48.75,-1.44));
#264 = CIRCLE('',#265,3.375);
#265 = AXIS2_PLACEMENT_3D('',#266,#267,#268);
#266 = CARTESIAN_POINT('',(-36.81,-48.75,-1.44));
#267 = DIRECTION('',(0.,1.,-0.));
#268 = DIRECTION('',(-1.,0.,0.));
#269 = ORIENTED_EDGE('',*,*,#270,.T.);
#270 = EDGE_CURVE('',#262,#271,#273,.T.);
#271 = VERTEX_POINT('',#272);
#272 = CARTESIAN_POINT('',(-40.185,-48.75,-1.45));
#273 = LINE('',#274,#275);
#274 = CARTESIAN_POINT('',(-40.185,-48.75,-1.44));
#275 = VECTOR('',#276,1.);
#276 = DIRECTION('',(0.,-2.2E-16,-1.));
#277 = ORIENTED_EDGE('',*,*,#278,.F.);
#278 = EDGE_CURVE('',#279,#271,#281,.T.);
#279 = VERTEX_POINT('',#280);
#280 = CARTESIAN_POINT('',(-40.20078125,-48.75,-1.45));
#281 = LINE('',#282,#283);
#282 = CARTESIAN_POINT('',(-44.225,-48.75,-1.45));
#283 = VECTOR('',#284,1.);
#284 = DIRECTION('',(1.,0.,0.));
#285 = ORIENTED_EDGE('',*,*,#286,.T.);
#286 = EDGE_CURVE('',#279,#287,#289,.T.);
#287 = VERTEX_POINT('',#288);
#288 = CARTESIAN_POINT('',(-44.225,-48.75,-4.));
#289 = LINE('',#290,#291);
#290 = CARTESIAN_POINT('',(-26.13852856384,-48.75,7.460734375384));
#291 = VECTOR('',#292,1.);
#292 = DIRECTION('',(-0.84469303892,0.,-0.535251034563));
#293 = ORIENTED_EDGE('',*,*,#294,.T.);
#294 = EDGE_CURVE('',#287,#295,#297,.T.);
#295 = VERTEX_POINT('',#296);
#296 = CARTESIAN_POINT('',(-44.225,-48.75,-1.44));
#297 = LINE('',#298,#299);
#298 = CARTESIAN_POINT('',(-44.225,-48.75,1.637713610975));
#299 = VECTOR('',#300,1.);
#300 = DIRECTION('',(0.,0.,1.));
#301 = ORIENTED_EDGE('',*,*,#302,.F.);
#302 = EDGE_CURVE('',#303,#295,#305,.T.);
#303 = VERTEX_POINT('',#304);
#304 = CARTESIAN_POINT('',(-50.975,-48.75,-1.44));
#305 = CIRCLE('',#306,3.375);
#306 = AXIS2_PLACEMENT_3D('',#307,#308,#309);
#307 = CARTESIAN_POINT('',(-47.6,-48.75,-1.44));
#308 = DIRECTION('',(0.,1.,-0.));
#309 = DIRECTION('',(-1.,0.,0.));
#310 = ORIENTED_EDGE('',*,*,#311,.F.);
#311 = EDGE_CURVE('',#312,#303,#314,.T.);
#312 = VERTEX_POINT('',#313);
#313 = CARTESIAN_POINT('',(-50.975,-48.75,-1.45));
#314 = LINE('',#315,#316);
#315 = CARTESIAN_POINT('',(-50.975,-48.75,-4.));
#316 = VECTOR('',#317,1.);
#317 = DIRECTION('',(0.,2.2E-16,1.));
#318 = ORIENTED_EDGE('',*,*,#319,.F.);
#319 = EDGE_CURVE('',#320,#312,#322,.T.);
#320 = VERTEX_POINT('',#321);
#321 = CARTESIAN_POINT('',(-50.99078125,-48.75,-1.45));
#322 = LINE('',#323,#324);
#323 = CARTESIAN_POINT('',(-55.015,-48.75,-1.45));
#324 = VECTOR('',#325,1.);
#325 = DIRECTION('',(1.,0.,0.));
#326 = ORIENTED_EDGE('',*,*,#327,.T.);
#327 = EDGE_CURVE('',#320,#328,#330,.T.);
#328 = VERTEX_POINT('',#329);
#329 = CARTESIAN_POINT('',(-55.015,-48.75,-4.));
#330 = LINE('',#331,#332);
#331 = CARTESIAN_POINT('',(-33.0791619135,-48.75,9.899937005306));
#332 = VECTOR('',#333,1.);
#333 = DIRECTION('',(-0.84469303892,0.,-0.535251034563));
#334 = ORIENTED_EDGE('',*,*,#335,.F.);
#335 = EDGE_CURVE('',#336,#328,#338,.T.);
#336 = VERTEX_POINT('',#337);
#337 = CARTESIAN_POINT('',(-57.81,-48.75,-4.));
#338 = LINE('',#339,#340);
#339 = CARTESIAN_POINT('',(-57.81,-48.75,-4.));
#340 = VECTOR('',#341,1.);
#341 = DIRECTION('',(1.,0.,0.));
#342 = ORIENTED_EDGE('',*,*,#343,.F.);
#343 = EDGE_CURVE('',#344,#336,#346,.T.);
#344 = VERTEX_POINT('',#345);
#345 = CARTESIAN_POINT('',(-57.81,-48.75,16.31));
#346 = LINE('',#347,#348);
#347 = CARTESIAN_POINT('',(-57.81,-48.75,-4.));
#348 = VECTOR('',#349,1.);
#349 = DIRECTION('',(-0.,-0.,-1.));
#350 = ORIENTED_EDGE('',*,*,#351,.T.);
#351 = EDGE_CURVE('',#344,#352,#354,.T.);
#352 = VERTEX_POINT('',#353);
#353 = CARTESIAN_POINT('',(59.8,-48.75,16.31));
#354 = LINE('',#355,#356);
#355 = CARTESIAN_POINT('',(-57.81,-48.75,16.31));
#356 = VECTOR('',#357,1.);
#357 = DIRECTION('',(1.,0.,0.));
#358 = ORIENTED_EDGE('',*,*,#359,.F.);
#359 = EDGE_CURVE('',#360,#352,#362,.T.);
#360 = VERTEX_POINT('',#361);
#361 = CARTESIAN_POINT('',(59.8,-48.75,0.));
#362 = LINE('',#363,#364);
#363 = CARTESIAN_POINT('',(59.8,-48.75,-4.));
#364 = VECTOR('',#365,1.);
#365 = DIRECTION('',(0.,0.,1.));
#366 = ORIENTED_EDGE('',*,*,#367,.F.);
#367 = EDGE_CURVE('',#368,#360,#370,.T.);
#368 = VERTEX_POINT('',#369);
#369 = CARTESIAN_POINT('',(58.3,-48.75,0.));
#370 = LINE('',#371,#372);
#371 = CARTESIAN_POINT('',(29.15,-48.75,0.));
#372 = VECTOR('',#373,1.);
#373 = DIRECTION('',(1.,0.,0.));
#374 = ORIENTED_EDGE('',*,*,#375,.F.);
#375 = EDGE_CURVE('',#376,#368,#378,.T.);
#376 = VERTEX_POINT('',#377);
#377 = CARTESIAN_POINT('',(58.3,-48.75,-4.));
#378 = LINE('',#379,#380);
#379 = CARTESIAN_POINT('',(58.3,-48.75,-4.));
#380 = VECTOR('',#381,1.);
#381 = DIRECTION('',(0.,0.,1.));
#382 = ORIENTED_EDGE('',*,*,#383,.F.);
#383 = EDGE_CURVE('',#384,#376,#386,.T.);
#384 = VERTEX_POINT('',#385);
#385 = CARTESIAN_POINT('',(56.565,-48.75,-4.));
#386 = LINE('',#387,#388);
#387 = CARTESIAN_POINT('',(-57.81,-48.75,-4.));
#388 = VECTOR('',#389,1.);
#389 = DIRECTION('',(1.,0.,0.));
#390 = ORIENTED_EDGE('',*,*,#391,.F.);
#391 = EDGE_CURVE('',#392,#384,#394,.T.);
#392 = VERTEX_POINT('',#393);
#393 = CARTESIAN_POINT('',(56.565,-48.75,-1.44));
#394 = LINE('',#395,#396);
#395 = CARTESIAN_POINT('',(56.565,-48.75,-4.));
#396 = VECTOR('',#397,1.);
#397 = DIRECTION('',(-0.,-0.,-1.));
#398 = ORIENTED_EDGE('',*,*,#399,.F.);
#399 = EDGE_CURVE('',#44,#392,#400,.T.);
#400 = CIRCLE('',#401,3.375);
#401 = AXIS2_PLACEMENT_3D('',#402,#403,#404);
#402 = CARTESIAN_POINT('',(53.19,-48.75,-1.44));
#403 = DIRECTION('',(0.,1.,-0.));
#404 = DIRECTION('',(-1.,0.,0.));
#405 = ORIENTED_EDGE('',*,*,#43,.T.);
#406 = PLANE('',#407);
#407 = AXIS2_PLACEMENT_3D('',#408,#409,#410);
#408 = CARTESIAN_POINT('',(1.15089163922,-48.75,5.88218018286));
#409 = DIRECTION('',(0.,1.,0.));
#410 = DIRECTION('',(0.,0.,1.));
#411 = ADVANCED_FACE('',(#412),#430,.T.);
#412 = FACE_BOUND('',#413,.T.);
#413 = EDGE_LOOP('',(#414,#422,#423,#424));
#414 = ORIENTED_EDGE('',*,*,#415,.F.);
#415 = EDGE_CURVE('',#84,#416,#418,.T.);
#416 = VERTEX_POINT('',#417);
#417 = CARTESIAN_POINT('',(49.8023046875,-46.95,-1.45));
#418 = LINE('',#419,#420);
#419 = CARTESIAN_POINT('',(49.8023046875,-23.47499999999,-1.45));
#420 = VECTOR('',#421,1.);
#421 = DIRECTION('',(2.818925648462E-16,1.,0.));
#422 = ORIENTED_EDGE('',*,*,#83,.T.);
#423 = ORIENTED_EDGE('',*,*,#69,.T.);
#424 = ORIENTED_EDGE('',*,*,#425,.F.);
#425 = EDGE_CURVE('',#416,#62,#426,.T.);
#426 = LINE('',#427,#428);
#427 = CARTESIAN_POINT('',(46.565,-46.95,-1.45));
#428 = VECTOR('',#429,1.);
#429 = DIRECTION('',(1.,0.,0.));
#430 = PLANE('',#431);
#431 = AXIS2_PLACEMENT_3D('',#432,#433,#434);
#432 = CARTESIAN_POINT('',(-5.905543822566,1.334874953739E-11,-1.45));
#433 = DIRECTION('',(0.,0.,1.));
#434 = DIRECTION('',(1.,0.,0.));
#435 = ADVANCED_FACE('',(#436,#471),#482,.T.);
#436 = FACE_BOUND('',#437,.T.);
#437 = EDGE_LOOP('',(#438,#439,#448,#456,#464,#470));
#438 = ORIENTED_EDGE('',*,*,#61,.F.);
#439 = ORIENTED_EDGE('',*,*,#440,.T.);
#440 = EDGE_CURVE('',#54,#441,#443,.T.);
#441 = VERTEX_POINT('',#442);
#442 = CARTESIAN_POINT('',(56.565,-46.95,-1.44));
#443 = CIRCLE('',#444,3.375);
#444 = AXIS2_PLACEMENT_3D('',#445,#446,#447);
#445 = CARTESIAN_POINT('',(53.19,-46.95,-1.44));
#446 = DIRECTION('',(0.,1.,-0.));
#447 = DIRECTION('',(-1.,0.,0.));
#448 = ORIENTED_EDGE('',*,*,#449,.T.);
#449 = EDGE_CURVE('',#441,#450,#452,.T.);
#450 = VERTEX_POINT('',#451);
#451 = CARTESIAN_POINT('',(56.565,-46.95,-4.));
#452 = LINE('',#453,#454);
#453 = CARTESIAN_POINT('',(56.565,-46.95,-4.));
#454 = VECTOR('',#455,1.);
#455 = DIRECTION('',(-0.,-0.,-1.));
#456 = ORIENTED_EDGE('',*,*,#457,.F.);
#457 = EDGE_CURVE('',#458,#450,#460,.T.);
#458 = VERTEX_POINT('',#459);
#459 = CARTESIAN_POINT('',(46.565,-46.95,-4.));
#460 = LINE('',#461,#462);
#461 = CARTESIAN_POINT('',(46.565,-46.95,-4.));
#462 = VECTOR('',#463,1.);
#463 = DIRECTION('',(1.,0.,0.));
#464 = ORIENTED_EDGE('',*,*,#465,.F.);
#465 = EDGE_CURVE('',#416,#458,#466,.T.);
#466 = LINE('',#467,#468);
#467 = CARTESIAN_POINT('',(49.815,-46.95,-1.44));
#468 = VECTOR('',#469,1.);
#469 = DIRECTION('',(-0.785562879526,-1.373971686228E-16,-0.618781837411
    ));
#470 = ORIENTED_EDGE('',*,*,#425,.T.);
#471 = FACE_BOUND('',#472,.T.);
#472 = EDGE_LOOP('',(#473));
#473 = ORIENTED_EDGE('',*,*,#474,.F.);
#474 = EDGE_CURVE('',#475,#475,#477,.T.);
#475 = VERTEX_POINT('',#476);
#476 = CARTESIAN_POINT('',(51.815,-46.95,-1.44));
#477 = CIRCLE('',#478,1.375);
#478 = AXIS2_PLACEMENT_3D('',#479,#480,#481);
#479 = CARTESIAN_POINT('',(53.19,-46.95,-1.44));
#480 = DIRECTION('',(0.,1.,-2.2E-16));
#481 = DIRECTION('',(-1.,0.,0.));
#482 = PLANE('',#483);
#483 = AXIS2_PLACEMENT_3D('',#484,#485,#486);
#484 = CARTESIAN_POINT('',(51.758608527812,-46.95,-1.87716296789));
#485 = DIRECTION('',(0.,1.,0.));
#486 = DIRECTION('',(0.,0.,1.));
#487 = ADVANCED_FACE('',(#488),#499,.T.);
#488 = FACE_BOUND('',#489,.F.);
#489 = EDGE_LOOP('',(#490,#491,#492,#498));
#490 = ORIENTED_EDGE('',*,*,#53,.T.);
#491 = ORIENTED_EDGE('',*,*,#440,.T.);
#492 = ORIENTED_EDGE('',*,*,#493,.F.);
#493 = EDGE_CURVE('',#392,#441,#494,.T.);
#494 = LINE('',#495,#496);
#495 = CARTESIAN_POINT('',(56.565,-48.75,-1.44));
#496 = VECTOR('',#497,1.);
#497 = DIRECTION('',(0.,1.,-2.2E-16));
#498 = ORIENTED_EDGE('',*,*,#399,.F.);
#499 = CYLINDRICAL_SURFACE('',#500,3.375);
#500 = AXIS2_PLACEMENT_3D('',#501,#502,#503);
#501 = CARTESIAN_POINT('',(53.19,-48.75,-1.44));
#502 = DIRECTION('',(0.,-1.,2.2E-16));
#503 = DIRECTION('',(-1.,0.,0.));
#504 = ADVANCED_FACE('',(#505),#525,.F.);
#505 = FACE_BOUND('',#506,.F.);
#506 = EDGE_LOOP('',(#507,#508,#509,#510,#518));
#507 = ORIENTED_EDGE('',*,*,#465,.F.);
#508 = ORIENTED_EDGE('',*,*,#415,.F.);
#509 = ORIENTED_EDGE('',*,*,#91,.F.);
#510 = ORIENTED_EDGE('',*,*,#511,.F.);
#511 = EDGE_CURVE('',#512,#92,#514,.T.);
#512 = VERTEX_POINT('',#513);
#513 = CARTESIAN_POINT('',(46.565,-47.,-4.));
#514 = LINE('',#515,#516);
#515 = CARTESIAN_POINT('',(46.565,-46.95,-4.));
#516 = VECTOR('',#517,1.);
#517 = DIRECTION('',(0.,-1.,2.22044604925E-16));
#518 = ORIENTED_EDGE('',*,*,#519,.T.);
#519 = EDGE_CURVE('',#512,#458,#520,.T.);
#520 = CIRCLE('',#521,3.375);
#521 = AXIS2_PLACEMENT_3D('',#522,#523,#524);
#522 = CARTESIAN_POINT('',(43.19,-47.,-4.));
#523 = DIRECTION('',(0.,0.,1.));
#524 = DIRECTION('',(1.,0.,0.));
#525 = PLANE('',#526);
#526 = AXIS2_PLACEMENT_3D('',#527,#528,#529);
#527 = CARTESIAN_POINT('',(49.815,-46.95,-1.44));
#528 = DIRECTION('',(0.618781837411,-1.744299992282E-16,-0.785562879526)
  );
#529 = DIRECTION('',(-0.785562879526,-1.373971686228E-16,-0.618781837411
    ));
#530 = ADVANCED_FACE('',(#531),#549,.F.);
#531 = FACE_BOUND('',#532,.F.);
#532 = EDGE_LOOP('',(#533,#541,#542,#543));
#533 = ORIENTED_EDGE('',*,*,#534,.F.);
#534 = EDGE_CURVE('',#512,#535,#537,.T.);
#535 = VERTEX_POINT('',#536);
#536 = CARTESIAN_POINT('',(46.565,-47.,-3.));
#537 = LINE('',#538,#539);
#538 = CARTESIAN_POINT('',(46.565,-47.,-5.5));
#539 = VECTOR('',#540,1.);
#540 = DIRECTION('',(0.,0.,1.));
#541 = ORIENTED_EDGE('',*,*,#511,.T.);
#542 = ORIENTED_EDGE('',*,*,#99,.F.);
#543 = ORIENTED_EDGE('',*,*,#544,.F.);
#544 = EDGE_CURVE('',#535,#100,#545,.T.);
#545 = LINE('',#546,#547);
#546 = CARTESIAN_POINT('',(46.565,-47.,-3.));
#547 = VECTOR('',#548,1.);
#548 = DIRECTION('',(0.,-1.,0.));
#549 = PLANE('',#550);
#550 = AXIS2_PLACEMENT_3D('',#551,#552,#553);
#551 = CARTESIAN_POINT('',(46.565,-46.95,-4.));
#552 = DIRECTION('',(-1.,0.,0.));
#553 = DIRECTION('',(0.,2.22044604925E-16,1.));
#554 = ADVANCED_FACE('',(#555,#574),#585,.T.);
#555 = FACE_BOUND('',#556,.F.);
#556 = EDGE_LOOP('',(#557,#558,#559,#567));
#557 = ORIENTED_EDGE('',*,*,#544,.T.);
#558 = ORIENTED_EDGE('',*,*,#107,.F.);
#559 = ORIENTED_EDGE('',*,*,#560,.F.);
#560 = EDGE_CURVE('',#561,#108,#563,.T.);
#561 = VERTEX_POINT('',#562);
#562 = CARTESIAN_POINT('',(39.815,-47.,-3.));
#563 = LINE('',#564,#565);
#564 = CARTESIAN_POINT('',(39.815,-47.,-3.));
#565 = VECTOR('',#566,1.);
#566 = DIRECTION('',(0.,-1.,0.));
#567 = ORIENTED_EDGE('',*,*,#568,.F.);
#568 = EDGE_CURVE('',#535,#561,#569,.T.);
#569 = CIRCLE('',#570,3.375);
#570 = AXIS2_PLACEMENT_3D('',#571,#572,#573);
#571 = CARTESIAN_POINT('',(43.19,-47.,-3.));
#572 = DIRECTION('',(0.,0.,1.));
#573 = DIRECTION('',(1.,0.,0.));
#574 = FACE_BOUND('',#575,.F.);
#575 = EDGE_LOOP('',(#576));
#576 = ORIENTED_EDGE('',*,*,#577,.T.);
#577 = EDGE_CURVE('',#578,#578,#580,.T.);
#578 = VERTEX_POINT('',#579);
#579 = CARTESIAN_POINT('',(44.565,-47.,-3.));
#580 = CIRCLE('',#581,1.375);
#581 = AXIS2_PLACEMENT_3D('',#582,#583,#584);
#582 = CARTESIAN_POINT('',(43.19,-47.,-3.));
#583 = DIRECTION('',(0.,0.,1.));
#584 = DIRECTION('',(1.,0.,0.));
#585 = PLANE('',#586);
#586 = AXIS2_PLACEMENT_3D('',#587,#588,#589);
#587 = CARTESIAN_POINT('',(8.189999999958,-4.809027E-11,-3.));
#588 = DIRECTION('',(0.,0.,1.));
#589 = DIRECTION('',(1.,0.,0.));
#590 = ADVANCED_FACE('',(#591),#609,.F.);
#591 = FACE_BOUND('',#592,.F.);
#592 = EDGE_LOOP('',(#593,#601,#607,#608));
#593 = ORIENTED_EDGE('',*,*,#594,.F.);
#594 = EDGE_CURVE('',#595,#116,#597,.T.);
#595 = VERTEX_POINT('',#596);
#596 = CARTESIAN_POINT('',(39.815,-47.,-4.));
#597 = LINE('',#598,#599);
#598 = CARTESIAN_POINT('',(39.815,-47.,-4.));
#599 = VECTOR('',#600,1.);
#600 = DIRECTION('',(0.,-1.,0.));
#601 = ORIENTED_EDGE('',*,*,#602,.T.);
#602 = EDGE_CURVE('',#595,#561,#603,.T.);
#603 = LINE('',#604,#605);
#604 = CARTESIAN_POINT('',(39.815,-47.,-5.5));
#605 = VECTOR('',#606,1.);
#606 = DIRECTION('',(0.,0.,1.));
#607 = ORIENTED_EDGE('',*,*,#560,.T.);
#608 = ORIENTED_EDGE('',*,*,#115,.F.);
#609 = PLANE('',#610);
#610 = AXIS2_PLACEMENT_3D('',#611,#612,#613);
#611 = CARTESIAN_POINT('',(39.815,-47.,-5.5));
#612 = DIRECTION('',(1.,0.,0.));
#613 = DIRECTION('',(0.,-1.,0.));
#614 = ADVANCED_FACE('',(#615,#896,#940,#1036,#1080,#1132,#1176,#1237),
  #1281,.T.);
#615 = FACE_BOUND('',#616,.T.);
#616 = EDGE_LOOP('',(#617,#625,#626,#634,#642,#650,#656,#657,#665,#674,
    #680,#681,#689,#697,#705,#711,#712,#713,#720,#721,#727,#728,#736,
    #744,#752,#760,#769,#777,#785,#793,#801,#809,#817,#825,#833,#842,
    #850,#858,#866,#874,#882,#890));
#617 = ORIENTED_EDGE('',*,*,#618,.F.);
#618 = EDGE_CURVE('',#336,#619,#621,.T.);
#619 = VERTEX_POINT('',#620);
#620 = CARTESIAN_POINT('',(-57.81,48.75,-4.));
#621 = LINE('',#622,#623);
#622 = CARTESIAN_POINT('',(-57.81,-50.25,-4.));
#623 = VECTOR('',#624,1.);
#624 = DIRECTION('',(0.,1.,0.));
#625 = ORIENTED_EDGE('',*,*,#335,.T.);
#626 = ORIENTED_EDGE('',*,*,#627,.F.);
#627 = EDGE_CURVE('',#628,#328,#630,.T.);
#628 = VERTEX_POINT('',#629);
#629 = CARTESIAN_POINT('',(-55.015,-46.95,-4.));
#630 = LINE('',#631,#632);
#631 = CARTESIAN_POINT('',(-55.015,-46.95,-4.));
#632 = VECTOR('',#633,1.);
#633 = DIRECTION('',(0.,-1.,0.));
#634 = ORIENTED_EDGE('',*,*,#635,.F.);
#635 = EDGE_CURVE('',#636,#628,#638,.T.);
#636 = VERTEX_POINT('',#637);
#637 = CARTESIAN_POINT('',(-44.225,-46.95,-4.));
#638 = LINE('',#639,#640);
#639 = CARTESIAN_POINT('',(-50.975,-46.95,-4.));
#640 = VECTOR('',#641,1.);
#641 = DIRECTION('',(-1.,0.,0.));
#642 = ORIENTED_EDGE('',*,*,#643,.F.);
#643 = EDGE_CURVE('',#644,#636,#646,.T.);
#644 = VERTEX_POINT('',#645);
#645 = CARTESIAN_POINT('',(-33.435,-46.95,-4.));
#646 = LINE('',#647,#648);
#647 = CARTESIAN_POINT('',(-50.975,-46.95,-4.));
#648 = VECTOR('',#649,1.);
#649 = DIRECTION('',(-1.,0.,0.));
#650 = ORIENTED_EDGE('',*,*,#651,.F.);
#651 = EDGE_CURVE('',#246,#644,#652,.T.);
#652 = LINE('',#653,#654);
#653 = CARTESIAN_POINT('',(-33.435,-48.75,-4.));
#654 = VECTOR('',#655,1.);
#655 = DIRECTION('',(0.,1.,-2.2E-16));
#656 = ORIENTED_EDGE('',*,*,#245,.T.);
#657 = ORIENTED_EDGE('',*,*,#658,.F.);
#658 = EDGE_CURVE('',#659,#238,#661,.T.);
#659 = VERTEX_POINT('',#660);
#660 = CARTESIAN_POINT('',(-30.185,-47.,-4.));
#661 = LINE('',#662,#663);
#662 = CARTESIAN_POINT('',(-30.185,-47.,-4.));
#663 = VECTOR('',#664,1.);
#664 = DIRECTION('',(0.,-1.,0.));
#665 = ORIENTED_EDGE('',*,*,#666,.F.);
#666 = EDGE_CURVE('',#667,#659,#669,.T.);
#667 = VERTEX_POINT('',#668);
#668 = CARTESIAN_POINT('',(-23.435,-47.,-4.));
#669 = CIRCLE('',#670,3.375);
#670 = AXIS2_PLACEMENT_3D('',#671,#672,#673);
#671 = CARTESIAN_POINT('',(-26.81,-47.,-4.));
#672 = DIRECTION('',(0.,0.,1.));
#673 = DIRECTION('',(1.,0.,0.));
#674 = ORIENTED_EDGE('',*,*,#675,.T.);
#675 = EDGE_CURVE('',#667,#214,#676,.T.);
#676 = LINE('',#677,#678);
#677 = CARTESIAN_POINT('',(-23.435,-47.,-4.));
#678 = VECTOR('',#679,1.);
#679 = DIRECTION('',(0.,-1.,0.));
#680 = ORIENTED_EDGE('',*,*,#213,.T.);
#681 = ORIENTED_EDGE('',*,*,#682,.F.);
#682 = EDGE_CURVE('',#683,#206,#685,.T.);
#683 = VERTEX_POINT('',#684);
#684 = CARTESIAN_POINT('',(4.985,-46.95,-4.));
#685 = LINE('',#686,#687);
#686 = CARTESIAN_POINT('',(4.985,-46.95,-4.));
#687 = VECTOR('',#688,1.);
#688 = DIRECTION('',(0.,-1.,0.));
#689 = ORIENTED_EDGE('',*,*,#690,.F.);
#690 = EDGE_CURVE('',#691,#683,#693,.T.);
#691 = VERTEX_POINT('',#692);
#692 = CARTESIAN_POINT('',(15.775,-46.95,-4.));
#693 = LINE('',#694,#695);
#694 = CARTESIAN_POINT('',(9.025,-46.95,-4.));
#695 = VECTOR('',#696,1.);
#696 = DIRECTION('',(-1.,0.,0.));
#697 = ORIENTED_EDGE('',*,*,#698,.F.);
#698 = EDGE_CURVE('',#699,#691,#701,.T.);
#699 = VERTEX_POINT('',#700);
#700 = CARTESIAN_POINT('',(26.565,-46.95,-4.));
#701 = LINE('',#702,#703);
#702 = CARTESIAN_POINT('',(9.025,-46.95,-4.));
#703 = VECTOR('',#704,1.);
#704 = DIRECTION('',(-1.,0.,0.));
#705 = ORIENTED_EDGE('',*,*,#706,.F.);
#706 = EDGE_CURVE('',#124,#699,#707,.T.);
#707 = LINE('',#708,#709);
#708 = CARTESIAN_POINT('',(26.565,-48.75,-4.));
#709 = VECTOR('',#710,1.);
#710 = DIRECTION('',(0.,1.,-2.2E-16));
#711 = ORIENTED_EDGE('',*,*,#123,.T.);
#712 = ORIENTED_EDGE('',*,*,#594,.F.);
#713 = ORIENTED_EDGE('',*,*,#714,.F.);
#714 = EDGE_CURVE('',#458,#595,#715,.T.);
#715 = CIRCLE('',#716,3.375);
#716 = AXIS2_PLACEMENT_3D('',#717,#718,#719);
#717 = CARTESIAN_POINT('',(43.19,-47.,-4.));
#718 = DIRECTION('',(0.,0.,1.));
#719 = DIRECTION('',(1.,0.,0.));
#720 = ORIENTED_EDGE('',*,*,#457,.T.);
#721 = ORIENTED_EDGE('',*,*,#722,.F.);
#722 = EDGE_CURVE('',#384,#450,#723,.T.);
#723 = LINE('',#724,#725);
#724 = CARTESIAN_POINT('',(56.565,-48.75,-4.));
#725 = VECTOR('',#726,1.);
#726 = DIRECTION('',(0.,1.,-2.2E-16));
#727 = ORIENTED_EDGE('',*,*,#383,.T.);
#728 = ORIENTED_EDGE('',*,*,#729,.F.);
#729 = EDGE_CURVE('',#730,#376,#732,.T.);
#730 = VERTEX_POINT('',#731);
#731 = CARTESIAN_POINT('',(58.3,48.75,-4.));
#732 = LINE('',#733,#734);
#733 = CARTESIAN_POINT('',(58.3,48.75,-4.));
#734 = VECTOR('',#735,1.);
#735 = DIRECTION('',(0.,-1.,0.));
#736 = ORIENTED_EDGE('',*,*,#737,.T.);
#737 = EDGE_CURVE('',#730,#738,#740,.T.);
#738 = VERTEX_POINT('',#739);
#739 = CARTESIAN_POINT('',(56.565,48.75,-4.));
#740 = LINE('',#741,#742);
#741 = CARTESIAN_POINT('',(59.8,48.75,-4.));
#742 = VECTOR('',#743,1.);
#743 = DIRECTION('',(-1.,0.,0.));
#744 = ORIENTED_EDGE('',*,*,#745,.T.);
#745 = EDGE_CURVE('',#738,#746,#748,.T.);
#746 = VERTEX_POINT('',#747);
#747 = CARTESIAN_POINT('',(56.565,46.95,-4.));
#748 = LINE('',#749,#750);
#749 = CARTESIAN_POINT('',(56.565,48.75,-4.));
#750 = VECTOR('',#751,1.);
#751 = DIRECTION('',(0.,-1.,2.2E-16));
#752 = ORIENTED_EDGE('',*,*,#753,.F.);
#753 = EDGE_CURVE('',#754,#746,#756,.T.);
#754 = VERTEX_POINT('',#755);
#755 = CARTESIAN_POINT('',(46.564999999984,46.95,-4.));
#756 = LINE('',#757,#758);
#757 = CARTESIAN_POINT('',(49.815,46.95,-4.));
#758 = VECTOR('',#759,1.);
#759 = DIRECTION('',(1.,0.,0.));
#760 = ORIENTED_EDGE('',*,*,#761,.F.);
#761 = EDGE_CURVE('',#762,#754,#764,.T.);
#762 = VERTEX_POINT('',#763);
#763 = CARTESIAN_POINT('',(39.815000000016,47.000000000061,-4.));
#764 = CIRCLE('',#765,3.374999999984);
#765 = AXIS2_PLACEMENT_3D('',#766,#767,#768);
#766 = CARTESIAN_POINT('',(43.19,47.000000000049,-4.));
#767 = DIRECTION('',(0.,0.,1.));
#768 = DIRECTION('',(1.,0.,0.));
#769 = ORIENTED_EDGE('',*,*,#770,.T.);
#770 = EDGE_CURVE('',#762,#771,#773,.T.);
#771 = VERTEX_POINT('',#772);
#772 = CARTESIAN_POINT('',(39.815000000016,48.75,-4.));
#773 = LINE('',#774,#775);
#774 = CARTESIAN_POINT('',(39.815000000016,47.000000000049,-4.));
#775 = VECTOR('',#776,1.);
#776 = DIRECTION('',(0.,1.,0.));
#777 = ORIENTED_EDGE('',*,*,#778,.T.);
#778 = EDGE_CURVE('',#771,#779,#781,.T.);
#779 = VERTEX_POINT('',#780);
#780 = CARTESIAN_POINT('',(26.565,48.75,-4.));
#781 = LINE('',#782,#783);
#782 = CARTESIAN_POINT('',(59.8,48.75,-4.));
#783 = VECTOR('',#784,1.);
#784 = DIRECTION('',(-1.,0.,0.));
#785 = ORIENTED_EDGE('',*,*,#786,.T.);
#786 = EDGE_CURVE('',#779,#787,#789,.T.);
#787 = VERTEX_POINT('',#788);
#788 = CARTESIAN_POINT('',(26.565,46.95,-4.));
#789 = LINE('',#790,#791);
#790 = CARTESIAN_POINT('',(26.565,48.75,-4.));
#791 = VECTOR('',#792,1.);
#792 = DIRECTION('',(0.,-1.,2.2E-16));
#793 = ORIENTED_EDGE('',*,*,#794,.F.);
#794 = EDGE_CURVE('',#795,#787,#797,.T.);
#795 = VERTEX_POINT('',#796);
#796 = CARTESIAN_POINT('',(15.775,46.95,-4.));
#797 = LINE('',#798,#799);
#798 = CARTESIAN_POINT('',(19.815,46.95,-4.));
#799 = VECTOR('',#800,1.);
#800 = DIRECTION('',(1.,0.,0.));
#801 = ORIENTED_EDGE('',*,*,#802,.F.);
#802 = EDGE_CURVE('',#803,#795,#805,.T.);
#803 = VERTEX_POINT('',#804);
#804 = CARTESIAN_POINT('',(4.985000000058,46.95,-4.));
#805 = LINE('',#806,#807);
#806 = CARTESIAN_POINT('',(19.815,46.95,-4.));
#807 = VECTOR('',#808,1.);
#808 = DIRECTION('',(1.,0.,0.));
#809 = ORIENTED_EDGE('',*,*,#810,.F.);
#810 = EDGE_CURVE('',#811,#803,#813,.T.);
#811 = VERTEX_POINT('',#812);
#812 = CARTESIAN_POINT('',(4.985000000087,48.75,-4.));
#813 = LINE('',#814,#815);
#814 = CARTESIAN_POINT('',(4.985000000087,48.75,-4.));
#815 = VECTOR('',#816,1.);
#816 = DIRECTION('',(0.,-1.,0.));
#817 = ORIENTED_EDGE('',*,*,#818,.T.);
#818 = EDGE_CURVE('',#811,#819,#821,.T.);
#819 = VERTEX_POINT('',#820);
#820 = CARTESIAN_POINT('',(-23.435,48.75,-4.));
#821 = LINE('',#822,#823);
#822 = CARTESIAN_POINT('',(59.8,48.75,-4.));
#823 = VECTOR('',#824,1.);
#824 = DIRECTION('',(-1.,0.,0.));
#825 = ORIENTED_EDGE('',*,*,#826,.F.);
#826 = EDGE_CURVE('',#827,#819,#829,.T.);
#827 = VERTEX_POINT('',#828);
#828 = CARTESIAN_POINT('',(-23.435,47.,-4.));
#829 = LINE('',#830,#831);
#830 = CARTESIAN_POINT('',(-23.435,47.,-4.));
#831 = VECTOR('',#832,1.);
#832 = DIRECTION('',(0.,1.,0.));
#833 = ORIENTED_EDGE('',*,*,#834,.F.);
#834 = EDGE_CURVE('',#835,#827,#837,.T.);
#835 = VERTEX_POINT('',#836);
#836 = CARTESIAN_POINT('',(-30.185,47.,-4.));
#837 = CIRCLE('',#838,3.375);
#838 = AXIS2_PLACEMENT_3D('',#839,#840,#841);
#839 = CARTESIAN_POINT('',(-26.81,47.,-4.));
#840 = DIRECTION('',(0.,0.,1.));
#841 = DIRECTION('',(1.,0.,0.));
#842 = ORIENTED_EDGE('',*,*,#843,.T.);
#843 = EDGE_CURVE('',#835,#844,#846,.T.);
#844 = VERTEX_POINT('',#845);
#845 = CARTESIAN_POINT('',(-30.185,48.75,-4.));
#846 = LINE('',#847,#848);
#847 = CARTESIAN_POINT('',(-30.185,47.,-4.));
#848 = VECTOR('',#849,1.);
#849 = DIRECTION('',(0.,1.,0.));
#850 = ORIENTED_EDGE('',*,*,#851,.T.);
#851 = EDGE_CURVE('',#844,#852,#854,.T.);
#852 = VERTEX_POINT('',#853);
#853 = CARTESIAN_POINT('',(-33.435,48.75,-4.));
#854 = LINE('',#855,#856);
#855 = CARTESIAN_POINT('',(59.8,48.75,-4.));
#856 = VECTOR('',#857,1.);
#857 = DIRECTION('',(-1.,0.,0.));
#858 = ORIENTED_EDGE('',*,*,#859,.T.);
#859 = EDGE_CURVE('',#852,#860,#862,.T.);
#860 = VERTEX_POINT('',#861);
#861 = CARTESIAN_POINT('',(-33.435,46.95,-4.));
#862 = LINE('',#863,#864);
#863 = CARTESIAN_POINT('',(-33.435,48.75,-4.));
#864 = VECTOR('',#865,1.);
#865 = DIRECTION('',(0.,-1.,2.2E-16));
#866 = ORIENTED_EDGE('',*,*,#867,.F.);
#867 = EDGE_CURVE('',#868,#860,#870,.T.);
#868 = VERTEX_POINT('',#869);
#869 = CARTESIAN_POINT('',(-44.225,46.95,-4.));
#870 = LINE('',#871,#872);
#871 = CARTESIAN_POINT('',(-40.185,46.95,-4.));
#872 = VECTOR('',#873,1.);
#873 = DIRECTION('',(1.,0.,0.));
#874 = ORIENTED_EDGE('',*,*,#875,.F.);
#875 = EDGE_CURVE('',#876,#868,#878,.T.);
#876 = VERTEX_POINT('',#877);
#877 = CARTESIAN_POINT('',(-55.01499999991,46.95,-4.));
#878 = LINE('',#879,#880);
#879 = CARTESIAN_POINT('',(-40.185,46.95,-4.));
#880 = VECTOR('',#881,1.);
#881 = DIRECTION('',(1.,0.,0.));
#882 = ORIENTED_EDGE('',*,*,#883,.F.);
#883 = EDGE_CURVE('',#884,#876,#886,.T.);
#884 = VERTEX_POINT('',#885);
#885 = CARTESIAN_POINT('',(-55.01499999991,48.75,-4.));
#886 = LINE('',#887,#888);
#887 = CARTESIAN_POINT('',(-55.01499999991,48.75,-4.));
#888 = VECTOR('',#889,1.);
#889 = DIRECTION('',(0.,-1.,0.));
#890 = ORIENTED_EDGE('',*,*,#891,.T.);
#891 = EDGE_CURVE('',#884,#619,#892,.T.);
#892 = LINE('',#893,#894);
#893 = CARTESIAN_POINT('',(59.8,48.75,-4.));
#894 = VECTOR('',#895,1.);
#895 = DIRECTION('',(-1.,0.,0.));
#896 = FACE_BOUND('',#897,.T.);
#897 = EDGE_LOOP('',(#898,#909,#918,#926,#934));
#898 = ORIENTED_EDGE('',*,*,#899,.F.);
#899 = EDGE_CURVE('',#900,#902,#904,.T.);
#900 = VERTEX_POINT('',#901);
#901 = CARTESIAN_POINT('',(-35.8526,-33.1274,-4.));
#902 = VERTEX_POINT('',#903);
#903 = CARTESIAN_POINT('',(-42.25354325633,-32.6274,-4.));
#904 = CIRCLE('',#905,3.22);
#905 = AXIS2_PLACEMENT_3D('',#906,#907,#908);
#906 = CARTESIAN_POINT('',(-39.0726,-33.1274,-4.));
#907 = DIRECTION('',(0.,0.,1.));
#908 = DIRECTION('',(1.,0.,0.));
#909 = ORIENTED_EDGE('',*,*,#910,.F.);
#910 = EDGE_CURVE('',#911,#900,#913,.T.);
#911 = VERTEX_POINT('',#912);
#912 = CARTESIAN_POINT('',(-42.25354325633,-33.6274,-4.));
#913 = CIRCLE('',#914,3.22);
#914 = AXIS2_PLACEMENT_3D('',#915,#916,#917);
#915 = CARTESIAN_POINT('',(-39.0726,-33.1274,-4.));
#916 = DIRECTION('',(0.,0.,1.));
#917 = DIRECTION('',(1.,0.,0.));
#918 = ORIENTED_EDGE('',*,*,#919,.F.);
#919 = EDGE_CURVE('',#920,#911,#922,.T.);
#920 = VERTEX_POINT('',#921);
#921 = CARTESIAN_POINT('',(-46.2926,-33.6274,-4.));
#922 = LINE('',#923,#924);
#923 = CARTESIAN_POINT('',(-46.2926,-33.6274,-4.));
#924 = VECTOR('',#925,1.);
#925 = DIRECTION('',(1.,0.,0.));
#926 = ORIENTED_EDGE('',*,*,#927,.F.);
#927 = EDGE_CURVE('',#928,#920,#930,.T.);
#928 = VERTEX_POINT('',#929);
#929 = CARTESIAN_POINT('',(-46.2926,-32.6274,-4.));
#930 = LINE('',#931,#932);
#931 = CARTESIAN_POINT('',(-46.2926,-32.6274,-4.));
#932 = VECTOR('',#933,1.);
#933 = DIRECTION('',(0.,-1.,0.));
#934 = ORIENTED_EDGE('',*,*,#935,.F.);
#935 = EDGE_CURVE('',#902,#928,#936,.T.);
#936 = LINE('',#937,#938);
#937 = CARTESIAN_POINT('',(-42.25354325633,-32.6274,-4.));
#938 = VECTOR('',#939,1.);
#939 = DIRECTION('',(-1.,0.,0.));
#940 = FACE_BOUND('',#941,.T.);
#941 = EDGE_LOOP('',(#942,#953,#962,#971,#979,#987,#995,#1004,#1012,
    #1021,#1030));
#942 = ORIENTED_EDGE('',*,*,#943,.F.);
#943 = EDGE_CURVE('',#944,#946,#948,.T.);
#944 = VERTEX_POINT('',#945);
#945 = CARTESIAN_POINT('',(14.1496,-40.8524,-4.));
#946 = VERTEX_POINT('',#947);
#947 = CARTESIAN_POINT('',(13.019073617924,-38.4024,-4.));
#948 = CIRCLE('',#949,3.22);
#949 = AXIS2_PLACEMENT_3D('',#950,#951,#952);
#950 = CARTESIAN_POINT('',(10.9296,-40.8524,-4.));
#951 = DIRECTION('',(0.,0.,1.));
#952 = DIRECTION('',(1.,0.,0.));
#953 = ORIENTED_EDGE('',*,*,#954,.F.);
#954 = EDGE_CURVE('',#955,#944,#957,.T.);
#955 = VERTEX_POINT('',#956);
#956 = CARTESIAN_POINT('',(7.950917882236,-42.07545062908,-4.));
#957 = CIRCLE('',#958,3.22);
#958 = AXIS2_PLACEMENT_3D('',#959,#960,#961);
#959 = CARTESIAN_POINT('',(10.9296,-40.8524,-4.));
#960 = DIRECTION('',(0.,0.,1.));
#961 = DIRECTION('',(1.,0.,0.));
#962 = ORIENTED_EDGE('',*,*,#963,.F.);
#963 = EDGE_CURVE('',#964,#955,#966,.T.);
#964 = VERTEX_POINT('',#965);
#965 = CARTESIAN_POINT('',(1.809056743669,-41.31,-4.));
#966 = CIRCLE('',#967,3.22);
#967 = AXIS2_PLACEMENT_3D('',#968,#969,#970);
#968 = CARTESIAN_POINT('',(4.99,-40.81,-4.));
#969 = DIRECTION('',(0.,0.,1.));
#970 = DIRECTION('',(1.,0.,0.));
#971 = ORIENTED_EDGE('',*,*,#972,.F.);
#972 = EDGE_CURVE('',#973,#964,#975,.T.);
#973 = VERTEX_POINT('',#974);
#974 = CARTESIAN_POINT('',(-2.23,-41.31,-4.));
#975 = LINE('',#976,#977);
#976 = CARTESIAN_POINT('',(-2.23,-41.31,-4.));
#977 = VECTOR('',#978,1.);
#978 = DIRECTION('',(1.,0.,0.));
#979 = ORIENTED_EDGE('',*,*,#980,.F.);
#980 = EDGE_CURVE('',#981,#973,#983,.T.);
#981 = VERTEX_POINT('',#982);
#982 = CARTESIAN_POINT('',(-2.23,-40.31,-4.));
#983 = LINE('',#984,#985);
#984 = CARTESIAN_POINT('',(-2.23,-40.31,-4.));
#985 = VECTOR('',#986,1.);
#986 = DIRECTION('',(0.,-1.,0.));
#987 = ORIENTED_EDGE('',*,*,#988,.F.);
#988 = EDGE_CURVE('',#989,#981,#991,.T.);
#989 = VERTEX_POINT('',#990);
#990 = CARTESIAN_POINT('',(1.809056743669,-40.31,-4.));
#991 = LINE('',#992,#993);
#992 = CARTESIAN_POINT('',(1.809056743669,-40.31,-4.));
#993 = VECTOR('',#994,1.);
#994 = DIRECTION('',(-1.,0.,0.));
#995 = ORIENTED_EDGE('',*,*,#996,.F.);
#996 = EDGE_CURVE('',#997,#989,#999,.T.);
#997 = VERTEX_POINT('',#998);
#998 = CARTESIAN_POINT('',(2.851808652155,-38.4024,-4.));
#999 = CIRCLE('',#1000,3.22);
#1000 = AXIS2_PLACEMENT_3D('',#1001,#1002,#1003);
#1001 = CARTESIAN_POINT('',(4.99,-40.81,-4.));
#1002 = DIRECTION('',(0.,0.,1.));
#1003 = DIRECTION('',(1.,0.,0.));
#1004 = ORIENTED_EDGE('',*,*,#1005,.F.);
#1005 = EDGE_CURVE('',#1006,#997,#1008,.T.);
#1006 = VERTEX_POINT('',#1007);
#1007 = CARTESIAN_POINT('',(7.128191347845,-38.4024,-4.));
#1008 = LINE('',#1009,#1010);
#1009 = CARTESIAN_POINT('',(1.794095860962,-38.4024,-4.));
#1010 = VECTOR('',#1011,1.);
#1011 = DIRECTION('',(-1.,-1.66E-15,0.));
#1012 = ORIENTED_EDGE('',*,*,#1013,.F.);
#1013 = EDGE_CURVE('',#1014,#1006,#1016,.T.);
#1014 = VERTEX_POINT('',#1015);
#1015 = CARTESIAN_POINT('',(7.968682117764,-39.58694937091,-4.));
#1016 = CIRCLE('',#1017,3.22);
#1017 = AXIS2_PLACEMENT_3D('',#1018,#1019,#1020);
#1018 = CARTESIAN_POINT('',(4.99,-40.81,-4.));
#1019 = DIRECTION('',(0.,0.,1.));
#1020 = DIRECTION('',(1.,0.,0.));
#1021 = ORIENTED_EDGE('',*,*,#1022,.F.);
#1022 = EDGE_CURVE('',#1023,#1014,#1025,.T.);
#1023 = VERTEX_POINT('',#1024);
#1024 = CARTESIAN_POINT('',(8.840126382076,-38.4024,-4.));
#1025 = CIRCLE('',#1026,3.22);
#1026 = AXIS2_PLACEMENT_3D('',#1027,#1028,#1029);
#1027 = CARTESIAN_POINT('',(10.9296,-40.8524,-4.));
#1028 = DIRECTION('',(0.,0.,1.));
#1029 = DIRECTION('',(1.,0.,0.));
#1030 = ORIENTED_EDGE('',*,*,#1031,.F.);
#1031 = EDGE_CURVE('',#946,#1023,#1032,.T.);
#1032 = LINE('',#1033,#1034);
#1033 = CARTESIAN_POINT('',(4.567005140868,-38.4024,-4.));
#1034 = VECTOR('',#1035,1.);
#1035 = DIRECTION('',(-1.,0.,0.));
#1036 = FACE_BOUND('',#1037,.T.);
#1037 = EDGE_LOOP('',(#1038,#1049,#1058,#1066,#1074));
#1038 = ORIENTED_EDGE('',*,*,#1039,.F.);
#1039 = EDGE_CURVE('',#1040,#1042,#1044,.T.);
#1040 = VERTEX_POINT('',#1041);
#1041 = CARTESIAN_POINT('',(42.385,-33.1274,-4.));
#1042 = VERTEX_POINT('',#1043);
#1043 = CARTESIAN_POINT('',(35.984056743669,-32.6274,-4.));
#1044 = CIRCLE('',#1045,3.22);
#1045 = AXIS2_PLACEMENT_3D('',#1046,#1047,#1048);
#1046 = CARTESIAN_POINT('',(39.165,-33.1274,-4.));
#1047 = DIRECTION('',(0.,0.,1.));
#1048 = DIRECTION('',(1.,0.,0.));
#1049 = ORIENTED_EDGE('',*,*,#1050,.F.);
#1050 = EDGE_CURVE('',#1051,#1040,#1053,.T.);
#1051 = VERTEX_POINT('',#1052);
#1052 = CARTESIAN_POINT('',(35.984056743669,-33.6274,-4.));
#1053 = CIRCLE('',#1054,3.22);
#1054 = AXIS2_PLACEMENT_3D('',#1055,#1056,#1057);
#1055 = CARTESIAN_POINT('',(39.165,-33.1274,-4.));
#1056 = DIRECTION('',(0.,0.,1.));
#1057 = DIRECTION('',(1.,0.,0.));
#1058 = ORIENTED_EDGE('',*,*,#1059,.F.);
#1059 = EDGE_CURVE('',#1060,#1051,#1062,.T.);
#1060 = VERTEX_POINT('',#1061);
#1061 = CARTESIAN_POINT('',(31.945,-33.6274,-4.));
#1062 = LINE('',#1063,#1064);
#1063 = CARTESIAN_POINT('',(31.945,-33.6274,-4.));
#1064 = VECTOR('',#1065,1.);
#1065 = DIRECTION('',(1.,0.,0.));
#1066 = ORIENTED_EDGE('',*,*,#1067,.F.);
#1067 = EDGE_CURVE('',#1068,#1060,#1070,.T.);
#1068 = VERTEX_POINT('',#1069);
#1069 = CARTESIAN_POINT('',(31.945,-32.6274,-4.));
#1070 = LINE('',#1071,#1072);
#1071 = CARTESIAN_POINT('',(31.945,-32.6274,-4.));
#1072 = VECTOR('',#1073,1.);
#1073 = DIRECTION('',(0.,-1.,0.));
#1074 = ORIENTED_EDGE('',*,*,#1075,.F.);
#1075 = EDGE_CURVE('',#1042,#1068,#1076,.T.);
#1076 = LINE('',#1077,#1078);
#1077 = CARTESIAN_POINT('',(35.984056743669,-32.6274,-4.));
#1078 = VECTOR('',#1079,1.);
#1079 = DIRECTION('',(-1.,0.,0.));
#1080 = FACE_BOUND('',#1081,.T.);
#1081 = EDGE_LOOP('',(#1082,#1093,#1101,#1110,#1118,#1126));
#1082 = ORIENTED_EDGE('',*,*,#1083,.F.);
#1083 = EDGE_CURVE('',#1084,#1086,#1088,.T.);
#1084 = VERTEX_POINT('',#1085);
#1085 = CARTESIAN_POINT('',(34.4208,1.560491026118,-4.));
#1086 = VERTEX_POINT('',#1087);
#1087 = CARTESIAN_POINT('',(28.779856743669,-1.72E-02,-4.));
#1088 = CIRCLE('',#1089,3.22);
#1089 = AXIS2_PLACEMENT_3D('',#1090,#1091,#1092);
#1090 = CARTESIAN_POINT('',(31.9608,-0.5172,-4.));
#1091 = DIRECTION('',(0.,0.,1.));
#1092 = DIRECTION('',(1.,0.,0.));
#1093 = ORIENTED_EDGE('',*,*,#1094,.F.);
#1094 = EDGE_CURVE('',#1095,#1084,#1097,.T.);
#1095 = VERTEX_POINT('',#1096);
#1096 = CARTESIAN_POINT('',(34.4208,-2.594891026118,-4.));
#1097 = LINE('',#1098,#1099);
#1098 = CARTESIAN_POINT('',(34.4208,0.780245513059,-4.));
#1099 = VECTOR('',#1100,1.);
#1100 = DIRECTION('',(0.,1.,0.));
#1101 = ORIENTED_EDGE('',*,*,#1102,.F.);
#1102 = EDGE_CURVE('',#1103,#1095,#1105,.T.);
#1103 = VERTEX_POINT('',#1104);
#1104 = CARTESIAN_POINT('',(28.779856743669,-1.0172,-4.));
#1105 = CIRCLE('',#1106,3.22);
#1106 = AXIS2_PLACEMENT_3D('',#1107,#1108,#1109);
#1107 = CARTESIAN_POINT('',(31.9608,-0.5172,-4.));
#1108 = DIRECTION('',(0.,0.,1.));
#1109 = DIRECTION('',(1.,0.,0.));
#1110 = ORIENTED_EDGE('',*,*,#1111,.F.);
#1111 = EDGE_CURVE('',#1112,#1103,#1114,.T.);
#1112 = VERTEX_POINT('',#1113);
#1113 = CARTESIAN_POINT('',(24.7408,-1.0172,-4.));
#1114 = LINE('',#1115,#1116);
#1115 = CARTESIAN_POINT('',(24.7408,-1.0172,-4.));
#1116 = VECTOR('',#1117,1.);
#1117 = DIRECTION('',(1.,0.,0.));
#1118 = ORIENTED_EDGE('',*,*,#1119,.F.);
#1119 = EDGE_CURVE('',#1120,#1112,#1122,.T.);
#1120 = VERTEX_POINT('',#1121);
#1121 = CARTESIAN_POINT('',(24.7408,-1.72E-02,-4.));
#1122 = LINE('',#1123,#1124);
#1123 = CARTESIAN_POINT('',(24.7408,-1.72E-02,-4.));
#1124 = VECTOR('',#1125,1.);
#1125 = DIRECTION('',(0.,-1.,0.));
#1126 = ORIENTED_EDGE('',*,*,#1127,.F.);
#1127 = EDGE_CURVE('',#1086,#1120,#1128,.T.);
#1128 = LINE('',#1129,#1130);
#1129 = CARTESIAN_POINT('',(28.779856743669,-1.72E-02,-4.));
#1130 = VECTOR('',#1131,1.);
#1131 = DIRECTION('',(-1.,0.,0.));
#1132 = FACE_BOUND('',#1133,.T.);
#1133 = EDGE_LOOP('',(#1134,#1145,#1154,#1162,#1170));
#1134 = ORIENTED_EDGE('',*,*,#1135,.F.);
#1135 = EDGE_CURVE('',#1136,#1138,#1140,.T.);
#1136 = VERTEX_POINT('',#1137);
#1137 = CARTESIAN_POINT('',(8.21,26.51,-4.));
#1138 = VERTEX_POINT('',#1139);
#1139 = CARTESIAN_POINT('',(1.809056743669,27.01,-4.));
#1140 = CIRCLE('',#1141,3.22);
#1141 = AXIS2_PLACEMENT_3D('',#1142,#1143,#1144);
#1142 = CARTESIAN_POINT('',(4.99,26.51,-4.));
#1143 = DIRECTION('',(0.,0.,1.));
#1144 = DIRECTION('',(1.,0.,0.));
#1145 = ORIENTED_EDGE('',*,*,#1146,.F.);
#1146 = EDGE_CURVE('',#1147,#1136,#1149,.T.);
#1147 = VERTEX_POINT('',#1148);
#1148 = CARTESIAN_POINT('',(1.809056743669,26.01,-4.));
#1149 = CIRCLE('',#1150,3.22);
#1150 = AXIS2_PLACEMENT_3D('',#1151,#1152,#1153);
#1151 = CARTESIAN_POINT('',(4.99,26.51,-4.));
#1152 = DIRECTION('',(0.,0.,1.));
#1153 = DIRECTION('',(1.,0.,0.));
#1154 = ORIENTED_EDGE('',*,*,#1155,.F.);
#1155 = EDGE_CURVE('',#1156,#1147,#1158,.T.);
#1156 = VERTEX_POINT('',#1157);
#1157 = CARTESIAN_POINT('',(-2.23,26.01,-4.));
#1158 = LINE('',#1159,#1160);
#1159 = CARTESIAN_POINT('',(-2.23,26.01,-4.));
#1160 = VECTOR('',#1161,1.);
#1161 = DIRECTION('',(1.,0.,0.));
#1162 = ORIENTED_EDGE('',*,*,#1163,.F.);
#1163 = EDGE_CURVE('',#1164,#1156,#1166,.T.);
#1164 = VERTEX_POINT('',#1165);
#1165 = CARTESIAN_POINT('',(-2.23,27.01,-4.));
#1166 = LINE('',#1167,#1168);
#1167 = CARTESIAN_POINT('',(-2.23,27.01,-4.));
#1168 = VECTOR('',#1169,1.);
#1169 = DIRECTION('',(0.,-1.,0.));
#1170 = ORIENTED_EDGE('',*,*,#1171,.F.);
#1171 = EDGE_CURVE('',#1138,#1164,#1172,.T.);
#1172 = LINE('',#1173,#1174);
#1173 = CARTESIAN_POINT('',(1.809056743669,27.01,-4.));
#1174 = VECTOR('',#1175,1.);
#1175 = DIRECTION('',(-1.,0.,0.));
#1176 = FACE_BOUND('',#1177,.T.);
#1177 = EDGE_LOOP('',(#1178,#1189,#1198,#1206,#1215,#1223,#1231));
#1178 = ORIENTED_EDGE('',*,*,#1179,.F.);
#1179 = EDGE_CURVE('',#1180,#1182,#1184,.T.);
#1180 = VERTEX_POINT('',#1181);
#1181 = CARTESIAN_POINT('',(22.2268,32.0964,-4.));
#1182 = VERTEX_POINT('',#1183);
#1183 = CARTESIAN_POINT('',(15.825856743669,32.5964,-4.));
#1184 = CIRCLE('',#1185,3.22);
#1185 = AXIS2_PLACEMENT_3D('',#1186,#1187,#1188);
#1186 = CARTESIAN_POINT('',(19.0068,32.0964,-4.));
#1187 = DIRECTION('',(0.,0.,1.));
#1188 = DIRECTION('',(1.,0.,0.));
#1189 = ORIENTED_EDGE('',*,*,#1190,.F.);
#1190 = EDGE_CURVE('',#1191,#1180,#1193,.T.);
#1191 = VERTEX_POINT('',#1192);
#1192 = CARTESIAN_POINT('',(20.761336975997,29.3964,-4.));
#1193 = CIRCLE('',#1194,3.22);
#1194 = AXIS2_PLACEMENT_3D('',#1195,#1196,#1197);
#1195 = CARTESIAN_POINT('',(19.0068,32.0964,-4.));
#1196 = DIRECTION('',(0.,0.,1.));
#1197 = DIRECTION('',(1.,0.,0.));
#1198 = ORIENTED_EDGE('',*,*,#1199,.T.);
#1199 = EDGE_CURVE('',#1191,#1200,#1202,.T.);
#1200 = VERTEX_POINT('',#1201);
#1201 = CARTESIAN_POINT('',(17.252263024003,29.3964,-4.));
#1202 = LINE('',#1203,#1204);
#1203 = CARTESIAN_POINT('',(8.773073461831,29.3964,-4.));
#1204 = VECTOR('',#1205,1.);
#1205 = DIRECTION('',(-1.,0.,0.));
#1206 = ORIENTED_EDGE('',*,*,#1207,.F.);
#1207 = EDGE_CURVE('',#1208,#1200,#1210,.T.);
#1208 = VERTEX_POINT('',#1209);
#1209 = CARTESIAN_POINT('',(15.825856743669,31.5964,-4.));
#1210 = CIRCLE('',#1211,3.22);
#1211 = AXIS2_PLACEMENT_3D('',#1212,#1213,#1214);
#1212 = CARTESIAN_POINT('',(19.0068,32.0964,-4.));
#1213 = DIRECTION('',(0.,0.,1.));
#1214 = DIRECTION('',(1.,0.,0.));
#1215 = ORIENTED_EDGE('',*,*,#1216,.F.);
#1216 = EDGE_CURVE('',#1217,#1208,#1219,.T.);
#1217 = VERTEX_POINT('',#1218);
#1218 = CARTESIAN_POINT('',(11.7868,31.5964,-4.));
#1219 = LINE('',#1220,#1221);
#1220 = CARTESIAN_POINT('',(11.7868,31.5964,-4.));
#1221 = VECTOR('',#1222,1.);
#1222 = DIRECTION('',(1.,0.,0.));
#1223 = ORIENTED_EDGE('',*,*,#1224,.F.);
#1224 = EDGE_CURVE('',#1225,#1217,#1227,.T.);
#1225 = VERTEX_POINT('',#1226);
#1226 = CARTESIAN_POINT('',(11.7868,32.5964,-4.));
#1227 = LINE('',#1228,#1229);
#1228 = CARTESIAN_POINT('',(11.7868,32.5964,-4.));
#1229 = VECTOR('',#1230,1.);
#1230 = DIRECTION('',(0.,-1.,0.));
#1231 = ORIENTED_EDGE('',*,*,#1232,.F.);
#1232 = EDGE_CURVE('',#1182,#1225,#1233,.T.);
#1233 = LINE('',#1234,#1235);
#1234 = CARTESIAN_POINT('',(15.825856743669,32.5964,-4.));
#1235 = VECTOR('',#1236,1.);
#1236 = DIRECTION('',(-1.,0.,0.));
#1237 = FACE_BOUND('',#1238,.T.);
#1238 = EDGE_LOOP('',(#1239,#1250,#1259,#1267,#1275));
#1239 = ORIENTED_EDGE('',*,*,#1240,.F.);
#1240 = EDGE_CURVE('',#1241,#1243,#1245,.T.);
#1241 = VERTEX_POINT('',#1242);
#1242 = CARTESIAN_POINT('',(42.385,31.5156,-4.));
#1243 = VERTEX_POINT('',#1244);
#1244 = CARTESIAN_POINT('',(35.984056743669,32.0156,-4.));
#1245 = CIRCLE('',#1246,3.22);
#1246 = AXIS2_PLACEMENT_3D('',#1247,#1248,#1249);
#1247 = CARTESIAN_POINT('',(39.165,31.5156,-4.));
#1248 = DIRECTION('',(0.,0.,1.));
#1249 = DIRECTION('',(1.,0.,0.));
#1250 = ORIENTED_EDGE('',*,*,#1251,.F.);
#1251 = EDGE_CURVE('',#1252,#1241,#1254,.T.);
#1252 = VERTEX_POINT('',#1253);
#1253 = CARTESIAN_POINT('',(35.984056743669,31.0156,-4.));
#1254 = CIRCLE('',#1255,3.22);
#1255 = AXIS2_PLACEMENT_3D('',#1256,#1257,#1258);
#1256 = CARTESIAN_POINT('',(39.165,31.5156,-4.));
#1257 = DIRECTION('',(0.,0.,1.));
#1258 = DIRECTION('',(1.,0.,0.));
#1259 = ORIENTED_EDGE('',*,*,#1260,.F.);
#1260 = EDGE_CURVE('',#1261,#1252,#1263,.T.);
#1261 = VERTEX_POINT('',#1262);
#1262 = CARTESIAN_POINT('',(31.945,31.0156,-4.));
#1263 = LINE('',#1264,#1265);
#1264 = CARTESIAN_POINT('',(31.945,31.0156,-4.));
#1265 = VECTOR('',#1266,1.);
#1266 = DIRECTION('',(1.,0.,0.));
#1267 = ORIENTED_EDGE('',*,*,#1268,.F.);
#1268 = EDGE_CURVE('',#1269,#1261,#1271,.T.);
#1269 = VERTEX_POINT('',#1270);
#1270 = CARTESIAN_POINT('',(31.945,32.0156,-4.));
#1271 = LINE('',#1272,#1273);
#1272 = CARTESIAN_POINT('',(31.945,32.0156,-4.));
#1273 = VECTOR('',#1274,1.);
#1274 = DIRECTION('',(0.,-1.,0.));
#1275 = ORIENTED_EDGE('',*,*,#1276,.F.);
#1276 = EDGE_CURVE('',#1243,#1269,#1277,.T.);
#1277 = LINE('',#1278,#1279);
#1278 = CARTESIAN_POINT('',(35.984056743669,32.0156,-4.));
#1279 = VECTOR('',#1280,1.);
#1280 = DIRECTION('',(-1.,0.,0.));
#1281 = PLANE('',#1282);
#1282 = AXIS2_PLACEMENT_3D('',#1283,#1284,#1285);
#1283 = CARTESIAN_POINT('',(0.73638306977,-4.65884E-12,-4.));
#1284 = DIRECTION('',(0.,0.,1.));
#1285 = DIRECTION('',(1.,0.,0.));
#1286 = ADVANCED_FACE('',(#1287),#1305,.T.);
#1287 = FACE_BOUND('',#1288,.T.);
#1288 = EDGE_LOOP('',(#1289,#1297,#1298,#1299));
#1289 = ORIENTED_EDGE('',*,*,#1290,.F.);
#1290 = EDGE_CURVE('',#132,#1291,#1293,.T.);
#1291 = VERTEX_POINT('',#1292);
#1292 = CARTESIAN_POINT('',(26.565,-46.95,-1.44));
#1293 = LINE('',#1294,#1295);
#1294 = CARTESIAN_POINT('',(26.565,-48.75,-1.44));
#1295 = VECTOR('',#1296,1.);
#1296 = DIRECTION('',(0.,1.,-2.2E-16));
#1297 = ORIENTED_EDGE('',*,*,#131,.T.);
#1298 = ORIENTED_EDGE('',*,*,#706,.T.);
#1299 = ORIENTED_EDGE('',*,*,#1300,.F.);
#1300 = EDGE_CURVE('',#1291,#699,#1301,.T.);
#1301 = LINE('',#1302,#1303);
#1302 = CARTESIAN_POINT('',(26.565,-46.95,-4.));
#1303 = VECTOR('',#1304,1.);
#1304 = DIRECTION('',(-0.,-0.,-1.));
#1305 = PLANE('',#1306);
#1306 = AXIS2_PLACEMENT_3D('',#1307,#1308,#1309);
#1307 = CARTESIAN_POINT('',(26.565,-47.85,-3.47));
#1308 = DIRECTION('',(1.,0.,0.));
#1309 = DIRECTION('',(0.,0.,1.));
#1310 = ADVANCED_FACE('',(#1311),#1330,.T.);
#1311 = FACE_BOUND('',#1312,.F.);
#1312 = EDGE_LOOP('',(#1313,#1321,#1328,#1329));
#1313 = ORIENTED_EDGE('',*,*,#1314,.T.);
#1314 = EDGE_CURVE('',#140,#1315,#1317,.T.);
#1315 = VERTEX_POINT('',#1316);
#1316 = CARTESIAN_POINT('',(19.815,-46.95,-1.44));
#1317 = LINE('',#1318,#1319);
#1318 = CARTESIAN_POINT('',(19.815,-48.75,-1.44));
#1319 = VECTOR('',#1320,1.);
#1320 = DIRECTION('',(0.,1.,-2.2E-16));
#1321 = ORIENTED_EDGE('',*,*,#1322,.T.);
#1322 = EDGE_CURVE('',#1315,#1291,#1323,.T.);
#1323 = CIRCLE('',#1324,3.375);
#1324 = AXIS2_PLACEMENT_3D('',#1325,#1326,#1327);
#1325 = CARTESIAN_POINT('',(23.19,-46.95,-1.44));
#1326 = DIRECTION('',(0.,1.,-0.));
#1327 = DIRECTION('',(-1.,0.,0.));
#1328 = ORIENTED_EDGE('',*,*,#1290,.F.);
#1329 = ORIENTED_EDGE('',*,*,#139,.F.);
#1330 = CYLINDRICAL_SURFACE('',#1331,3.375);
#1331 = AXIS2_PLACEMENT_3D('',#1332,#1333,#1334);
#1332 = CARTESIAN_POINT('',(23.19,-48.75,-1.44));
#1333 = DIRECTION('',(0.,-1.,2.2E-16));
#1334 = DIRECTION('',(-1.,0.,0.));
#1335 = ADVANCED_FACE('',(#1336),#1354,.T.);
#1336 = FACE_BOUND('',#1337,.T.);
#1337 = EDGE_LOOP('',(#1338,#1339,#1340,#1348));
#1338 = ORIENTED_EDGE('',*,*,#148,.F.);
#1339 = ORIENTED_EDGE('',*,*,#1314,.T.);
#1340 = ORIENTED_EDGE('',*,*,#1341,.T.);
#1341 = EDGE_CURVE('',#1315,#1342,#1344,.T.);
#1342 = VERTEX_POINT('',#1343);
#1343 = CARTESIAN_POINT('',(19.815,-46.95,-1.45));
#1344 = LINE('',#1345,#1346);
#1345 = CARTESIAN_POINT('',(19.815,-46.95,-1.44));
#1346 = VECTOR('',#1347,1.);
#1347 = DIRECTION('',(0.,-2.2E-16,-1.));
#1348 = ORIENTED_EDGE('',*,*,#1349,.F.);
#1349 = EDGE_CURVE('',#149,#1342,#1350,.T.);
#1350 = LINE('',#1351,#1352);
#1351 = CARTESIAN_POINT('',(19.815,-48.75,-1.45));
#1352 = VECTOR('',#1353,1.);
#1353 = DIRECTION('',(0.,1.,0.));
#1354 = PLANE('',#1355);
#1355 = AXIS2_PLACEMENT_3D('',#1356,#1357,#1358);
#1356 = CARTESIAN_POINT('',(19.815,-47.85,-3.47));
#1357 = DIRECTION('',(-1.,-0.,-0.));
#1358 = DIRECTION('',(0.,0.,-1.));
#1359 = ADVANCED_FACE('',(#1360),#1378,.T.);
#1360 = FACE_BOUND('',#1361,.T.);
#1361 = EDGE_LOOP('',(#1362,#1363,#1371,#1377));
#1362 = ORIENTED_EDGE('',*,*,#1349,.T.);
#1363 = ORIENTED_EDGE('',*,*,#1364,.T.);
#1364 = EDGE_CURVE('',#1342,#1365,#1367,.T.);
#1365 = VERTEX_POINT('',#1366);
#1366 = CARTESIAN_POINT('',(19.79921875,-46.95,-1.45));
#1367 = LINE('',#1368,#1369);
#1368 = CARTESIAN_POINT('',(19.815,-46.95,-1.45));
#1369 = VECTOR('',#1370,1.);
#1370 = DIRECTION('',(-1.,0.,0.));
#1371 = ORIENTED_EDGE('',*,*,#1372,.T.);
#1372 = EDGE_CURVE('',#1365,#157,#1373,.T.);
#1373 = LINE('',#1374,#1375);
#1374 = CARTESIAN_POINT('',(19.79921875,-23.47499999999,-1.45));
#1375 = VECTOR('',#1376,1.);
#1376 = DIRECTION('',(-3.504141421473E-16,-1.,0.));
#1377 = ORIENTED_EDGE('',*,*,#156,.T.);
#1378 = PLANE('',#1379);
#1379 = AXIS2_PLACEMENT_3D('',#1380,#1381,#1382);
#1380 = CARTESIAN_POINT('',(-5.905543822566,1.334874953739E-11,-1.45));
#1381 = DIRECTION('',(0.,0.,1.));
#1382 = DIRECTION('',(1.,0.,0.));
#1383 = ADVANCED_FACE('',(#1384),#1400,.T.);
#1384 = FACE_BOUND('',#1385,.T.);
#1385 = EDGE_LOOP('',(#1386,#1392,#1398,#1399));
#1386 = ORIENTED_EDGE('',*,*,#1387,.F.);
#1387 = EDGE_CURVE('',#691,#1365,#1388,.T.);
#1388 = LINE('',#1389,#1390);
#1389 = CARTESIAN_POINT('',(15.775,-46.95,-4.));
#1390 = VECTOR('',#1391,1.);
#1391 = DIRECTION('',(0.84469303892,1.188496045052E-16,0.535251034563));
#1392 = ORIENTED_EDGE('',*,*,#1393,.T.);
#1393 = EDGE_CURVE('',#691,#165,#1394,.T.);
#1394 = LINE('',#1395,#1396);
#1395 = CARTESIAN_POINT('',(15.775,-46.95,-4.));
#1396 = VECTOR('',#1397,1.);
#1397 = DIRECTION('',(0.,-1.,2.22044604925E-16));
#1398 = ORIENTED_EDGE('',*,*,#164,.F.);
#1399 = ORIENTED_EDGE('',*,*,#1372,.F.);
#1400 = PLANE('',#1401);
#1401 = AXIS2_PLACEMENT_3D('',#1402,#1403,#1404);
#1402 = CARTESIAN_POINT('',(15.775,-46.95,-4.));
#1403 = DIRECTION('',(-0.535251034563,1.875595321098E-16,0.84469303892)
  );
#1404 = DIRECTION('',(0.84469303892,1.188496045052E-16,0.535251034563));
#1405 = ADVANCED_FACE('',(#1406),#1424,.T.);
#1406 = FACE_BOUND('',#1407,.T.);
#1407 = EDGE_LOOP('',(#1408,#1416,#1417,#1418));
#1408 = ORIENTED_EDGE('',*,*,#1409,.F.);
#1409 = EDGE_CURVE('',#173,#1410,#1412,.T.);
#1410 = VERTEX_POINT('',#1411);
#1411 = CARTESIAN_POINT('',(15.775,-46.95,-1.44));
#1412 = LINE('',#1413,#1414);
#1413 = CARTESIAN_POINT('',(15.775,-48.75,-1.44));
#1414 = VECTOR('',#1415,1.);
#1415 = DIRECTION('',(0.,1.,-2.2E-16));
#1416 = ORIENTED_EDGE('',*,*,#172,.F.);
#1417 = ORIENTED_EDGE('',*,*,#1393,.F.);
#1418 = ORIENTED_EDGE('',*,*,#1419,.F.);
#1419 = EDGE_CURVE('',#1410,#691,#1420,.T.);
#1420 = LINE('',#1421,#1422);
#1421 = CARTESIAN_POINT('',(15.775,-46.95,-4.));
#1422 = VECTOR('',#1423,1.);
#1423 = DIRECTION('',(-0.,-0.,-1.));
#1424 = PLANE('',#1425);
#1425 = AXIS2_PLACEMENT_3D('',#1426,#1427,#1428);
#1426 = CARTESIAN_POINT('',(15.775,-47.85,-2.72));
#1427 = DIRECTION('',(1.,0.,0.));
#1428 = DIRECTION('',(0.,0.,1.));
#1429 = ADVANCED_FACE('',(#1430),#1449,.T.);
#1430 = FACE_BOUND('',#1431,.F.);
#1431 = EDGE_LOOP('',(#1432,#1440,#1447,#1448));
#1432 = ORIENTED_EDGE('',*,*,#1433,.T.);
#1433 = EDGE_CURVE('',#181,#1434,#1436,.T.);
#1434 = VERTEX_POINT('',#1435);
#1435 = CARTESIAN_POINT('',(9.025,-46.95,-1.44));
#1436 = LINE('',#1437,#1438);
#1437 = CARTESIAN_POINT('',(9.025,-48.75,-1.44));
#1438 = VECTOR('',#1439,1.);
#1439 = DIRECTION('',(0.,1.,-2.2E-16));
#1440 = ORIENTED_EDGE('',*,*,#1441,.T.);
#1441 = EDGE_CURVE('',#1434,#1410,#1442,.T.);
#1442 = CIRCLE('',#1443,3.375);
#1443 = AXIS2_PLACEMENT_3D('',#1444,#1445,#1446);
#1444 = CARTESIAN_POINT('',(12.4,-46.95,-1.44));
#1445 = DIRECTION('',(0.,1.,-0.));
#1446 = DIRECTION('',(-1.,0.,0.));
#1447 = ORIENTED_EDGE('',*,*,#1409,.F.);
#1448 = ORIENTED_EDGE('',*,*,#180,.F.);
#1449 = CYLINDRICAL_SURFACE('',#1450,3.375);
#1450 = AXIS2_PLACEMENT_3D('',#1451,#1452,#1453);
#1451 = CARTESIAN_POINT('',(12.4,-48.75,-1.44));
#1452 = DIRECTION('',(0.,-1.,2.2E-16));
#1453 = DIRECTION('',(-1.,0.,0.));
#1454 = ADVANCED_FACE('',(#1455),#1473,.T.);
#1455 = FACE_BOUND('',#1456,.T.);
#1456 = EDGE_LOOP('',(#1457,#1465,#1466,#1467));
#1457 = ORIENTED_EDGE('',*,*,#1458,.F.);
#1458 = EDGE_CURVE('',#190,#1459,#1461,.T.);
#1459 = VERTEX_POINT('',#1460);
#1460 = CARTESIAN_POINT('',(9.025,-46.95,-1.45));
#1461 = LINE('',#1462,#1463);
#1462 = CARTESIAN_POINT('',(9.025,-48.75,-1.45));
#1463 = VECTOR('',#1464,1.);
#1464 = DIRECTION('',(0.,1.,0.));
#1465 = ORIENTED_EDGE('',*,*,#189,.T.);
#1466 = ORIENTED_EDGE('',*,*,#1433,.T.);
#1467 = ORIENTED_EDGE('',*,*,#1468,.F.);
#1468 = EDGE_CURVE('',#1459,#1434,#1469,.T.);
#1469 = LINE('',#1470,#1471);
#1470 = CARTESIAN_POINT('',(9.025,-46.95,-4.));
#1471 = VECTOR('',#1472,1.);
#1472 = DIRECTION('',(0.,2.2E-16,1.));
#1473 = PLANE('',#1474);
#1474 = AXIS2_PLACEMENT_3D('',#1475,#1476,#1477);
#1475 = CARTESIAN_POINT('',(9.025,-47.85,-3.47));
#1476 = DIRECTION('',(-1.,-0.,-0.));
#1477 = DIRECTION('',(0.,0.,-1.));
#1478 = ADVANCED_FACE('',(#1479),#1497,.T.);
#1479 = FACE_BOUND('',#1480,.T.);
#1480 = EDGE_LOOP('',(#1481,#1482,#1490,#1496));
#1481 = ORIENTED_EDGE('',*,*,#1458,.T.);
#1482 = ORIENTED_EDGE('',*,*,#1483,.T.);
#1483 = EDGE_CURVE('',#1459,#1484,#1486,.T.);
#1484 = VERTEX_POINT('',#1485);
#1485 = CARTESIAN_POINT('',(9.00921875,-46.95,-1.45));
#1486 = LINE('',#1487,#1488);
#1487 = CARTESIAN_POINT('',(9.025,-46.95,-1.45));
#1488 = VECTOR('',#1489,1.);
#1489 = DIRECTION('',(-1.,0.,0.));
#1490 = ORIENTED_EDGE('',*,*,#1491,.T.);
#1491 = EDGE_CURVE('',#1484,#198,#1492,.T.);
#1492 = LINE('',#1493,#1494);
#1493 = CARTESIAN_POINT('',(9.00921875,-23.47499999999,-1.45));
#1494 = VECTOR('',#1495,1.);
#1495 = DIRECTION('',(-3.504141421473E-16,-1.,0.));
#1496 = ORIENTED_EDGE('',*,*,#197,.T.);
#1497 = PLANE('',#1498);
#1498 = AXIS2_PLACEMENT_3D('',#1499,#1500,#1501);
#1499 = CARTESIAN_POINT('',(-5.905543822566,1.334874953739E-11,-1.45));
#1500 = DIRECTION('',(0.,0.,1.));
#1501 = DIRECTION('',(1.,0.,0.));
#1502 = ADVANCED_FACE('',(#1503),#1514,.T.);
#1503 = FACE_BOUND('',#1504,.T.);
#1504 = EDGE_LOOP('',(#1505,#1511,#1512,#1513));
#1505 = ORIENTED_EDGE('',*,*,#1506,.F.);
#1506 = EDGE_CURVE('',#683,#1484,#1507,.T.);
#1507 = LINE('',#1508,#1509);
#1508 = CARTESIAN_POINT('',(4.985,-46.95,-4.));
#1509 = VECTOR('',#1510,1.);
#1510 = DIRECTION('',(0.84469303892,1.188496045052E-16,0.535251034563));
#1511 = ORIENTED_EDGE('',*,*,#682,.T.);
#1512 = ORIENTED_EDGE('',*,*,#205,.F.);
#1513 = ORIENTED_EDGE('',*,*,#1491,.F.);
#1514 = PLANE('',#1515);
#1515 = AXIS2_PLACEMENT_3D('',#1516,#1517,#1518);
#1516 = CARTESIAN_POINT('',(4.985,-46.95,-4.));
#1517 = DIRECTION('',(-0.535251034563,1.875595321098E-16,0.84469303892)
  );
#1518 = DIRECTION('',(0.84469303892,1.188496045052E-16,0.535251034563));
#1519 = ADVANCED_FACE('',(#1520),#1538,.T.);
#1520 = FACE_BOUND('',#1521,.T.);
#1521 = EDGE_LOOP('',(#1522,#1523,#1531,#1537));
#1522 = ORIENTED_EDGE('',*,*,#675,.F.);
#1523 = ORIENTED_EDGE('',*,*,#1524,.T.);
#1524 = EDGE_CURVE('',#667,#1525,#1527,.T.);
#1525 = VERTEX_POINT('',#1526);
#1526 = CARTESIAN_POINT('',(-23.435,-47.,-3.));
#1527 = LINE('',#1528,#1529);
#1528 = CARTESIAN_POINT('',(-23.435,-47.,-5.5));
#1529 = VECTOR('',#1530,1.);
#1530 = DIRECTION('',(0.,0.,1.));
#1531 = ORIENTED_EDGE('',*,*,#1532,.T.);
#1532 = EDGE_CURVE('',#1525,#222,#1533,.T.);
#1533 = LINE('',#1534,#1535);
#1534 = CARTESIAN_POINT('',(-23.435,-47.,-3.));
#1535 = VECTOR('',#1536,1.);
#1536 = DIRECTION('',(0.,-1.,0.));
#1537 = ORIENTED_EDGE('',*,*,#221,.F.);
#1538 = PLANE('',#1539);
#1539 = AXIS2_PLACEMENT_3D('',#1540,#1541,#1542);
#1540 = CARTESIAN_POINT('',(-23.435,-47.,-5.5));
#1541 = DIRECTION('',(1.,0.,0.));
#1542 = DIRECTION('',(0.,-1.,0.));
#1543 = ADVANCED_FACE('',(#1544,#1563),#1574,.T.);
#1544 = FACE_BOUND('',#1545,.F.);
#1545 = EDGE_LOOP('',(#1546,#1547,#1548,#1556));
#1546 = ORIENTED_EDGE('',*,*,#1532,.T.);
#1547 = ORIENTED_EDGE('',*,*,#229,.F.);
#1548 = ORIENTED_EDGE('',*,*,#1549,.F.);
#1549 = EDGE_CURVE('',#1550,#230,#1552,.T.);
#1550 = VERTEX_POINT('',#1551);
#1551 = CARTESIAN_POINT('',(-30.185,-47.,-3.));
#1552 = LINE('',#1553,#1554);
#1553 = CARTESIAN_POINT('',(-30.185,-47.,-3.));
#1554 = VECTOR('',#1555,1.);
#1555 = DIRECTION('',(0.,-1.,0.));
#1556 = ORIENTED_EDGE('',*,*,#1557,.F.);
#1557 = EDGE_CURVE('',#1525,#1550,#1558,.T.);
#1558 = CIRCLE('',#1559,3.375);
#1559 = AXIS2_PLACEMENT_3D('',#1560,#1561,#1562);
#1560 = CARTESIAN_POINT('',(-26.81,-47.,-3.));
#1561 = DIRECTION('',(0.,0.,1.));
#1562 = DIRECTION('',(1.,0.,0.));
#1563 = FACE_BOUND('',#1564,.F.);
#1564 = EDGE_LOOP('',(#1565));
#1565 = ORIENTED_EDGE('',*,*,#1566,.T.);
#1566 = EDGE_CURVE('',#1567,#1567,#1569,.T.);
#1567 = VERTEX_POINT('',#1568);
#1568 = CARTESIAN_POINT('',(-25.435,-47.,-3.));
#1569 = CIRCLE('',#1570,1.375);
#1570 = AXIS2_PLACEMENT_3D('',#1571,#1572,#1573);
#1571 = CARTESIAN_POINT('',(-26.81,-47.,-3.));
#1572 = DIRECTION('',(0.,0.,1.));
#1573 = DIRECTION('',(1.,0.,0.));
#1574 = PLANE('',#1575);
#1575 = AXIS2_PLACEMENT_3D('',#1576,#1577,#1578);
#1576 = CARTESIAN_POINT('',(8.189999999958,-4.809027E-11,-3.));
#1577 = DIRECTION('',(0.,0.,1.));
#1578 = DIRECTION('',(1.,0.,0.));
#1579 = ADVANCED_FACE('',(#1580),#1591,.F.);
#1580 = FACE_BOUND('',#1581,.F.);
#1581 = EDGE_LOOP('',(#1582,#1583,#1589,#1590));
#1582 = ORIENTED_EDGE('',*,*,#658,.F.);
#1583 = ORIENTED_EDGE('',*,*,#1584,.T.);
#1584 = EDGE_CURVE('',#659,#1550,#1585,.T.);
#1585 = LINE('',#1586,#1587);
#1586 = CARTESIAN_POINT('',(-30.185,-47.,-5.5));
#1587 = VECTOR('',#1588,1.);
#1588 = DIRECTION('',(0.,0.,1.));
#1589 = ORIENTED_EDGE('',*,*,#1549,.T.);
#1590 = ORIENTED_EDGE('',*,*,#237,.F.);
#1591 = PLANE('',#1592);
#1592 = AXIS2_PLACEMENT_3D('',#1593,#1594,#1595);
#1593 = CARTESIAN_POINT('',(-30.185,-47.,-5.5));
#1594 = DIRECTION('',(1.,0.,0.));
#1595 = DIRECTION('',(0.,-1.,0.));
#1596 = ADVANCED_FACE('',(#1597),#1615,.T.);
#1597 = FACE_BOUND('',#1598,.T.);
#1598 = EDGE_LOOP('',(#1599,#1607,#1608,#1609));
#1599 = ORIENTED_EDGE('',*,*,#1600,.F.);
#1600 = EDGE_CURVE('',#254,#1601,#1603,.T.);
#1601 = VERTEX_POINT('',#1602);
#1602 = CARTESIAN_POINT('',(-33.435,-46.95,-1.44));
#1603 = LINE('',#1604,#1605);
#1604 = CARTESIAN_POINT('',(-33.435,-48.75,-1.44));
#1605 = VECTOR('',#1606,1.);
#1606 = DIRECTION('',(0.,1.,-2.2E-16));
#1607 = ORIENTED_EDGE('',*,*,#253,.T.);
#1608 = ORIENTED_EDGE('',*,*,#651,.T.);
#1609 = ORIENTED_EDGE('',*,*,#1610,.F.);
#1610 = EDGE_CURVE('',#1601,#644,#1611,.T.);
#1611 = LINE('',#1612,#1613);
#1612 = CARTESIAN_POINT('',(-33.435,-46.95,-4.));
#1613 = VECTOR('',#1614,1.);
#1614 = DIRECTION('',(-0.,-0.,-1.));
#1615 = PLANE('',#1616);
#1616 = AXIS2_PLACEMENT_3D('',#1617,#1618,#1619);
#1617 = CARTESIAN_POINT('',(-33.435,-47.85,-3.47));
#1618 = DIRECTION('',(1.,0.,0.));
#1619 = DIRECTION('',(0.,0.,1.));
#1620 = ADVANCED_FACE('',(#1621),#1640,.T.);
#1621 = FACE_BOUND('',#1622,.F.);
#1622 = EDGE_LOOP('',(#1623,#1631,#1638,#1639));
#1623 = ORIENTED_EDGE('',*,*,#1624,.T.);
#1624 = EDGE_CURVE('',#262,#1625,#1627,.T.);
#1625 = VERTEX_POINT('',#1626);
#1626 = CARTESIAN_POINT('',(-40.185,-46.95,-1.44));
#1627 = LINE('',#1628,#1629);
#1628 = CARTESIAN_POINT('',(-40.185,-48.75,-1.44));
#1629 = VECTOR('',#1630,1.);
#1630 = DIRECTION('',(0.,1.,-2.2E-16));
#1631 = ORIENTED_EDGE('',*,*,#1632,.T.);
#1632 = EDGE_CURVE('',#1625,#1601,#1633,.T.);
#1633 = CIRCLE('',#1634,3.375);
#1634 = AXIS2_PLACEMENT_3D('',#1635,#1636,#1637);
#1635 = CARTESIAN_POINT('',(-36.81,-46.95,-1.44));
#1636 = DIRECTION('',(0.,1.,-0.));
#1637 = DIRECTION('',(-1.,0.,0.));
#1638 = ORIENTED_EDGE('',*,*,#1600,.F.);
#1639 = ORIENTED_EDGE('',*,*,#261,.F.);
#1640 = CYLINDRICAL_SURFACE('',#1641,3.375);
#1641 = AXIS2_PLACEMENT_3D('',#1642,#1643,#1644);
#1642 = CARTESIAN_POINT('',(-36.81,-48.75,-1.44));
#1643 = DIRECTION('',(0.,-1.,2.2E-16));
#1644 = DIRECTION('',(-1.,0.,0.));
#1645 = ADVANCED_FACE('',(#1646),#1664,.T.);
#1646 = FACE_BOUND('',#1647,.T.);
#1647 = EDGE_LOOP('',(#1648,#1649,#1650,#1658));
#1648 = ORIENTED_EDGE('',*,*,#270,.F.);
#1649 = ORIENTED_EDGE('',*,*,#1624,.T.);
#1650 = ORIENTED_EDGE('',*,*,#1651,.T.);
#1651 = EDGE_CURVE('',#1625,#1652,#1654,.T.);
#1652 = VERTEX_POINT('',#1653);
#1653 = CARTESIAN_POINT('',(-40.185,-46.95,-1.45));
#1654 = LINE('',#1655,#1656);
#1655 = CARTESIAN_POINT('',(-40.185,-46.95,-1.44));
#1656 = VECTOR('',#1657,1.);
#1657 = DIRECTION('',(0.,-2.2E-16,-1.));
#1658 = ORIENTED_EDGE('',*,*,#1659,.F.);
#1659 = EDGE_CURVE('',#271,#1652,#1660,.T.);
#1660 = LINE('',#1661,#1662);
#1661 = CARTESIAN_POINT('',(-40.185,-48.75,-1.45));
#1662 = VECTOR('',#1663,1.);
#1663 = DIRECTION('',(0.,1.,0.));
#1664 = PLANE('',#1665);
#1665 = AXIS2_PLACEMENT_3D('',#1666,#1667,#1668);
#1666 = CARTESIAN_POINT('',(-40.185,-47.85,-3.47));
#1667 = DIRECTION('',(-1.,-0.,-0.));
#1668 = DIRECTION('',(0.,0.,-1.));
#1669 = ADVANCED_FACE('',(#1670),#1688,.T.);
#1670 = FACE_BOUND('',#1671,.T.);
#1671 = EDGE_LOOP('',(#1672,#1673,#1681,#1687));
#1672 = ORIENTED_EDGE('',*,*,#1659,.T.);
#1673 = ORIENTED_EDGE('',*,*,#1674,.T.);
#1674 = EDGE_CURVE('',#1652,#1675,#1677,.T.);
#1675 = VERTEX_POINT('',#1676);
#1676 = CARTESIAN_POINT('',(-40.20078125,-46.95,-1.45));
#1677 = LINE('',#1678,#1679);
#1678 = CARTESIAN_POINT('',(-40.185,-46.95,-1.45));
#1679 = VECTOR('',#1680,1.);
#1680 = DIRECTION('',(-1.,0.,0.));
#1681 = ORIENTED_EDGE('',*,*,#1682,.T.);
#1682 = EDGE_CURVE('',#1675,#279,#1683,.T.);
#1683 = LINE('',#1684,#1685);
#1684 = CARTESIAN_POINT('',(-40.20078125,-23.47499999999,-1.45));
#1685 = VECTOR('',#1686,1.);
#1686 = DIRECTION('',(-3.504141421473E-16,-1.,0.));
#1687 = ORIENTED_EDGE('',*,*,#278,.T.);
#1688 = PLANE('',#1689);
#1689 = AXIS2_PLACEMENT_3D('',#1690,#1691,#1692);
#1690 = CARTESIAN_POINT('',(-5.905543822566,1.334874953739E-11,-1.45));
#1691 = DIRECTION('',(0.,0.,1.));
#1692 = DIRECTION('',(1.,0.,0.));
#1693 = ADVANCED_FACE('',(#1694),#1710,.T.);
#1694 = FACE_BOUND('',#1695,.T.);
#1695 = EDGE_LOOP('',(#1696,#1702,#1708,#1709));
#1696 = ORIENTED_EDGE('',*,*,#1697,.F.);
#1697 = EDGE_CURVE('',#636,#1675,#1698,.T.);
#1698 = LINE('',#1699,#1700);
#1699 = CARTESIAN_POINT('',(-44.225,-46.95,-4.));
#1700 = VECTOR('',#1701,1.);
#1701 = DIRECTION('',(0.84469303892,1.188496045052E-16,0.535251034563));
#1702 = ORIENTED_EDGE('',*,*,#1703,.T.);
#1703 = EDGE_CURVE('',#636,#287,#1704,.T.);
#1704 = LINE('',#1705,#1706);
#1705 = CARTESIAN_POINT('',(-44.225,-46.95,-4.));
#1706 = VECTOR('',#1707,1.);
#1707 = DIRECTION('',(0.,-1.,2.22044604925E-16));
#1708 = ORIENTED_EDGE('',*,*,#286,.F.);
#1709 = ORIENTED_EDGE('',*,*,#1682,.F.);
#1710 = PLANE('',#1711);
#1711 = AXIS2_PLACEMENT_3D('',#1712,#1713,#1714);
#1712 = CARTESIAN_POINT('',(-44.225,-46.95,-4.));
#1713 = DIRECTION('',(-0.535251034563,1.875595321098E-16,0.84469303892)
  );
#1714 = DIRECTION('',(0.84469303892,1.188496045052E-16,0.535251034563));
#1715 = ADVANCED_FACE('',(#1716),#1734,.T.);
#1716 = FACE_BOUND('',#1717,.T.);
#1717 = EDGE_LOOP('',(#1718,#1726,#1732,#1733));
#1718 = ORIENTED_EDGE('',*,*,#1719,.F.);
#1719 = EDGE_CURVE('',#1720,#636,#1722,.T.);
#1720 = VERTEX_POINT('',#1721);
#1721 = CARTESIAN_POINT('',(-44.225,-46.95,-1.44));
#1722 = LINE('',#1723,#1724);
#1723 = CARTESIAN_POINT('',(-44.225,-46.95,-4.));
#1724 = VECTOR('',#1725,1.);
#1725 = DIRECTION('',(-0.,-0.,-1.));
#1726 = ORIENTED_EDGE('',*,*,#1727,.F.);
#1727 = EDGE_CURVE('',#295,#1720,#1728,.T.);
#1728 = LINE('',#1729,#1730);
#1729 = CARTESIAN_POINT('',(-44.225,-48.75,-1.44));
#1730 = VECTOR('',#1731,1.);
#1731 = DIRECTION('',(0.,1.,-2.2E-16));
#1732 = ORIENTED_EDGE('',*,*,#294,.F.);
#1733 = ORIENTED_EDGE('',*,*,#1703,.F.);
#1734 = PLANE('',#1735);
#1735 = AXIS2_PLACEMENT_3D('',#1736,#1737,#1738);
#1736 = CARTESIAN_POINT('',(-44.225,-47.85,-2.72));
#1737 = DIRECTION('',(1.,0.,-2.327745158555E-15));
#1738 = DIRECTION('',(2.327745158555E-15,0.,1.));
#1739 = ADVANCED_FACE('',(#1740),#1759,.T.);
#1740 = FACE_BOUND('',#1741,.F.);
#1741 = EDGE_LOOP('',(#1742,#1750,#1757,#1758));
#1742 = ORIENTED_EDGE('',*,*,#1743,.T.);
#1743 = EDGE_CURVE('',#303,#1744,#1746,.T.);
#1744 = VERTEX_POINT('',#1745);
#1745 = CARTESIAN_POINT('',(-50.975,-46.95,-1.44));
#1746 = LINE('',#1747,#1748);
#1747 = CARTESIAN_POINT('',(-50.975,-48.75,-1.44));
#1748 = VECTOR('',#1749,1.);
#1749 = DIRECTION('',(0.,1.,-2.2E-16));
#1750 = ORIENTED_EDGE('',*,*,#1751,.T.);
#1751 = EDGE_CURVE('',#1744,#1720,#1752,.T.);
#1752 = CIRCLE('',#1753,3.375);
#1753 = AXIS2_PLACEMENT_3D('',#1754,#1755,#1756);
#1754 = CARTESIAN_POINT('',(-47.6,-46.95,-1.44));
#1755 = DIRECTION('',(0.,1.,-0.));
#1756 = DIRECTION('',(-1.,0.,0.));
#1757 = ORIENTED_EDGE('',*,*,#1727,.F.);
#1758 = ORIENTED_EDGE('',*,*,#302,.F.);
#1759 = CYLINDRICAL_SURFACE('',#1760,3.375);
#1760 = AXIS2_PLACEMENT_3D('',#1761,#1762,#1763);
#1761 = CARTESIAN_POINT('',(-47.6,-48.75,-1.44));
#1762 = DIRECTION('',(0.,-1.,2.2E-16));
#1763 = DIRECTION('',(-1.,0.,0.));
#1764 = ADVANCED_FACE('',(#1765),#1783,.T.);
#1765 = FACE_BOUND('',#1766,.T.);
#1766 = EDGE_LOOP('',(#1767,#1775,#1776,#1777));
#1767 = ORIENTED_EDGE('',*,*,#1768,.F.);
#1768 = EDGE_CURVE('',#312,#1769,#1771,.T.);
#1769 = VERTEX_POINT('',#1770);
#1770 = CARTESIAN_POINT('',(-50.975,-46.95,-1.45));
#1771 = LINE('',#1772,#1773);
#1772 = CARTESIAN_POINT('',(-50.975,-48.75,-1.45));
#1773 = VECTOR('',#1774,1.);
#1774 = DIRECTION('',(0.,1.,0.));
#1775 = ORIENTED_EDGE('',*,*,#311,.T.);
#1776 = ORIENTED_EDGE('',*,*,#1743,.T.);
#1777 = ORIENTED_EDGE('',*,*,#1778,.F.);
#1778 = EDGE_CURVE('',#1769,#1744,#1779,.T.);
#1779 = LINE('',#1780,#1781);
#1780 = CARTESIAN_POINT('',(-50.975,-46.95,-4.));
#1781 = VECTOR('',#1782,1.);
#1782 = DIRECTION('',(0.,2.2E-16,1.));
#1783 = PLANE('',#1784);
#1784 = AXIS2_PLACEMENT_3D('',#1785,#1786,#1787);
#1785 = CARTESIAN_POINT('',(-50.975,-47.85,-3.47));
#1786 = DIRECTION('',(-1.,-0.,-0.));
#1787 = DIRECTION('',(0.,0.,-1.));
#1788 = ADVANCED_FACE('',(#1789),#1807,.T.);
#1789 = FACE_BOUND('',#1790,.T.);
#1790 = EDGE_LOOP('',(#1791,#1792,#1800,#1806));
#1791 = ORIENTED_EDGE('',*,*,#1768,.T.);
#1792 = ORIENTED_EDGE('',*,*,#1793,.T.);
#1793 = EDGE_CURVE('',#1769,#1794,#1796,.T.);
#1794 = VERTEX_POINT('',#1795);
#1795 = CARTESIAN_POINT('',(-50.99078125,-46.95,-1.45));
#1796 = LINE('',#1797,#1798);
#1797 = CARTESIAN_POINT('',(-50.975,-46.95,-1.45));
#1798 = VECTOR('',#1799,1.);
#1799 = DIRECTION('',(-1.,0.,0.));
#1800 = ORIENTED_EDGE('',*,*,#1801,.T.);
#1801 = EDGE_CURVE('',#1794,#320,#1802,.T.);
#1802 = LINE('',#1803,#1804);
#1803 = CARTESIAN_POINT('',(-50.99078125,-46.95,-1.45));
#1804 = VECTOR('',#1805,1.);
#1805 = DIRECTION('',(0.,-1.,2.22044604925E-16));
#1806 = ORIENTED_EDGE('',*,*,#319,.T.);
#1807 = PLANE('',#1808);
#1808 = AXIS2_PLACEMENT_3D('',#1809,#1810,#1811);
#1809 = CARTESIAN_POINT('',(-5.905543822566,1.334874953739E-11,-1.45));
#1810 = DIRECTION('',(0.,0.,1.));
#1811 = DIRECTION('',(1.,0.,0.));
#1812 = ADVANCED_FACE('',(#1813),#1824,.T.);
#1813 = FACE_BOUND('',#1814,.T.);
#1814 = EDGE_LOOP('',(#1815,#1821,#1822,#1823));
#1815 = ORIENTED_EDGE('',*,*,#1816,.F.);
#1816 = EDGE_CURVE('',#628,#1794,#1817,.T.);
#1817 = LINE('',#1818,#1819);
#1818 = CARTESIAN_POINT('',(-55.015,-46.95,-4.));
#1819 = VECTOR('',#1820,1.);
#1820 = DIRECTION('',(0.84469303892,1.188496045052E-16,0.535251034563));
#1821 = ORIENTED_EDGE('',*,*,#627,.T.);
#1822 = ORIENTED_EDGE('',*,*,#327,.F.);
#1823 = ORIENTED_EDGE('',*,*,#1801,.F.);
#1824 = PLANE('',#1825);
#1825 = AXIS2_PLACEMENT_3D('',#1826,#1827,#1828);
#1826 = CARTESIAN_POINT('',(-55.015,-46.95,-4.));
#1827 = DIRECTION('',(-0.535251034563,1.875595321098E-16,0.84469303892)
  );
#1828 = DIRECTION('',(0.84469303892,1.188496045052E-16,0.535251034563));
#1829 = ADVANCED_FACE('',(#1830,#1920,#1954,#2103,#2213,#2224,#2235,
    #2384,#2485),#2519,.T.);
#1830 = FACE_BOUND('',#1831,.T.);
#1831 = EDGE_LOOP('',(#1832,#1842,#1848,#1849,#1850,#1858,#1866,#1874,
    #1882,#1890,#1898,#1906,#1914));
#1832 = ORIENTED_EDGE('',*,*,#1833,.F.);
#1833 = EDGE_CURVE('',#1834,#1836,#1838,.T.);
#1834 = VERTEX_POINT('',#1835);
#1835 = CARTESIAN_POINT('',(-57.81,-50.8,16.31));
#1836 = VERTEX_POINT('',#1837);
#1837 = CARTESIAN_POINT('',(-57.81,-50.8,19.31));
#1838 = LINE('',#1839,#1840);
#1839 = CARTESIAN_POINT('',(-57.81,-50.8,-6.));
#1840 = VECTOR('',#1841,1.);
#1841 = DIRECTION('',(0.,0.,1.));
#1842 = ORIENTED_EDGE('',*,*,#1843,.T.);
#1843 = EDGE_CURVE('',#1834,#344,#1844,.T.);
#1844 = LINE('',#1845,#1846);
#1845 = CARTESIAN_POINT('',(-57.81,-50.25,16.31));
#1846 = VECTOR('',#1847,1.);
#1847 = DIRECTION('',(-4.74E-15,1.,0.));
#1848 = ORIENTED_EDGE('',*,*,#343,.T.);
#1849 = ORIENTED_EDGE('',*,*,#618,.T.);
#1850 = ORIENTED_EDGE('',*,*,#1851,.F.);
#1851 = EDGE_CURVE('',#1852,#619,#1854,.T.);
#1852 = VERTEX_POINT('',#1853);
#1853 = CARTESIAN_POINT('',(-57.81,48.75,-1.46));
#1854 = LINE('',#1855,#1856);
#1855 = CARTESIAN_POINT('',(-57.81,48.75,-4.));
#1856 = VECTOR('',#1857,1.);
#1857 = DIRECTION('',(-0.,-0.,-1.));
#1858 = ORIENTED_EDGE('',*,*,#1859,.F.);
#1859 = EDGE_CURVE('',#1860,#1852,#1862,.T.);
#1860 = VERTEX_POINT('',#1861);
#1861 = CARTESIAN_POINT('',(-57.81,11.97,-1.46));
#1862 = LINE('',#1863,#1864);
#1863 = CARTESIAN_POINT('',(-57.81,11.97,-1.46));
#1864 = VECTOR('',#1865,1.);
#1865 = DIRECTION('',(0.,1.,0.));
#1866 = ORIENTED_EDGE('',*,*,#1867,.F.);
#1867 = EDGE_CURVE('',#1868,#1860,#1870,.T.);
#1868 = VERTEX_POINT('',#1869);
#1869 = CARTESIAN_POINT('',(-57.81,11.97,16.31));
#1870 = LINE('',#1871,#1872);
#1871 = CARTESIAN_POINT('',(-57.81,11.97,16.31));
#1872 = VECTOR('',#1873,1.);
#1873 = DIRECTION('',(0.,0.,-1.));
#1874 = ORIENTED_EDGE('',*,*,#1875,.F.);
#1875 = EDGE_CURVE('',#1876,#1868,#1878,.T.);
#1876 = VERTEX_POINT('',#1877);
#1877 = CARTESIAN_POINT('',(-57.81,48.75,16.31));
#1878 = LINE('',#1879,#1880);
#1879 = CARTESIAN_POINT('',(-57.81,49.25,16.31));
#1880 = VECTOR('',#1881,1.);
#1881 = DIRECTION('',(0.,-1.,0.));
#1882 = ORIENTED_EDGE('',*,*,#1883,.T.);
#1883 = EDGE_CURVE('',#1876,#1884,#1886,.T.);
#1884 = VERTEX_POINT('',#1885);
#1885 = CARTESIAN_POINT('',(-57.81,50.8,16.31));
#1886 = LINE('',#1887,#1888);
#1887 = CARTESIAN_POINT('',(-57.81,50.25,16.31));
#1888 = VECTOR('',#1889,1.);
#1889 = DIRECTION('',(0.,1.,2.5E-16));
#1890 = ORIENTED_EDGE('',*,*,#1891,.T.);
#1891 = EDGE_CURVE('',#1884,#1892,#1894,.T.);
#1892 = VERTEX_POINT('',#1893);
#1893 = CARTESIAN_POINT('',(-57.81,50.8,19.31));
#1894 = LINE('',#1895,#1896);
#1895 = CARTESIAN_POINT('',(-57.81,50.8,-6.));
#1896 = VECTOR('',#1897,1.);
#1897 = DIRECTION('',(0.,0.,1.));
#1898 = ORIENTED_EDGE('',*,*,#1899,.T.);
#1899 = EDGE_CURVE('',#1892,#1900,#1902,.T.);
#1900 = VERTEX_POINT('',#1901);
#1901 = CARTESIAN_POINT('',(-57.81,50.25,19.31));
#1902 = LINE('',#1903,#1904);
#1903 = CARTESIAN_POINT('',(-57.81,27.413493075274,19.31));
#1904 = VECTOR('',#1905,1.);
#1905 = DIRECTION('',(0.,-1.,0.));
#1906 = ORIENTED_EDGE('',*,*,#1907,.F.);
#1907 = EDGE_CURVE('',#1908,#1900,#1910,.T.);
#1908 = VERTEX_POINT('',#1909);
#1909 = CARTESIAN_POINT('',(-57.81,-50.25,19.31));
#1910 = LINE('',#1911,#1912);
#1911 = CARTESIAN_POINT('',(-57.81,-50.25,19.31));
#1912 = VECTOR('',#1913,1.);
#1913 = DIRECTION('',(0.,1.,0.));
#1914 = ORIENTED_EDGE('',*,*,#1915,.F.);
#1915 = EDGE_CURVE('',#1836,#1908,#1916,.T.);
#1916 = LINE('',#1917,#1918);
#1917 = CARTESIAN_POINT('',(-57.81,-22.83650692472,19.31));
#1918 = VECTOR('',#1919,1.);
#1919 = DIRECTION('',(0.,1.,0.));
#1920 = FACE_BOUND('',#1921,.T.);
#1921 = EDGE_LOOP('',(#1922,#1932,#1940,#1948));
#1922 = ORIENTED_EDGE('',*,*,#1923,.T.);
#1923 = EDGE_CURVE('',#1924,#1926,#1928,.T.);
#1924 = VERTEX_POINT('',#1925);
#1925 = CARTESIAN_POINT('',(-57.81,5.31,1.));
#1926 = VERTEX_POINT('',#1927);
#1927 = CARTESIAN_POINT('',(-57.81,10.31,1.));
#1928 = LINE('',#1929,#1930);
#1929 = CARTESIAN_POINT('',(-57.81,2.655,1.));
#1930 = VECTOR('',#1931,1.);
#1931 = DIRECTION('',(0.,1.,0.));
#1932 = ORIENTED_EDGE('',*,*,#1933,.T.);
#1933 = EDGE_CURVE('',#1926,#1934,#1936,.T.);
#1934 = VERTEX_POINT('',#1935);
#1935 = CARTESIAN_POINT('',(-57.81,10.31,-1.3));
#1936 = LINE('',#1937,#1938);
#1937 = CARTESIAN_POINT('',(-57.81,10.31,3.8275));
#1938 = VECTOR('',#1939,1.);
#1939 = DIRECTION('',(0.,0.,-1.));
#1940 = ORIENTED_EDGE('',*,*,#1941,.T.);
#1941 = EDGE_CURVE('',#1934,#1942,#1944,.T.);
#1942 = VERTEX_POINT('',#1943);
#1943 = CARTESIAN_POINT('',(-57.81,5.31,-1.3));
#1944 = LINE('',#1945,#1946);
#1945 = CARTESIAN_POINT('',(-57.81,5.155,-1.3));
#1946 = VECTOR('',#1947,1.);
#1947 = DIRECTION('',(0.,-1.,0.));
#1948 = ORIENTED_EDGE('',*,*,#1949,.T.);
#1949 = EDGE_CURVE('',#1942,#1924,#1950,.T.);
#1950 = LINE('',#1951,#1952);
#1951 = CARTESIAN_POINT('',(-57.81,5.31,2.6775));
#1952 = VECTOR('',#1953,1.);
#1953 = DIRECTION('',(0.,0.,1.));
#1954 = FACE_BOUND('',#1955,.T.);
#1955 = EDGE_LOOP('',(#1956,#1966,#1974,#1983,#1991,#1999,#2007,#2015,
    #2023,#2032,#2040,#2048,#2056,#2064,#2072,#2081,#2089,#2097));
#1956 = ORIENTED_EDGE('',*,*,#1957,.T.);
#1957 = EDGE_CURVE('',#1958,#1960,#1962,.T.);
#1958 = VERTEX_POINT('',#1959);
#1959 = CARTESIAN_POINT('',(-57.81,1.499350380985,5.34));
#1960 = VERTEX_POINT('',#1961);
#1961 = CARTESIAN_POINT('',(-57.81,1.499350380985,4.31));
#1962 = LINE('',#1963,#1964);
#1963 = CARTESIAN_POINT('',(-57.81,1.499350380985,5.34));
#1964 = VECTOR('',#1965,1.);
#1965 = DIRECTION('',(0.,0.,-1.));
#1966 = ORIENTED_EDGE('',*,*,#1967,.T.);
#1967 = EDGE_CURVE('',#1960,#1968,#1970,.T.);
#1968 = VERTEX_POINT('',#1969);
#1969 = CARTESIAN_POINT('',(-57.81,3.16,4.31));
#1970 = LINE('',#1971,#1972);
#1971 = CARTESIAN_POINT('',(-57.81,-2.139999880339,4.31));
#1972 = VECTOR('',#1973,1.);
#1973 = DIRECTION('',(0.,1.,0.));
#1974 = ORIENTED_EDGE('',*,*,#1975,.F.);
#1975 = EDGE_CURVE('',#1976,#1968,#1978,.T.);
#1976 = VERTEX_POINT('',#1977);
#1977 = CARTESIAN_POINT('',(-57.81,4.425827058381,1.47523929471));
#1978 = CIRCLE('',#1979,1.7);
#1979 = AXIS2_PLACEMENT_3D('',#1980,#1981,#1982);
#1980 = CARTESIAN_POINT('',(-57.81,3.16,2.61));
#1981 = DIRECTION('',(1.,0.,0.));
#1982 = DIRECTION('',(0.,1.,0.));
#1983 = ORIENTED_EDGE('',*,*,#1984,.T.);
#1984 = EDGE_CURVE('',#1976,#1985,#1987,.T.);
#1985 = VERTEX_POINT('',#1986);
#1986 = CARTESIAN_POINT('',(-57.81,3.768333355611,0.741804205001));
#1987 = LINE('',#1988,#1989);
#1988 = CARTESIAN_POINT('',(-57.81,4.425827058381,1.47523929471));
#1989 = VECTOR('',#1990,1.);
#1990 = DIRECTION('',(0.,-0.667506297229,-0.744604151989));
#1991 = ORIENTED_EDGE('',*,*,#1992,.F.);
#1992 = EDGE_CURVE('',#1993,#1985,#1995,.T.);
#1993 = VERTEX_POINT('',#1994);
#1994 = CARTESIAN_POINT('',(-57.81,4.535275632159,5.427271885497E-02));
#1995 = LINE('',#1996,#1997);
#1996 = CARTESIAN_POINT('',(-57.81,4.535275632159,5.427271885497E-02));
#1997 = VECTOR('',#1998,1.);
#1998 = DIRECTION('',(0.,-0.744604151989,0.667506297229));
#1999 = ORIENTED_EDGE('',*,*,#2000,.T.);
#2000 = EDGE_CURVE('',#1993,#2001,#2003,.T.);
#2001 = VERTEX_POINT('',#2002);
#2002 = CARTESIAN_POINT('',(-57.81,3.200263037701,-1.434935585123));
#2003 = LINE('',#2004,#2005);
#2004 = CARTESIAN_POINT('',(-57.81,4.535275632159,5.427271885497E-02));
#2005 = VECTOR('',#2006,1.);
#2006 = DIRECTION('',(0.,-0.667506297229,-0.744604151989));
#2007 = ORIENTED_EDGE('',*,*,#2008,.T.);
#2008 = EDGE_CURVE('',#2001,#2009,#2011,.T.);
#2009 = VERTEX_POINT('',#2010);
#2010 = CARTESIAN_POINT('',(-57.81,2.433320761152,-0.747404098977));
#2011 = LINE('',#2012,#2013);
#2012 = CARTESIAN_POINT('',(-57.81,3.200263037701,-1.434935585123));
#2013 = VECTOR('',#2014,1.);
#2014 = DIRECTION('',(0.,-0.744604151989,0.667506297229));
#2015 = ORIENTED_EDGE('',*,*,#2016,.T.);
#2016 = EDGE_CURVE('',#2009,#2017,#2019,.T.);
#2017 = VERTEX_POINT('',#2018);
#2018 = CARTESIAN_POINT('',(-57.81,1.775827058381,-1.480839188686));
#2019 = LINE('',#2020,#2021);
#2020 = CARTESIAN_POINT('',(-57.81,4.425827058381,1.47523929471));
#2021 = VECTOR('',#2022,1.);
#2022 = DIRECTION('',(0.,-0.667506297229,-0.744604151989));
#2023 = ORIENTED_EDGE('',*,*,#2024,.F.);
#2024 = EDGE_CURVE('',#2025,#2017,#2027,.T.);
#2025 = VERTEX_POINT('',#2026);
#2026 = CARTESIAN_POINT('',(-57.81,-0.755827058381,-1.480839188686));
#2027 = CIRCLE('',#2028,1.7);
#2028 = AXIS2_PLACEMENT_3D('',#2029,#2030,#2031);
#2029 = CARTESIAN_POINT('',(-57.81,0.51,-0.346078483397));
#2030 = DIRECTION('',(1.,0.,0.));
#2031 = DIRECTION('',(0.,1.,0.));
#2032 = ORIENTED_EDGE('',*,*,#2033,.F.);
#2033 = EDGE_CURVE('',#2034,#2025,#2036,.T.);
#2034 = VERTEX_POINT('',#2035);
#2035 = CARTESIAN_POINT('',(-57.81,-1.413320761152,-0.747404098977));
#2036 = LINE('',#2037,#2038);
#2037 = CARTESIAN_POINT('',(-57.81,-3.405827058381,1.47523929471));
#2038 = VECTOR('',#2039,1.);
#2039 = DIRECTION('',(0.,0.667506297229,-0.744604151989));
#2040 = ORIENTED_EDGE('',*,*,#2041,.F.);
#2041 = EDGE_CURVE('',#2042,#2034,#2044,.T.);
#2042 = VERTEX_POINT('',#2043);
#2043 = CARTESIAN_POINT('',(-57.81,-2.180263037701,-1.434935585123));
#2044 = LINE('',#2045,#2046);
#2045 = CARTESIAN_POINT('',(-57.81,-2.180263037701,-1.434935585123));
#2046 = VECTOR('',#2047,1.);
#2047 = DIRECTION('',(0.,0.744604151989,0.667506297229));
#2048 = ORIENTED_EDGE('',*,*,#2049,.F.);
#2049 = EDGE_CURVE('',#2050,#2042,#2052,.T.);
#2050 = VERTEX_POINT('',#2051);
#2051 = CARTESIAN_POINT('',(-57.81,-3.515275632159,5.427271885496E-02));
#2052 = LINE('',#2053,#2054);
#2053 = CARTESIAN_POINT('',(-57.81,-3.515275632159,5.427271885496E-02));
#2054 = VECTOR('',#2055,1.);
#2055 = DIRECTION('',(0.,0.667506297229,-0.744604151989));
#2056 = ORIENTED_EDGE('',*,*,#2057,.T.);
#2057 = EDGE_CURVE('',#2050,#2058,#2060,.T.);
#2058 = VERTEX_POINT('',#2059);
#2059 = CARTESIAN_POINT('',(-57.81,-2.748333355611,0.741804205001));
#2060 = LINE('',#2061,#2062);
#2061 = CARTESIAN_POINT('',(-57.81,-3.515275632159,5.427271885496E-02));
#2062 = VECTOR('',#2063,1.);
#2063 = DIRECTION('',(0.,0.744604151989,0.667506297229));
#2064 = ORIENTED_EDGE('',*,*,#2065,.F.);
#2065 = EDGE_CURVE('',#2066,#2058,#2068,.T.);
#2066 = VERTEX_POINT('',#2067);
#2067 = CARTESIAN_POINT('',(-57.81,-3.405827058381,1.47523929471));
#2068 = LINE('',#2069,#2070);
#2069 = CARTESIAN_POINT('',(-57.81,-3.405827058381,1.47523929471));
#2070 = VECTOR('',#2071,1.);
#2071 = DIRECTION('',(0.,0.667506297229,-0.744604151989));
#2072 = ORIENTED_EDGE('',*,*,#2073,.F.);
#2073 = EDGE_CURVE('',#2074,#2066,#2076,.T.);
#2074 = VERTEX_POINT('',#2075);
#2075 = CARTESIAN_POINT('',(-57.81,-2.139999880339,4.31));
#2076 = CIRCLE('',#2077,1.7);
#2077 = AXIS2_PLACEMENT_3D('',#2078,#2079,#2080);
#2078 = CARTESIAN_POINT('',(-57.81,-2.14,2.61));
#2079 = DIRECTION('',(1.,0.,0.));
#2080 = DIRECTION('',(0.,1.,0.));
#2081 = ORIENTED_EDGE('',*,*,#2082,.T.);
#2082 = EDGE_CURVE('',#2074,#2083,#2085,.T.);
#2083 = VERTEX_POINT('',#2084);
#2084 = CARTESIAN_POINT('',(-57.81,-0.500649619015,4.31));
#2085 = LINE('',#2086,#2087);
#2086 = CARTESIAN_POINT('',(-57.81,-2.139999880339,4.31));
#2087 = VECTOR('',#2088,1.);
#2088 = DIRECTION('',(0.,1.,0.));
#2089 = ORIENTED_EDGE('',*,*,#2090,.F.);
#2090 = EDGE_CURVE('',#2091,#2083,#2093,.T.);
#2091 = VERTEX_POINT('',#2092);
#2092 = CARTESIAN_POINT('',(-57.81,-0.500649619015,5.34));
#2093 = LINE('',#2094,#2095);
#2094 = CARTESIAN_POINT('',(-57.81,-0.500649619015,5.34));
#2095 = VECTOR('',#2096,1.);
#2096 = DIRECTION('',(0.,0.,-1.));
#2097 = ORIENTED_EDGE('',*,*,#2098,.T.);
#2098 = EDGE_CURVE('',#2091,#1958,#2099,.T.);
#2099 = LINE('',#2100,#2101);
#2100 = CARTESIAN_POINT('',(-57.81,-0.500649619015,5.34));
#2101 = VECTOR('',#2102,1.);
#2102 = DIRECTION('',(0.,1.,0.));
#2103 = FACE_BOUND('',#2104,.T.);
#2104 = EDGE_LOOP('',(#2105,#2115,#2123,#2132,#2140,#2148,#2156,#2165,
    #2174,#2182,#2190,#2198,#2207));
#2105 = ORIENTED_EDGE('',*,*,#2106,.F.);
#2106 = EDGE_CURVE('',#2107,#2109,#2111,.T.);
#2107 = VERTEX_POINT('',#2108);
#2108 = CARTESIAN_POINT('',(-57.81,2.18,8.49));
#2109 = VERTEX_POINT('',#2110);
#2110 = CARTESIAN_POINT('',(-57.81,2.18,6.49));
#2111 = LINE('',#2112,#2113);
#2112 = CARTESIAN_POINT('',(-57.81,2.18,8.49));
#2113 = VECTOR('',#2114,1.);
#2114 = DIRECTION('',(0.,0.,-1.));
#2115 = ORIENTED_EDGE('',*,*,#2116,.T.);
#2116 = EDGE_CURVE('',#2107,#2117,#2119,.T.);
#2117 = VERTEX_POINT('',#2118);
#2118 = CARTESIAN_POINT('',(-57.81,3.343939444035,8.49));
#2119 = LINE('',#2120,#2121);
#2120 = CARTESIAN_POINT('',(-57.81,2.18,8.49));
#2121 = VECTOR('',#2122,1.);
#2122 = DIRECTION('',(0.,1.,0.));
#2123 = ORIENTED_EDGE('',*,*,#2124,.F.);
#2124 = EDGE_CURVE('',#2125,#2117,#2127,.T.);
#2125 = VERTEX_POINT('',#2126);
#2126 = CARTESIAN_POINT('',(-57.81,8.895189498177,10.78940306055));
#2127 = CIRCLE('',#2128,3.8);
#2128 = AXIS2_PLACEMENT_3D('',#2129,#2130,#2131);
#2129 = CARTESIAN_POINT('',(-57.81,7.01,7.49));
#2130 = DIRECTION('',(1.,0.,0.));
#2131 = DIRECTION('',(0.,1.,0.));
#2132 = ORIENTED_EDGE('',*,*,#2133,.F.);
#2133 = EDGE_CURVE('',#2134,#2125,#2136,.T.);
#2134 = VERTEX_POINT('',#2135);
#2135 = CARTESIAN_POINT('',(-57.81,9.718218971944,11.612432534318));
#2136 = LINE('',#2137,#2138);
#2137 = CARTESIAN_POINT('',(-57.81,9.718218971944,11.612432534318));
#2138 = VECTOR('',#2139,1.);
#2139 = DIRECTION('',(0.,-0.707106781187,-0.707106781187));
#2140 = ORIENTED_EDGE('',*,*,#2141,.T.);
#2141 = EDGE_CURVE('',#2134,#2142,#2144,.T.);
#2142 = VERTEX_POINT('',#2143);
#2143 = CARTESIAN_POINT('',(-57.81,11.132432534318,10.198218971944));
#2144 = LINE('',#2145,#2146);
#2145 = CARTESIAN_POINT('',(-57.81,9.718218971944,11.612432534318));
#2146 = VECTOR('',#2147,1.);
#2147 = DIRECTION('',(0.,0.707106781187,-0.707106781187));
#2148 = ORIENTED_EDGE('',*,*,#2149,.T.);
#2149 = EDGE_CURVE('',#2142,#2150,#2152,.T.);
#2150 = VERTEX_POINT('',#2151);
#2151 = CARTESIAN_POINT('',(-57.81,10.30940306055,9.375189498177));
#2152 = LINE('',#2153,#2154);
#2153 = CARTESIAN_POINT('',(-57.81,11.132432534318,10.198218971944));
#2154 = VECTOR('',#2155,1.);
#2155 = DIRECTION('',(0.,-0.707106781187,-0.707106781187));
#2156 = ORIENTED_EDGE('',*,*,#2157,.F.);
#2157 = EDGE_CURVE('',#2158,#2150,#2160,.T.);
#2158 = VERTEX_POINT('',#2159);
#2159 = CARTESIAN_POINT('',(-57.81,10.81,7.49));
#2160 = CIRCLE('',#2161,3.8);
#2161 = AXIS2_PLACEMENT_3D('',#2162,#2163,#2164);
#2162 = CARTESIAN_POINT('',(-57.81,7.01,7.49));
#2163 = DIRECTION('',(1.,0.,0.));
#2164 = DIRECTION('',(0.,1.,0.));
#2165 = ORIENTED_EDGE('',*,*,#2166,.F.);
#2166 = EDGE_CURVE('',#2167,#2158,#2169,.T.);
#2167 = VERTEX_POINT('',#2168);
#2168 = CARTESIAN_POINT('',(-57.81,8.01,3.823939444035));
#2169 = CIRCLE('',#2170,3.8);
#2170 = AXIS2_PLACEMENT_3D('',#2171,#2172,#2173);
#2171 = CARTESIAN_POINT('',(-57.81,7.01,7.49));
#2172 = DIRECTION('',(1.,0.,0.));
#2173 = DIRECTION('',(0.,1.,0.));
#2174 = ORIENTED_EDGE('',*,*,#2175,.F.);
#2175 = EDGE_CURVE('',#2176,#2167,#2178,.T.);
#2176 = VERTEX_POINT('',#2177);
#2177 = CARTESIAN_POINT('',(-57.81,8.01,2.66));
#2178 = LINE('',#2179,#2180);
#2179 = CARTESIAN_POINT('',(-57.81,8.01,2.66));
#2180 = VECTOR('',#2181,1.);
#2181 = DIRECTION('',(0.,0.,1.));
#2182 = ORIENTED_EDGE('',*,*,#2183,.F.);
#2183 = EDGE_CURVE('',#2184,#2176,#2186,.T.);
#2184 = VERTEX_POINT('',#2185);
#2185 = CARTESIAN_POINT('',(-57.81,6.01,2.66));
#2186 = LINE('',#2187,#2188);
#2187 = CARTESIAN_POINT('',(-57.81,6.01,2.66));
#2188 = VECTOR('',#2189,1.);
#2189 = DIRECTION('',(0.,1.,0.));
#2190 = ORIENTED_EDGE('',*,*,#2191,.T.);
#2191 = EDGE_CURVE('',#2184,#2192,#2194,.T.);
#2192 = VERTEX_POINT('',#2193);
#2193 = CARTESIAN_POINT('',(-57.81,6.01,3.823939444035));
#2194 = LINE('',#2195,#2196);
#2195 = CARTESIAN_POINT('',(-57.81,6.01,2.66));
#2196 = VECTOR('',#2197,1.);
#2197 = DIRECTION('',(0.,0.,1.));
#2198 = ORIENTED_EDGE('',*,*,#2199,.F.);
#2199 = EDGE_CURVE('',#2200,#2192,#2202,.T.);
#2200 = VERTEX_POINT('',#2201);
#2201 = CARTESIAN_POINT('',(-57.81,3.343939444035,6.49));
#2202 = CIRCLE('',#2203,3.8);
#2203 = AXIS2_PLACEMENT_3D('',#2204,#2205,#2206);
#2204 = CARTESIAN_POINT('',(-57.81,7.01,7.49));
#2205 = DIRECTION('',(1.,0.,0.));
#2206 = DIRECTION('',(0.,1.,0.));
#2207 = ORIENTED_EDGE('',*,*,#2208,.F.);
#2208 = EDGE_CURVE('',#2109,#2200,#2209,.T.);
#2209 = LINE('',#2210,#2211);
#2210 = CARTESIAN_POINT('',(-57.81,2.18,6.49));
#2211 = VECTOR('',#2212,1.);
#2212 = DIRECTION('',(0.,1.,0.));
#2213 = FACE_BOUND('',#2214,.T.);
#2214 = EDGE_LOOP('',(#2215));
#2215 = ORIENTED_EDGE('',*,*,#2216,.F.);
#2216 = EDGE_CURVE('',#2217,#2217,#2219,.T.);
#2217 = VERTEX_POINT('',#2218);
#2218 = CARTESIAN_POINT('',(-57.81,-4.67,8.E-02));
#2219 = CIRCLE('',#2220,2.4);
#2220 = AXIS2_PLACEMENT_3D('',#2221,#2222,#2223);
#2221 = CARTESIAN_POINT('',(-57.81,-7.07,8.E-02));
#2222 = DIRECTION('',(1.,0.,0.));
#2223 = DIRECTION('',(0.,1.,0.));
#2224 = FACE_BOUND('',#2225,.T.);
#2225 = EDGE_LOOP('',(#2226));
#2226 = ORIENTED_EDGE('',*,*,#2227,.F.);
#2227 = EDGE_CURVE('',#2228,#2228,#2230,.T.);
#2228 = VERTEX_POINT('',#2229);
#2229 = CARTESIAN_POINT('',(-57.81,11.09,14.89));
#2230 = CIRCLE('',#2231,2.4);
#2231 = AXIS2_PLACEMENT_3D('',#2232,#2233,#2234);
#2232 = CARTESIAN_POINT('',(-57.81,8.69,14.89));
#2233 = DIRECTION('',(1.,0.,0.));
#2234 = DIRECTION('',(0.,1.,0.));
#2235 = FACE_BOUND('',#2236,.T.);
#2236 = EDGE_LOOP('',(#2237,#2247,#2255,#2264,#2272,#2280,#2288,#2296,
    #2304,#2313,#2321,#2329,#2337,#2345,#2353,#2362,#2370,#2378));
#2237 = ORIENTED_EDGE('',*,*,#2238,.T.);
#2238 = EDGE_CURVE('',#2239,#2241,#2243,.T.);
#2239 = VERTEX_POINT('',#2240);
#2240 = CARTESIAN_POINT('',(-57.81,-2.193203311894,16.426110774469));
#2241 = VERTEX_POINT('',#2242);
#2242 = CARTESIAN_POINT('',(-57.81,-1.426402251483,15.738421794077));
#2243 = LINE('',#2244,#2245);
#2244 = CARTESIAN_POINT('',(-57.81,-2.193203311894,16.426110774469));
#2245 = VECTOR('',#2246,1.);
#2246 = DIRECTION('',(0.,0.744467048943,-0.667659204264));
#2247 = ORIENTED_EDGE('',*,*,#2248,.T.);
#2248 = EDGE_CURVE('',#2241,#2249,#2251,.T.);
#2249 = VERTEX_POINT('',#2250);
#2250 = CARTESIAN_POINT('',(-57.81,-0.758743047219,16.482888843019));
#2251 = LINE('',#2252,#2253);
#2252 = CARTESIAN_POINT('',(-57.81,-3.429379864276,13.505020647249));
#2253 = VECTOR('',#2254,1.);
#2254 = DIRECTION('',(0.,0.667659204264,0.744467048943));
#2255 = ORIENTED_EDGE('',*,*,#2256,.F.);
#2256 = EDGE_CURVE('',#2257,#2249,#2259,.T.);
#2257 = VERTEX_POINT('',#2258);
#2258 = CARTESIAN_POINT('',(-57.81,1.775616805321,16.479342088003));
#2259 = CIRCLE('',#2260,1.7);
#2260 = AXIS2_PLACEMENT_3D('',#2261,#2262,#2263);
#2261 = CARTESIAN_POINT('',(-57.81,0.506850935983,15.34786819577));
#2262 = DIRECTION('',(1.,0.,0.));
#2263 = DIRECTION('',(0.,1.,0.));
#2264 = ORIENTED_EDGE('',*,*,#2265,.T.);
#2265 = EDGE_CURVE('',#2257,#2266,#2268,.T.);
#2266 = VERTEX_POINT('',#2267);
#2267 = CARTESIAN_POINT('',(-57.81,2.437861828548,15.736740839182));
#2268 = LINE('',#2269,#2270);
#2269 = CARTESIAN_POINT('',(-57.81,1.775616805321,16.479342088003));
#2270 = VECTOR('',#2271,1.);
#2271 = DIRECTION('',(0.,0.665572858913,-0.746332881145));
#2272 = ORIENTED_EDGE('',*,*,#2273,.F.);
#2273 = EDGE_CURVE('',#2274,#2266,#2276,.T.);
#2274 = VERTEX_POINT('',#2275);
#2275 = CARTESIAN_POINT('',(-57.81,3.206584696128,16.422280883862));
#2276 = LINE('',#2277,#2278);
#2277 = CARTESIAN_POINT('',(-57.81,3.206584696128,16.422280883862));
#2278 = VECTOR('',#2279,1.);
#2279 = DIRECTION('',(0.,-0.746332881145,-0.665572858913));
#2280 = ORIENTED_EDGE('',*,*,#2281,.T.);
#2281 = EDGE_CURVE('',#2274,#2282,#2284,.T.);
#2282 = VERTEX_POINT('',#2283);
#2283 = CARTESIAN_POINT('',(-57.81,4.537730413954,14.929615121571));
#2284 = LINE('',#2285,#2286);
#2285 = CARTESIAN_POINT('',(-57.81,3.206584696128,16.422280883862));
#2286 = VECTOR('',#2287,1.);
#2287 = DIRECTION('',(0.,0.665572858913,-0.746332881145));
#2288 = ORIENTED_EDGE('',*,*,#2289,.T.);
#2289 = EDGE_CURVE('',#2282,#2290,#2292,.T.);
#2290 = VERTEX_POINT('',#2291);
#2291 = CARTESIAN_POINT('',(-57.81,3.769007546374,14.244075076891));
#2292 = LINE('',#2293,#2294);
#2293 = CARTESIAN_POINT('',(-57.81,4.537730413954,14.929615121571));
#2294 = VECTOR('',#2295,1.);
#2295 = DIRECTION('',(0.,-0.746332881145,-0.665572858913));
#2296 = ORIENTED_EDGE('',*,*,#2297,.T.);
#2297 = EDGE_CURVE('',#2290,#2298,#2300,.T.);
#2298 = VERTEX_POINT('',#2299);
#2299 = CARTESIAN_POINT('',(-57.81,4.431252493188,13.501473913756));
#2300 = LINE('',#2301,#2302);
#2301 = CARTESIAN_POINT('',(-57.81,1.775616805321,16.479342088003));
#2302 = VECTOR('',#2303,1.);
#2303 = DIRECTION('',(0.,0.665572858913,-0.746332881145));
#2304 = ORIENTED_EDGE('',*,*,#2305,.F.);
#2305 = EDGE_CURVE('',#2306,#2298,#2308,.T.);
#2306 = VERTEX_POINT('',#2307);
#2307 = CARTESIAN_POINT('',(-57.81,3.162486709842,10.67));
#2308 = CIRCLE('',#2309,1.7);
#2309 = AXIS2_PLACEMENT_3D('',#2310,#2311,#2312);
#2310 = CARTESIAN_POINT('',(-57.81,3.162486643045,12.37));
#2311 = DIRECTION('',(1.,0.,0.));
#2312 = DIRECTION('',(0.,1.,0.));
#2313 = ORIENTED_EDGE('',*,*,#2314,.F.);
#2314 = EDGE_CURVE('',#2315,#2306,#2317,.T.);
#2315 = VERTEX_POINT('',#2316);
#2316 = CARTESIAN_POINT('',(-57.81,1.499350380985,10.67));
#2317 = LINE('',#2318,#2319);
#2318 = CARTESIAN_POINT('',(-57.81,-2.16378580443,10.67));
#2319 = VECTOR('',#2320,1.);
#2320 = DIRECTION('',(0.,1.,0.));
#2321 = ORIENTED_EDGE('',*,*,#2322,.F.);
#2322 = EDGE_CURVE('',#2323,#2315,#2325,.T.);
#2323 = VERTEX_POINT('',#2324);
#2324 = CARTESIAN_POINT('',(-57.81,1.499350380985,9.64));
#2325 = LINE('',#2326,#2327);
#2326 = CARTESIAN_POINT('',(-57.81,1.499350380985,9.64));
#2327 = VECTOR('',#2328,1.);
#2328 = DIRECTION('',(0.,0.,1.));
#2329 = ORIENTED_EDGE('',*,*,#2330,.F.);
#2330 = EDGE_CURVE('',#2331,#2323,#2333,.T.);
#2331 = VERTEX_POINT('',#2332);
#2332 = CARTESIAN_POINT('',(-57.81,-0.500649619015,9.64));
#2333 = LINE('',#2334,#2335);
#2334 = CARTESIAN_POINT('',(-57.81,-0.500649619015,9.64));
#2335 = VECTOR('',#2336,1.);
#2336 = DIRECTION('',(0.,1.,0.));
#2337 = ORIENTED_EDGE('',*,*,#2338,.T.);
#2338 = EDGE_CURVE('',#2331,#2339,#2341,.T.);
#2339 = VERTEX_POINT('',#2340);
#2340 = CARTESIAN_POINT('',(-57.81,-0.500649619015,10.67));
#2341 = LINE('',#2342,#2343);
#2342 = CARTESIAN_POINT('',(-57.81,-0.500649619015,9.64));
#2343 = VECTOR('',#2344,1.);
#2344 = DIRECTION('',(0.,0.,1.));
#2345 = ORIENTED_EDGE('',*,*,#2346,.F.);
#2346 = EDGE_CURVE('',#2347,#2339,#2349,.T.);
#2347 = VERTEX_POINT('',#2348);
#2348 = CARTESIAN_POINT('',(-57.81,-2.16378580443,10.67));
#2349 = LINE('',#2350,#2351);
#2350 = CARTESIAN_POINT('',(-57.81,-2.16378580443,10.67));
#2351 = VECTOR('',#2352,1.);
#2352 = DIRECTION('',(0.,1.,0.));
#2353 = ORIENTED_EDGE('',*,*,#2354,.F.);
#2354 = EDGE_CURVE('',#2355,#2347,#2357,.T.);
#2355 = VERTEX_POINT('',#2356);
#2356 = CARTESIAN_POINT('',(-57.81,-3.429379864276,13.505020647249));
#2357 = CIRCLE('',#2358,1.7);
#2358 = AXIS2_PLACEMENT_3D('',#2359,#2360,#2361);
#2359 = CARTESIAN_POINT('',(-57.81,-2.163785881074,12.37));
#2360 = DIRECTION('',(1.,0.,0.));
#2361 = DIRECTION('',(0.,1.,0.));
#2362 = ORIENTED_EDGE('',*,*,#2363,.T.);
#2363 = EDGE_CURVE('',#2355,#2364,#2366,.T.);
#2364 = VERTEX_POINT('',#2365);
#2365 = CARTESIAN_POINT('',(-57.81,-2.761720660012,14.249487696192));
#2366 = LINE('',#2367,#2368);
#2367 = CARTESIAN_POINT('',(-57.81,-3.429379864276,13.505020647249));
#2368 = VECTOR('',#2369,1.);
#2369 = DIRECTION('',(0.,0.667659204264,0.744467048943));
#2370 = ORIENTED_EDGE('',*,*,#2371,.F.);
#2371 = EDGE_CURVE('',#2372,#2364,#2374,.T.);
#2372 = VERTEX_POINT('',#2373);
#2373 = CARTESIAN_POINT('',(-57.81,-3.528521720423,14.937176676584));
#2374 = LINE('',#2375,#2376);
#2375 = CARTESIAN_POINT('',(-57.81,-3.528521720423,14.937176676584));
#2376 = VECTOR('',#2377,1.);
#2377 = DIRECTION('',(0.,0.744467048943,-0.667659204264));
#2378 = ORIENTED_EDGE('',*,*,#2379,.F.);
#2379 = EDGE_CURVE('',#2239,#2372,#2380,.T.);
#2380 = LINE('',#2381,#2382);
#2381 = CARTESIAN_POINT('',(-57.81,-2.193203311894,16.426110774469));
#2382 = VECTOR('',#2383,1.);
#2383 = DIRECTION('',(0.,-0.667659204264,-0.744467048943));
#2384 = FACE_BOUND('',#2385,.T.);
#2385 = EDGE_LOOP('',(#2386,#2396,#2405,#2413,#2421,#2429,#2438,#2446,
    #2454,#2462,#2471,#2479));
#2386 = ORIENTED_EDGE('',*,*,#2387,.T.);
#2387 = EDGE_CURVE('',#2388,#2390,#2392,.T.);
#2388 = VERTEX_POINT('',#2389);
#2389 = CARTESIAN_POINT('',(-57.81,-6.99,2.66));
#2390 = VERTEX_POINT('',#2391);
#2391 = CARTESIAN_POINT('',(-57.81,-6.99,3.823939444035));
#2392 = LINE('',#2393,#2394);
#2393 = CARTESIAN_POINT('',(-57.81,-6.99,2.66));
#2394 = VECTOR('',#2395,1.);
#2395 = DIRECTION('',(0.,0.,1.));
#2396 = ORIENTED_EDGE('',*,*,#2397,.F.);
#2397 = EDGE_CURVE('',#2398,#2390,#2400,.T.);
#2398 = VERTEX_POINT('',#2399);
#2399 = CARTESIAN_POINT('',(-57.81,-6.99,11.156060555965));
#2400 = CIRCLE('',#2401,3.8);
#2401 = AXIS2_PLACEMENT_3D('',#2402,#2403,#2404);
#2402 = CARTESIAN_POINT('',(-57.81,-5.99,7.49));
#2403 = DIRECTION('',(1.,0.,0.));
#2404 = DIRECTION('',(0.,1.,0.));
#2405 = ORIENTED_EDGE('',*,*,#2406,.F.);
#2406 = EDGE_CURVE('',#2407,#2398,#2409,.T.);
#2407 = VERTEX_POINT('',#2408);
#2408 = CARTESIAN_POINT('',(-57.81,-6.99,12.32));
#2409 = LINE('',#2410,#2411);
#2410 = CARTESIAN_POINT('',(-57.81,-6.99,12.32));
#2411 = VECTOR('',#2412,1.);
#2412 = DIRECTION('',(0.,0.,-1.));
#2413 = ORIENTED_EDGE('',*,*,#2414,.T.);
#2414 = EDGE_CURVE('',#2407,#2415,#2417,.T.);
#2415 = VERTEX_POINT('',#2416);
#2416 = CARTESIAN_POINT('',(-57.81,-4.99,12.32));
#2417 = LINE('',#2418,#2419);
#2418 = CARTESIAN_POINT('',(-57.81,-6.99,12.32));
#2419 = VECTOR('',#2420,1.);
#2420 = DIRECTION('',(0.,1.,0.));
#2421 = ORIENTED_EDGE('',*,*,#2422,.T.);
#2422 = EDGE_CURVE('',#2415,#2423,#2425,.T.);
#2423 = VERTEX_POINT('',#2424);
#2424 = CARTESIAN_POINT('',(-57.81,-4.99,11.156060555965));
#2425 = LINE('',#2426,#2427);
#2426 = CARTESIAN_POINT('',(-57.81,-4.99,12.32));
#2427 = VECTOR('',#2428,1.);
#2428 = DIRECTION('',(0.,0.,-1.));
#2429 = ORIENTED_EDGE('',*,*,#2430,.F.);
#2430 = EDGE_CURVE('',#2431,#2423,#2433,.T.);
#2431 = VERTEX_POINT('',#2432);
#2432 = CARTESIAN_POINT('',(-57.81,-2.323939444035,8.49));
#2433 = CIRCLE('',#2434,3.8);
#2434 = AXIS2_PLACEMENT_3D('',#2435,#2436,#2437);
#2435 = CARTESIAN_POINT('',(-57.81,-5.99,7.49));
#2436 = DIRECTION('',(1.,0.,0.));
#2437 = DIRECTION('',(0.,1.,0.));
#2438 = ORIENTED_EDGE('',*,*,#2439,.F.);
#2439 = EDGE_CURVE('',#2440,#2431,#2442,.T.);
#2440 = VERTEX_POINT('',#2441);
#2441 = CARTESIAN_POINT('',(-57.81,-1.16,8.49));
#2442 = LINE('',#2443,#2444);
#2443 = CARTESIAN_POINT('',(-57.81,-1.16,8.49));
#2444 = VECTOR('',#2445,1.);
#2445 = DIRECTION('',(0.,-1.,0.));
#2446 = ORIENTED_EDGE('',*,*,#2447,.T.);
#2447 = EDGE_CURVE('',#2440,#2448,#2450,.T.);
#2448 = VERTEX_POINT('',#2449);
#2449 = CARTESIAN_POINT('',(-57.81,-1.16,6.49));
#2450 = LINE('',#2451,#2452);
#2451 = CARTESIAN_POINT('',(-57.81,-1.16,8.49));
#2452 = VECTOR('',#2453,1.);
#2453 = DIRECTION('',(0.,0.,-1.));
#2454 = ORIENTED_EDGE('',*,*,#2455,.T.);
#2455 = EDGE_CURVE('',#2448,#2456,#2458,.T.);
#2456 = VERTEX_POINT('',#2457);
#2457 = CARTESIAN_POINT('',(-57.81,-2.323939444035,6.49));
#2458 = LINE('',#2459,#2460);
#2459 = CARTESIAN_POINT('',(-57.81,-1.16,6.49));
#2460 = VECTOR('',#2461,1.);
#2461 = DIRECTION('',(0.,-1.,0.));
#2462 = ORIENTED_EDGE('',*,*,#2463,.F.);
#2463 = EDGE_CURVE('',#2464,#2456,#2466,.T.);
#2464 = VERTEX_POINT('',#2465);
#2465 = CARTESIAN_POINT('',(-57.81,-4.99,3.823939444035));
#2466 = CIRCLE('',#2467,3.8);
#2467 = AXIS2_PLACEMENT_3D('',#2468,#2469,#2470);
#2468 = CARTESIAN_POINT('',(-57.81,-5.99,7.49));
#2469 = DIRECTION('',(1.,0.,0.));
#2470 = DIRECTION('',(0.,1.,0.));
#2471 = ORIENTED_EDGE('',*,*,#2472,.F.);
#2472 = EDGE_CURVE('',#2473,#2464,#2475,.T.);
#2473 = VERTEX_POINT('',#2474);
#2474 = CARTESIAN_POINT('',(-57.81,-4.99,2.66));
#2475 = LINE('',#2476,#2477);
#2476 = CARTESIAN_POINT('',(-57.81,-4.99,2.66));
#2477 = VECTOR('',#2478,1.);
#2478 = DIRECTION('',(0.,0.,1.));
#2479 = ORIENTED_EDGE('',*,*,#2480,.F.);
#2480 = EDGE_CURVE('',#2388,#2473,#2481,.T.);
#2481 = LINE('',#2482,#2483);
#2482 = CARTESIAN_POINT('',(-57.81,-6.99,2.66));
#2483 = VECTOR('',#2484,1.);
#2484 = DIRECTION('',(0.,1.,0.));
#2485 = FACE_BOUND('',#2486,.T.);
#2486 = EDGE_LOOP('',(#2487,#2497,#2505,#2513));
#2487 = ORIENTED_EDGE('',*,*,#2488,.F.);
#2488 = EDGE_CURVE('',#2489,#2491,#2493,.T.);
#2489 = VERTEX_POINT('',#2490);
#2490 = CARTESIAN_POINT('',(-57.81,-45.95,0.));
#2491 = VERTEX_POINT('',#2492);
#2492 = CARTESIAN_POINT('',(-57.81,-10.7,0.));
#2493 = LINE('',#2494,#2495);
#2494 = CARTESIAN_POINT('',(-57.81,-30.16486666666,0.));
#2495 = VECTOR('',#2496,1.);
#2496 = DIRECTION('',(0.,1.,0.));
#2497 = ORIENTED_EDGE('',*,*,#2498,.T.);
#2498 = EDGE_CURVE('',#2489,#2499,#2501,.T.);
#2499 = VERTEX_POINT('',#2500);
#2500 = CARTESIAN_POINT('',(-57.81,-45.95,7.11));
#2501 = LINE('',#2502,#2503);
#2502 = CARTESIAN_POINT('',(-57.81,-45.95,0.));
#2503 = VECTOR('',#2504,1.);
#2504 = DIRECTION('',(0.,0.,1.));
#2505 = ORIENTED_EDGE('',*,*,#2506,.F.);
#2506 = EDGE_CURVE('',#2507,#2499,#2509,.T.);
#2507 = VERTEX_POINT('',#2508);
#2508 = CARTESIAN_POINT('',(-57.81,-10.7,7.11));
#2509 = LINE('',#2510,#2511);
#2510 = CARTESIAN_POINT('',(-57.81,-11.7,7.11));
#2511 = VECTOR('',#2512,1.);
#2512 = DIRECTION('',(0.,-1.,0.));
#2513 = ORIENTED_EDGE('',*,*,#2514,.F.);
#2514 = EDGE_CURVE('',#2491,#2507,#2515,.T.);
#2515 = LINE('',#2516,#2517);
#2516 = CARTESIAN_POINT('',(-57.81,-10.7,-0.55));
#2517 = VECTOR('',#2518,1.);
#2518 = DIRECTION('',(0.,0.,1.));
#2519 = PLANE('',#2520);
#2520 = AXIS2_PLACEMENT_3D('',#2521,#2522,#2523);
#2521 = CARTESIAN_POINT('',(-57.81,4.576986150548,8.091594425451));
#2522 = DIRECTION('',(1.,0.,0.));
#2523 = DIRECTION('',(0.,0.,1.));
#2524 = ADVANCED_FACE('',(#2525),#2543,.T.);
#2525 = FACE_BOUND('',#2526,.T.);
#2526 = EDGE_LOOP('',(#2527,#2535,#2536,#2537));
#2527 = ORIENTED_EDGE('',*,*,#2528,.F.);
#2528 = EDGE_CURVE('',#352,#2529,#2531,.T.);
#2529 = VERTEX_POINT('',#2530);
#2530 = CARTESIAN_POINT('',(59.8,-50.8,16.31));
#2531 = LINE('',#2532,#2533);
#2532 = CARTESIAN_POINT('',(59.8,-50.25,16.31));
#2533 = VECTOR('',#2534,1.);
#2534 = DIRECTION('',(0.,-1.,-2.5E-16));
#2535 = ORIENTED_EDGE('',*,*,#351,.F.);
#2536 = ORIENTED_EDGE('',*,*,#1843,.F.);
#2537 = ORIENTED_EDGE('',*,*,#2538,.F.);
#2538 = EDGE_CURVE('',#2529,#1834,#2539,.T.);
#2539 = LINE('',#2540,#2541);
#2540 = CARTESIAN_POINT('',(59.8,-50.8,16.31));
#2541 = VECTOR('',#2542,1.);
#2542 = DIRECTION('',(-1.,0.,0.));
#2543 = PLANE('',#2544);
#2544 = AXIS2_PLACEMENT_3D('',#2545,#2546,#2547);
#2545 = CARTESIAN_POINT('',(0.995,-49.775,16.31));
#2546 = DIRECTION('',(0.,0.,1.));
#2547 = DIRECTION('',(1.,0.,0.));
#2548 = ADVANCED_FACE('',(#2549),#2599,.T.);
#2549 = FACE_BOUND('',#2550,.T.);
#2550 = EDGE_LOOP('',(#2551,#2561,#2569,#2575,#2576,#2577,#2585,#2593));
#2551 = ORIENTED_EDGE('',*,*,#2552,.T.);
#2552 = EDGE_CURVE('',#2553,#2555,#2557,.T.);
#2553 = VERTEX_POINT('',#2554);
#2554 = CARTESIAN_POINT('',(59.8,50.8,16.31));
#2555 = VERTEX_POINT('',#2556);
#2556 = CARTESIAN_POINT('',(59.8,48.75,16.31));
#2557 = LINE('',#2558,#2559);
#2558 = CARTESIAN_POINT('',(59.8,50.25,16.31));
#2559 = VECTOR('',#2560,1.);
#2560 = DIRECTION('',(-9.47E-15,-1.,0.));
#2561 = ORIENTED_EDGE('',*,*,#2562,.F.);
#2562 = EDGE_CURVE('',#2563,#2555,#2565,.T.);
#2563 = VERTEX_POINT('',#2564);
#2564 = CARTESIAN_POINT('',(59.8,48.75,0.));
#2565 = LINE('',#2566,#2567);
#2566 = CARTESIAN_POINT('',(59.8,48.75,-4.));
#2567 = VECTOR('',#2568,1.);
#2568 = DIRECTION('',(0.,0.,1.));
#2569 = ORIENTED_EDGE('',*,*,#2570,.F.);
#2570 = EDGE_CURVE('',#360,#2563,#2571,.T.);
#2571 = LINE('',#2572,#2573);
#2572 = CARTESIAN_POINT('',(59.8,-24.375,0.));
#2573 = VECTOR('',#2574,1.);
#2574 = DIRECTION('',(0.,1.,0.));
#2575 = ORIENTED_EDGE('',*,*,#359,.T.);
#2576 = ORIENTED_EDGE('',*,*,#2528,.T.);
#2577 = ORIENTED_EDGE('',*,*,#2578,.T.);
#2578 = EDGE_CURVE('',#2529,#2579,#2581,.T.);
#2579 = VERTEX_POINT('',#2580);
#2580 = CARTESIAN_POINT('',(59.8,-50.8,-6.));
#2581 = LINE('',#2582,#2583);
#2582 = CARTESIAN_POINT('',(59.8,-50.8,-4.));
#2583 = VECTOR('',#2584,1.);
#2584 = DIRECTION('',(0.,0.,-1.));
#2585 = ORIENTED_EDGE('',*,*,#2586,.T.);
#2586 = EDGE_CURVE('',#2579,#2587,#2589,.T.);
#2587 = VERTEX_POINT('',#2588);
#2588 = CARTESIAN_POINT('',(59.8,50.8,-6.));
#2589 = LINE('',#2590,#2591);
#2590 = CARTESIAN_POINT('',(59.8,50.25,-6.));
#2591 = VECTOR('',#2592,1.);
#2592 = DIRECTION('',(0.,1.,2.5E-16));
#2593 = ORIENTED_EDGE('',*,*,#2594,.T.);
#2594 = EDGE_CURVE('',#2587,#2553,#2595,.T.);
#2595 = LINE('',#2596,#2597);
#2596 = CARTESIAN_POINT('',(59.8,50.8,-4.));
#2597 = VECTOR('',#2598,1.);
#2598 = DIRECTION('',(0.,0.,1.));
#2599 = PLANE('',#2600);
#2600 = AXIS2_PLACEMENT_3D('',#2601,#2602,#2603);
#2601 = CARTESIAN_POINT('',(59.8,1.297E-14,-0.166512623021));
#2602 = DIRECTION('',(1.,0.,0.));
#2603 = DIRECTION('',(0.,0.,1.));
#2604 = ADVANCED_FACE('',(#2605),#2623,.T.);
#2605 = FACE_BOUND('',#2606,.T.);
#2606 = EDGE_LOOP('',(#2607,#2608,#2616,#2622));
#2607 = ORIENTED_EDGE('',*,*,#2570,.T.);
#2608 = ORIENTED_EDGE('',*,*,#2609,.T.);
#2609 = EDGE_CURVE('',#2563,#2610,#2612,.T.);
#2610 = VERTEX_POINT('',#2611);
#2611 = CARTESIAN_POINT('',(58.3,48.75,0.));
#2612 = LINE('',#2613,#2614);
#2613 = CARTESIAN_POINT('',(29.9,48.75,0.));
#2614 = VECTOR('',#2615,1.);
#2615 = DIRECTION('',(-1.,0.,0.));
#2616 = ORIENTED_EDGE('',*,*,#2617,.T.);
#2617 = EDGE_CURVE('',#2610,#368,#2618,.T.);
#2618 = LINE('',#2619,#2620);
#2619 = CARTESIAN_POINT('',(58.3,24.375,0.));
#2620 = VECTOR('',#2621,1.);
#2621 = DIRECTION('',(0.,-1.,0.));
#2622 = ORIENTED_EDGE('',*,*,#367,.T.);
#2623 = PLANE('',#2624);
#2624 = AXIS2_PLACEMENT_3D('',#2625,#2626,#2627);
#2625 = CARTESIAN_POINT('',(0.,0.,0.));
#2626 = DIRECTION('',(0.,0.,1.));
#2627 = DIRECTION('',(1.,0.,0.));
#2628 = ADVANCED_FACE('',(#2629),#2640,.T.);
#2629 = FACE_BOUND('',#2630,.T.);
#2630 = EDGE_LOOP('',(#2631,#2632,#2633,#2634));
#2631 = ORIENTED_EDGE('',*,*,#729,.T.);
#2632 = ORIENTED_EDGE('',*,*,#375,.T.);
#2633 = ORIENTED_EDGE('',*,*,#2617,.F.);
#2634 = ORIENTED_EDGE('',*,*,#2635,.F.);
#2635 = EDGE_CURVE('',#730,#2610,#2636,.T.);
#2636 = LINE('',#2637,#2638);
#2637 = CARTESIAN_POINT('',(58.3,48.75,-4.));
#2638 = VECTOR('',#2639,1.);
#2639 = DIRECTION('',(0.,0.,1.));
#2640 = PLANE('',#2641);
#2641 = AXIS2_PLACEMENT_3D('',#2642,#2643,#2644);
#2642 = CARTESIAN_POINT('',(58.3,-6.69E-15,-2.75));
#2643 = DIRECTION('',(-1.,-0.,-0.));
#2644 = DIRECTION('',(0.,0.,-1.));
#2645 = ADVANCED_FACE('',(#2646),#2652,.T.);
#2646 = FACE_BOUND('',#2647,.T.);
#2647 = EDGE_LOOP('',(#2648,#2649,#2650,#2651));
#2648 = ORIENTED_EDGE('',*,*,#493,.F.);
#2649 = ORIENTED_EDGE('',*,*,#391,.T.);
#2650 = ORIENTED_EDGE('',*,*,#722,.T.);
#2651 = ORIENTED_EDGE('',*,*,#449,.F.);
#2652 = PLANE('',#2653);
#2653 = AXIS2_PLACEMENT_3D('',#2654,#2655,#2656);
#2654 = CARTESIAN_POINT('',(56.565,-47.85,-3.47));
#2655 = DIRECTION('',(1.,0.,0.));
#2656 = DIRECTION('',(0.,0.,1.));
#2657 = ADVANCED_FACE('',(#2658),#2685,.F.);
#2658 = FACE_BOUND('',#2659,.T.);
#2659 = EDGE_LOOP('',(#2660,#2661,#2668,#2677,#2684));
#2660 = ORIENTED_EDGE('',*,*,#474,.T.);
#2661 = ORIENTED_EDGE('',*,*,#2662,.F.);
#2662 = EDGE_CURVE('',#2663,#475,#2665,.T.);
#2663 = VERTEX_POINT('',#2664);
#2664 = CARTESIAN_POINT('',(51.815,-50.8,-1.44));
#2665 = B_SPLINE_CURVE_WITH_KNOTS('',1,(#2666,#2667),.UNSPECIFIED.,.F.,
  .F.,(2,2),(-0.55,3.3),.PIECEWISE_BEZIER_KNOTS.);
#2666 = CARTESIAN_POINT('',(51.815,-50.8,-1.44));
#2667 = CARTESIAN_POINT('',(51.815,-46.95,-1.44));
#2668 = ORIENTED_EDGE('',*,*,#2669,.T.);
#2669 = EDGE_CURVE('',#2663,#2670,#2672,.T.);
#2670 = VERTEX_POINT('',#2671);
#2671 = CARTESIAN_POINT('',(54.565,-50.8,-1.44));
#2672 = CIRCLE('',#2673,1.375);
#2673 = AXIS2_PLACEMENT_3D('',#2674,#2675,#2676);
#2674 = CARTESIAN_POINT('',(53.19,-50.8,-1.44));
#2675 = DIRECTION('',(0.,-1.,2.2E-16));
#2676 = DIRECTION('',(1.,0.,0.));
#2677 = ORIENTED_EDGE('',*,*,#2678,.T.);
#2678 = EDGE_CURVE('',#2670,#2663,#2679,.T.);
#2679 = CIRCLE('',#2680,1.375);
#2680 = AXIS2_PLACEMENT_3D('',#2681,#2682,#2683);
#2681 = CARTESIAN_POINT('',(53.19,-50.8,-1.44));
#2682 = DIRECTION('',(0.,-1.,2.2E-16));
#2683 = DIRECTION('',(1.,0.,0.));
#2684 = ORIENTED_EDGE('',*,*,#2662,.T.);
#2685 = CYLINDRICAL_SURFACE('',#2686,1.375);
#2686 = AXIS2_PLACEMENT_3D('',#2687,#2688,#2689);
#2687 = CARTESIAN_POINT('',(53.19,-50.25,-1.44));
#2688 = DIRECTION('',(0.,1.,-2.2E-16));
#2689 = DIRECTION('',(1.,0.,0.));
#2690 = ADVANCED_FACE('',(#2691),#2698,.T.);
#2691 = FACE_BOUND('',#2692,.F.);
#2692 = EDGE_LOOP('',(#2693,#2694,#2695,#2696,#2697));
#2693 = ORIENTED_EDGE('',*,*,#519,.F.);
#2694 = ORIENTED_EDGE('',*,*,#534,.T.);
#2695 = ORIENTED_EDGE('',*,*,#568,.T.);
#2696 = ORIENTED_EDGE('',*,*,#602,.F.);
#2697 = ORIENTED_EDGE('',*,*,#714,.F.);
#2698 = CYLINDRICAL_SURFACE('',#2699,3.375);
#2699 = AXIS2_PLACEMENT_3D('',#2700,#2701,#2702);
#2700 = CARTESIAN_POINT('',(43.19,-47.,-5.5));
#2701 = DIRECTION('',(-0.,-0.,-1.));
#2702 = DIRECTION('',(1.,0.,0.));
#2703 = ADVANCED_FACE('',(#2704),#2722,.F.);
#2704 = FACE_BOUND('',#2705,.T.);
#2705 = EDGE_LOOP('',(#2706,#2715,#2720,#2721));
#2706 = ORIENTED_EDGE('',*,*,#2707,.T.);
#2707 = EDGE_CURVE('',#2708,#2708,#2710,.T.);
#2708 = VERTEX_POINT('',#2709);
#2709 = CARTESIAN_POINT('',(44.565,-47.,-6.));
#2710 = CIRCLE('',#2711,1.375);
#2711 = AXIS2_PLACEMENT_3D('',#2712,#2713,#2714);
#2712 = CARTESIAN_POINT('',(43.19,-47.,-6.));
#2713 = DIRECTION('',(0.,0.,-1.));
#2714 = DIRECTION('',(1.,0.,0.));
#2715 = ORIENTED_EDGE('',*,*,#2716,.F.);
#2716 = EDGE_CURVE('',#578,#2708,#2717,.T.);
#2717 = B_SPLINE_CURVE_WITH_KNOTS('',1,(#2718,#2719),.UNSPECIFIED.,.F.,
  .F.,(2,2),(-2.5,0.5),.PIECEWISE_BEZIER_KNOTS.);
#2718 = CARTESIAN_POINT('',(44.565,-47.,-3.));
#2719 = CARTESIAN_POINT('',(44.565,-47.,-6.));
#2720 = ORIENTED_EDGE('',*,*,#577,.T.);
#2721 = ORIENTED_EDGE('',*,*,#2716,.T.);
#2722 = CYLINDRICAL_SURFACE('',#2723,1.375);
#2723 = AXIS2_PLACEMENT_3D('',#2724,#2725,#2726);
#2724 = CARTESIAN_POINT('',(43.19,-47.,-5.5));
#2725 = DIRECTION('',(-0.,-0.,-1.));
#2726 = DIRECTION('',(1.,0.,0.));
#2727 = ADVANCED_FACE('',(#2728),#3012,.T.);
#2728 = FACE_BOUND('',#2729,.T.);
#2729 = EDGE_LOOP('',(#2730,#2731,#2739,#2747,#2755,#2764,#2772,#2780,
    #2788,#2796,#2805,#2811,#2812,#2820,#2828,#2834,#2835,#2843,#2851,
    #2859,#2868,#2876,#2884,#2892,#2900,#2909,#2915,#2916,#2924,#2932,
    #2940,#2948,#2956,#2964,#2973,#2979,#2980,#2981,#2982,#2983,#2989,
    #2997,#3005,#3011));
#2730 = ORIENTED_EDGE('',*,*,#891,.F.);
#2731 = ORIENTED_EDGE('',*,*,#2732,.T.);
#2732 = EDGE_CURVE('',#884,#2733,#2735,.T.);
#2733 = VERTEX_POINT('',#2734);
#2734 = CARTESIAN_POINT('',(-50.99078125,48.75,-1.45));
#2735 = LINE('',#2736,#2737);
#2736 = CARTESIAN_POINT('',(-31.31447328136,48.75,11.018155544483));
#2737 = VECTOR('',#2738,1.);
#2738 = DIRECTION('',(0.84469303892,1.247134910532E-15,0.535251034563));
#2739 = ORIENTED_EDGE('',*,*,#2740,.F.);
#2740 = EDGE_CURVE('',#2741,#2733,#2743,.T.);
#2741 = VERTEX_POINT('',#2742);
#2742 = CARTESIAN_POINT('',(-50.97499999991,48.75,-1.45));
#2743 = LINE('',#2744,#2745);
#2744 = CARTESIAN_POINT('',(-50.97499999991,48.75,-1.45));
#2745 = VECTOR('',#2746,1.);
#2746 = DIRECTION('',(-1.,0.,0.));
#2747 = ORIENTED_EDGE('',*,*,#2748,.F.);
#2748 = EDGE_CURVE('',#2749,#2741,#2751,.T.);
#2749 = VERTEX_POINT('',#2750);
#2750 = CARTESIAN_POINT('',(-50.975,48.75,-1.44));
#2751 = LINE('',#2752,#2753);
#2752 = CARTESIAN_POINT('',(-50.975,48.75,-1.44));
#2753 = VECTOR('',#2754,1.);
#2754 = DIRECTION('',(3.396172E-11,0.,-1.));
#2755 = ORIENTED_EDGE('',*,*,#2756,.F.);
#2756 = EDGE_CURVE('',#2757,#2749,#2759,.T.);
#2757 = VERTEX_POINT('',#2758);
#2758 = CARTESIAN_POINT('',(-44.225,48.75,-1.44));
#2759 = CIRCLE('',#2760,3.375);
#2760 = AXIS2_PLACEMENT_3D('',#2761,#2762,#2763);
#2761 = CARTESIAN_POINT('',(-47.6,48.75,-1.44));
#2762 = DIRECTION('',(0.,-1.,0.));
#2763 = DIRECTION('',(1.,0.,0.));
#2764 = ORIENTED_EDGE('',*,*,#2765,.F.);
#2765 = EDGE_CURVE('',#2766,#2757,#2768,.T.);
#2766 = VERTEX_POINT('',#2767);
#2767 = CARTESIAN_POINT('',(-44.225,48.75,-4.));
#2768 = LINE('',#2769,#2770);
#2769 = CARTESIAN_POINT('',(-44.225,48.75,1.652219714592));
#2770 = VECTOR('',#2771,1.);
#2771 = DIRECTION('',(0.,2.33E-15,1.));
#2772 = ORIENTED_EDGE('',*,*,#2773,.F.);
#2773 = EDGE_CURVE('',#2774,#2766,#2776,.T.);
#2774 = VERTEX_POINT('',#2775);
#2775 = CARTESIAN_POINT('',(-40.20078125,48.75,-1.45));
#2776 = LINE('',#2777,#2778);
#2777 = CARTESIAN_POINT('',(-26.3938399317,48.75,7.298952914561));
#2778 = VECTOR('',#2779,1.);
#2779 = DIRECTION('',(-0.84469303892,-1.247134910532E-15,-0.535251034563
    ));
#2780 = ORIENTED_EDGE('',*,*,#2781,.F.);
#2781 = EDGE_CURVE('',#2782,#2774,#2784,.T.);
#2782 = VERTEX_POINT('',#2783);
#2783 = CARTESIAN_POINT('',(-40.185,48.75,-1.45));
#2784 = LINE('',#2785,#2786);
#2785 = CARTESIAN_POINT('',(-40.185,48.75,-1.45));
#2786 = VECTOR('',#2787,1.);
#2787 = DIRECTION('',(-1.,0.,0.));
#2788 = ORIENTED_EDGE('',*,*,#2789,.F.);
#2789 = EDGE_CURVE('',#2790,#2782,#2792,.T.);
#2790 = VERTEX_POINT('',#2791);
#2791 = CARTESIAN_POINT('',(-40.185,48.75,-1.44));
#2792 = LINE('',#2793,#2794);
#2793 = CARTESIAN_POINT('',(-40.185,48.75,-1.44));
#2794 = VECTOR('',#2795,1.);
#2795 = DIRECTION('',(0.,-2.2E-16,-1.));
#2796 = ORIENTED_EDGE('',*,*,#2797,.F.);
#2797 = EDGE_CURVE('',#2798,#2790,#2800,.T.);
#2798 = VERTEX_POINT('',#2799);
#2799 = CARTESIAN_POINT('',(-33.435,48.75,-1.44));
#2800 = CIRCLE('',#2801,3.375);
#2801 = AXIS2_PLACEMENT_3D('',#2802,#2803,#2804);
#2802 = CARTESIAN_POINT('',(-36.81,48.75,-1.44));
#2803 = DIRECTION('',(0.,-1.,0.));
#2804 = DIRECTION('',(1.,0.,0.));
#2805 = ORIENTED_EDGE('',*,*,#2806,.T.);
#2806 = EDGE_CURVE('',#2798,#852,#2807,.T.);
#2807 = LINE('',#2808,#2809);
#2808 = CARTESIAN_POINT('',(-33.435,48.75,-4.));
#2809 = VECTOR('',#2810,1.);
#2810 = DIRECTION('',(-0.,-0.,-1.));
#2811 = ORIENTED_EDGE('',*,*,#851,.F.);
#2812 = ORIENTED_EDGE('',*,*,#2813,.T.);
#2813 = EDGE_CURVE('',#844,#2814,#2816,.T.);
#2814 = VERTEX_POINT('',#2815);
#2815 = CARTESIAN_POINT('',(-30.185,48.75,-3.));
#2816 = LINE('',#2817,#2818);
#2817 = CARTESIAN_POINT('',(-30.185,48.75,-5.5));
#2818 = VECTOR('',#2819,1.);
#2819 = DIRECTION('',(0.,0.,1.));
#2820 = ORIENTED_EDGE('',*,*,#2821,.F.);
#2821 = EDGE_CURVE('',#2822,#2814,#2824,.T.);
#2822 = VERTEX_POINT('',#2823);
#2823 = CARTESIAN_POINT('',(-23.435,48.75,-3.));
#2824 = LINE('',#2825,#2826);
#2825 = CARTESIAN_POINT('',(-23.435,48.75,-3.));
#2826 = VECTOR('',#2827,1.);
#2827 = DIRECTION('',(-1.,0.,0.));
#2828 = ORIENTED_EDGE('',*,*,#2829,.F.);
#2829 = EDGE_CURVE('',#819,#2822,#2830,.T.);
#2830 = LINE('',#2831,#2832);
#2831 = CARTESIAN_POINT('',(-23.435,48.75,-5.5));
#2832 = VECTOR('',#2833,1.);
#2833 = DIRECTION('',(0.,0.,1.));
#2834 = ORIENTED_EDGE('',*,*,#818,.F.);
#2835 = ORIENTED_EDGE('',*,*,#2836,.F.);
#2836 = EDGE_CURVE('',#2837,#811,#2839,.T.);
#2837 = VERTEX_POINT('',#2838);
#2838 = CARTESIAN_POINT('',(9.00921875,48.75,-1.45));
#2839 = LINE('',#2840,#2841);
#2840 = CARTESIAN_POINT('',(5.260336818659,48.75,-3.825529144612));
#2841 = VECTOR('',#2842,1.);
#2842 = DIRECTION('',(-0.84469303892,-1.247134910532E-15,-0.535251034563
    ));
#2843 = ORIENTED_EDGE('',*,*,#2844,.F.);
#2844 = EDGE_CURVE('',#2845,#2837,#2847,.T.);
#2845 = VERTEX_POINT('',#2846);
#2846 = CARTESIAN_POINT('',(9.025000000087,48.75,-1.45));
#2847 = LINE('',#2848,#2849);
#2848 = CARTESIAN_POINT('',(9.025000000087,48.75,-1.45));
#2849 = VECTOR('',#2850,1.);
#2850 = DIRECTION('',(-1.,0.,0.));
#2851 = ORIENTED_EDGE('',*,*,#2852,.F.);
#2852 = EDGE_CURVE('',#2853,#2845,#2855,.T.);
#2853 = VERTEX_POINT('',#2854);
#2854 = CARTESIAN_POINT('',(9.025,48.75,-1.44));
#2855 = LINE('',#2856,#2857);
#2856 = CARTESIAN_POINT('',(9.025,48.75,-1.44));
#2857 = VECTOR('',#2858,1.);
#2858 = DIRECTION('',(3.396242E-11,0.,-1.));
#2859 = ORIENTED_EDGE('',*,*,#2860,.F.);
#2860 = EDGE_CURVE('',#2861,#2853,#2863,.T.);
#2861 = VERTEX_POINT('',#2862);
#2862 = CARTESIAN_POINT('',(15.775,48.75,-1.44));
#2863 = CIRCLE('',#2864,3.375);
#2864 = AXIS2_PLACEMENT_3D('',#2865,#2866,#2867);
#2865 = CARTESIAN_POINT('',(12.4,48.75,-1.44));
#2866 = DIRECTION('',(0.,-1.,0.));
#2867 = DIRECTION('',(1.,0.,0.));
#2868 = ORIENTED_EDGE('',*,*,#2869,.F.);
#2869 = EDGE_CURVE('',#2870,#2861,#2872,.T.);
#2870 = VERTEX_POINT('',#2871);
#2871 = CARTESIAN_POINT('',(15.775,48.75,-4.));
#2872 = LINE('',#2873,#2874);
#2873 = CARTESIAN_POINT('',(15.775,48.75,1.652219714592));
#2874 = VECTOR('',#2875,1.);
#2875 = DIRECTION('',(0.,2.33E-15,1.));
#2876 = ORIENTED_EDGE('',*,*,#2877,.F.);
#2877 = EDGE_CURVE('',#2878,#2870,#2880,.T.);
#2878 = VERTEX_POINT('',#2879);
#2879 = CARTESIAN_POINT('',(19.79921875,48.75,-1.45));
#2880 = LINE('',#2881,#2882);
#2881 = CARTESIAN_POINT('',(12.200970168313,48.75,-6.264731774535));
#2882 = VECTOR('',#2883,1.);
#2883 = DIRECTION('',(-0.84469303892,-1.247134910532E-15,-0.535251034563
    ));
#2884 = ORIENTED_EDGE('',*,*,#2885,.F.);
#2885 = EDGE_CURVE('',#2886,#2878,#2888,.T.);
#2886 = VERTEX_POINT('',#2887);
#2887 = CARTESIAN_POINT('',(19.815,48.75,-1.45));
#2888 = LINE('',#2889,#2890);
#2889 = CARTESIAN_POINT('',(19.815,48.75,-1.45));
#2890 = VECTOR('',#2891,1.);
#2891 = DIRECTION('',(-1.,0.,0.));
#2892 = ORIENTED_EDGE('',*,*,#2893,.F.);
#2893 = EDGE_CURVE('',#2894,#2886,#2896,.T.);
#2894 = VERTEX_POINT('',#2895);
#2895 = CARTESIAN_POINT('',(19.815,48.75,-1.44));
#2896 = LINE('',#2897,#2898);
#2897 = CARTESIAN_POINT('',(19.815,48.75,-1.44));
#2898 = VECTOR('',#2899,1.);
#2899 = DIRECTION('',(0.,-2.2E-16,-1.));
#2900 = ORIENTED_EDGE('',*,*,#2901,.F.);
#2901 = EDGE_CURVE('',#2902,#2894,#2904,.T.);
#2902 = VERTEX_POINT('',#2903);
#2903 = CARTESIAN_POINT('',(26.565,48.75,-1.44));
#2904 = CIRCLE('',#2905,3.375);
#2905 = AXIS2_PLACEMENT_3D('',#2906,#2907,#2908);
#2906 = CARTESIAN_POINT('',(23.19,48.75,-1.44));
#2907 = DIRECTION('',(0.,-1.,0.));
#2908 = DIRECTION('',(1.,0.,0.));
#2909 = ORIENTED_EDGE('',*,*,#2910,.T.);
#2910 = EDGE_CURVE('',#2902,#779,#2911,.T.);
#2911 = LINE('',#2912,#2913);
#2912 = CARTESIAN_POINT('',(26.565,48.75,-4.));
#2913 = VECTOR('',#2914,1.);
#2914 = DIRECTION('',(-0.,-0.,-1.));
#2915 = ORIENTED_EDGE('',*,*,#778,.F.);
#2916 = ORIENTED_EDGE('',*,*,#2917,.T.);
#2917 = EDGE_CURVE('',#771,#2918,#2920,.T.);
#2918 = VERTEX_POINT('',#2919);
#2919 = CARTESIAN_POINT('',(39.815000000016,48.75,-3.));
#2920 = LINE('',#2921,#2922);
#2921 = CARTESIAN_POINT('',(39.815000000016,48.75,-5.5));
#2922 = VECTOR('',#2923,1.);
#2923 = DIRECTION('',(0.,0.,1.));
#2924 = ORIENTED_EDGE('',*,*,#2925,.F.);
#2925 = EDGE_CURVE('',#2926,#2918,#2928,.T.);
#2926 = VERTEX_POINT('',#2927);
#2927 = CARTESIAN_POINT('',(46.564999999984,48.75,-3.));
#2928 = LINE('',#2929,#2930);
#2929 = CARTESIAN_POINT('',(46.564999999984,48.75,-3.));
#2930 = VECTOR('',#2931,1.);
#2931 = DIRECTION('',(-1.,0.,0.));
#2932 = ORIENTED_EDGE('',*,*,#2933,.F.);
#2933 = EDGE_CURVE('',#2934,#2926,#2936,.T.);
#2934 = VERTEX_POINT('',#2935);
#2935 = CARTESIAN_POINT('',(46.565,48.75,-4.));
#2936 = LINE('',#2937,#2938);
#2937 = CARTESIAN_POINT('',(46.565,48.75,1.647219714592));
#2938 = VECTOR('',#2939,1.);
#2939 = DIRECTION('',(0.,2.33E-15,1.));
#2940 = ORIENTED_EDGE('',*,*,#2941,.F.);
#2941 = EDGE_CURVE('',#2942,#2934,#2944,.T.);
#2942 = VERTEX_POINT('',#2943);
#2943 = CARTESIAN_POINT('',(49.8023046875,48.75,-1.45));
#2944 = LINE('',#2945,#2946);
#2945 = CARTESIAN_POINT('',(34.389032000558,48.75,-13.59091633186));
#2946 = VECTOR('',#2947,1.);
#2947 = DIRECTION('',(-0.785562879526,-1.441761681169E-15,
    -0.618781837411));
#2948 = ORIENTED_EDGE('',*,*,#2949,.T.);
#2949 = EDGE_CURVE('',#2942,#2950,#2952,.T.);
#2950 = VERTEX_POINT('',#2951);
#2951 = CARTESIAN_POINT('',(49.815,48.75,-1.45));
#2952 = LINE('',#2953,#2954);
#2953 = CARTESIAN_POINT('',(46.564999999984,48.75,-1.45));
#2954 = VECTOR('',#2955,1.);
#2955 = DIRECTION('',(1.,0.,0.));
#2956 = ORIENTED_EDGE('',*,*,#2957,.F.);
#2957 = EDGE_CURVE('',#2958,#2950,#2960,.T.);
#2958 = VERTEX_POINT('',#2959);
#2959 = CARTESIAN_POINT('',(49.815,48.75,-1.44));
#2960 = LINE('',#2961,#2962);
#2961 = CARTESIAN_POINT('',(49.815,48.75,-1.44));
#2962 = VECTOR('',#2963,1.);
#2963 = DIRECTION('',(0.,-2.2E-16,-1.));
#2964 = ORIENTED_EDGE('',*,*,#2965,.F.);
#2965 = EDGE_CURVE('',#2966,#2958,#2968,.T.);
#2966 = VERTEX_POINT('',#2967);
#2967 = CARTESIAN_POINT('',(56.565,48.75,-1.44));
#2968 = CIRCLE('',#2969,3.375);
#2969 = AXIS2_PLACEMENT_3D('',#2970,#2971,#2972);
#2970 = CARTESIAN_POINT('',(53.19,48.75,-1.44));
#2971 = DIRECTION('',(0.,-1.,0.));
#2972 = DIRECTION('',(1.,0.,0.));
#2973 = ORIENTED_EDGE('',*,*,#2974,.T.);
#2974 = EDGE_CURVE('',#2966,#738,#2975,.T.);
#2975 = LINE('',#2976,#2977);
#2976 = CARTESIAN_POINT('',(56.565,48.75,-4.));
#2977 = VECTOR('',#2978,1.);
#2978 = DIRECTION('',(-0.,-0.,-1.));
#2979 = ORIENTED_EDGE('',*,*,#737,.F.);
#2980 = ORIENTED_EDGE('',*,*,#2635,.T.);
#2981 = ORIENTED_EDGE('',*,*,#2609,.F.);
#2982 = ORIENTED_EDGE('',*,*,#2562,.T.);
#2983 = ORIENTED_EDGE('',*,*,#2984,.T.);
#2984 = EDGE_CURVE('',#2555,#1876,#2985,.T.);
#2985 = LINE('',#2986,#2987);
#2986 = CARTESIAN_POINT('',(-55.31,48.75,16.31));
#2987 = VECTOR('',#2988,1.);
#2988 = DIRECTION('',(-1.,-0.,-0.));
#2989 = ORIENTED_EDGE('',*,*,#2990,.T.);
#2990 = EDGE_CURVE('',#1876,#2991,#2993,.T.);
#2991 = VERTEX_POINT('',#2992);
#2992 = CARTESIAN_POINT('',(-59.63,48.75,16.31));
#2993 = LINE('',#2994,#2995);
#2994 = CARTESIAN_POINT('',(-55.31,48.75,16.31));
#2995 = VECTOR('',#2996,1.);
#2996 = DIRECTION('',(-1.,-0.,-0.));
#2997 = ORIENTED_EDGE('',*,*,#2998,.F.);
#2998 = EDGE_CURVE('',#2999,#2991,#3001,.T.);
#2999 = VERTEX_POINT('',#3000);
#3000 = CARTESIAN_POINT('',(-59.63,48.75,-1.46));
#3001 = LINE('',#3002,#3003);
#3002 = CARTESIAN_POINT('',(-59.63,48.75,11.8675));
#3003 = VECTOR('',#3004,1.);
#3004 = DIRECTION('',(0.,0.,1.));
#3005 = ORIENTED_EDGE('',*,*,#3006,.F.);
#3006 = EDGE_CURVE('',#1852,#2999,#3007,.T.);
#3007 = LINE('',#3008,#3009);
#3008 = CARTESIAN_POINT('',(-56.56,48.75,-1.46));
#3009 = VECTOR('',#3010,1.);
#3010 = DIRECTION('',(-1.,-0.,-0.));
#3011 = ORIENTED_EDGE('',*,*,#1851,.T.);
#3012 = PLANE('',#3013);
#3013 = AXIS2_PLACEMENT_3D('',#3014,#3015,#3016);
#3014 = CARTESIAN_POINT('',(0.361512083473,48.75,5.899893143773));
#3015 = DIRECTION('',(0.,-1.,2.194607628175E-15));
#3016 = DIRECTION('',(0.,-2.194607628175E-15,-1.));
#3017 = ADVANCED_FACE('',(#3018),#3036,.T.);
#3018 = FACE_BOUND('',#3019,.T.);
#3019 = EDGE_LOOP('',(#3020,#3028,#3034,#3035));
#3020 = ORIENTED_EDGE('',*,*,#3021,.F.);
#3021 = EDGE_CURVE('',#3022,#876,#3024,.T.);
#3022 = VERTEX_POINT('',#3023);
#3023 = CARTESIAN_POINT('',(-50.99078125,46.95,-1.45));
#3024 = LINE('',#3025,#3026);
#3025 = CARTESIAN_POINT('',(-50.975,46.95,-1.44));
#3026 = VECTOR('',#3027,1.);
#3027 = DIRECTION('',(-0.84469303892,-1.188496045052E-16,-0.535251034563
    ));
#3028 = ORIENTED_EDGE('',*,*,#3029,.F.);
#3029 = EDGE_CURVE('',#2733,#3022,#3030,.T.);
#3030 = LINE('',#3031,#3032);
#3031 = CARTESIAN_POINT('',(-50.99078125,23.475000000007,-1.45));
#3032 = VECTOR('',#3033,1.);
#3033 = DIRECTION('',(-3.504141421473E-16,-1.,0.));
#3034 = ORIENTED_EDGE('',*,*,#2732,.F.);
#3035 = ORIENTED_EDGE('',*,*,#883,.T.);
#3036 = PLANE('',#3037);
#3037 = AXIS2_PLACEMENT_3D('',#3038,#3039,#3040);
#3038 = CARTESIAN_POINT('',(-50.975,46.95,-1.44));
#3039 = DIRECTION('',(-0.535251034563,1.875595321098E-16,0.84469303892)
  );
#3040 = DIRECTION('',(-0.84469303892,-1.188496045052E-16,-0.535251034563
    ));
#3041 = ADVANCED_FACE('',(#3042,#3077),#3088,.T.);
#3042 = FACE_BOUND('',#3043,.T.);
#3043 = EDGE_LOOP('',(#3044,#3045,#3046,#3054,#3063,#3071));
#3044 = ORIENTED_EDGE('',*,*,#3021,.T.);
#3045 = ORIENTED_EDGE('',*,*,#875,.T.);
#3046 = ORIENTED_EDGE('',*,*,#3047,.F.);
#3047 = EDGE_CURVE('',#3048,#868,#3050,.T.);
#3048 = VERTEX_POINT('',#3049);
#3049 = CARTESIAN_POINT('',(-44.225,46.95,-1.44));
#3050 = LINE('',#3051,#3052);
#3051 = CARTESIAN_POINT('',(-44.225,46.95,-1.44));
#3052 = VECTOR('',#3053,1.);
#3053 = DIRECTION('',(0.,-2.22044604925E-16,-1.));
#3054 = ORIENTED_EDGE('',*,*,#3055,.T.);
#3055 = EDGE_CURVE('',#3048,#3056,#3058,.T.);
#3056 = VERTEX_POINT('',#3057);
#3057 = CARTESIAN_POINT('',(-50.975,46.95,-1.44));
#3058 = CIRCLE('',#3059,3.375);
#3059 = AXIS2_PLACEMENT_3D('',#3060,#3061,#3062);
#3060 = CARTESIAN_POINT('',(-47.6,46.95,-1.44));
#3061 = DIRECTION('',(0.,-1.,0.));
#3062 = DIRECTION('',(1.,0.,0.));
#3063 = ORIENTED_EDGE('',*,*,#3064,.T.);
#3064 = EDGE_CURVE('',#3056,#3065,#3067,.T.);
#3065 = VERTEX_POINT('',#3066);
#3066 = CARTESIAN_POINT('',(-50.97499999991,46.95,-1.45));
#3067 = LINE('',#3068,#3069);
#3068 = CARTESIAN_POINT('',(-50.975,46.95,-1.44));
#3069 = VECTOR('',#3070,1.);
#3070 = DIRECTION('',(3.396172E-11,0.,-1.));
#3071 = ORIENTED_EDGE('',*,*,#3072,.F.);
#3072 = EDGE_CURVE('',#3022,#3065,#3073,.T.);
#3073 = LINE('',#3074,#3075);
#3074 = CARTESIAN_POINT('',(-55.01499999991,46.95,-1.45));
#3075 = VECTOR('',#3076,1.);
#3076 = DIRECTION('',(1.,0.,0.));
#3077 = FACE_BOUND('',#3078,.T.);
#3078 = EDGE_LOOP('',(#3079));
#3079 = ORIENTED_EDGE('',*,*,#3080,.F.);
#3080 = EDGE_CURVE('',#3081,#3081,#3083,.T.);
#3081 = VERTEX_POINT('',#3082);
#3082 = CARTESIAN_POINT('',(-46.225,46.95,-1.44));
#3083 = CIRCLE('',#3084,1.375);
#3084 = AXIS2_PLACEMENT_3D('',#3085,#3086,#3087);
#3085 = CARTESIAN_POINT('',(-47.6,46.95,-1.44));
#3086 = DIRECTION('',(0.,-1.,2.2E-16));
#3087 = DIRECTION('',(1.,0.,0.));
#3088 = PLANE('',#3089);
#3089 = AXIS2_PLACEMENT_3D('',#3090,#3091,#3092);
#3090 = CARTESIAN_POINT('',(-43.97584831968,46.95,-1.847284605629));
#3091 = DIRECTION('',(-0.,-1.,-0.));
#3092 = DIRECTION('',(0.,0.,-1.));
#3093 = ADVANCED_FACE('',(#3094,#3136),#3147,.T.);
#3094 = FACE_BOUND('',#3095,.T.);
#3095 = EDGE_LOOP('',(#3096,#3104,#3105,#3113,#3122,#3130));
#3096 = ORIENTED_EDGE('',*,*,#3097,.F.);
#3097 = EDGE_CURVE('',#868,#3098,#3100,.T.);
#3098 = VERTEX_POINT('',#3099);
#3099 = CARTESIAN_POINT('',(-40.20078125,46.95,-1.45));
#3100 = LINE('',#3101,#3102);
#3101 = CARTESIAN_POINT('',(-44.225,46.95,-4.));
#3102 = VECTOR('',#3103,1.);
#3103 = DIRECTION('',(0.84469303892,1.188496045052E-16,0.535251034563));
#3104 = ORIENTED_EDGE('',*,*,#867,.T.);
#3105 = ORIENTED_EDGE('',*,*,#3106,.F.);
#3106 = EDGE_CURVE('',#3107,#860,#3109,.T.);
#3107 = VERTEX_POINT('',#3108);
#3108 = CARTESIAN_POINT('',(-33.435,46.95,-1.44));
#3109 = LINE('',#3110,#3111);
#3110 = CARTESIAN_POINT('',(-33.435,46.95,-1.44));
#3111 = VECTOR('',#3112,1.);
#3112 = DIRECTION('',(0.,-2.2E-16,-1.));
#3113 = ORIENTED_EDGE('',*,*,#3114,.T.);
#3114 = EDGE_CURVE('',#3107,#3115,#3117,.T.);
#3115 = VERTEX_POINT('',#3116);
#3116 = CARTESIAN_POINT('',(-40.185,46.95,-1.44));
#3117 = CIRCLE('',#3118,3.375);
#3118 = AXIS2_PLACEMENT_3D('',#3119,#3120,#3121);
#3119 = CARTESIAN_POINT('',(-36.81,46.95,-1.44));
#3120 = DIRECTION('',(0.,-1.,0.));
#3121 = DIRECTION('',(1.,0.,0.));
#3122 = ORIENTED_EDGE('',*,*,#3123,.T.);
#3123 = EDGE_CURVE('',#3115,#3124,#3126,.T.);
#3124 = VERTEX_POINT('',#3125);
#3125 = CARTESIAN_POINT('',(-40.185,46.95,-1.45));
#3126 = LINE('',#3127,#3128);
#3127 = CARTESIAN_POINT('',(-40.185,46.95,-4.));
#3128 = VECTOR('',#3129,1.);
#3129 = DIRECTION('',(-0.,-0.,-1.));
#3130 = ORIENTED_EDGE('',*,*,#3131,.F.);
#3131 = EDGE_CURVE('',#3098,#3124,#3132,.T.);
#3132 = LINE('',#3133,#3134);
#3133 = CARTESIAN_POINT('',(-44.225,46.95,-1.45));
#3134 = VECTOR('',#3135,1.);
#3135 = DIRECTION('',(1.,0.,0.));
#3136 = FACE_BOUND('',#3137,.T.);
#3137 = EDGE_LOOP('',(#3138));
#3138 = ORIENTED_EDGE('',*,*,#3139,.F.);
#3139 = EDGE_CURVE('',#3140,#3140,#3142,.T.);
#3140 = VERTEX_POINT('',#3141);
#3141 = CARTESIAN_POINT('',(-35.435,46.95,-1.44));
#3142 = CIRCLE('',#3143,1.375);
#3143 = AXIS2_PLACEMENT_3D('',#3144,#3145,#3146);
#3144 = CARTESIAN_POINT('',(-36.81,46.95,-1.44));
#3145 = DIRECTION('',(0.,-1.,2.2E-16));
#3146 = DIRECTION('',(1.,0.,0.));
#3147 = PLANE('',#3148);
#3148 = AXIS2_PLACEMENT_3D('',#3149,#3150,#3151);
#3149 = CARTESIAN_POINT('',(-43.97584831968,46.95,-1.847284605629));
#3150 = DIRECTION('',(-0.,-1.,-0.));
#3151 = DIRECTION('',(0.,0.,-1.));
#3152 = ADVANCED_FACE('',(#3153),#3164,.T.);
#3153 = FACE_BOUND('',#3154,.T.);
#3154 = EDGE_LOOP('',(#3155,#3156,#3162,#3163));
#3155 = ORIENTED_EDGE('',*,*,#2806,.F.);
#3156 = ORIENTED_EDGE('',*,*,#3157,.T.);
#3157 = EDGE_CURVE('',#2798,#3107,#3158,.T.);
#3158 = LINE('',#3159,#3160);
#3159 = CARTESIAN_POINT('',(-33.435,48.75,-1.44));
#3160 = VECTOR('',#3161,1.);
#3161 = DIRECTION('',(0.,-1.,2.2E-16));
#3162 = ORIENTED_EDGE('',*,*,#3106,.T.);
#3163 = ORIENTED_EDGE('',*,*,#859,.F.);
#3164 = PLANE('',#3165);
#3165 = AXIS2_PLACEMENT_3D('',#3166,#3167,#3168);
#3166 = CARTESIAN_POINT('',(-33.435,47.85,-3.47));
#3167 = DIRECTION('',(1.,0.,0.));
#3168 = DIRECTION('',(0.,0.,1.));
#3169 = ADVANCED_FACE('',(#3170),#3188,.T.);
#3170 = FACE_BOUND('',#3171,.T.);
#3171 = EDGE_LOOP('',(#3172,#3173,#3181,#3187));
#3172 = ORIENTED_EDGE('',*,*,#843,.F.);
#3173 = ORIENTED_EDGE('',*,*,#3174,.T.);
#3174 = EDGE_CURVE('',#835,#3175,#3177,.T.);
#3175 = VERTEX_POINT('',#3176);
#3176 = CARTESIAN_POINT('',(-30.185,47.,-3.));
#3177 = LINE('',#3178,#3179);
#3178 = CARTESIAN_POINT('',(-30.185,47.,-5.5));
#3179 = VECTOR('',#3180,1.);
#3180 = DIRECTION('',(0.,0.,1.));
#3181 = ORIENTED_EDGE('',*,*,#3182,.T.);
#3182 = EDGE_CURVE('',#3175,#2814,#3183,.T.);
#3183 = LINE('',#3184,#3185);
#3184 = CARTESIAN_POINT('',(-30.185,47.,-3.));
#3185 = VECTOR('',#3186,1.);
#3186 = DIRECTION('',(0.,1.,0.));
#3187 = ORIENTED_EDGE('',*,*,#2813,.F.);
#3188 = PLANE('',#3189);
#3189 = AXIS2_PLACEMENT_3D('',#3190,#3191,#3192);
#3190 = CARTESIAN_POINT('',(-30.185,47.,-5.5));
#3191 = DIRECTION('',(-1.,0.,0.));
#3192 = DIRECTION('',(0.,1.,0.));
#3193 = ADVANCED_FACE('',(#3194),#3213,.T.);
#3194 = FACE_BOUND('',#3195,.F.);
#3195 = EDGE_LOOP('',(#3196,#3197,#3198,#3207));
#3196 = ORIENTED_EDGE('',*,*,#834,.F.);
#3197 = ORIENTED_EDGE('',*,*,#3174,.T.);
#3198 = ORIENTED_EDGE('',*,*,#3199,.T.);
#3199 = EDGE_CURVE('',#3175,#3200,#3202,.T.);
#3200 = VERTEX_POINT('',#3201);
#3201 = CARTESIAN_POINT('',(-23.435,47.,-3.));
#3202 = CIRCLE('',#3203,3.375);
#3203 = AXIS2_PLACEMENT_3D('',#3204,#3205,#3206);
#3204 = CARTESIAN_POINT('',(-26.81,47.,-3.));
#3205 = DIRECTION('',(0.,0.,1.));
#3206 = DIRECTION('',(1.,0.,0.));
#3207 = ORIENTED_EDGE('',*,*,#3208,.F.);
#3208 = EDGE_CURVE('',#827,#3200,#3209,.T.);
#3209 = LINE('',#3210,#3211);
#3210 = CARTESIAN_POINT('',(-23.435,47.,-5.5));
#3211 = VECTOR('',#3212,1.);
#3212 = DIRECTION('',(0.,0.,1.));
#3213 = CYLINDRICAL_SURFACE('',#3214,3.375);
#3214 = AXIS2_PLACEMENT_3D('',#3215,#3216,#3217);
#3215 = CARTESIAN_POINT('',(-26.81,47.,-5.5));
#3216 = DIRECTION('',(-0.,-0.,-1.));
#3217 = DIRECTION('',(1.,0.,0.));
#3218 = ADVANCED_FACE('',(#3219),#3230,.F.);
#3219 = FACE_BOUND('',#3220,.F.);
#3220 = EDGE_LOOP('',(#3221,#3222,#3223,#3229));
#3221 = ORIENTED_EDGE('',*,*,#826,.F.);
#3222 = ORIENTED_EDGE('',*,*,#3208,.T.);
#3223 = ORIENTED_EDGE('',*,*,#3224,.T.);
#3224 = EDGE_CURVE('',#3200,#2822,#3225,.T.);
#3225 = LINE('',#3226,#3227);
#3226 = CARTESIAN_POINT('',(-23.435,47.,-3.));
#3227 = VECTOR('',#3228,1.);
#3228 = DIRECTION('',(0.,1.,0.));
#3229 = ORIENTED_EDGE('',*,*,#2829,.F.);
#3230 = PLANE('',#3231);
#3231 = AXIS2_PLACEMENT_3D('',#3232,#3233,#3234);
#3232 = CARTESIAN_POINT('',(-23.435,47.,-5.5));
#3233 = DIRECTION('',(-1.,0.,0.));
#3234 = DIRECTION('',(0.,1.,0.));
#3235 = ADVANCED_FACE('',(#3236),#3254,.F.);
#3236 = FACE_BOUND('',#3237,.F.);
#3237 = EDGE_LOOP('',(#3238,#3246,#3247,#3248));
#3238 = ORIENTED_EDGE('',*,*,#3239,.F.);
#3239 = EDGE_CURVE('',#803,#3240,#3242,.T.);
#3240 = VERTEX_POINT('',#3241);
#3241 = CARTESIAN_POINT('',(9.00921875,46.95,-1.45));
#3242 = LINE('',#3243,#3244);
#3243 = CARTESIAN_POINT('',(4.985,46.95,-4.));
#3244 = VECTOR('',#3245,1.);
#3245 = DIRECTION('',(0.84469303892,1.188496045052E-16,0.535251034563));
#3246 = ORIENTED_EDGE('',*,*,#810,.F.);
#3247 = ORIENTED_EDGE('',*,*,#2836,.F.);
#3248 = ORIENTED_EDGE('',*,*,#3249,.F.);
#3249 = EDGE_CURVE('',#3240,#2837,#3250,.T.);
#3250 = LINE('',#3251,#3252);
#3251 = CARTESIAN_POINT('',(9.00921875,23.475000000007,-1.45));
#3252 = VECTOR('',#3253,1.);
#3253 = DIRECTION('',(3.504141421473E-16,1.,0.));
#3254 = PLANE('',#3255);
#3255 = AXIS2_PLACEMENT_3D('',#3256,#3257,#3258);
#3256 = CARTESIAN_POINT('',(4.985,46.95,-4.));
#3257 = DIRECTION('',(0.535251034563,-1.875595321098E-16,-0.84469303892)
  );
#3258 = DIRECTION('',(0.84469303892,1.188496045052E-16,0.535251034563));
#3259 = ADVANCED_FACE('',(#3260,#3295),#3306,.T.);
#3260 = FACE_BOUND('',#3261,.T.);
#3261 = EDGE_LOOP('',(#3262,#3263,#3264,#3272,#3281,#3289));
#3262 = ORIENTED_EDGE('',*,*,#3239,.F.);
#3263 = ORIENTED_EDGE('',*,*,#802,.T.);
#3264 = ORIENTED_EDGE('',*,*,#3265,.F.);
#3265 = EDGE_CURVE('',#3266,#795,#3268,.T.);
#3266 = VERTEX_POINT('',#3267);
#3267 = CARTESIAN_POINT('',(15.775,46.95,-1.44));
#3268 = LINE('',#3269,#3270);
#3269 = CARTESIAN_POINT('',(15.775,46.95,-1.44));
#3270 = VECTOR('',#3271,1.);
#3271 = DIRECTION('',(0.,-2.22044604925E-16,-1.));
#3272 = ORIENTED_EDGE('',*,*,#3273,.T.);
#3273 = EDGE_CURVE('',#3266,#3274,#3276,.T.);
#3274 = VERTEX_POINT('',#3275);
#3275 = CARTESIAN_POINT('',(9.025,46.95,-1.44));
#3276 = CIRCLE('',#3277,3.375);
#3277 = AXIS2_PLACEMENT_3D('',#3278,#3279,#3280);
#3278 = CARTESIAN_POINT('',(12.4,46.95,-1.44));
#3279 = DIRECTION('',(0.,-1.,0.));
#3280 = DIRECTION('',(1.,0.,0.));
#3281 = ORIENTED_EDGE('',*,*,#3282,.T.);
#3282 = EDGE_CURVE('',#3274,#3283,#3285,.T.);
#3283 = VERTEX_POINT('',#3284);
#3284 = CARTESIAN_POINT('',(9.025000000087,46.95,-1.45));
#3285 = LINE('',#3286,#3287);
#3286 = CARTESIAN_POINT('',(9.025,46.95,-1.44));
#3287 = VECTOR('',#3288,1.);
#3288 = DIRECTION('',(3.396242E-11,0.,-1.));
#3289 = ORIENTED_EDGE('',*,*,#3290,.F.);
#3290 = EDGE_CURVE('',#3240,#3283,#3291,.T.);
#3291 = LINE('',#3292,#3293);
#3292 = CARTESIAN_POINT('',(4.985000000087,46.95,-1.45));
#3293 = VECTOR('',#3294,1.);
#3294 = DIRECTION('',(1.,0.,0.));
#3295 = FACE_BOUND('',#3296,.T.);
#3296 = EDGE_LOOP('',(#3297));
#3297 = ORIENTED_EDGE('',*,*,#3298,.F.);
#3298 = EDGE_CURVE('',#3299,#3299,#3301,.T.);
#3299 = VERTEX_POINT('',#3300);
#3300 = CARTESIAN_POINT('',(13.775,46.95,-1.44));
#3301 = CIRCLE('',#3302,1.375);
#3302 = AXIS2_PLACEMENT_3D('',#3303,#3304,#3305);
#3303 = CARTESIAN_POINT('',(12.4,46.95,-1.44));
#3304 = DIRECTION('',(0.,-1.,2.2E-16));
#3305 = DIRECTION('',(1.,0.,0.));
#3306 = PLANE('',#3307);
#3307 = AXIS2_PLACEMENT_3D('',#3308,#3309,#3310);
#3308 = CARTESIAN_POINT('',(16.024151680319,46.95,-1.847284605629));
#3309 = DIRECTION('',(-0.,-1.,-0.));
#3310 = DIRECTION('',(0.,0.,-1.));
#3311 = ADVANCED_FACE('',(#3312,#3354),#3365,.T.);
#3312 = FACE_BOUND('',#3313,.T.);
#3313 = EDGE_LOOP('',(#3314,#3322,#3323,#3331,#3340,#3348));
#3314 = ORIENTED_EDGE('',*,*,#3315,.F.);
#3315 = EDGE_CURVE('',#795,#3316,#3318,.T.);
#3316 = VERTEX_POINT('',#3317);
#3317 = CARTESIAN_POINT('',(19.79921875,46.95,-1.45));
#3318 = LINE('',#3319,#3320);
#3319 = CARTESIAN_POINT('',(15.775,46.95,-4.));
#3320 = VECTOR('',#3321,1.);
#3321 = DIRECTION('',(0.84469303892,1.188496045052E-16,0.535251034563));
#3322 = ORIENTED_EDGE('',*,*,#794,.T.);
#3323 = ORIENTED_EDGE('',*,*,#3324,.F.);
#3324 = EDGE_CURVE('',#3325,#787,#3327,.T.);
#3325 = VERTEX_POINT('',#3326);
#3326 = CARTESIAN_POINT('',(26.565,46.95,-1.44));
#3327 = LINE('',#3328,#3329);
#3328 = CARTESIAN_POINT('',(26.565,46.95,-1.44));
#3329 = VECTOR('',#3330,1.);
#3330 = DIRECTION('',(0.,-2.2E-16,-1.));
#3331 = ORIENTED_EDGE('',*,*,#3332,.T.);
#3332 = EDGE_CURVE('',#3325,#3333,#3335,.T.);
#3333 = VERTEX_POINT('',#3334);
#3334 = CARTESIAN_POINT('',(19.815,46.95,-1.44));
#3335 = CIRCLE('',#3336,3.375);
#3336 = AXIS2_PLACEMENT_3D('',#3337,#3338,#3339);
#3337 = CARTESIAN_POINT('',(23.19,46.95,-1.44));
#3338 = DIRECTION('',(0.,-1.,0.));
#3339 = DIRECTION('',(1.,0.,0.));
#3340 = ORIENTED_EDGE('',*,*,#3341,.T.);
#3341 = EDGE_CURVE('',#3333,#3342,#3344,.T.);
#3342 = VERTEX_POINT('',#3343);
#3343 = CARTESIAN_POINT('',(19.815,46.95,-1.45));
#3344 = LINE('',#3345,#3346);
#3345 = CARTESIAN_POINT('',(19.815,46.95,-4.));
#3346 = VECTOR('',#3347,1.);
#3347 = DIRECTION('',(-0.,-0.,-1.));
#3348 = ORIENTED_EDGE('',*,*,#3349,.F.);
#3349 = EDGE_CURVE('',#3316,#3342,#3350,.T.);
#3350 = LINE('',#3351,#3352);
#3351 = CARTESIAN_POINT('',(15.775,46.95,-1.45));
#3352 = VECTOR('',#3353,1.);
#3353 = DIRECTION('',(1.,0.,0.));
#3354 = FACE_BOUND('',#3355,.T.);
#3355 = EDGE_LOOP('',(#3356));
#3356 = ORIENTED_EDGE('',*,*,#3357,.F.);
#3357 = EDGE_CURVE('',#3358,#3358,#3360,.T.);
#3358 = VERTEX_POINT('',#3359);
#3359 = CARTESIAN_POINT('',(24.565,46.95,-1.44));
#3360 = CIRCLE('',#3361,1.375);
#3361 = AXIS2_PLACEMENT_3D('',#3362,#3363,#3364);
#3362 = CARTESIAN_POINT('',(23.19,46.95,-1.44));
#3363 = DIRECTION('',(0.,-1.,2.2E-16));
#3364 = DIRECTION('',(1.,0.,0.));
#3365 = PLANE('',#3366);
#3366 = AXIS2_PLACEMENT_3D('',#3367,#3368,#3369);
#3367 = CARTESIAN_POINT('',(16.024151680319,46.95,-1.847284605629));
#3368 = DIRECTION('',(-0.,-1.,-0.));
#3369 = DIRECTION('',(0.,0.,-1.));
#3370 = ADVANCED_FACE('',(#3371),#3382,.T.);
#3371 = FACE_BOUND('',#3372,.T.);
#3372 = EDGE_LOOP('',(#3373,#3374,#3380,#3381));
#3373 = ORIENTED_EDGE('',*,*,#2910,.F.);
#3374 = ORIENTED_EDGE('',*,*,#3375,.T.);
#3375 = EDGE_CURVE('',#2902,#3325,#3376,.T.);
#3376 = LINE('',#3377,#3378);
#3377 = CARTESIAN_POINT('',(26.565,48.75,-1.44));
#3378 = VECTOR('',#3379,1.);
#3379 = DIRECTION('',(0.,-1.,2.2E-16));
#3380 = ORIENTED_EDGE('',*,*,#3324,.T.);
#3381 = ORIENTED_EDGE('',*,*,#786,.F.);
#3382 = PLANE('',#3383);
#3383 = AXIS2_PLACEMENT_3D('',#3384,#3385,#3386);
#3384 = CARTESIAN_POINT('',(26.565,47.85,-3.47));
#3385 = DIRECTION('',(1.,0.,0.));
#3386 = DIRECTION('',(0.,0.,1.));
#3387 = ADVANCED_FACE('',(#3388),#3406,.T.);
#3388 = FACE_BOUND('',#3389,.T.);
#3389 = EDGE_LOOP('',(#3390,#3391,#3399,#3405));
#3390 = ORIENTED_EDGE('',*,*,#770,.F.);
#3391 = ORIENTED_EDGE('',*,*,#3392,.T.);
#3392 = EDGE_CURVE('',#762,#3393,#3395,.T.);
#3393 = VERTEX_POINT('',#3394);
#3394 = CARTESIAN_POINT('',(39.815000000016,47.000000000061,-3.));
#3395 = LINE('',#3396,#3397);
#3396 = CARTESIAN_POINT('',(39.815000000016,47.000000000061,-5.5));
#3397 = VECTOR('',#3398,1.);
#3398 = DIRECTION('',(0.,0.,1.));
#3399 = ORIENTED_EDGE('',*,*,#3400,.T.);
#3400 = EDGE_CURVE('',#3393,#2918,#3401,.T.);
#3401 = LINE('',#3402,#3403);
#3402 = CARTESIAN_POINT('',(39.815000000016,47.000000000049,-3.));
#3403 = VECTOR('',#3404,1.);
#3404 = DIRECTION('',(0.,1.,0.));
#3405 = ORIENTED_EDGE('',*,*,#2917,.F.);
#3406 = PLANE('',#3407);
#3407 = AXIS2_PLACEMENT_3D('',#3408,#3409,#3410);
#3408 = CARTESIAN_POINT('',(39.815000000016,47.000000000049,-5.5));
#3409 = DIRECTION('',(-1.,0.,0.));
#3410 = DIRECTION('',(0.,1.,0.));
#3411 = ADVANCED_FACE('',(#3412),#3440,.T.);
#3412 = FACE_BOUND('',#3413,.F.);
#3413 = EDGE_LOOP('',(#3414,#3415,#3416,#3425,#3433));
#3414 = ORIENTED_EDGE('',*,*,#761,.F.);
#3415 = ORIENTED_EDGE('',*,*,#3392,.T.);
#3416 = ORIENTED_EDGE('',*,*,#3417,.T.);
#3417 = EDGE_CURVE('',#3393,#3418,#3420,.T.);
#3418 = VERTEX_POINT('',#3419);
#3419 = CARTESIAN_POINT('',(46.564999999984,47.000000000061,-3.));
#3420 = CIRCLE('',#3421,3.374999999984);
#3421 = AXIS2_PLACEMENT_3D('',#3422,#3423,#3424);
#3422 = CARTESIAN_POINT('',(43.19,47.000000000049,-3.));
#3423 = DIRECTION('',(0.,0.,1.));
#3424 = DIRECTION('',(1.,0.,0.));
#3425 = ORIENTED_EDGE('',*,*,#3426,.F.);
#3426 = EDGE_CURVE('',#3427,#3418,#3429,.T.);
#3427 = VERTEX_POINT('',#3428);
#3428 = CARTESIAN_POINT('',(46.564999999984,47.000000000061,-4.));
#3429 = LINE('',#3430,#3431);
#3430 = CARTESIAN_POINT('',(46.564999999984,47.000000000061,-5.5));
#3431 = VECTOR('',#3432,1.);
#3432 = DIRECTION('',(0.,0.,1.));
#3433 = ORIENTED_EDGE('',*,*,#3434,.F.);
#3434 = EDGE_CURVE('',#754,#3427,#3435,.T.);
#3435 = CIRCLE('',#3436,3.374999999984);
#3436 = AXIS2_PLACEMENT_3D('',#3437,#3438,#3439);
#3437 = CARTESIAN_POINT('',(43.19,47.000000000049,-4.));
#3438 = DIRECTION('',(0.,0.,1.));
#3439 = DIRECTION('',(1.,0.,0.));
#3440 = CYLINDRICAL_SURFACE('',#3441,3.374999999984);
#3441 = AXIS2_PLACEMENT_3D('',#3442,#3443,#3444);
#3442 = CARTESIAN_POINT('',(43.19,47.000000000049,-5.5));
#3443 = DIRECTION('',(-0.,-0.,-1.));
#3444 = DIRECTION('',(1.,0.,0.));
#3445 = ADVANCED_FACE('',(#3446,#3488),#3499,.T.);
#3446 = FACE_BOUND('',#3447,.T.);
#3447 = EDGE_LOOP('',(#3448,#3456,#3457,#3465,#3474,#3482));
#3448 = ORIENTED_EDGE('',*,*,#3449,.F.);
#3449 = EDGE_CURVE('',#754,#3450,#3452,.T.);
#3450 = VERTEX_POINT('',#3451);
#3451 = CARTESIAN_POINT('',(49.8023046875,46.95,-1.45));
#3452 = LINE('',#3453,#3454);
#3453 = CARTESIAN_POINT('',(46.565,46.95,-4.));
#3454 = VECTOR('',#3455,1.);
#3455 = DIRECTION('',(0.785562879526,1.373971686228E-16,0.618781837411)
  );
#3456 = ORIENTED_EDGE('',*,*,#753,.T.);
#3457 = ORIENTED_EDGE('',*,*,#3458,.F.);
#3458 = EDGE_CURVE('',#3459,#746,#3461,.T.);
#3459 = VERTEX_POINT('',#3460);
#3460 = CARTESIAN_POINT('',(56.565,46.95,-1.44));
#3461 = LINE('',#3462,#3463);
#3462 = CARTESIAN_POINT('',(56.565,46.95,-1.44));
#3463 = VECTOR('',#3464,1.);
#3464 = DIRECTION('',(0.,-2.2E-16,-1.));
#3465 = ORIENTED_EDGE('',*,*,#3466,.T.);
#3466 = EDGE_CURVE('',#3459,#3467,#3469,.T.);
#3467 = VERTEX_POINT('',#3468);
#3468 = CARTESIAN_POINT('',(49.815,46.95,-1.44));
#3469 = CIRCLE('',#3470,3.375);
#3470 = AXIS2_PLACEMENT_3D('',#3471,#3472,#3473);
#3471 = CARTESIAN_POINT('',(53.19,46.95,-1.44));
#3472 = DIRECTION('',(0.,-1.,0.));
#3473 = DIRECTION('',(1.,0.,0.));
#3474 = ORIENTED_EDGE('',*,*,#3475,.T.);
#3475 = EDGE_CURVE('',#3467,#3476,#3478,.T.);
#3476 = VERTEX_POINT('',#3477);
#3477 = CARTESIAN_POINT('',(49.815,46.95,-1.45));
#3478 = LINE('',#3479,#3480);
#3479 = CARTESIAN_POINT('',(49.815,46.95,-4.));
#3480 = VECTOR('',#3481,1.);
#3481 = DIRECTION('',(-0.,-0.,-1.));
#3482 = ORIENTED_EDGE('',*,*,#3483,.F.);
#3483 = EDGE_CURVE('',#3450,#3476,#3484,.T.);
#3484 = LINE('',#3485,#3486);
#3485 = CARTESIAN_POINT('',(46.564999999984,46.95,-1.45));
#3486 = VECTOR('',#3487,1.);
#3487 = DIRECTION('',(1.,0.,0.));
#3488 = FACE_BOUND('',#3489,.T.);
#3489 = EDGE_LOOP('',(#3490));
#3490 = ORIENTED_EDGE('',*,*,#3491,.F.);
#3491 = EDGE_CURVE('',#3492,#3492,#3494,.T.);
#3492 = VERTEX_POINT('',#3493);
#3493 = CARTESIAN_POINT('',(54.565,46.95,-1.44));
#3494 = CIRCLE('',#3495,1.375);
#3495 = AXIS2_PLACEMENT_3D('',#3496,#3497,#3498);
#3496 = CARTESIAN_POINT('',(53.19,46.95,-1.44));
#3497 = DIRECTION('',(0.,-1.,2.2E-16));
#3498 = DIRECTION('',(1.,0.,0.));
#3499 = PLANE('',#3500);
#3500 = AXIS2_PLACEMENT_3D('',#3501,#3502,#3503);
#3501 = CARTESIAN_POINT('',(51.758608527805,46.95,-1.877162967891));
#3502 = DIRECTION('',(-0.,-1.,-0.));
#3503 = DIRECTION('',(0.,0.,-1.));
#3504 = ADVANCED_FACE('',(#3505),#3516,.T.);
#3505 = FACE_BOUND('',#3506,.T.);
#3506 = EDGE_LOOP('',(#3507,#3508,#3514,#3515));
#3507 = ORIENTED_EDGE('',*,*,#2974,.F.);
#3508 = ORIENTED_EDGE('',*,*,#3509,.T.);
#3509 = EDGE_CURVE('',#2966,#3459,#3510,.T.);
#3510 = LINE('',#3511,#3512);
#3511 = CARTESIAN_POINT('',(56.565,48.75,-1.44));
#3512 = VECTOR('',#3513,1.);
#3513 = DIRECTION('',(0.,-1.,2.2E-16));
#3514 = ORIENTED_EDGE('',*,*,#3458,.T.);
#3515 = ORIENTED_EDGE('',*,*,#745,.F.);
#3516 = PLANE('',#3517);
#3517 = AXIS2_PLACEMENT_3D('',#3518,#3519,#3520);
#3518 = CARTESIAN_POINT('',(56.565,47.85,-3.47));
#3519 = DIRECTION('',(1.,0.,0.));
#3520 = DIRECTION('',(0.,0.,1.));
#3521 = ADVANCED_FACE('',(#3522,#3530),#3541,.T.);
#3522 = FACE_BOUND('',#3523,.T.);
#3523 = EDGE_LOOP('',(#3524,#3525,#3526,#3527,#3528,#3529));
#3524 = ORIENTED_EDGE('',*,*,#1341,.F.);
#3525 = ORIENTED_EDGE('',*,*,#1322,.T.);
#3526 = ORIENTED_EDGE('',*,*,#1300,.T.);
#3527 = ORIENTED_EDGE('',*,*,#698,.T.);
#3528 = ORIENTED_EDGE('',*,*,#1387,.T.);
#3529 = ORIENTED_EDGE('',*,*,#1364,.F.);
#3530 = FACE_BOUND('',#3531,.T.);
#3531 = EDGE_LOOP('',(#3532));
#3532 = ORIENTED_EDGE('',*,*,#3533,.F.);
#3533 = EDGE_CURVE('',#3534,#3534,#3536,.T.);
#3534 = VERTEX_POINT('',#3535);
#3535 = CARTESIAN_POINT('',(21.815,-46.95,-1.44));
#3536 = CIRCLE('',#3537,1.375);
#3537 = AXIS2_PLACEMENT_3D('',#3538,#3539,#3540);
#3538 = CARTESIAN_POINT('',(23.19,-46.95,-1.44));
#3539 = DIRECTION('',(0.,1.,-2.2E-16));
#3540 = DIRECTION('',(-1.,0.,0.));
#3541 = PLANE('',#3542);
#3542 = AXIS2_PLACEMENT_3D('',#3543,#3544,#3545);
#3543 = CARTESIAN_POINT('',(16.024151680291,-46.95,-1.847284605633));
#3544 = DIRECTION('',(0.,1.,0.));
#3545 = DIRECTION('',(0.,0.,1.));
#3546 = ADVANCED_FACE('',(#3547,#3555),#3566,.T.);
#3547 = FACE_BOUND('',#3548,.T.);
#3548 = EDGE_LOOP('',(#3549,#3550,#3551,#3552,#3553,#3554));
#3549 = ORIENTED_EDGE('',*,*,#1419,.T.);
#3550 = ORIENTED_EDGE('',*,*,#690,.T.);
#3551 = ORIENTED_EDGE('',*,*,#1506,.T.);
#3552 = ORIENTED_EDGE('',*,*,#1483,.F.);
#3553 = ORIENTED_EDGE('',*,*,#1468,.T.);
#3554 = ORIENTED_EDGE('',*,*,#1441,.T.);
#3555 = FACE_BOUND('',#3556,.T.);
#3556 = EDGE_LOOP('',(#3557));
#3557 = ORIENTED_EDGE('',*,*,#3558,.F.);
#3558 = EDGE_CURVE('',#3559,#3559,#3561,.T.);
#3559 = VERTEX_POINT('',#3560);
#3560 = CARTESIAN_POINT('',(11.025,-46.95,-1.44));
#3561 = CIRCLE('',#3562,1.375);
#3562 = AXIS2_PLACEMENT_3D('',#3563,#3564,#3565);
#3563 = CARTESIAN_POINT('',(12.4,-46.95,-1.44));
#3564 = DIRECTION('',(0.,1.,-2.2E-16));
#3565 = DIRECTION('',(-1.,0.,0.));
#3566 = PLANE('',#3567);
#3567 = AXIS2_PLACEMENT_3D('',#3568,#3569,#3570);
#3568 = CARTESIAN_POINT('',(16.024151680291,-46.95,-1.847284605633));
#3569 = DIRECTION('',(0.,1.,0.));
#3570 = DIRECTION('',(0.,0.,1.));
#3571 = ADVANCED_FACE('',(#3572),#3578,.T.);
#3572 = FACE_BOUND('',#3573,.F.);
#3573 = EDGE_LOOP('',(#3574,#3575,#3576,#3577));
#3574 = ORIENTED_EDGE('',*,*,#666,.F.);
#3575 = ORIENTED_EDGE('',*,*,#1524,.T.);
#3576 = ORIENTED_EDGE('',*,*,#1557,.T.);
#3577 = ORIENTED_EDGE('',*,*,#1584,.F.);
#3578 = CYLINDRICAL_SURFACE('',#3579,3.375);
#3579 = AXIS2_PLACEMENT_3D('',#3580,#3581,#3582);
#3580 = CARTESIAN_POINT('',(-26.81,-47.,-5.5));
#3581 = DIRECTION('',(-0.,-0.,-1.));
#3582 = DIRECTION('',(1.,0.,0.));
#3583 = ADVANCED_FACE('',(#3584,#3592),#3603,.T.);
#3584 = FACE_BOUND('',#3585,.T.);
#3585 = EDGE_LOOP('',(#3586,#3587,#3588,#3589,#3590,#3591));
#3586 = ORIENTED_EDGE('',*,*,#643,.T.);
#3587 = ORIENTED_EDGE('',*,*,#1697,.T.);
#3588 = ORIENTED_EDGE('',*,*,#1674,.F.);
#3589 = ORIENTED_EDGE('',*,*,#1651,.F.);
#3590 = ORIENTED_EDGE('',*,*,#1632,.T.);
#3591 = ORIENTED_EDGE('',*,*,#1610,.T.);
#3592 = FACE_BOUND('',#3593,.T.);
#3593 = EDGE_LOOP('',(#3594));
#3594 = ORIENTED_EDGE('',*,*,#3595,.F.);
#3595 = EDGE_CURVE('',#3596,#3596,#3598,.T.);
#3596 = VERTEX_POINT('',#3597);
#3597 = CARTESIAN_POINT('',(-38.185,-46.95,-1.44));
#3598 = CIRCLE('',#3599,1.375);
#3599 = AXIS2_PLACEMENT_3D('',#3600,#3601,#3602);
#3600 = CARTESIAN_POINT('',(-36.81,-46.95,-1.44));
#3601 = DIRECTION('',(0.,1.,-2.2E-16));
#3602 = DIRECTION('',(-1.,0.,0.));
#3603 = PLANE('',#3604);
#3604 = AXIS2_PLACEMENT_3D('',#3605,#3606,#3607);
#3605 = CARTESIAN_POINT('',(-43.9758483197,-46.95,-1.847284605633));
#3606 = DIRECTION('',(0.,1.,0.));
#3607 = DIRECTION('',(0.,0.,1.));
#3608 = ADVANCED_FACE('',(#3609,#3617),#3628,.T.);
#3609 = FACE_BOUND('',#3610,.T.);
#3610 = EDGE_LOOP('',(#3611,#3612,#3613,#3614,#3615,#3616));
#3611 = ORIENTED_EDGE('',*,*,#1793,.F.);
#3612 = ORIENTED_EDGE('',*,*,#1778,.T.);
#3613 = ORIENTED_EDGE('',*,*,#1751,.T.);
#3614 = ORIENTED_EDGE('',*,*,#1719,.T.);
#3615 = ORIENTED_EDGE('',*,*,#635,.T.);
#3616 = ORIENTED_EDGE('',*,*,#1816,.T.);
#3617 = FACE_BOUND('',#3618,.T.);
#3618 = EDGE_LOOP('',(#3619));
#3619 = ORIENTED_EDGE('',*,*,#3620,.F.);
#3620 = EDGE_CURVE('',#3621,#3621,#3623,.T.);
#3621 = VERTEX_POINT('',#3622);
#3622 = CARTESIAN_POINT('',(-48.975,-46.95,-1.44));
#3623 = CIRCLE('',#3624,1.375);
#3624 = AXIS2_PLACEMENT_3D('',#3625,#3626,#3627);
#3625 = CARTESIAN_POINT('',(-47.6,-46.95,-1.44));
#3626 = DIRECTION('',(0.,1.,-2.2E-16));
#3627 = DIRECTION('',(-1.,0.,0.));
#3628 = PLANE('',#3629);
#3629 = AXIS2_PLACEMENT_3D('',#3630,#3631,#3632);
#3630 = CARTESIAN_POINT('',(-43.9758483197,-46.95,-1.847284605633));
#3631 = DIRECTION('',(0.,1.,0.));
#3632 = DIRECTION('',(0.,0.,1.));
#3633 = ADVANCED_FACE('',(#3634),#3670,.T.);
#3634 = FACE_BOUND('',#3635,.F.);
#3635 = EDGE_LOOP('',(#3636,#3644,#3653,#3662,#3668,#3669));
#3636 = ORIENTED_EDGE('',*,*,#3637,.T.);
#3637 = EDGE_CURVE('',#911,#3638,#3640,.T.);
#3638 = VERTEX_POINT('',#3639);
#3639 = CARTESIAN_POINT('',(-42.25354325633,-33.6274,1.418167631835E-16)
  );
#3640 = LINE('',#3641,#3642);
#3641 = CARTESIAN_POINT('',(-42.25354325633,-33.6274,-4.));
#3642 = VECTOR('',#3643,1.);
#3643 = DIRECTION('',(0.,0.,1.));
#3644 = ORIENTED_EDGE('',*,*,#3645,.T.);
#3645 = EDGE_CURVE('',#3638,#3646,#3648,.T.);
#3646 = VERTEX_POINT('',#3647);
#3647 = CARTESIAN_POINT('',(-35.8526,-33.1274,0.));
#3648 = CIRCLE('',#3649,3.22);
#3649 = AXIS2_PLACEMENT_3D('',#3650,#3651,#3652);
#3650 = CARTESIAN_POINT('',(-39.0726,-33.1274,0.));
#3651 = DIRECTION('',(0.,0.,1.));
#3652 = DIRECTION('',(1.,0.,0.));
#3653 = ORIENTED_EDGE('',*,*,#3654,.T.);
#3654 = EDGE_CURVE('',#3646,#3655,#3657,.T.);
#3655 = VERTEX_POINT('',#3656);
#3656 = CARTESIAN_POINT('',(-42.25354325633,-32.6274,0.));
#3657 = CIRCLE('',#3658,3.22);
#3658 = AXIS2_PLACEMENT_3D('',#3659,#3660,#3661);
#3659 = CARTESIAN_POINT('',(-39.0726,-33.1274,0.));
#3660 = DIRECTION('',(0.,0.,1.));
#3661 = DIRECTION('',(1.,0.,0.));
#3662 = ORIENTED_EDGE('',*,*,#3663,.F.);
#3663 = EDGE_CURVE('',#902,#3655,#3664,.T.);
#3664 = LINE('',#3665,#3666);
#3665 = CARTESIAN_POINT('',(-42.25354325633,-32.6274,-4.));
#3666 = VECTOR('',#3667,1.);
#3667 = DIRECTION('',(0.,0.,1.));
#3668 = ORIENTED_EDGE('',*,*,#899,.F.);
#3669 = ORIENTED_EDGE('',*,*,#910,.F.);
#3670 = CYLINDRICAL_SURFACE('',#3671,3.22);
#3671 = AXIS2_PLACEMENT_3D('',#3672,#3673,#3674);
#3672 = CARTESIAN_POINT('',(-39.0726,-33.1274,-4.));
#3673 = DIRECTION('',(-0.,-0.,-1.));
#3674 = DIRECTION('',(1.,0.,0.));
#3675 = ADVANCED_FACE('',(#3676),#3686,.F.);
#3676 = FACE_BOUND('',#3677,.F.);
#3677 = EDGE_LOOP('',(#3678,#3679,#3680));
#3678 = ORIENTED_EDGE('',*,*,#935,.F.);
#3679 = ORIENTED_EDGE('',*,*,#3663,.T.);
#3680 = ORIENTED_EDGE('',*,*,#3681,.T.);
#3681 = EDGE_CURVE('',#3655,#928,#3682,.T.);
#3682 = LINE('',#3683,#3684);
#3683 = CARTESIAN_POINT('',(-42.25354325633,-32.6274,0.));
#3684 = VECTOR('',#3685,1.);
#3685 = DIRECTION('',(-0.710533784737,-1.562445922702E-16,
    -0.703663087527));
#3686 = PLANE('',#3687);
#3687 = AXIS2_PLACEMENT_3D('',#3688,#3689,#3690);
#3688 = CARTESIAN_POINT('',(-42.25354325633,-32.6274,-4.));
#3689 = DIRECTION('',(0.,-1.,0.));
#3690 = DIRECTION('',(-1.,0.,0.));
#3691 = ADVANCED_FACE('',(#3692),#3702,.F.);
#3692 = FACE_BOUND('',#3693,.F.);
#3693 = EDGE_LOOP('',(#3694,#3695,#3701));
#3694 = ORIENTED_EDGE('',*,*,#919,.F.);
#3695 = ORIENTED_EDGE('',*,*,#3696,.T.);
#3696 = EDGE_CURVE('',#920,#3638,#3697,.T.);
#3697 = LINE('',#3698,#3699);
#3698 = CARTESIAN_POINT('',(-44.27307162816,-33.6274,-2.));
#3699 = VECTOR('',#3700,1.);
#3700 = DIRECTION('',(0.710533784737,0.,0.703663087527));
#3701 = ORIENTED_EDGE('',*,*,#3637,.F.);
#3702 = PLANE('',#3703);
#3703 = AXIS2_PLACEMENT_3D('',#3704,#3705,#3706);
#3704 = CARTESIAN_POINT('',(-46.2926,-33.6274,-4.));
#3705 = DIRECTION('',(0.,1.,0.));
#3706 = DIRECTION('',(1.,0.,0.));
#3707 = ADVANCED_FACE('',(#3708),#3719,.F.);
#3708 = FACE_BOUND('',#3709,.F.);
#3709 = EDGE_LOOP('',(#3710,#3711,#3717,#3718));
#3710 = ORIENTED_EDGE('',*,*,#3681,.F.);
#3711 = ORIENTED_EDGE('',*,*,#3712,.T.);
#3712 = EDGE_CURVE('',#3655,#3638,#3713,.T.);
#3713 = LINE('',#3714,#3715);
#3714 = CARTESIAN_POINT('',(-42.25354325633,-32.6274,0.));
#3715 = VECTOR('',#3716,1.);
#3716 = DIRECTION('',(0.,-1.,2.22044604925E-16));
#3717 = ORIENTED_EDGE('',*,*,#3696,.F.);
#3718 = ORIENTED_EDGE('',*,*,#927,.F.);
#3719 = PLANE('',#3720);
#3720 = AXIS2_PLACEMENT_3D('',#3721,#3722,#3723);
#3721 = CARTESIAN_POINT('',(-42.25354325633,-32.6274,0.));
#3722 = DIRECTION('',(0.703663087527,-1.577701935177E-16,-0.710533784737
    ));
#3723 = DIRECTION('',(-0.710533784737,-1.562445922702E-16,
    -0.703663087527));
#3724 = ADVANCED_FACE('',(#3725),#3761,.T.);
#3725 = FACE_BOUND('',#3726,.T.);
#3726 = EDGE_LOOP('',(#3727,#3738,#3747,#3753,#3754,#3755));
#3727 = ORIENTED_EDGE('',*,*,#3728,.T.);
#3728 = EDGE_CURVE('',#3729,#3731,#3733,.T.);
#3729 = VERTEX_POINT('',#3730);
#3730 = CARTESIAN_POINT('',(13.019073617924,-38.4024,0.));
#3731 = VERTEX_POINT('',#3732);
#3732 = CARTESIAN_POINT('',(14.1496,-40.8524,0.));
#3733 = CIRCLE('',#3734,3.22);
#3734 = AXIS2_PLACEMENT_3D('',#3735,#3736,#3737);
#3735 = CARTESIAN_POINT('',(10.9296,-40.8524,0.));
#3736 = DIRECTION('',(0.,0.,-1.));
#3737 = DIRECTION('',(1.,0.,0.));
#3738 = ORIENTED_EDGE('',*,*,#3739,.T.);
#3739 = EDGE_CURVE('',#3731,#3740,#3742,.T.);
#3740 = VERTEX_POINT('',#3741);
#3741 = CARTESIAN_POINT('',(7.950917882236,-42.07545062908,0.));
#3742 = CIRCLE('',#3743,3.22);
#3743 = AXIS2_PLACEMENT_3D('',#3744,#3745,#3746);
#3744 = CARTESIAN_POINT('',(10.9296,-40.8524,0.));
#3745 = DIRECTION('',(0.,0.,-1.));
#3746 = DIRECTION('',(1.,0.,0.));
#3747 = ORIENTED_EDGE('',*,*,#3748,.F.);
#3748 = EDGE_CURVE('',#955,#3740,#3749,.T.);
#3749 = LINE('',#3750,#3751);
#3750 = CARTESIAN_POINT('',(7.950917882236,-42.07545062908,-4.));
#3751 = VECTOR('',#3752,1.);
#3752 = DIRECTION('',(0.,0.,1.));
#3753 = ORIENTED_EDGE('',*,*,#954,.T.);
#3754 = ORIENTED_EDGE('',*,*,#943,.T.);
#3755 = ORIENTED_EDGE('',*,*,#3756,.F.);
#3756 = EDGE_CURVE('',#3729,#946,#3757,.T.);
#3757 = LINE('',#3758,#3759);
#3758 = CARTESIAN_POINT('',(13.019073617924,-38.4024,0.));
#3759 = VECTOR('',#3760,1.);
#3760 = DIRECTION('',(-0.,-0.,-1.));
#3761 = CYLINDRICAL_SURFACE('',#3762,3.22);
#3762 = AXIS2_PLACEMENT_3D('',#3763,#3764,#3765);
#3763 = CARTESIAN_POINT('',(10.9296,-40.8524,-4.));
#3764 = DIRECTION('',(0.,0.,1.));
#3765 = DIRECTION('',(1.,0.,0.));
#3766 = ADVANCED_FACE('',(#3767),#3785,.F.);
#3767 = FACE_BOUND('',#3768,.F.);
#3768 = EDGE_LOOP('',(#3769,#3777,#3783,#3784));
#3769 = ORIENTED_EDGE('',*,*,#3770,.F.);
#3770 = EDGE_CURVE('',#3771,#3729,#3773,.T.);
#3771 = VERTEX_POINT('',#3772);
#3772 = CARTESIAN_POINT('',(8.840126382076,-38.4024,0.));
#3773 = LINE('',#3774,#3775);
#3774 = CARTESIAN_POINT('',(8.840126382076,-38.4024,0.));
#3775 = VECTOR('',#3776,1.);
#3776 = DIRECTION('',(1.,0.,0.));
#3777 = ORIENTED_EDGE('',*,*,#3778,.T.);
#3778 = EDGE_CURVE('',#3771,#1023,#3779,.T.);
#3779 = LINE('',#3780,#3781);
#3780 = CARTESIAN_POINT('',(8.840126382076,-38.4024,0.));
#3781 = VECTOR('',#3782,1.);
#3782 = DIRECTION('',(-0.,-0.,-1.));
#3783 = ORIENTED_EDGE('',*,*,#1031,.F.);
#3784 = ORIENTED_EDGE('',*,*,#3756,.F.);
#3785 = PLANE('',#3786);
#3786 = AXIS2_PLACEMENT_3D('',#3787,#3788,#3789);
#3787 = CARTESIAN_POINT('',(8.840126382076,-38.4024,0.));
#3788 = DIRECTION('',(0.,-1.,0.));
#3789 = DIRECTION('',(1.,0.,0.));
#3790 = ADVANCED_FACE('',(#3791),#3810,.T.);
#3791 = FACE_BOUND('',#3792,.F.);
#3792 = EDGE_LOOP('',(#3793,#3794,#3802,#3809));
#3793 = ORIENTED_EDGE('',*,*,#963,.F.);
#3794 = ORIENTED_EDGE('',*,*,#3795,.T.);
#3795 = EDGE_CURVE('',#964,#3796,#3798,.T.);
#3796 = VERTEX_POINT('',#3797);
#3797 = CARTESIAN_POINT('',(1.809056743669,-41.31,-1.936964386397E-16));
#3798 = LINE('',#3799,#3800);
#3799 = CARTESIAN_POINT('',(1.809056743669,-41.31,-4.));
#3800 = VECTOR('',#3801,1.);
#3801 = DIRECTION('',(0.,0.,1.));
#3802 = ORIENTED_EDGE('',*,*,#3803,.F.);
#3803 = EDGE_CURVE('',#3740,#3796,#3804,.T.);
#3804 = CIRCLE('',#3805,3.22);
#3805 = AXIS2_PLACEMENT_3D('',#3806,#3807,#3808);
#3806 = CARTESIAN_POINT('',(4.99,-40.81,0.));
#3807 = DIRECTION('',(0.,0.,-1.));
#3808 = DIRECTION('',(1.,0.,0.));
#3809 = ORIENTED_EDGE('',*,*,#3748,.F.);
#3810 = CYLINDRICAL_SURFACE('',#3811,3.22);
#3811 = AXIS2_PLACEMENT_3D('',#3812,#3813,#3814);
#3812 = CARTESIAN_POINT('',(4.99,-40.81,-4.));
#3813 = DIRECTION('',(-0.,-0.,-1.));
#3814 = DIRECTION('',(1.,0.,0.));
#3815 = ADVANCED_FACE('',(#3816),#3835,.T.);
#3816 = FACE_BOUND('',#3817,.T.);
#3817 = EDGE_LOOP('',(#3818,#3826,#3833,#3834));
#3818 = ORIENTED_EDGE('',*,*,#3819,.T.);
#3819 = EDGE_CURVE('',#1014,#3820,#3822,.T.);
#3820 = VERTEX_POINT('',#3821);
#3821 = CARTESIAN_POINT('',(7.968682117764,-39.58694937091,0.));
#3822 = LINE('',#3823,#3824);
#3823 = CARTESIAN_POINT('',(7.968682117764,-39.58694937091,-4.));
#3824 = VECTOR('',#3825,1.);
#3825 = DIRECTION('',(0.,0.,1.));
#3826 = ORIENTED_EDGE('',*,*,#3827,.T.);
#3827 = EDGE_CURVE('',#3820,#3771,#3828,.T.);
#3828 = CIRCLE('',#3829,3.22);
#3829 = AXIS2_PLACEMENT_3D('',#3830,#3831,#3832);
#3830 = CARTESIAN_POINT('',(10.9296,-40.8524,0.));
#3831 = DIRECTION('',(0.,0.,-1.));
#3832 = DIRECTION('',(1.,0.,0.));
#3833 = ORIENTED_EDGE('',*,*,#3778,.T.);
#3834 = ORIENTED_EDGE('',*,*,#1022,.T.);
#3835 = CYLINDRICAL_SURFACE('',#3836,3.22);
#3836 = AXIS2_PLACEMENT_3D('',#3837,#3838,#3839);
#3837 = CARTESIAN_POINT('',(10.9296,-40.8524,-4.));
#3838 = DIRECTION('',(0.,0.,1.));
#3839 = DIRECTION('',(1.,0.,0.));
#3840 = ADVANCED_FACE('',(#3841),#3851,.F.);
#3841 = FACE_BOUND('',#3842,.F.);
#3842 = EDGE_LOOP('',(#3843,#3844,#3850));
#3843 = ORIENTED_EDGE('',*,*,#972,.F.);
#3844 = ORIENTED_EDGE('',*,*,#3845,.F.);
#3845 = EDGE_CURVE('',#3796,#973,#3846,.T.);
#3846 = LINE('',#3847,#3848);
#3847 = CARTESIAN_POINT('',(-2.23,-41.31,-4.));
#3848 = VECTOR('',#3849,1.);
#3849 = DIRECTION('',(-0.710533784737,0.,-0.703663087527));
#3850 = ORIENTED_EDGE('',*,*,#3795,.F.);
#3851 = PLANE('',#3852);
#3852 = AXIS2_PLACEMENT_3D('',#3853,#3854,#3855);
#3853 = CARTESIAN_POINT('',(-2.23,-41.31,-4.));
#3854 = DIRECTION('',(0.,1.,0.));
#3855 = DIRECTION('',(1.,0.,0.));
#3856 = ADVANCED_FACE('',(#3857),#3876,.T.);
#3857 = FACE_BOUND('',#3858,.F.);
#3858 = EDGE_LOOP('',(#3859,#3860,#3861,#3870));
#3859 = ORIENTED_EDGE('',*,*,#1013,.F.);
#3860 = ORIENTED_EDGE('',*,*,#3819,.T.);
#3861 = ORIENTED_EDGE('',*,*,#3862,.F.);
#3862 = EDGE_CURVE('',#3863,#3820,#3865,.T.);
#3863 = VERTEX_POINT('',#3864);
#3864 = CARTESIAN_POINT('',(7.128191347845,-38.4024,0.));
#3865 = CIRCLE('',#3866,3.22);
#3866 = AXIS2_PLACEMENT_3D('',#3867,#3868,#3869);
#3867 = CARTESIAN_POINT('',(4.99,-40.81,0.));
#3868 = DIRECTION('',(0.,0.,-1.));
#3869 = DIRECTION('',(1.,0.,0.));
#3870 = ORIENTED_EDGE('',*,*,#3871,.T.);
#3871 = EDGE_CURVE('',#3863,#1006,#3872,.T.);
#3872 = LINE('',#3873,#3874);
#3873 = CARTESIAN_POINT('',(7.128191347845,-38.4024,0.));
#3874 = VECTOR('',#3875,1.);
#3875 = DIRECTION('',(-0.,-0.,-1.));
#3876 = CYLINDRICAL_SURFACE('',#3877,3.22);
#3877 = AXIS2_PLACEMENT_3D('',#3878,#3879,#3880);
#3878 = CARTESIAN_POINT('',(4.99,-40.81,-4.));
#3879 = DIRECTION('',(-0.,-0.,-1.));
#3880 = DIRECTION('',(1.,0.,0.));
#3881 = ADVANCED_FACE('',(#3882),#3900,.T.);
#3882 = FACE_BOUND('',#3883,.T.);
#3883 = EDGE_LOOP('',(#3884,#3892,#3893,#3894));
#3884 = ORIENTED_EDGE('',*,*,#3885,.F.);
#3885 = EDGE_CURVE('',#981,#3886,#3888,.T.);
#3886 = VERTEX_POINT('',#3887);
#3887 = CARTESIAN_POINT('',(1.809056743669,-40.31,-1.385803478549E-16));
#3888 = LINE('',#3889,#3890);
#3889 = CARTESIAN_POINT('',(-2.23,-40.31,-4.));
#3890 = VECTOR('',#3891,1.);
#3891 = DIRECTION('',(0.710533784737,1.562445922702E-16,0.703663087527)
  );
#3892 = ORIENTED_EDGE('',*,*,#980,.T.);
#3893 = ORIENTED_EDGE('',*,*,#3845,.F.);
#3894 = ORIENTED_EDGE('',*,*,#3895,.F.);
#3895 = EDGE_CURVE('',#3886,#3796,#3896,.T.);
#3896 = LINE('',#3897,#3898);
#3897 = CARTESIAN_POINT('',(1.809056743669,-40.31,-4.157410435647E-16));
#3898 = VECTOR('',#3899,1.);
#3899 = DIRECTION('',(0.,-1.,2.22044604925E-16));
#3900 = PLANE('',#3901);
#3901 = AXIS2_PLACEMENT_3D('',#3902,#3903,#3904);
#3902 = CARTESIAN_POINT('',(-2.23,-40.31,-4.));
#3903 = DIRECTION('',(-0.703663087527,1.577701935177E-16,0.710533784737)
  );
#3904 = DIRECTION('',(0.710533784737,1.562445922702E-16,0.703663087527)
  );
#3905 = ADVANCED_FACE('',(#3906),#3924,.F.);
#3906 = FACE_BOUND('',#3907,.F.);
#3907 = EDGE_LOOP('',(#3908,#3916,#3922,#3923));
#3908 = ORIENTED_EDGE('',*,*,#3909,.F.);
#3909 = EDGE_CURVE('',#3910,#3863,#3912,.T.);
#3910 = VERTEX_POINT('',#3911);
#3911 = CARTESIAN_POINT('',(2.851808652155,-38.4024,0.));
#3912 = LINE('',#3913,#3914);
#3913 = CARTESIAN_POINT('',(2.851808652155,-38.4024,0.));
#3914 = VECTOR('',#3915,1.);
#3915 = DIRECTION('',(1.,1.66E-15,0.));
#3916 = ORIENTED_EDGE('',*,*,#3917,.T.);
#3917 = EDGE_CURVE('',#3910,#997,#3918,.T.);
#3918 = LINE('',#3919,#3920);
#3919 = CARTESIAN_POINT('',(2.851808652155,-38.4024,0.));
#3920 = VECTOR('',#3921,1.);
#3921 = DIRECTION('',(-0.,-0.,-1.));
#3922 = ORIENTED_EDGE('',*,*,#1005,.F.);
#3923 = ORIENTED_EDGE('',*,*,#3871,.F.);
#3924 = PLANE('',#3925);
#3925 = AXIS2_PLACEMENT_3D('',#3926,#3927,#3928);
#3926 = CARTESIAN_POINT('',(2.851808652155,-38.4024,0.));
#3927 = DIRECTION('',(1.66E-15,-1.,0.));
#3928 = DIRECTION('',(1.,1.66E-15,0.));
#3929 = ADVANCED_FACE('',(#3930),#3940,.F.);
#3930 = FACE_BOUND('',#3931,.F.);
#3931 = EDGE_LOOP('',(#3932,#3933,#3939));
#3932 = ORIENTED_EDGE('',*,*,#988,.F.);
#3933 = ORIENTED_EDGE('',*,*,#3934,.T.);
#3934 = EDGE_CURVE('',#989,#3886,#3935,.T.);
#3935 = LINE('',#3936,#3937);
#3936 = CARTESIAN_POINT('',(1.809056743669,-40.31,-4.));
#3937 = VECTOR('',#3938,1.);
#3938 = DIRECTION('',(0.,0.,1.));
#3939 = ORIENTED_EDGE('',*,*,#3885,.F.);
#3940 = PLANE('',#3941);
#3941 = AXIS2_PLACEMENT_3D('',#3942,#3943,#3944);
#3942 = CARTESIAN_POINT('',(1.809056743669,-40.31,-4.));
#3943 = DIRECTION('',(0.,-1.,0.));
#3944 = DIRECTION('',(-1.,0.,0.));
#3945 = ADVANCED_FACE('',(#3946),#3958,.T.);
#3946 = FACE_BOUND('',#3947,.F.);
#3947 = EDGE_LOOP('',(#3948,#3949,#3950,#3957));
#3948 = ORIENTED_EDGE('',*,*,#996,.F.);
#3949 = ORIENTED_EDGE('',*,*,#3917,.F.);
#3950 = ORIENTED_EDGE('',*,*,#3951,.F.);
#3951 = EDGE_CURVE('',#3886,#3910,#3952,.T.);
#3952 = CIRCLE('',#3953,3.22);
#3953 = AXIS2_PLACEMENT_3D('',#3954,#3955,#3956);
#3954 = CARTESIAN_POINT('',(4.99,-40.81,0.));
#3955 = DIRECTION('',(0.,0.,-1.));
#3956 = DIRECTION('',(1.,0.,0.));
#3957 = ORIENTED_EDGE('',*,*,#3934,.F.);
#3958 = CYLINDRICAL_SURFACE('',#3959,3.22);
#3959 = AXIS2_PLACEMENT_3D('',#3960,#3961,#3962);
#3960 = CARTESIAN_POINT('',(4.99,-40.81,-4.));
#3961 = DIRECTION('',(-0.,-0.,-1.));
#3962 = DIRECTION('',(1.,0.,0.));
#3963 = ADVANCED_FACE('',(#3964),#4000,.T.);
#3964 = FACE_BOUND('',#3965,.T.);
#3965 = EDGE_LOOP('',(#3966,#3977,#3983,#3984,#3985,#3993));
#3966 = ORIENTED_EDGE('',*,*,#3967,.T.);
#3967 = EDGE_CURVE('',#3968,#3970,#3972,.T.);
#3968 = VERTEX_POINT('',#3969);
#3969 = CARTESIAN_POINT('',(42.385,-33.1274,0.));
#3970 = VERTEX_POINT('',#3971);
#3971 = CARTESIAN_POINT('',(35.984056743669,-33.6274,2.22044604925E-16)
  );
#3972 = CIRCLE('',#3973,3.22);
#3973 = AXIS2_PLACEMENT_3D('',#3974,#3975,#3976);
#3974 = CARTESIAN_POINT('',(39.165,-33.1274,0.));
#3975 = DIRECTION('',(0.,0.,-1.));
#3976 = DIRECTION('',(1.,0.,0.));
#3977 = ORIENTED_EDGE('',*,*,#3978,.F.);
#3978 = EDGE_CURVE('',#1051,#3970,#3979,.T.);
#3979 = LINE('',#3980,#3981);
#3980 = CARTESIAN_POINT('',(35.984056743669,-33.6274,-4.));
#3981 = VECTOR('',#3982,1.);
#3982 = DIRECTION('',(0.,0.,1.));
#3983 = ORIENTED_EDGE('',*,*,#1050,.T.);
#3984 = ORIENTED_EDGE('',*,*,#1039,.T.);
#3985 = ORIENTED_EDGE('',*,*,#3986,.T.);
#3986 = EDGE_CURVE('',#1042,#3987,#3989,.T.);
#3987 = VERTEX_POINT('',#3988);
#3988 = CARTESIAN_POINT('',(35.984056743669,-32.6274,0.));
#3989 = LINE('',#3990,#3991);
#3990 = CARTESIAN_POINT('',(35.984056743669,-32.6274,-4.));
#3991 = VECTOR('',#3992,1.);
#3992 = DIRECTION('',(0.,0.,1.));
#3993 = ORIENTED_EDGE('',*,*,#3994,.T.);
#3994 = EDGE_CURVE('',#3987,#3968,#3995,.T.);
#3995 = CIRCLE('',#3996,3.22);
#3996 = AXIS2_PLACEMENT_3D('',#3997,#3998,#3999);
#3997 = CARTESIAN_POINT('',(39.165,-33.1274,0.));
#3998 = DIRECTION('',(0.,0.,-1.));
#3999 = DIRECTION('',(1.,0.,0.));
#4000 = CYLINDRICAL_SURFACE('',#4001,3.22);
#4001 = AXIS2_PLACEMENT_3D('',#4002,#4003,#4004);
#4002 = CARTESIAN_POINT('',(39.165,-33.1274,-4.));
#4003 = DIRECTION('',(0.,0.,1.));
#4004 = DIRECTION('',(1.,0.,0.));
#4005 = ADVANCED_FACE('',(#4006),#4016,.F.);
#4006 = FACE_BOUND('',#4007,.F.);
#4007 = EDGE_LOOP('',(#4008,#4009,#4010));
#4008 = ORIENTED_EDGE('',*,*,#1075,.F.);
#4009 = ORIENTED_EDGE('',*,*,#3986,.T.);
#4010 = ORIENTED_EDGE('',*,*,#4011,.T.);
#4011 = EDGE_CURVE('',#3987,#1068,#4012,.T.);
#4012 = LINE('',#4013,#4014);
#4013 = CARTESIAN_POINT('',(35.984056743669,-32.6274,0.));
#4014 = VECTOR('',#4015,1.);
#4015 = DIRECTION('',(-0.710533784737,-1.562445922702E-16,
    -0.703663087527));
#4016 = PLANE('',#4017);
#4017 = AXIS2_PLACEMENT_3D('',#4018,#4019,#4020);
#4018 = CARTESIAN_POINT('',(35.984056743669,-32.6274,-4.));
#4019 = DIRECTION('',(0.,-1.,0.));
#4020 = DIRECTION('',(-1.,0.,0.));
#4021 = ADVANCED_FACE('',(#4022),#4032,.F.);
#4022 = FACE_BOUND('',#4023,.F.);
#4023 = EDGE_LOOP('',(#4024,#4025,#4031));
#4024 = ORIENTED_EDGE('',*,*,#1059,.F.);
#4025 = ORIENTED_EDGE('',*,*,#4026,.T.);
#4026 = EDGE_CURVE('',#1060,#3970,#4027,.T.);
#4027 = LINE('',#4028,#4029);
#4028 = CARTESIAN_POINT('',(33.964528371834,-33.6274,-2.));
#4029 = VECTOR('',#4030,1.);
#4030 = DIRECTION('',(0.710533784737,0.,0.703663087527));
#4031 = ORIENTED_EDGE('',*,*,#3978,.F.);
#4032 = PLANE('',#4033);
#4033 = AXIS2_PLACEMENT_3D('',#4034,#4035,#4036);
#4034 = CARTESIAN_POINT('',(31.945,-33.6274,-4.));
#4035 = DIRECTION('',(0.,1.,0.));
#4036 = DIRECTION('',(1.,0.,0.));
#4037 = ADVANCED_FACE('',(#4038),#4049,.F.);
#4038 = FACE_BOUND('',#4039,.F.);
#4039 = EDGE_LOOP('',(#4040,#4041,#4047,#4048));
#4040 = ORIENTED_EDGE('',*,*,#4011,.F.);
#4041 = ORIENTED_EDGE('',*,*,#4042,.T.);
#4042 = EDGE_CURVE('',#3987,#3970,#4043,.T.);
#4043 = LINE('',#4044,#4045);
#4044 = CARTESIAN_POINT('',(35.984056743669,-32.6274,0.));
#4045 = VECTOR('',#4046,1.);
#4046 = DIRECTION('',(0.,-1.,2.22044604925E-16));
#4047 = ORIENTED_EDGE('',*,*,#4026,.F.);
#4048 = ORIENTED_EDGE('',*,*,#1067,.F.);
#4049 = PLANE('',#4050);
#4050 = AXIS2_PLACEMENT_3D('',#4051,#4052,#4053);
#4051 = CARTESIAN_POINT('',(35.984056743669,-32.6274,0.));
#4052 = DIRECTION('',(0.703663087527,-1.577701935177E-16,-0.710533784737
    ));
#4053 = DIRECTION('',(-0.710533784737,-1.562445922702E-16,
    -0.703663087527));
#4054 = ADVANCED_FACE('',(#4055),#4081,.T.);
#4055 = FACE_BOUND('',#4056,.T.);
#4056 = EDGE_LOOP('',(#4057,#4068,#4074,#4075));
#4057 = ORIENTED_EDGE('',*,*,#4058,.T.);
#4058 = EDGE_CURVE('',#4059,#4061,#4063,.T.);
#4059 = VERTEX_POINT('',#4060);
#4060 = CARTESIAN_POINT('',(28.779856743669,-1.72E-02,0.));
#4061 = VERTEX_POINT('',#4062);
#4062 = CARTESIAN_POINT('',(34.4208,1.560491026118,0.));
#4063 = CIRCLE('',#4064,3.22);
#4064 = AXIS2_PLACEMENT_3D('',#4065,#4066,#4067);
#4065 = CARTESIAN_POINT('',(31.9608,-0.5172,0.));
#4066 = DIRECTION('',(0.,0.,-1.));
#4067 = DIRECTION('',(1.,0.,0.));
#4068 = ORIENTED_EDGE('',*,*,#4069,.T.);
#4069 = EDGE_CURVE('',#4061,#1084,#4070,.T.);
#4070 = LINE('',#4071,#4072);
#4071 = CARTESIAN_POINT('',(34.4208,1.560491026118,0.));
#4072 = VECTOR('',#4073,1.);
#4073 = DIRECTION('',(-0.,-0.,-1.));
#4074 = ORIENTED_EDGE('',*,*,#1083,.T.);
#4075 = ORIENTED_EDGE('',*,*,#4076,.T.);
#4076 = EDGE_CURVE('',#1086,#4059,#4077,.T.);
#4077 = LINE('',#4078,#4079);
#4078 = CARTESIAN_POINT('',(28.779856743669,-1.72E-02,-4.));
#4079 = VECTOR('',#4080,1.);
#4080 = DIRECTION('',(0.,0.,1.));
#4081 = CYLINDRICAL_SURFACE('',#4082,3.22);
#4082 = AXIS2_PLACEMENT_3D('',#4083,#4084,#4085);
#4083 = CARTESIAN_POINT('',(31.9608,-0.5172,-4.));
#4084 = DIRECTION('',(0.,0.,1.));
#4085 = DIRECTION('',(1.,0.,0.));
#4086 = ADVANCED_FACE('',(#4087),#4105,.F.);
#4087 = FACE_BOUND('',#4088,.F.);
#4088 = EDGE_LOOP('',(#4089,#4097,#4098,#4099));
#4089 = ORIENTED_EDGE('',*,*,#4090,.F.);
#4090 = EDGE_CURVE('',#4061,#4091,#4093,.T.);
#4091 = VERTEX_POINT('',#4092);
#4092 = CARTESIAN_POINT('',(34.4208,-2.594891026118,0.));
#4093 = LINE('',#4094,#4095);
#4094 = CARTESIAN_POINT('',(34.4208,1.560491026118,0.));
#4095 = VECTOR('',#4096,1.);
#4096 = DIRECTION('',(0.,-1.,0.));
#4097 = ORIENTED_EDGE('',*,*,#4069,.T.);
#4098 = ORIENTED_EDGE('',*,*,#1094,.F.);
#4099 = ORIENTED_EDGE('',*,*,#4100,.F.);
#4100 = EDGE_CURVE('',#4091,#1095,#4101,.T.);
#4101 = LINE('',#4102,#4103);
#4102 = CARTESIAN_POINT('',(34.4208,-2.594891026118,0.));
#4103 = VECTOR('',#4104,1.);
#4104 = DIRECTION('',(-0.,-0.,-1.));
#4105 = PLANE('',#4106);
#4106 = AXIS2_PLACEMENT_3D('',#4107,#4108,#4109);
#4107 = CARTESIAN_POINT('',(34.4208,1.560491026118,0.));
#4108 = DIRECTION('',(-1.,0.,0.));
#4109 = DIRECTION('',(0.,-1.,0.));
#4110 = ADVANCED_FACE('',(#4111),#4121,.F.);
#4111 = FACE_BOUND('',#4112,.F.);
#4112 = EDGE_LOOP('',(#4113,#4114,#4115));
#4113 = ORIENTED_EDGE('',*,*,#1127,.F.);
#4114 = ORIENTED_EDGE('',*,*,#4076,.T.);
#4115 = ORIENTED_EDGE('',*,*,#4116,.T.);
#4116 = EDGE_CURVE('',#4059,#1120,#4117,.T.);
#4117 = LINE('',#4118,#4119);
#4118 = CARTESIAN_POINT('',(28.779856743669,-1.72E-02,0.));
#4119 = VECTOR('',#4120,1.);
#4120 = DIRECTION('',(-0.710533784737,-1.562445922702E-16,
    -0.703663087527));
#4121 = PLANE('',#4122);
#4122 = AXIS2_PLACEMENT_3D('',#4123,#4124,#4125);
#4123 = CARTESIAN_POINT('',(28.779856743669,-1.72E-02,-4.));
#4124 = DIRECTION('',(0.,-1.,0.));
#4125 = DIRECTION('',(-1.,0.,0.));
#4126 = ADVANCED_FACE('',(#4127),#4146,.T.);
#4127 = FACE_BOUND('',#4128,.T.);
#4128 = EDGE_LOOP('',(#4129,#4138,#4144,#4145));
#4129 = ORIENTED_EDGE('',*,*,#4130,.T.);
#4130 = EDGE_CURVE('',#4091,#4131,#4133,.T.);
#4131 = VERTEX_POINT('',#4132);
#4132 = CARTESIAN_POINT('',(28.779856743669,-1.0172,0.));
#4133 = CIRCLE('',#4134,3.22);
#4134 = AXIS2_PLACEMENT_3D('',#4135,#4136,#4137);
#4135 = CARTESIAN_POINT('',(31.9608,-0.5172,0.));
#4136 = DIRECTION('',(0.,0.,-1.));
#4137 = DIRECTION('',(1.,0.,0.));
#4138 = ORIENTED_EDGE('',*,*,#4139,.F.);
#4139 = EDGE_CURVE('',#1103,#4131,#4140,.T.);
#4140 = LINE('',#4141,#4142);
#4141 = CARTESIAN_POINT('',(28.779856743669,-1.0172,-4.));
#4142 = VECTOR('',#4143,1.);
#4143 = DIRECTION('',(0.,0.,1.));
#4144 = ORIENTED_EDGE('',*,*,#1102,.T.);
#4145 = ORIENTED_EDGE('',*,*,#4100,.F.);
#4146 = CYLINDRICAL_SURFACE('',#4147,3.22);
#4147 = AXIS2_PLACEMENT_3D('',#4148,#4149,#4150);
#4148 = CARTESIAN_POINT('',(31.9608,-0.5172,-4.));
#4149 = DIRECTION('',(0.,0.,1.));
#4150 = DIRECTION('',(1.,0.,0.));
#4151 = ADVANCED_FACE('',(#4152),#4168,.F.);
#4152 = FACE_BOUND('',#4153,.F.);
#4153 = EDGE_LOOP('',(#4154,#4155,#4161,#4167));
#4154 = ORIENTED_EDGE('',*,*,#4116,.F.);
#4155 = ORIENTED_EDGE('',*,*,#4156,.T.);
#4156 = EDGE_CURVE('',#4059,#4131,#4157,.T.);
#4157 = LINE('',#4158,#4159);
#4158 = CARTESIAN_POINT('',(28.779856743669,-1.72E-02,0.));
#4159 = VECTOR('',#4160,1.);
#4160 = DIRECTION('',(0.,-1.,2.22044604925E-16));
#4161 = ORIENTED_EDGE('',*,*,#4162,.F.);
#4162 = EDGE_CURVE('',#1112,#4131,#4163,.T.);
#4163 = LINE('',#4164,#4165);
#4164 = CARTESIAN_POINT('',(26.760328371834,-1.0172,-2.));
#4165 = VECTOR('',#4166,1.);
#4166 = DIRECTION('',(0.710533784737,0.,0.703663087527));
#4167 = ORIENTED_EDGE('',*,*,#1119,.F.);
#4168 = PLANE('',#4169);
#4169 = AXIS2_PLACEMENT_3D('',#4170,#4171,#4172);
#4170 = CARTESIAN_POINT('',(28.779856743669,-1.72E-02,0.));
#4171 = DIRECTION('',(0.703663087527,-1.577701935177E-16,-0.710533784737
    ));
#4172 = DIRECTION('',(-0.710533784737,-1.562445922702E-16,
    -0.703663087527));
#4173 = ADVANCED_FACE('',(#4174),#4179,.F.);
#4174 = FACE_BOUND('',#4175,.F.);
#4175 = EDGE_LOOP('',(#4176,#4177,#4178));
#4176 = ORIENTED_EDGE('',*,*,#1111,.F.);
#4177 = ORIENTED_EDGE('',*,*,#4162,.T.);
#4178 = ORIENTED_EDGE('',*,*,#4139,.F.);
#4179 = PLANE('',#4180);
#4180 = AXIS2_PLACEMENT_3D('',#4181,#4182,#4183);
#4181 = CARTESIAN_POINT('',(24.7408,-1.0172,-4.));
#4182 = DIRECTION('',(0.,1.,0.));
#4183 = DIRECTION('',(1.,0.,0.));
#4184 = ADVANCED_FACE('',(#4185),#4221,.T.);
#4185 = FACE_BOUND('',#4186,.F.);
#4186 = EDGE_LOOP('',(#4187,#4195,#4204,#4213,#4219,#4220));
#4187 = ORIENTED_EDGE('',*,*,#4188,.T.);
#4188 = EDGE_CURVE('',#1147,#4189,#4191,.T.);
#4189 = VERTEX_POINT('',#4190);
#4190 = CARTESIAN_POINT('',(1.809056743669,26.01,0.));
#4191 = LINE('',#4192,#4193);
#4192 = CARTESIAN_POINT('',(1.809056743669,26.01,-4.));
#4193 = VECTOR('',#4194,1.);
#4194 = DIRECTION('',(0.,0.,1.));
#4195 = ORIENTED_EDGE('',*,*,#4196,.F.);
#4196 = EDGE_CURVE('',#4197,#4189,#4199,.T.);
#4197 = VERTEX_POINT('',#4198);
#4198 = CARTESIAN_POINT('',(8.21,26.51,0.));
#4199 = CIRCLE('',#4200,3.22);
#4200 = AXIS2_PLACEMENT_3D('',#4201,#4202,#4203);
#4201 = CARTESIAN_POINT('',(4.99,26.51,0.));
#4202 = DIRECTION('',(0.,0.,-1.));
#4203 = DIRECTION('',(1.,0.,0.));
#4204 = ORIENTED_EDGE('',*,*,#4205,.F.);
#4205 = EDGE_CURVE('',#4206,#4197,#4208,.T.);
#4206 = VERTEX_POINT('',#4207);
#4207 = CARTESIAN_POINT('',(1.809056743669,27.01,0.));
#4208 = CIRCLE('',#4209,3.22);
#4209 = AXIS2_PLACEMENT_3D('',#4210,#4211,#4212);
#4210 = CARTESIAN_POINT('',(4.99,26.51,0.));
#4211 = DIRECTION('',(0.,0.,-1.));
#4212 = DIRECTION('',(1.,0.,0.));
#4213 = ORIENTED_EDGE('',*,*,#4214,.F.);
#4214 = EDGE_CURVE('',#1138,#4206,#4215,.T.);
#4215 = LINE('',#4216,#4217);
#4216 = CARTESIAN_POINT('',(1.809056743669,27.01,-4.));
#4217 = VECTOR('',#4218,1.);
#4218 = DIRECTION('',(0.,0.,1.));
#4219 = ORIENTED_EDGE('',*,*,#1135,.F.);
#4220 = ORIENTED_EDGE('',*,*,#1146,.F.);
#4221 = CYLINDRICAL_SURFACE('',#4222,3.22);
#4222 = AXIS2_PLACEMENT_3D('',#4223,#4224,#4225);
#4223 = CARTESIAN_POINT('',(4.99,26.51,-4.));
#4224 = DIRECTION('',(-0.,-0.,-1.));
#4225 = DIRECTION('',(1.,0.,0.));
#4226 = ADVANCED_FACE('',(#4227),#4237,.F.);
#4227 = FACE_BOUND('',#4228,.F.);
#4228 = EDGE_LOOP('',(#4229,#4230,#4231));
#4229 = ORIENTED_EDGE('',*,*,#1171,.F.);
#4230 = ORIENTED_EDGE('',*,*,#4214,.T.);
#4231 = ORIENTED_EDGE('',*,*,#4232,.T.);
#4232 = EDGE_CURVE('',#4206,#1164,#4233,.T.);
#4233 = LINE('',#4234,#4235);
#4234 = CARTESIAN_POINT('',(1.809056743669,27.01,0.));
#4235 = VECTOR('',#4236,1.);
#4236 = DIRECTION('',(-0.710533784737,-1.562445922702E-16,
    -0.703663087527));
#4237 = PLANE('',#4238);
#4238 = AXIS2_PLACEMENT_3D('',#4239,#4240,#4241);
#4239 = CARTESIAN_POINT('',(1.809056743669,27.01,-4.));
#4240 = DIRECTION('',(0.,-1.,0.));
#4241 = DIRECTION('',(-1.,0.,0.));
#4242 = ADVANCED_FACE('',(#4243),#4253,.F.);
#4243 = FACE_BOUND('',#4244,.F.);
#4244 = EDGE_LOOP('',(#4245,#4246,#4252));
#4245 = ORIENTED_EDGE('',*,*,#1155,.F.);
#4246 = ORIENTED_EDGE('',*,*,#4247,.T.);
#4247 = EDGE_CURVE('',#1156,#4189,#4248,.T.);
#4248 = LINE('',#4249,#4250);
#4249 = CARTESIAN_POINT('',(-0.210471628166,26.01,-2.));
#4250 = VECTOR('',#4251,1.);
#4251 = DIRECTION('',(0.710533784737,0.,0.703663087527));
#4252 = ORIENTED_EDGE('',*,*,#4188,.F.);
#4253 = PLANE('',#4254);
#4254 = AXIS2_PLACEMENT_3D('',#4255,#4256,#4257);
#4255 = CARTESIAN_POINT('',(-2.23,26.01,-4.));
#4256 = DIRECTION('',(0.,1.,0.));
#4257 = DIRECTION('',(1.,0.,0.));
#4258 = ADVANCED_FACE('',(#4259),#4270,.F.);
#4259 = FACE_BOUND('',#4260,.F.);
#4260 = EDGE_LOOP('',(#4261,#4262,#4268,#4269));
#4261 = ORIENTED_EDGE('',*,*,#4232,.F.);
#4262 = ORIENTED_EDGE('',*,*,#4263,.T.);
#4263 = EDGE_CURVE('',#4206,#4189,#4264,.T.);
#4264 = LINE('',#4265,#4266);
#4265 = CARTESIAN_POINT('',(1.809056743669,27.01,0.));
#4266 = VECTOR('',#4267,1.);
#4267 = DIRECTION('',(0.,-1.,2.22044604925E-16));
#4268 = ORIENTED_EDGE('',*,*,#4247,.F.);
#4269 = ORIENTED_EDGE('',*,*,#1163,.F.);
#4270 = PLANE('',#4271);
#4271 = AXIS2_PLACEMENT_3D('',#4272,#4273,#4274);
#4272 = CARTESIAN_POINT('',(1.809056743669,27.01,0.));
#4273 = DIRECTION('',(0.703663087527,-1.577701935177E-16,-0.710533784737
    ));
#4274 = DIRECTION('',(-0.710533784737,-1.562445922702E-16,
    -0.703663087527));
#4275 = ADVANCED_FACE('',(#4276),#4312,.T.);
#4276 = FACE_BOUND('',#4277,.T.);
#4277 = EDGE_LOOP('',(#4278,#4289,#4298,#4304,#4305,#4306));
#4278 = ORIENTED_EDGE('',*,*,#4279,.T.);
#4279 = EDGE_CURVE('',#4280,#4282,#4284,.T.);
#4280 = VERTEX_POINT('',#4281);
#4281 = CARTESIAN_POINT('',(15.825856743669,32.5964,0.));
#4282 = VERTEX_POINT('',#4283);
#4283 = CARTESIAN_POINT('',(22.2268,32.0964,0.));
#4284 = CIRCLE('',#4285,3.22);
#4285 = AXIS2_PLACEMENT_3D('',#4286,#4287,#4288);
#4286 = CARTESIAN_POINT('',(19.0068,32.0964,0.));
#4287 = DIRECTION('',(0.,0.,-1.));
#4288 = DIRECTION('',(1.,0.,0.));
#4289 = ORIENTED_EDGE('',*,*,#4290,.T.);
#4290 = EDGE_CURVE('',#4282,#4291,#4293,.T.);
#4291 = VERTEX_POINT('',#4292);
#4292 = CARTESIAN_POINT('',(20.761336975997,29.3964,0.));
#4293 = CIRCLE('',#4294,3.22);
#4294 = AXIS2_PLACEMENT_3D('',#4295,#4296,#4297);
#4295 = CARTESIAN_POINT('',(19.0068,32.0964,0.));
#4296 = DIRECTION('',(0.,0.,-1.));
#4297 = DIRECTION('',(1.,0.,0.));
#4298 = ORIENTED_EDGE('',*,*,#4299,.T.);
#4299 = EDGE_CURVE('',#4291,#1191,#4300,.T.);
#4300 = LINE('',#4301,#4302);
#4301 = CARTESIAN_POINT('',(20.761336975997,29.3964,0.));
#4302 = VECTOR('',#4303,1.);
#4303 = DIRECTION('',(-0.,-0.,-1.));
#4304 = ORIENTED_EDGE('',*,*,#1190,.T.);
#4305 = ORIENTED_EDGE('',*,*,#1179,.T.);
#4306 = ORIENTED_EDGE('',*,*,#4307,.T.);
#4307 = EDGE_CURVE('',#1182,#4280,#4308,.T.);
#4308 = LINE('',#4309,#4310);
#4309 = CARTESIAN_POINT('',(15.825856743669,32.5964,-4.));
#4310 = VECTOR('',#4311,1.);
#4311 = DIRECTION('',(0.,0.,1.));
#4312 = CYLINDRICAL_SURFACE('',#4313,3.22);
#4313 = AXIS2_PLACEMENT_3D('',#4314,#4315,#4316);
#4314 = CARTESIAN_POINT('',(19.0068,32.0964,-4.));
#4315 = DIRECTION('',(0.,0.,1.));
#4316 = DIRECTION('',(1.,0.,0.));
#4317 = ADVANCED_FACE('',(#4318),#4328,.F.);
#4318 = FACE_BOUND('',#4319,.F.);
#4319 = EDGE_LOOP('',(#4320,#4321,#4322));
#4320 = ORIENTED_EDGE('',*,*,#1232,.F.);
#4321 = ORIENTED_EDGE('',*,*,#4307,.T.);
#4322 = ORIENTED_EDGE('',*,*,#4323,.T.);
#4323 = EDGE_CURVE('',#4280,#1225,#4324,.T.);
#4324 = LINE('',#4325,#4326);
#4325 = CARTESIAN_POINT('',(15.825856743669,32.5964,0.));
#4326 = VECTOR('',#4327,1.);
#4327 = DIRECTION('',(-0.710533784737,-1.562445922702E-16,
    -0.703663087527));
#4328 = PLANE('',#4329);
#4329 = AXIS2_PLACEMENT_3D('',#4330,#4331,#4332);
#4330 = CARTESIAN_POINT('',(15.825856743669,32.5964,-4.));
#4331 = DIRECTION('',(0.,-1.,0.));
#4332 = DIRECTION('',(-1.,0.,0.));
#4333 = ADVANCED_FACE('',(#4334),#4352,.T.);
#4334 = FACE_BOUND('',#4335,.T.);
#4335 = EDGE_LOOP('',(#4336,#4344,#4350,#4351));
#4336 = ORIENTED_EDGE('',*,*,#4337,.F.);
#4337 = EDGE_CURVE('',#4338,#4291,#4340,.T.);
#4338 = VERTEX_POINT('',#4339);
#4339 = CARTESIAN_POINT('',(17.252263024003,29.3964,0.));
#4340 = LINE('',#4341,#4342);
#4341 = CARTESIAN_POINT('',(17.252263024003,29.3964,0.));
#4342 = VECTOR('',#4343,1.);
#4343 = DIRECTION('',(1.,0.,0.));
#4344 = ORIENTED_EDGE('',*,*,#4345,.T.);
#4345 = EDGE_CURVE('',#4338,#1200,#4346,.T.);
#4346 = LINE('',#4347,#4348);
#4347 = CARTESIAN_POINT('',(17.252263024003,29.3964,0.));
#4348 = VECTOR('',#4349,1.);
#4349 = DIRECTION('',(-0.,-0.,-1.));
#4350 = ORIENTED_EDGE('',*,*,#1199,.F.);
#4351 = ORIENTED_EDGE('',*,*,#4299,.F.);
#4352 = PLANE('',#4353);
#4353 = AXIS2_PLACEMENT_3D('',#4354,#4355,#4356);
#4354 = CARTESIAN_POINT('',(17.252263024003,29.3964,0.));
#4355 = DIRECTION('',(0.,-1.,0.));
#4356 = DIRECTION('',(1.,0.,0.));
#4357 = ADVANCED_FACE('',(#4358),#4376,.F.);
#4358 = FACE_BOUND('',#4359,.F.);
#4359 = EDGE_LOOP('',(#4360,#4361,#4369,#4375));
#4360 = ORIENTED_EDGE('',*,*,#4323,.F.);
#4361 = ORIENTED_EDGE('',*,*,#4362,.T.);
#4362 = EDGE_CURVE('',#4280,#4363,#4365,.T.);
#4363 = VERTEX_POINT('',#4364);
#4364 = CARTESIAN_POINT('',(15.825856743669,31.5964,0.));
#4365 = LINE('',#4366,#4367);
#4366 = CARTESIAN_POINT('',(15.825856743669,32.5964,0.));
#4367 = VECTOR('',#4368,1.);
#4368 = DIRECTION('',(0.,-1.,2.22044604925E-16));
#4369 = ORIENTED_EDGE('',*,*,#4370,.F.);
#4370 = EDGE_CURVE('',#1217,#4363,#4371,.T.);
#4371 = LINE('',#4372,#4373);
#4372 = CARTESIAN_POINT('',(13.806328371834,31.5964,-2.));
#4373 = VECTOR('',#4374,1.);
#4374 = DIRECTION('',(0.710533784737,0.,0.703663087527));
#4375 = ORIENTED_EDGE('',*,*,#1224,.F.);
#4376 = PLANE('',#4377);
#4377 = AXIS2_PLACEMENT_3D('',#4378,#4379,#4380);
#4378 = CARTESIAN_POINT('',(15.825856743669,32.5964,0.));
#4379 = DIRECTION('',(0.703663087527,-1.577701935177E-16,-0.710533784737
    ));
#4380 = DIRECTION('',(-0.710533784737,-1.562445922702E-16,
    -0.703663087527));
#4381 = ADVANCED_FACE('',(#4382),#4399,.T.);
#4382 = FACE_BOUND('',#4383,.T.);
#4383 = EDGE_LOOP('',(#4384,#4391,#4397,#4398));
#4384 = ORIENTED_EDGE('',*,*,#4385,.T.);
#4385 = EDGE_CURVE('',#4338,#4363,#4386,.T.);
#4386 = CIRCLE('',#4387,3.22);
#4387 = AXIS2_PLACEMENT_3D('',#4388,#4389,#4390);
#4388 = CARTESIAN_POINT('',(19.0068,32.0964,0.));
#4389 = DIRECTION('',(0.,0.,-1.));
#4390 = DIRECTION('',(1.,0.,0.));
#4391 = ORIENTED_EDGE('',*,*,#4392,.F.);
#4392 = EDGE_CURVE('',#1208,#4363,#4393,.T.);
#4393 = LINE('',#4394,#4395);
#4394 = CARTESIAN_POINT('',(15.825856743669,31.5964,-4.));
#4395 = VECTOR('',#4396,1.);
#4396 = DIRECTION('',(0.,0.,1.));
#4397 = ORIENTED_EDGE('',*,*,#1207,.T.);
#4398 = ORIENTED_EDGE('',*,*,#4345,.F.);
#4399 = CYLINDRICAL_SURFACE('',#4400,3.22);
#4400 = AXIS2_PLACEMENT_3D('',#4401,#4402,#4403);
#4401 = CARTESIAN_POINT('',(19.0068,32.0964,-4.));
#4402 = DIRECTION('',(0.,0.,1.));
#4403 = DIRECTION('',(1.,0.,0.));
#4404 = ADVANCED_FACE('',(#4405),#4410,.F.);
#4405 = FACE_BOUND('',#4406,.F.);
#4406 = EDGE_LOOP('',(#4407,#4408,#4409));
#4407 = ORIENTED_EDGE('',*,*,#1216,.F.);
#4408 = ORIENTED_EDGE('',*,*,#4370,.T.);
#4409 = ORIENTED_EDGE('',*,*,#4392,.F.);
#4410 = PLANE('',#4411);
#4411 = AXIS2_PLACEMENT_3D('',#4412,#4413,#4414);
#4412 = CARTESIAN_POINT('',(11.7868,31.5964,-4.));
#4413 = DIRECTION('',(0.,1.,0.));
#4414 = DIRECTION('',(1.,0.,0.));
#4415 = ADVANCED_FACE('',(#4416),#4452,.T.);
#4416 = FACE_BOUND('',#4417,.T.);
#4417 = EDGE_LOOP('',(#4418,#4429,#4435,#4436,#4437,#4445));
#4418 = ORIENTED_EDGE('',*,*,#4419,.T.);
#4419 = EDGE_CURVE('',#4420,#4422,#4424,.T.);
#4420 = VERTEX_POINT('',#4421);
#4421 = CARTESIAN_POINT('',(42.385,31.5156,0.));
#4422 = VERTEX_POINT('',#4423);
#4423 = CARTESIAN_POINT('',(35.984056743669,31.0156,0.));
#4424 = CIRCLE('',#4425,3.22);
#4425 = AXIS2_PLACEMENT_3D('',#4426,#4427,#4428);
#4426 = CARTESIAN_POINT('',(39.165,31.5156,0.));
#4427 = DIRECTION('',(0.,0.,-1.));
#4428 = DIRECTION('',(1.,0.,0.));
#4429 = ORIENTED_EDGE('',*,*,#4430,.F.);
#4430 = EDGE_CURVE('',#1252,#4422,#4431,.T.);
#4431 = LINE('',#4432,#4433);
#4432 = CARTESIAN_POINT('',(35.984056743669,31.0156,-4.));
#4433 = VECTOR('',#4434,1.);
#4434 = DIRECTION('',(0.,0.,1.));
#4435 = ORIENTED_EDGE('',*,*,#1251,.T.);
#4436 = ORIENTED_EDGE('',*,*,#1240,.T.);
#4437 = ORIENTED_EDGE('',*,*,#4438,.T.);
#4438 = EDGE_CURVE('',#1243,#4439,#4441,.T.);
#4439 = VERTEX_POINT('',#4440);
#4440 = CARTESIAN_POINT('',(35.984056743669,32.0156,0.));
#4441 = LINE('',#4442,#4443);
#4442 = CARTESIAN_POINT('',(35.984056743669,32.0156,-4.));
#4443 = VECTOR('',#4444,1.);
#4444 = DIRECTION('',(0.,0.,1.));
#4445 = ORIENTED_EDGE('',*,*,#4446,.T.);
#4446 = EDGE_CURVE('',#4439,#4420,#4447,.T.);
#4447 = CIRCLE('',#4448,3.22);
#4448 = AXIS2_PLACEMENT_3D('',#4449,#4450,#4451);
#4449 = CARTESIAN_POINT('',(39.165,31.5156,0.));
#4450 = DIRECTION('',(0.,0.,-1.));
#4451 = DIRECTION('',(1.,0.,0.));
#4452 = CYLINDRICAL_SURFACE('',#4453,3.22);
#4453 = AXIS2_PLACEMENT_3D('',#4454,#4455,#4456);
#4454 = CARTESIAN_POINT('',(39.165,31.5156,-4.));
#4455 = DIRECTION('',(0.,0.,1.));
#4456 = DIRECTION('',(1.,0.,0.));
#4457 = ADVANCED_FACE('',(#4458),#4468,.F.);
#4458 = FACE_BOUND('',#4459,.F.);
#4459 = EDGE_LOOP('',(#4460,#4461,#4462));
#4460 = ORIENTED_EDGE('',*,*,#1276,.F.);
#4461 = ORIENTED_EDGE('',*,*,#4438,.T.);
#4462 = ORIENTED_EDGE('',*,*,#4463,.T.);
#4463 = EDGE_CURVE('',#4439,#1269,#4464,.T.);
#4464 = LINE('',#4465,#4466);
#4465 = CARTESIAN_POINT('',(35.984056743669,32.0156,0.));
#4466 = VECTOR('',#4467,1.);
#4467 = DIRECTION('',(-0.710533784737,-1.562445922702E-16,
    -0.703663087527));
#4468 = PLANE('',#4469);
#4469 = AXIS2_PLACEMENT_3D('',#4470,#4471,#4472);
#4470 = CARTESIAN_POINT('',(35.984056743669,32.0156,-4.));
#4471 = DIRECTION('',(0.,-1.,0.));
#4472 = DIRECTION('',(-1.,0.,0.));
#4473 = ADVANCED_FACE('',(#4474),#4484,.F.);
#4474 = FACE_BOUND('',#4475,.F.);
#4475 = EDGE_LOOP('',(#4476,#4477,#4483));
#4476 = ORIENTED_EDGE('',*,*,#1260,.F.);
#4477 = ORIENTED_EDGE('',*,*,#4478,.T.);
#4478 = EDGE_CURVE('',#1261,#4422,#4479,.T.);
#4479 = LINE('',#4480,#4481);
#4480 = CARTESIAN_POINT('',(33.964528371834,31.0156,-2.));
#4481 = VECTOR('',#4482,1.);
#4482 = DIRECTION('',(0.710533784737,0.,0.703663087527));
#4483 = ORIENTED_EDGE('',*,*,#4430,.F.);
#4484 = PLANE('',#4485);
#4485 = AXIS2_PLACEMENT_3D('',#4486,#4487,#4488);
#4486 = CARTESIAN_POINT('',(31.945,31.0156,-4.));
#4487 = DIRECTION('',(0.,1.,0.));
#4488 = DIRECTION('',(1.,0.,0.));
#4489 = ADVANCED_FACE('',(#4490),#4501,.F.);
#4490 = FACE_BOUND('',#4491,.F.);
#4491 = EDGE_LOOP('',(#4492,#4493,#4499,#4500));
#4492 = ORIENTED_EDGE('',*,*,#4463,.F.);
#4493 = ORIENTED_EDGE('',*,*,#4494,.T.);
#4494 = EDGE_CURVE('',#4439,#4422,#4495,.T.);
#4495 = LINE('',#4496,#4497);
#4496 = CARTESIAN_POINT('',(35.984056743669,32.0156,0.));
#4497 = VECTOR('',#4498,1.);
#4498 = DIRECTION('',(0.,-1.,2.22044604925E-16));
#4499 = ORIENTED_EDGE('',*,*,#4478,.F.);
#4500 = ORIENTED_EDGE('',*,*,#1268,.F.);
#4501 = PLANE('',#4502);
#4502 = AXIS2_PLACEMENT_3D('',#4503,#4504,#4505);
#4503 = CARTESIAN_POINT('',(35.984056743669,32.0156,0.));
#4504 = DIRECTION('',(0.703663087527,-1.577701935177E-16,-0.710533784737
    ));
#4505 = DIRECTION('',(-0.710533784737,-1.562445922702E-16,
    -0.703663087527));
#4506 = ADVANCED_FACE('',(#4507),#4525,.F.);
#4507 = FACE_BOUND('',#4508,.T.);
#4508 = EDGE_LOOP('',(#4509,#4518,#4523,#4524));
#4509 = ORIENTED_EDGE('',*,*,#4510,.T.);
#4510 = EDGE_CURVE('',#4511,#4511,#4513,.T.);
#4511 = VERTEX_POINT('',#4512);
#4512 = CARTESIAN_POINT('',(-25.435,-47.,-6.));
#4513 = CIRCLE('',#4514,1.375);
#4514 = AXIS2_PLACEMENT_3D('',#4515,#4516,#4517);
#4515 = CARTESIAN_POINT('',(-26.81,-47.,-6.));
#4516 = DIRECTION('',(0.,0.,-1.));
#4517 = DIRECTION('',(1.,0.,0.));
#4518 = ORIENTED_EDGE('',*,*,#4519,.F.);
#4519 = EDGE_CURVE('',#1567,#4511,#4520,.T.);
#4520 = B_SPLINE_CURVE_WITH_KNOTS('',1,(#4521,#4522),.UNSPECIFIED.,.F.,
  .F.,(2,2),(-2.5,0.5),.PIECEWISE_BEZIER_KNOTS.);
#4521 = CARTESIAN_POINT('',(-25.435,-47.,-3.));
#4522 = CARTESIAN_POINT('',(-25.435,-47.,-6.));
#4523 = ORIENTED_EDGE('',*,*,#1566,.T.);
#4524 = ORIENTED_EDGE('',*,*,#4519,.T.);
#4525 = CYLINDRICAL_SURFACE('',#4526,1.375);
#4526 = AXIS2_PLACEMENT_3D('',#4527,#4528,#4529);
#4527 = CARTESIAN_POINT('',(-26.81,-47.,-5.5));
#4528 = DIRECTION('',(-0.,-0.,-1.));
#4529 = DIRECTION('',(1.,0.,0.));
#4530 = ADVANCED_FACE('',(#4531),#4580,.F.);
#4531 = FACE_BOUND('',#4532,.F.);
#4532 = EDGE_LOOP('',(#4533,#4543,#4551,#4559,#4567,#4573,#4574));
#4533 = ORIENTED_EDGE('',*,*,#4534,.F.);
#4534 = EDGE_CURVE('',#4535,#4537,#4539,.T.);
#4535 = VERTEX_POINT('',#4536);
#4536 = CARTESIAN_POINT('',(-57.90338993329,-50.78365676167,-6.));
#4537 = VERTEX_POINT('',#4538);
#4538 = CARTESIAN_POINT('',(-57.81,-50.8,-6.));
#4539 = LINE('',#4540,#4541);
#4540 = CARTESIAN_POINT('',(-61.81,-50.1,-6.));
#4541 = VECTOR('',#4542,1.);
#4542 = DIRECTION('',(0.985030467156,-0.172380331752,0.));
#4543 = ORIENTED_EDGE('',*,*,#4544,.T.);
#4544 = EDGE_CURVE('',#4535,#4545,#4547,.T.);
#4545 = VERTEX_POINT('',#4546);
#4546 = CARTESIAN_POINT('',(-61.81,-50.1,-5.316343238326));
#4547 = LINE('',#4548,#4549);
#4548 = CARTESIAN_POINT('',(-59.8003275069,-50.45169268629,
    -5.668035924617));
#4549 = VECTOR('',#4550,1.);
#4550 = DIRECTION('',(-0.970713676233,0.169874893341,0.169874893341));
#4551 = ORIENTED_EDGE('',*,*,#4552,.T.);
#4552 = EDGE_CURVE('',#4545,#4553,#4555,.T.);
#4553 = VERTEX_POINT('',#4554);
#4554 = CARTESIAN_POINT('',(-61.81,-50.1,18.626343238326));
#4555 = LINE('',#4556,#4557);
#4556 = CARTESIAN_POINT('',(-61.81,-50.1,-6.));
#4557 = VECTOR('',#4558,1.);
#4558 = DIRECTION('',(0.,0.,1.));
#4559 = ORIENTED_EDGE('',*,*,#4560,.F.);
#4560 = EDGE_CURVE('',#4561,#4553,#4563,.T.);
#4561 = VERTEX_POINT('',#4562);
#4562 = CARTESIAN_POINT('',(-57.90338993329,-50.78365676167,19.31));
#4563 = LINE('',#4564,#4565);
#4564 = CARTESIAN_POINT('',(-61.88713551633,-50.08650128464,
    18.612844522968));
#4565 = VECTOR('',#4566,1.);
#4566 = DIRECTION('',(-0.970713676233,0.169874893341,-0.169874893341));
#4567 = ORIENTED_EDGE('',*,*,#4568,.T.);
#4568 = EDGE_CURVE('',#4561,#1836,#4569,.T.);
#4569 = LINE('',#4570,#4571);
#4570 = CARTESIAN_POINT('',(-57.90338993329,-50.78365676167,19.31));
#4571 = VECTOR('',#4572,1.);
#4572 = DIRECTION('',(0.985030467156,-0.172380331752,0.));
#4573 = ORIENTED_EDGE('',*,*,#1833,.F.);
#4574 = ORIENTED_EDGE('',*,*,#4575,.T.);
#4575 = EDGE_CURVE('',#1834,#4537,#4576,.T.);
#4576 = LINE('',#4577,#4578);
#4577 = CARTESIAN_POINT('',(-57.81,-50.8,19.31));
#4578 = VECTOR('',#4579,1.);
#4579 = DIRECTION('',(-0.,-0.,-1.));
#4580 = PLANE('',#4581);
#4581 = AXIS2_PLACEMENT_3D('',#4582,#4583,#4584);
#4582 = CARTESIAN_POINT('',(-61.81,-50.1,-6.));
#4583 = DIRECTION('',(0.172380331752,0.985030467156,0.));
#4584 = DIRECTION('',(0.985030467156,-0.172380331752,0.));
#4585 = ADVANCED_FACE('',(#4586),#4596,.F.);
#4586 = FACE_BOUND('',#4587,.F.);
#4587 = EDGE_LOOP('',(#4588,#4594,#4595));
#4588 = ORIENTED_EDGE('',*,*,#4589,.F.);
#4589 = EDGE_CURVE('',#1908,#4561,#4590,.T.);
#4590 = LINE('',#4591,#4592);
#4591 = CARTESIAN_POINT('',(-57.81,-50.25,19.31));
#4592 = VECTOR('',#4593,1.);
#4593 = DIRECTION('',(-0.172380331752,-0.985030467156,-0.));
#4594 = ORIENTED_EDGE('',*,*,#1915,.F.);
#4595 = ORIENTED_EDGE('',*,*,#4568,.F.);
#4596 = PLANE('',#4597);
#4597 = AXIS2_PLACEMENT_3D('',#4598,#4599,#4600);
#4598 = CARTESIAN_POINT('',(-57.81,-50.25,19.31));
#4599 = DIRECTION('',(0.,0.,-1.));
#4600 = DIRECTION('',(-0.172380331752,-0.985030467156,-0.));
#4601 = ADVANCED_FACE('',(#4602),#4627,.T.);
#4602 = FACE_BOUND('',#4603,.T.);
#4603 = EDGE_LOOP('',(#4604,#4612,#4613,#4621));
#4604 = ORIENTED_EDGE('',*,*,#4605,.F.);
#4605 = EDGE_CURVE('',#1908,#4606,#4608,.T.);
#4606 = VERTEX_POINT('',#4607);
#4607 = CARTESIAN_POINT('',(-61.81,-49.55,18.61));
#4608 = LINE('',#4609,#4610);
#4609 = CARTESIAN_POINT('',(-57.81,-50.25,19.31));
#4610 = VECTOR('',#4611,1.);
#4611 = DIRECTION('',(-0.970713676233,0.169874893341,-0.169874893341));
#4612 = ORIENTED_EDGE('',*,*,#1907,.T.);
#4613 = ORIENTED_EDGE('',*,*,#4614,.T.);
#4614 = EDGE_CURVE('',#1900,#4615,#4617,.T.);
#4615 = VERTEX_POINT('',#4616);
#4616 = CARTESIAN_POINT('',(-61.81,49.55,18.61));
#4617 = LINE('',#4618,#4619);
#4618 = CARTESIAN_POINT('',(-66.09621908127,48.799911660777,
    17.859911660777));
#4619 = VECTOR('',#4620,1.);
#4620 = DIRECTION('',(-0.970713676233,-0.169874893341,-0.169874893341));
#4621 = ORIENTED_EDGE('',*,*,#4622,.F.);
#4622 = EDGE_CURVE('',#4606,#4615,#4623,.T.);
#4623 = LINE('',#4624,#4625);
#4624 = CARTESIAN_POINT('',(-61.81,-50.25,18.61));
#4625 = VECTOR('',#4626,1.);
#4626 = DIRECTION('',(0.,1.,-2.2E-16));
#4627 = PLANE('',#4628);
#4628 = AXIS2_PLACEMENT_3D('',#4629,#4630,#4631);
#4629 = CARTESIAN_POINT('',(-57.81,-50.25,19.31));
#4630 = DIRECTION('',(-0.172380331752,2.2E-16,0.985030467156));
#4631 = DIRECTION('',(-0.985030467156,-4.E-17,-0.172380331752));
#4632 = ADVANCED_FACE('',(#4633),#4650,.T.);
#4633 = FACE_BOUND('',#4634,.T.);
#4634 = EDGE_LOOP('',(#4635,#4643,#4644));
#4635 = ORIENTED_EDGE('',*,*,#4636,.F.);
#4636 = EDGE_CURVE('',#1900,#4637,#4639,.T.);
#4637 = VERTEX_POINT('',#4638);
#4638 = CARTESIAN_POINT('',(-57.90338993329,50.783656761674,19.31));
#4639 = LINE('',#4640,#4641);
#4640 = CARTESIAN_POINT('',(-57.81,50.25,19.31));
#4641 = VECTOR('',#4642,1.);
#4642 = DIRECTION('',(-0.172380331752,0.985030467156,0.));
#4643 = ORIENTED_EDGE('',*,*,#1899,.F.);
#4644 = ORIENTED_EDGE('',*,*,#4645,.F.);
#4645 = EDGE_CURVE('',#4637,#1892,#4646,.T.);
#4646 = LINE('',#4647,#4648);
#4647 = CARTESIAN_POINT('',(-57.90338993329,50.783656761674,19.31));
#4648 = VECTOR('',#4649,1.);
#4649 = DIRECTION('',(0.985030467156,0.172380331752,0.));
#4650 = PLANE('',#4651);
#4651 = AXIS2_PLACEMENT_3D('',#4652,#4653,#4654);
#4652 = CARTESIAN_POINT('',(-57.81,50.25,19.31));
#4653 = DIRECTION('',(0.,0.,1.));
#4654 = DIRECTION('',(-0.172380331752,0.985030467156,0.));
#4655 = ADVANCED_FACE('',(#4656),#4698,.F.);
#4656 = FACE_BOUND('',#4657,.F.);
#4657 = EDGE_LOOP('',(#4658,#4666,#4667,#4668,#4676,#4684,#4692));
#4658 = ORIENTED_EDGE('',*,*,#4659,.F.);
#4659 = EDGE_CURVE('',#1884,#4660,#4662,.T.);
#4660 = VERTEX_POINT('',#4661);
#4661 = CARTESIAN_POINT('',(-57.81,50.8,-6.));
#4662 = LINE('',#4663,#4664);
#4663 = CARTESIAN_POINT('',(-57.81,50.8,19.31));
#4664 = VECTOR('',#4665,1.);
#4665 = DIRECTION('',(-0.,-0.,-1.));
#4666 = ORIENTED_EDGE('',*,*,#1891,.T.);
#4667 = ORIENTED_EDGE('',*,*,#4645,.F.);
#4668 = ORIENTED_EDGE('',*,*,#4669,.T.);
#4669 = EDGE_CURVE('',#4637,#4670,#4672,.T.);
#4670 = VERTEX_POINT('',#4671);
#4671 = CARTESIAN_POINT('',(-61.81,50.1,18.626343238326));
#4672 = LINE('',#4673,#4674);
#4673 = CARTESIAN_POINT('',(-59.9448504751,50.426401166856,
    18.952744405183));
#4674 = VECTOR('',#4675,1.);
#4675 = DIRECTION('',(-0.970713676233,-0.169874893341,-0.169874893341));
#4676 = ORIENTED_EDGE('',*,*,#4677,.F.);
#4677 = EDGE_CURVE('',#4678,#4670,#4680,.T.);
#4678 = VERTEX_POINT('',#4679);
#4679 = CARTESIAN_POINT('',(-61.81,50.1,-5.316343238326));
#4680 = LINE('',#4681,#4682);
#4681 = CARTESIAN_POINT('',(-61.81,50.1,-6.));
#4682 = VECTOR('',#4683,1.);
#4683 = DIRECTION('',(0.,0.,1.));
#4684 = ORIENTED_EDGE('',*,*,#4685,.F.);
#4685 = EDGE_CURVE('',#4686,#4678,#4688,.T.);
#4686 = VERTEX_POINT('',#4687);
#4687 = CARTESIAN_POINT('',(-57.90338993329,50.783656761674,-6.));
#4688 = LINE('',#4689,#4690);
#4689 = CARTESIAN_POINT('',(-57.85804246568,50.791592568505,
    -6.007935806832));
#4690 = VECTOR('',#4691,1.);
#4691 = DIRECTION('',(-0.970713676233,-0.169874893341,0.169874893341));
#4692 = ORIENTED_EDGE('',*,*,#4693,.F.);
#4693 = EDGE_CURVE('',#4660,#4686,#4694,.T.);
#4694 = LINE('',#4695,#4696);
#4695 = CARTESIAN_POINT('',(-57.81,50.8,-6.));
#4696 = VECTOR('',#4697,1.);
#4697 = DIRECTION('',(-0.985030467156,-0.172380331752,0.));
#4698 = PLANE('',#4699);
#4699 = AXIS2_PLACEMENT_3D('',#4700,#4701,#4702);
#4700 = CARTESIAN_POINT('',(-57.81,50.8,-6.));
#4701 = DIRECTION('',(0.172380331752,-0.985030467156,0.));
#4702 = DIRECTION('',(-0.985030467156,-0.172380331752,0.));
#4703 = ADVANCED_FACE('',(#4704),#4722,.F.);
#4704 = FACE_BOUND('',#4705,.F.);
#4705 = EDGE_LOOP('',(#4706,#4707,#4715,#4721));
#4706 = ORIENTED_EDGE('',*,*,#1859,.F.);
#4707 = ORIENTED_EDGE('',*,*,#4708,.T.);
#4708 = EDGE_CURVE('',#1860,#4709,#4711,.T.);
#4709 = VERTEX_POINT('',#4710);
#4710 = CARTESIAN_POINT('',(-59.63,11.97,-1.46));
#4711 = LINE('',#4712,#4713);
#4712 = CARTESIAN_POINT('',(-57.81,11.97,-1.46));
#4713 = VECTOR('',#4714,1.);
#4714 = DIRECTION('',(-1.,-0.,-0.));
#4715 = ORIENTED_EDGE('',*,*,#4716,.T.);
#4716 = EDGE_CURVE('',#4709,#2999,#4717,.T.);
#4717 = LINE('',#4718,#4719);
#4718 = CARTESIAN_POINT('',(-59.63,11.97,-1.46));
#4719 = VECTOR('',#4720,1.);
#4720 = DIRECTION('',(0.,1.,0.));
#4721 = ORIENTED_EDGE('',*,*,#3006,.F.);
#4722 = PLANE('',#4723);
#4723 = AXIS2_PLACEMENT_3D('',#4724,#4725,#4726);
#4724 = CARTESIAN_POINT('',(-57.81,11.97,-1.46));
#4725 = DIRECTION('',(0.,0.,-1.));
#4726 = DIRECTION('',(0.,1.,0.));
#4727 = ADVANCED_FACE('',(#4728),#4739,.T.);
#4728 = FACE_BOUND('',#4729,.T.);
#4729 = EDGE_LOOP('',(#4730,#4731,#4732,#4738));
#4730 = ORIENTED_EDGE('',*,*,#2984,.F.);
#4731 = ORIENTED_EDGE('',*,*,#2552,.F.);
#4732 = ORIENTED_EDGE('',*,*,#4733,.F.);
#4733 = EDGE_CURVE('',#1884,#2553,#4734,.T.);
#4734 = LINE('',#4735,#4736);
#4735 = CARTESIAN_POINT('',(-57.81,50.8,16.31));
#4736 = VECTOR('',#4737,1.);
#4737 = DIRECTION('',(1.,0.,0.));
#4738 = ORIENTED_EDGE('',*,*,#1883,.F.);
#4739 = PLANE('',#4740);
#4740 = AXIS2_PLACEMENT_3D('',#4741,#4742,#4743);
#4741 = CARTESIAN_POINT('',(0.995,49.775,16.31));
#4742 = DIRECTION('',(0.,0.,1.));
#4743 = DIRECTION('',(1.,0.,0.));
#4744 = ADVANCED_FACE('',(#4745),#4763,.F.);
#4745 = FACE_BOUND('',#4746,.F.);
#4746 = EDGE_LOOP('',(#4747,#4755,#4761,#4762));
#4747 = ORIENTED_EDGE('',*,*,#4748,.T.);
#4748 = EDGE_CURVE('',#1868,#4749,#4751,.T.);
#4749 = VERTEX_POINT('',#4750);
#4750 = CARTESIAN_POINT('',(-59.63,11.97,16.31));
#4751 = LINE('',#4752,#4753);
#4752 = CARTESIAN_POINT('',(-57.81,11.97,16.31));
#4753 = VECTOR('',#4754,1.);
#4754 = DIRECTION('',(-1.,-0.,-0.));
#4755 = ORIENTED_EDGE('',*,*,#4756,.T.);
#4756 = EDGE_CURVE('',#4749,#4709,#4757,.T.);
#4757 = LINE('',#4758,#4759);
#4758 = CARTESIAN_POINT('',(-59.63,11.97,16.31));
#4759 = VECTOR('',#4760,1.);
#4760 = DIRECTION('',(0.,0.,-1.));
#4761 = ORIENTED_EDGE('',*,*,#4708,.F.);
#4762 = ORIENTED_EDGE('',*,*,#1867,.F.);
#4763 = PLANE('',#4764);
#4764 = AXIS2_PLACEMENT_3D('',#4765,#4766,#4767);
#4765 = CARTESIAN_POINT('',(-57.81,11.97,16.31));
#4766 = DIRECTION('',(0.,-1.,0.));
#4767 = DIRECTION('',(0.,0.,-1.));
#4768 = ADVANCED_FACE('',(#4769),#4780,.F.);
#4769 = FACE_BOUND('',#4770,.F.);
#4770 = EDGE_LOOP('',(#4771,#4772,#4773,#4779));
#4771 = ORIENTED_EDGE('',*,*,#1875,.F.);
#4772 = ORIENTED_EDGE('',*,*,#2990,.T.);
#4773 = ORIENTED_EDGE('',*,*,#4774,.T.);
#4774 = EDGE_CURVE('',#2991,#4749,#4775,.T.);
#4775 = LINE('',#4776,#4777);
#4776 = CARTESIAN_POINT('',(-59.63,49.25,16.31));
#4777 = VECTOR('',#4778,1.);
#4778 = DIRECTION('',(0.,-1.,0.));
#4779 = ORIENTED_EDGE('',*,*,#4748,.F.);
#4780 = PLANE('',#4781);
#4781 = AXIS2_PLACEMENT_3D('',#4782,#4783,#4784);
#4782 = CARTESIAN_POINT('',(-57.81,49.25,16.31));
#4783 = DIRECTION('',(0.,0.,1.));
#4784 = DIRECTION('',(0.,-1.,0.));
#4785 = ADVANCED_FACE('',(#4786),#4811,.F.);
#4786 = FACE_BOUND('',#4787,.F.);
#4787 = EDGE_LOOP('',(#4788,#4798,#4804,#4805));
#4788 = ORIENTED_EDGE('',*,*,#4789,.F.);
#4789 = EDGE_CURVE('',#4790,#4792,#4794,.T.);
#4790 = VERTEX_POINT('',#4791);
#4791 = CARTESIAN_POINT('',(-61.81,5.31,1.));
#4792 = VERTEX_POINT('',#4793);
#4793 = CARTESIAN_POINT('',(-61.81,10.31,1.));
#4794 = LINE('',#4795,#4796);
#4795 = CARTESIAN_POINT('',(-61.81,5.31,1.));
#4796 = VECTOR('',#4797,1.);
#4797 = DIRECTION('',(0.,1.,0.));
#4798 = ORIENTED_EDGE('',*,*,#4799,.T.);
#4799 = EDGE_CURVE('',#4790,#1924,#4800,.T.);
#4800 = LINE('',#4801,#4802);
#4801 = CARTESIAN_POINT('',(-61.81,5.31,1.));
#4802 = VECTOR('',#4803,1.);
#4803 = DIRECTION('',(1.,0.,0.));
#4804 = ORIENTED_EDGE('',*,*,#1923,.T.);
#4805 = ORIENTED_EDGE('',*,*,#4806,.F.);
#4806 = EDGE_CURVE('',#4792,#1926,#4807,.T.);
#4807 = LINE('',#4808,#4809);
#4808 = CARTESIAN_POINT('',(-61.81,10.31,1.));
#4809 = VECTOR('',#4810,1.);
#4810 = DIRECTION('',(1.,0.,0.));
#4811 = PLANE('',#4812);
#4812 = AXIS2_PLACEMENT_3D('',#4813,#4814,#4815);
#4813 = CARTESIAN_POINT('',(-61.81,5.31,1.));
#4814 = DIRECTION('',(0.,0.,1.));
#4815 = DIRECTION('',(0.,1.,0.));
#4816 = ADVANCED_FACE('',(#4817),#4835,.F.);
#4817 = FACE_BOUND('',#4818,.F.);
#4818 = EDGE_LOOP('',(#4819,#4827,#4833,#4834));
#4819 = ORIENTED_EDGE('',*,*,#4820,.F.);
#4820 = EDGE_CURVE('',#4821,#4790,#4823,.T.);
#4821 = VERTEX_POINT('',#4822);
#4822 = CARTESIAN_POINT('',(-61.81,5.31,-1.3));
#4823 = LINE('',#4824,#4825);
#4824 = CARTESIAN_POINT('',(-61.81,5.31,-1.3));
#4825 = VECTOR('',#4826,1.);
#4826 = DIRECTION('',(0.,0.,1.));
#4827 = ORIENTED_EDGE('',*,*,#4828,.T.);
#4828 = EDGE_CURVE('',#4821,#1942,#4829,.T.);
#4829 = LINE('',#4830,#4831);
#4830 = CARTESIAN_POINT('',(-61.81,5.31,-1.3));
#4831 = VECTOR('',#4832,1.);
#4832 = DIRECTION('',(1.,0.,0.));
#4833 = ORIENTED_EDGE('',*,*,#1949,.T.);
#4834 = ORIENTED_EDGE('',*,*,#4799,.F.);
#4835 = PLANE('',#4836);
#4836 = AXIS2_PLACEMENT_3D('',#4837,#4838,#4839);
#4837 = CARTESIAN_POINT('',(-61.81,5.31,-1.3));
#4838 = DIRECTION('',(0.,-1.,0.));
#4839 = DIRECTION('',(0.,0.,1.));
#4840 = ADVANCED_FACE('',(#4841),#4859,.F.);
#4841 = FACE_BOUND('',#4842,.F.);
#4842 = EDGE_LOOP('',(#4843,#4851,#4852,#4853));
#4843 = ORIENTED_EDGE('',*,*,#4844,.F.);
#4844 = EDGE_CURVE('',#4792,#4845,#4847,.T.);
#4845 = VERTEX_POINT('',#4846);
#4846 = CARTESIAN_POINT('',(-61.81,10.31,-1.3));
#4847 = LINE('',#4848,#4849);
#4848 = CARTESIAN_POINT('',(-61.81,10.31,1.));
#4849 = VECTOR('',#4850,1.);
#4850 = DIRECTION('',(0.,0.,-1.));
#4851 = ORIENTED_EDGE('',*,*,#4806,.T.);
#4852 = ORIENTED_EDGE('',*,*,#1933,.T.);
#4853 = ORIENTED_EDGE('',*,*,#4854,.F.);
#4854 = EDGE_CURVE('',#4845,#1934,#4855,.T.);
#4855 = LINE('',#4856,#4857);
#4856 = CARTESIAN_POINT('',(-61.81,10.31,-1.3));
#4857 = VECTOR('',#4858,1.);
#4858 = DIRECTION('',(1.,0.,0.));
#4859 = PLANE('',#4860);
#4860 = AXIS2_PLACEMENT_3D('',#4861,#4862,#4863);
#4861 = CARTESIAN_POINT('',(-61.81,10.31,1.));
#4862 = DIRECTION('',(0.,1.,0.));
#4863 = DIRECTION('',(0.,0.,-1.));
#4864 = ADVANCED_FACE('',(#4865),#4876,.F.);
#4865 = FACE_BOUND('',#4866,.F.);
#4866 = EDGE_LOOP('',(#4867,#4873,#4874,#4875));
#4867 = ORIENTED_EDGE('',*,*,#4868,.F.);
#4868 = EDGE_CURVE('',#4845,#4821,#4869,.T.);
#4869 = LINE('',#4870,#4871);
#4870 = CARTESIAN_POINT('',(-61.81,10.31,-1.3));
#4871 = VECTOR('',#4872,1.);
#4872 = DIRECTION('',(0.,-1.,0.));
#4873 = ORIENTED_EDGE('',*,*,#4854,.T.);
#4874 = ORIENTED_EDGE('',*,*,#1941,.T.);
#4875 = ORIENTED_EDGE('',*,*,#4828,.F.);
#4876 = PLANE('',#4877);
#4877 = AXIS2_PLACEMENT_3D('',#4878,#4879,#4880);
#4878 = CARTESIAN_POINT('',(-61.81,10.31,-1.3));
#4879 = DIRECTION('',(0.,0.,-1.));
#4880 = DIRECTION('',(0.,-1.,0.));
#4881 = ADVANCED_FACE('',(#4882),#4907,.T.);
#4882 = FACE_BOUND('',#4883,.T.);
#4883 = EDGE_LOOP('',(#4884,#4885,#4893,#4901));
#4884 = ORIENTED_EDGE('',*,*,#1957,.F.);
#4885 = ORIENTED_EDGE('',*,*,#4886,.T.);
#4886 = EDGE_CURVE('',#1958,#4887,#4889,.T.);
#4887 = VERTEX_POINT('',#4888);
#4888 = CARTESIAN_POINT('',(-60.81,1.499350380985,5.34));
#4889 = LINE('',#4890,#4891);
#4890 = CARTESIAN_POINT('',(-57.81,1.499350380985,5.34));
#4891 = VECTOR('',#4892,1.);
#4892 = DIRECTION('',(-1.,1.1E-16,-1.1E-16));
#4893 = ORIENTED_EDGE('',*,*,#4894,.T.);
#4894 = EDGE_CURVE('',#4887,#4895,#4897,.T.);
#4895 = VERTEX_POINT('',#4896);
#4896 = CARTESIAN_POINT('',(-60.81,1.499350380985,4.31));
#4897 = LINE('',#4898,#4899);
#4898 = CARTESIAN_POINT('',(-60.81,1.499350380985,5.34));
#4899 = VECTOR('',#4900,1.);
#4900 = DIRECTION('',(0.,0.,-1.));
#4901 = ORIENTED_EDGE('',*,*,#4902,.T.);
#4902 = EDGE_CURVE('',#4895,#1960,#4903,.T.);
#4903 = LINE('',#4904,#4905);
#4904 = CARTESIAN_POINT('',(-57.81,1.499350380985,4.31));
#4905 = VECTOR('',#4906,1.);
#4906 = DIRECTION('',(1.,-1.1E-16,0.));
#4907 = PLANE('',#4908);
#4908 = AXIS2_PLACEMENT_3D('',#4909,#4910,#4911);
#4909 = CARTESIAN_POINT('',(-57.81,1.499350380985,5.34));
#4910 = DIRECTION('',(-1.1E-16,-1.,1.1E-16));
#4911 = DIRECTION('',(1.1E-16,-1.1E-16,-1.));
#4912 = ADVANCED_FACE('',(#4913),#4931,.T.);
#4913 = FACE_BOUND('',#4914,.T.);
#4914 = EDGE_LOOP('',(#4915,#4923,#4929,#4930));
#4915 = ORIENTED_EDGE('',*,*,#4916,.T.);
#4916 = EDGE_CURVE('',#2091,#4917,#4919,.T.);
#4917 = VERTEX_POINT('',#4918);
#4918 = CARTESIAN_POINT('',(-60.81,-0.500649619015,5.34));
#4919 = LINE('',#4920,#4921);
#4920 = CARTESIAN_POINT('',(-57.81,-0.500649619015,5.34));
#4921 = VECTOR('',#4922,1.);
#4922 = DIRECTION('',(-1.,1.1E-16,-1.1E-16));
#4923 = ORIENTED_EDGE('',*,*,#4924,.T.);
#4924 = EDGE_CURVE('',#4917,#4887,#4925,.T.);
#4925 = LINE('',#4926,#4927);
#4926 = CARTESIAN_POINT('',(-60.81,-0.500649619015,5.34));
#4927 = VECTOR('',#4928,1.);
#4928 = DIRECTION('',(0.,1.,0.));
#4929 = ORIENTED_EDGE('',*,*,#4886,.F.);
#4930 = ORIENTED_EDGE('',*,*,#2098,.F.);
#4931 = PLANE('',#4932);
#4932 = AXIS2_PLACEMENT_3D('',#4933,#4934,#4935);
#4933 = CARTESIAN_POINT('',(-57.81,-0.500649619015,5.34));
#4934 = DIRECTION('',(1.1E-16,-1.1E-16,-1.));
#4935 = DIRECTION('',(-4.354278099164E-49,1.,-1.1E-16));
#4936 = ADVANCED_FACE('',(#4937),#4955,.F.);
#4937 = FACE_BOUND('',#4938,.F.);
#4938 = EDGE_LOOP('',(#4939,#4940,#4941,#4949));
#4939 = ORIENTED_EDGE('',*,*,#2090,.F.);
#4940 = ORIENTED_EDGE('',*,*,#4916,.T.);
#4941 = ORIENTED_EDGE('',*,*,#4942,.T.);
#4942 = EDGE_CURVE('',#4917,#4943,#4945,.T.);
#4943 = VERTEX_POINT('',#4944);
#4944 = CARTESIAN_POINT('',(-60.81,-0.500649619015,4.31));
#4945 = LINE('',#4946,#4947);
#4946 = CARTESIAN_POINT('',(-60.81,-0.500649619015,5.34));
#4947 = VECTOR('',#4948,1.);
#4948 = DIRECTION('',(0.,0.,-1.));
#4949 = ORIENTED_EDGE('',*,*,#4950,.T.);
#4950 = EDGE_CURVE('',#4943,#2083,#4951,.T.);
#4951 = LINE('',#4952,#4953);
#4952 = CARTESIAN_POINT('',(-57.81,-0.500649619015,4.31));
#4953 = VECTOR('',#4954,1.);
#4954 = DIRECTION('',(1.,-1.1E-16,0.));
#4955 = PLANE('',#4956);
#4956 = AXIS2_PLACEMENT_3D('',#4957,#4958,#4959);
#4957 = CARTESIAN_POINT('',(-57.81,-0.500649619015,5.34));
#4958 = DIRECTION('',(-1.1E-16,-1.,1.1E-16));
#4959 = DIRECTION('',(1.1E-16,-1.1E-16,-1.));
#4960 = ADVANCED_FACE('',(#4961),#4995,.T.);
#4961 = FACE_BOUND('',#4962,.T.);
#4962 = EDGE_LOOP('',(#4963,#4964,#4972,#4980,#4986,#4987,#4988,#4994));
#4963 = ORIENTED_EDGE('',*,*,#2082,.F.);
#4964 = ORIENTED_EDGE('',*,*,#4965,.T.);
#4965 = EDGE_CURVE('',#2074,#4966,#4968,.T.);
#4966 = VERTEX_POINT('',#4967);
#4967 = CARTESIAN_POINT('',(-61.81,-2.139999880339,4.31));
#4968 = LINE('',#4969,#4970);
#4969 = CARTESIAN_POINT('',(-57.81,-2.139999880339,4.31));
#4970 = VECTOR('',#4971,1.);
#4971 = DIRECTION('',(-1.,-0.,-0.));
#4972 = ORIENTED_EDGE('',*,*,#4973,.T.);
#4973 = EDGE_CURVE('',#4966,#4974,#4976,.T.);
#4974 = VERTEX_POINT('',#4975);
#4975 = CARTESIAN_POINT('',(-61.81,3.16,4.31));
#4976 = LINE('',#4977,#4978);
#4977 = CARTESIAN_POINT('',(-61.81,-1.06999994017,4.31));
#4978 = VECTOR('',#4979,1.);
#4979 = DIRECTION('',(0.,1.,0.));
#4980 = ORIENTED_EDGE('',*,*,#4981,.F.);
#4981 = EDGE_CURVE('',#1968,#4974,#4982,.T.);
#4982 = LINE('',#4983,#4984);
#4983 = CARTESIAN_POINT('',(-57.81,3.16,4.31));
#4984 = VECTOR('',#4985,1.);
#4985 = DIRECTION('',(-1.,-0.,-0.));
#4986 = ORIENTED_EDGE('',*,*,#1967,.F.);
#4987 = ORIENTED_EDGE('',*,*,#4902,.F.);
#4988 = ORIENTED_EDGE('',*,*,#4989,.F.);
#4989 = EDGE_CURVE('',#4943,#4895,#4990,.T.);
#4990 = LINE('',#4991,#4992);
#4991 = CARTESIAN_POINT('',(-60.81,-0.691551216002,4.31));
#4992 = VECTOR('',#4993,1.);
#4993 = DIRECTION('',(0.,1.,0.));
#4994 = ORIENTED_EDGE('',*,*,#4950,.T.);
#4995 = PLANE('',#4996);
#4996 = AXIS2_PLACEMENT_3D('',#4997,#4998,#4999);
#4997 = CARTESIAN_POINT('',(-57.81,-2.139999880339,4.31));
#4998 = DIRECTION('',(0.,0.,-1.));
#4999 = DIRECTION('',(0.,1.,0.));
#5000 = ADVANCED_FACE('',(#5001),#5020,.F.);
#5001 = FACE_BOUND('',#5002,.F.);
#5002 = EDGE_LOOP('',(#5003,#5004,#5005,#5014));
#5003 = ORIENTED_EDGE('',*,*,#2073,.F.);
#5004 = ORIENTED_EDGE('',*,*,#4965,.T.);
#5005 = ORIENTED_EDGE('',*,*,#5006,.T.);
#5006 = EDGE_CURVE('',#4966,#5007,#5009,.T.);
#5007 = VERTEX_POINT('',#5008);
#5008 = CARTESIAN_POINT('',(-61.81,-3.405827058381,1.47523929471));
#5009 = CIRCLE('',#5010,1.7);
#5010 = AXIS2_PLACEMENT_3D('',#5011,#5012,#5013);
#5011 = CARTESIAN_POINT('',(-61.81,-2.14,2.61));
#5012 = DIRECTION('',(1.,0.,0.));
#5013 = DIRECTION('',(0.,1.,0.));
#5014 = ORIENTED_EDGE('',*,*,#5015,.F.);
#5015 = EDGE_CURVE('',#2066,#5007,#5016,.T.);
#5016 = LINE('',#5017,#5018);
#5017 = CARTESIAN_POINT('',(-57.81,-3.405827058381,1.47523929471));
#5018 = VECTOR('',#5019,1.);
#5019 = DIRECTION('',(-1.,-0.,-0.));
#5020 = CYLINDRICAL_SURFACE('',#5021,1.7);
#5021 = AXIS2_PLACEMENT_3D('',#5022,#5023,#5024);
#5022 = CARTESIAN_POINT('',(-57.81,-2.14,2.61));
#5023 = DIRECTION('',(1.,0.,0.));
#5024 = DIRECTION('',(0.,1.,0.));
#5025 = ADVANCED_FACE('',(#5026),#5067,.F.);
#5026 = FACE_BOUND('',#5027,.F.);
#5027 = EDGE_LOOP('',(#5028,#5029,#5030,#5038,#5044,#5045,#5053,#5061));
#5028 = ORIENTED_EDGE('',*,*,#2065,.F.);
#5029 = ORIENTED_EDGE('',*,*,#5015,.T.);
#5030 = ORIENTED_EDGE('',*,*,#5031,.T.);
#5031 = EDGE_CURVE('',#5007,#5032,#5034,.T.);
#5032 = VERTEX_POINT('',#5033);
#5033 = CARTESIAN_POINT('',(-61.81,-0.755827058381,-1.480839188686));
#5034 = LINE('',#5035,#5036);
#5035 = CARTESIAN_POINT('',(-61.81,-4.195570703258,2.35619936868));
#5036 = VECTOR('',#5037,1.);
#5037 = DIRECTION('',(0.,0.667506297229,-0.744604151989));
#5038 = ORIENTED_EDGE('',*,*,#5039,.F.);
#5039 = EDGE_CURVE('',#2025,#5032,#5040,.T.);
#5040 = LINE('',#5041,#5042);
#5041 = CARTESIAN_POINT('',(-57.81,-0.755827058381,-1.480839188686));
#5042 = VECTOR('',#5043,1.);
#5043 = DIRECTION('',(-1.,-0.,-0.));
#5044 = ORIENTED_EDGE('',*,*,#2033,.F.);
#5045 = ORIENTED_EDGE('',*,*,#5046,.T.);
#5046 = EDGE_CURVE('',#2034,#5047,#5049,.T.);
#5047 = VERTEX_POINT('',#5048);
#5048 = CARTESIAN_POINT('',(-60.81,-1.413320761152,-0.747404098977));
#5049 = LINE('',#5050,#5051);
#5050 = CARTESIAN_POINT('',(-57.81,-1.413320761152,-0.747404098977));
#5051 = VECTOR('',#5052,1.);
#5052 = DIRECTION('',(-1.,1.E-16,-1.2E-16));
#5053 = ORIENTED_EDGE('',*,*,#5054,.F.);
#5054 = EDGE_CURVE('',#5055,#5047,#5057,.T.);
#5055 = VERTEX_POINT('',#5056);
#5056 = CARTESIAN_POINT('',(-60.81,-2.748333355611,0.741804205001));
#5057 = LINE('',#5058,#5059);
#5058 = CARTESIAN_POINT('',(-60.81,-3.947886393754,2.07990719585));
#5059 = VECTOR('',#5060,1.);
#5060 = DIRECTION('',(0.,0.667506297229,-0.744604151989));
#5061 = ORIENTED_EDGE('',*,*,#5062,.F.);
#5062 = EDGE_CURVE('',#2058,#5055,#5063,.T.);
#5063 = LINE('',#5064,#5065);
#5064 = CARTESIAN_POINT('',(-57.81,-2.748333355611,0.741804205001));
#5065 = VECTOR('',#5066,1.);
#5066 = DIRECTION('',(-1.,1.E-16,-1.2E-16));
#5067 = PLANE('',#5068);
#5068 = AXIS2_PLACEMENT_3D('',#5069,#5070,#5071);
#5069 = CARTESIAN_POINT('',(-57.81,-3.405827058381,1.47523929471));
#5070 = DIRECTION('',(0.,-0.744604151989,-0.667506297229));
#5071 = DIRECTION('',(0.,0.667506297229,-0.744604151989));
#5072 = ADVANCED_FACE('',(#5073),#5091,.T.);
#5073 = FACE_BOUND('',#5074,.T.);
#5074 = EDGE_LOOP('',(#5075,#5076,#5084,#5090));
#5075 = ORIENTED_EDGE('',*,*,#2057,.F.);
#5076 = ORIENTED_EDGE('',*,*,#5077,.T.);
#5077 = EDGE_CURVE('',#2050,#5078,#5080,.T.);
#5078 = VERTEX_POINT('',#5079);
#5079 = CARTESIAN_POINT('',(-60.81,-3.515275632159,5.427271885496E-02));
#5080 = LINE('',#5081,#5082);
#5081 = CARTESIAN_POINT('',(-57.81,-3.515275632159,5.427271885496E-02));
#5082 = VECTOR('',#5083,1.);
#5083 = DIRECTION('',(-1.,1.1E-16,-1.1E-16));
#5084 = ORIENTED_EDGE('',*,*,#5085,.T.);
#5085 = EDGE_CURVE('',#5078,#5055,#5086,.T.);
#5086 = LINE('',#5087,#5088);
#5087 = CARTESIAN_POINT('',(-60.81,-3.515275632159,5.427271885496E-02));
#5088 = VECTOR('',#5089,1.);
#5089 = DIRECTION('',(0.,0.744604151989,0.667506297229));
#5090 = ORIENTED_EDGE('',*,*,#5062,.F.);
#5091 = PLANE('',#5092);
#5092 = AXIS2_PLACEMENT_3D('',#5093,#5094,#5095);
#5093 = CARTESIAN_POINT('',(-57.81,-3.515275632159,5.427271885496E-02));
#5094 = DIRECTION('',(1.6E-16,0.667506297229,-0.744604151989));
#5095 = DIRECTION('',(-7.E-17,0.744604151989,0.667506297229));
#5096 = ADVANCED_FACE('',(#5097),#5115,.F.);
#5097 = FACE_BOUND('',#5098,.F.);
#5098 = EDGE_LOOP('',(#5099,#5100,#5108,#5114));
#5099 = ORIENTED_EDGE('',*,*,#5077,.T.);
#5100 = ORIENTED_EDGE('',*,*,#5101,.T.);
#5101 = EDGE_CURVE('',#5078,#5102,#5104,.T.);
#5102 = VERTEX_POINT('',#5103);
#5103 = CARTESIAN_POINT('',(-60.81,-2.180263037701,-1.434935585123));
#5104 = LINE('',#5105,#5106);
#5105 = CARTESIAN_POINT('',(-60.81,-3.515275632159,5.427271885496E-02));
#5106 = VECTOR('',#5107,1.);
#5107 = DIRECTION('',(0.,0.667506297229,-0.744604151989));
#5108 = ORIENTED_EDGE('',*,*,#5109,.F.);
#5109 = EDGE_CURVE('',#2042,#5102,#5110,.T.);
#5110 = LINE('',#5111,#5112);
#5111 = CARTESIAN_POINT('',(-57.81,-2.180263037701,-1.434935585123));
#5112 = VECTOR('',#5113,1.);
#5113 = DIRECTION('',(-1.,1.1E-16,-1.1E-16));
#5114 = ORIENTED_EDGE('',*,*,#2049,.F.);
#5115 = PLANE('',#5116);
#5116 = AXIS2_PLACEMENT_3D('',#5117,#5118,#5119);
#5117 = CARTESIAN_POINT('',(-57.81,-3.515275632159,5.427271885496E-02));
#5118 = DIRECTION('',(-1.E-17,-0.744604151989,-0.667506297229));
#5119 = DIRECTION('',(8.E-17,0.667506297229,-0.744604151989));
#5120 = ADVANCED_FACE('',(#5121),#5132,.F.);
#5121 = FACE_BOUND('',#5122,.F.);
#5122 = EDGE_LOOP('',(#5123,#5124,#5125,#5131));
#5123 = ORIENTED_EDGE('',*,*,#2041,.F.);
#5124 = ORIENTED_EDGE('',*,*,#5109,.T.);
#5125 = ORIENTED_EDGE('',*,*,#5126,.T.);
#5126 = EDGE_CURVE('',#5102,#5047,#5127,.T.);
#5127 = LINE('',#5128,#5129);
#5128 = CARTESIAN_POINT('',(-60.81,-2.180263037701,-1.434935585123));
#5129 = VECTOR('',#5130,1.);
#5130 = DIRECTION('',(0.,0.744604151989,0.667506297229));
#5131 = ORIENTED_EDGE('',*,*,#5046,.F.);
#5132 = PLANE('',#5133);
#5133 = AXIS2_PLACEMENT_3D('',#5134,#5135,#5136);
#5134 = CARTESIAN_POINT('',(-57.81,-2.180263037701,-1.434935585123));
#5135 = DIRECTION('',(1.6E-16,0.667506297229,-0.744604151989));
#5136 = DIRECTION('',(-7.E-17,0.744604151989,0.667506297229));
#5137 = ADVANCED_FACE('',(#5138),#5157,.F.);
#5138 = FACE_BOUND('',#5139,.F.);
#5139 = EDGE_LOOP('',(#5140,#5141,#5142,#5151));
#5140 = ORIENTED_EDGE('',*,*,#2024,.F.);
#5141 = ORIENTED_EDGE('',*,*,#5039,.T.);
#5142 = ORIENTED_EDGE('',*,*,#5143,.T.);
#5143 = EDGE_CURVE('',#5032,#5144,#5146,.T.);
#5144 = VERTEX_POINT('',#5145);
#5145 = CARTESIAN_POINT('',(-61.81,1.775827058381,-1.480839188686));
#5146 = CIRCLE('',#5147,1.7);
#5147 = AXIS2_PLACEMENT_3D('',#5148,#5149,#5150);
#5148 = CARTESIAN_POINT('',(-61.81,0.51,-0.346078483397));
#5149 = DIRECTION('',(1.,0.,0.));
#5150 = DIRECTION('',(0.,1.,0.));
#5151 = ORIENTED_EDGE('',*,*,#5152,.F.);
#5152 = EDGE_CURVE('',#2017,#5144,#5153,.T.);
#5153 = LINE('',#5154,#5155);
#5154 = CARTESIAN_POINT('',(-57.81,1.775827058381,-1.480839188686));
#5155 = VECTOR('',#5156,1.);
#5156 = DIRECTION('',(-1.,-0.,-0.));
#5157 = CYLINDRICAL_SURFACE('',#5158,1.7);
#5158 = AXIS2_PLACEMENT_3D('',#5159,#5160,#5161);
#5159 = CARTESIAN_POINT('',(-57.81,0.51,-0.346078483397));
#5160 = DIRECTION('',(1.,0.,0.));
#5161 = DIRECTION('',(0.,1.,0.));
#5162 = ADVANCED_FACE('',(#5163),#5204,.T.);
#5163 = FACE_BOUND('',#5164,.T.);
#5164 = EDGE_LOOP('',(#5165,#5166,#5174,#5180,#5181,#5182,#5190,#5198));
#5165 = ORIENTED_EDGE('',*,*,#1984,.F.);
#5166 = ORIENTED_EDGE('',*,*,#5167,.T.);
#5167 = EDGE_CURVE('',#1976,#5168,#5170,.T.);
#5168 = VERTEX_POINT('',#5169);
#5169 = CARTESIAN_POINT('',(-61.81,4.425827058381,1.47523929471));
#5170 = LINE('',#5171,#5172);
#5171 = CARTESIAN_POINT('',(-57.81,4.425827058381,1.47523929471));
#5172 = VECTOR('',#5173,1.);
#5173 = DIRECTION('',(-1.,-0.,-0.));
#5174 = ORIENTED_EDGE('',*,*,#5175,.T.);
#5175 = EDGE_CURVE('',#5168,#5144,#5176,.T.);
#5176 = LINE('',#5177,#5178);
#5177 = CARTESIAN_POINT('',(-61.81,4.988332728269,2.102715108878));
#5178 = VECTOR('',#5179,1.);
#5179 = DIRECTION('',(0.,-0.667506297229,-0.744604151989));
#5180 = ORIENTED_EDGE('',*,*,#5152,.F.);
#5181 = ORIENTED_EDGE('',*,*,#2016,.F.);
#5182 = ORIENTED_EDGE('',*,*,#5183,.F.);
#5183 = EDGE_CURVE('',#5184,#2009,#5186,.T.);
#5184 = VERTEX_POINT('',#5185);
#5185 = CARTESIAN_POINT('',(-60.81,2.433320761152,-0.747404098977));
#5186 = LINE('',#5187,#5188);
#5187 = CARTESIAN_POINT('',(-57.81,2.433320761152,-0.747404098977));
#5188 = VECTOR('',#5189,1.);
#5189 = DIRECTION('',(1.,1.E-17,1.E-17));
#5190 = ORIENTED_EDGE('',*,*,#5191,.F.);
#5191 = EDGE_CURVE('',#5192,#5184,#5194,.T.);
#5192 = VERTEX_POINT('',#5193);
#5193 = CARTESIAN_POINT('',(-60.81,3.768333355611,0.741804205001));
#5194 = LINE('',#5195,#5196);
#5195 = CARTESIAN_POINT('',(-60.81,5.077895170597,2.202622131023));
#5196 = VECTOR('',#5197,1.);
#5197 = DIRECTION('',(0.,-0.667506297229,-0.744604151989));
#5198 = ORIENTED_EDGE('',*,*,#5199,.T.);
#5199 = EDGE_CURVE('',#5192,#1985,#5200,.T.);
#5200 = LINE('',#5201,#5202);
#5201 = CARTESIAN_POINT('',(-57.81,3.768333355611,0.741804205001));
#5202 = VECTOR('',#5203,1.);
#5203 = DIRECTION('',(1.,1.E-17,1.E-17));
#5204 = PLANE('',#5205);
#5205 = AXIS2_PLACEMENT_3D('',#5206,#5207,#5208);
#5206 = CARTESIAN_POINT('',(-57.81,4.425827058381,1.47523929471));
#5207 = DIRECTION('',(0.,-0.744604151989,0.667506297229));
#5208 = DIRECTION('',(0.,-0.667506297229,-0.744604151989));
#5209 = ADVANCED_FACE('',(#5210),#5228,.T.);
#5210 = FACE_BOUND('',#5211,.T.);
#5211 = EDGE_LOOP('',(#5212,#5213,#5221,#5227));
#5212 = ORIENTED_EDGE('',*,*,#2008,.F.);
#5213 = ORIENTED_EDGE('',*,*,#5214,.T.);
#5214 = EDGE_CURVE('',#2001,#5215,#5217,.T.);
#5215 = VERTEX_POINT('',#5216);
#5216 = CARTESIAN_POINT('',(-60.81,3.200263037701,-1.434935585123));
#5217 = LINE('',#5218,#5219);
#5218 = CARTESIAN_POINT('',(-57.81,3.200263037701,-1.434935585123));
#5219 = VECTOR('',#5220,1.);
#5220 = DIRECTION('',(-1.,1.1E-16,-1.1E-16));
#5221 = ORIENTED_EDGE('',*,*,#5222,.T.);
#5222 = EDGE_CURVE('',#5215,#5184,#5223,.T.);
#5223 = LINE('',#5224,#5225);
#5224 = CARTESIAN_POINT('',(-60.81,3.200263037701,-1.434935585123));
#5225 = VECTOR('',#5226,1.);
#5226 = DIRECTION('',(0.,-0.744604151989,0.667506297229));
#5227 = ORIENTED_EDGE('',*,*,#5183,.T.);
#5228 = PLANE('',#5229);
#5229 = AXIS2_PLACEMENT_3D('',#5230,#5231,#5232);
#5230 = CARTESIAN_POINT('',(-57.81,3.200263037701,-1.434935585123));
#5231 = DIRECTION('',(-1.E-17,0.667506297229,0.744604151989));
#5232 = DIRECTION('',(-7.E-17,-0.744604151989,0.667506297229));
#5233 = ADVANCED_FACE('',(#5234),#5252,.T.);
#5234 = FACE_BOUND('',#5235,.T.);
#5235 = EDGE_LOOP('',(#5236,#5244,#5250,#5251));
#5236 = ORIENTED_EDGE('',*,*,#5237,.T.);
#5237 = EDGE_CURVE('',#1993,#5238,#5240,.T.);
#5238 = VERTEX_POINT('',#5239);
#5239 = CARTESIAN_POINT('',(-60.81,4.535275632159,5.427271885497E-02));
#5240 = LINE('',#5241,#5242);
#5241 = CARTESIAN_POINT('',(-57.81,4.535275632159,5.427271885497E-02));
#5242 = VECTOR('',#5243,1.);
#5243 = DIRECTION('',(-1.,1.1E-16,-1.1E-16));
#5244 = ORIENTED_EDGE('',*,*,#5245,.T.);
#5245 = EDGE_CURVE('',#5238,#5215,#5246,.T.);
#5246 = LINE('',#5247,#5248);
#5247 = CARTESIAN_POINT('',(-60.81,4.535275632159,5.427271885497E-02));
#5248 = VECTOR('',#5249,1.);
#5249 = DIRECTION('',(0.,-0.667506297229,-0.744604151989));
#5250 = ORIENTED_EDGE('',*,*,#5214,.F.);
#5251 = ORIENTED_EDGE('',*,*,#2000,.F.);
#5252 = PLANE('',#5253);
#5253 = AXIS2_PLACEMENT_3D('',#5254,#5255,#5256);
#5254 = CARTESIAN_POINT('',(-57.81,4.535275632159,5.427271885497E-02));
#5255 = DIRECTION('',(-1.6E-16,-0.744604151989,0.667506297229));
#5256 = DIRECTION('',(8.E-17,-0.667506297229,-0.744604151989));
#5257 = ADVANCED_FACE('',(#5258),#5269,.F.);
#5258 = FACE_BOUND('',#5259,.F.);
#5259 = EDGE_LOOP('',(#5260,#5261,#5262,#5268));
#5260 = ORIENTED_EDGE('',*,*,#1992,.F.);
#5261 = ORIENTED_EDGE('',*,*,#5237,.T.);
#5262 = ORIENTED_EDGE('',*,*,#5263,.T.);
#5263 = EDGE_CURVE('',#5238,#5192,#5264,.T.);
#5264 = LINE('',#5265,#5266);
#5265 = CARTESIAN_POINT('',(-60.81,4.535275632159,5.427271885497E-02));
#5266 = VECTOR('',#5267,1.);
#5267 = DIRECTION('',(0.,-0.744604151989,0.667506297229));
#5268 = ORIENTED_EDGE('',*,*,#5199,.T.);
#5269 = PLANE('',#5270);
#5270 = AXIS2_PLACEMENT_3D('',#5271,#5272,#5273);
#5271 = CARTESIAN_POINT('',(-57.81,4.535275632159,5.427271885497E-02));
#5272 = DIRECTION('',(-1.E-17,0.667506297229,0.744604151989));
#5273 = DIRECTION('',(-7.E-17,-0.744604151989,0.667506297229));
#5274 = ADVANCED_FACE('',(#5275),#5287,.F.);
#5275 = FACE_BOUND('',#5276,.F.);
#5276 = EDGE_LOOP('',(#5277,#5278,#5279,#5286));
#5277 = ORIENTED_EDGE('',*,*,#1975,.F.);
#5278 = ORIENTED_EDGE('',*,*,#5167,.T.);
#5279 = ORIENTED_EDGE('',*,*,#5280,.T.);
#5280 = EDGE_CURVE('',#5168,#4974,#5281,.T.);
#5281 = CIRCLE('',#5282,1.7);
#5282 = AXIS2_PLACEMENT_3D('',#5283,#5284,#5285);
#5283 = CARTESIAN_POINT('',(-61.81,3.16,2.61));
#5284 = DIRECTION('',(1.,0.,0.));
#5285 = DIRECTION('',(0.,1.,0.));
#5286 = ORIENTED_EDGE('',*,*,#4981,.F.);
#5287 = CYLINDRICAL_SURFACE('',#5288,1.7);
#5288 = AXIS2_PLACEMENT_3D('',#5289,#5290,#5291);
#5289 = CARTESIAN_POINT('',(-57.81,3.16,2.61));
#5290 = DIRECTION('',(1.,0.,0.));
#5291 = DIRECTION('',(0.,1.,0.));
#5292 = ADVANCED_FACE('',(#5293),#5318,.F.);
#5293 = FACE_BOUND('',#5294,.F.);
#5294 = EDGE_LOOP('',(#5295,#5303,#5311,#5317));
#5295 = ORIENTED_EDGE('',*,*,#5296,.T.);
#5296 = EDGE_CURVE('',#2107,#5297,#5299,.T.);
#5297 = VERTEX_POINT('',#5298);
#5298 = CARTESIAN_POINT('',(-60.81,2.18,8.49));
#5299 = LINE('',#5300,#5301);
#5300 = CARTESIAN_POINT('',(-57.81,2.18,8.49));
#5301 = VECTOR('',#5302,1.);
#5302 = DIRECTION('',(-1.,1.1E-16,-1.1E-16));
#5303 = ORIENTED_EDGE('',*,*,#5304,.T.);
#5304 = EDGE_CURVE('',#5297,#5305,#5307,.T.);
#5305 = VERTEX_POINT('',#5306);
#5306 = CARTESIAN_POINT('',(-60.81,2.18,6.49));
#5307 = LINE('',#5308,#5309);
#5308 = CARTESIAN_POINT('',(-60.81,2.18,8.49));
#5309 = VECTOR('',#5310,1.);
#5310 = DIRECTION('',(0.,0.,-1.));
#5311 = ORIENTED_EDGE('',*,*,#5312,.F.);
#5312 = EDGE_CURVE('',#2109,#5305,#5313,.T.);
#5313 = LINE('',#5314,#5315);
#5314 = CARTESIAN_POINT('',(-57.81,2.18,6.49));
#5315 = VECTOR('',#5316,1.);
#5316 = DIRECTION('',(-1.,1.1E-16,-1.1E-16));
#5317 = ORIENTED_EDGE('',*,*,#2106,.F.);
#5318 = PLANE('',#5319);
#5319 = AXIS2_PLACEMENT_3D('',#5320,#5321,#5322);
#5320 = CARTESIAN_POINT('',(-57.81,2.18,8.49));
#5321 = DIRECTION('',(-1.1E-16,-1.,1.1E-16));
#5322 = DIRECTION('',(1.1E-16,-1.1E-16,-1.));
#5323 = ADVANCED_FACE('',(#5324),#5342,.F.);
#5324 = FACE_BOUND('',#5325,.F.);
#5325 = EDGE_LOOP('',(#5326,#5327,#5328,#5336));
#5326 = ORIENTED_EDGE('',*,*,#2208,.F.);
#5327 = ORIENTED_EDGE('',*,*,#5312,.T.);
#5328 = ORIENTED_EDGE('',*,*,#5329,.T.);
#5329 = EDGE_CURVE('',#5305,#5330,#5332,.T.);
#5330 = VERTEX_POINT('',#5331);
#5331 = CARTESIAN_POINT('',(-60.81,3.343939444035,6.49));
#5332 = LINE('',#5333,#5334);
#5333 = CARTESIAN_POINT('',(-60.81,2.18,6.49));
#5334 = VECTOR('',#5335,1.);
#5335 = DIRECTION('',(0.,1.,0.));
#5336 = ORIENTED_EDGE('',*,*,#5337,.T.);
#5337 = EDGE_CURVE('',#5330,#2200,#5338,.T.);
#5338 = LINE('',#5339,#5340);
#5339 = CARTESIAN_POINT('',(-57.81,3.343939444035,6.49));
#5340 = VECTOR('',#5341,1.);
#5341 = DIRECTION('',(1.,0.,0.));
#5342 = PLANE('',#5343);
#5343 = AXIS2_PLACEMENT_3D('',#5344,#5345,#5346);
#5344 = CARTESIAN_POINT('',(-57.81,2.18,6.49));
#5345 = DIRECTION('',(1.1E-16,-1.1E-16,-1.));
#5346 = DIRECTION('',(-4.354278099164E-49,1.,-1.1E-16));
#5347 = ADVANCED_FACE('',(#5348),#5432,.F.);
#5348 = FACE_BOUND('',#5349,.F.);
#5349 = EDGE_LOOP('',(#5350,#5358,#5359,#5367,#5376,#5382,#5383,#5384,
    #5393,#5399,#5400,#5408,#5417,#5423,#5424,#5425));
#5350 = ORIENTED_EDGE('',*,*,#5351,.F.);
#5351 = EDGE_CURVE('',#2158,#5352,#5354,.T.);
#5352 = VERTEX_POINT('',#5353);
#5353 = CARTESIAN_POINT('',(-61.81,10.81,7.49));
#5354 = LINE('',#5355,#5356);
#5355 = CARTESIAN_POINT('',(-57.81,10.81,7.49));
#5356 = VECTOR('',#5357,1.);
#5357 = DIRECTION('',(-1.,-0.,-0.));
#5358 = ORIENTED_EDGE('',*,*,#2166,.F.);
#5359 = ORIENTED_EDGE('',*,*,#5360,.F.);
#5360 = EDGE_CURVE('',#5361,#2167,#5363,.T.);
#5361 = VERTEX_POINT('',#5362);
#5362 = CARTESIAN_POINT('',(-60.81,8.01,3.823939444035));
#5363 = LINE('',#5364,#5365);
#5364 = CARTESIAN_POINT('',(-57.81,8.01,3.823939444035));
#5365 = VECTOR('',#5366,1.);
#5366 = DIRECTION('',(1.,0.,0.));
#5367 = ORIENTED_EDGE('',*,*,#5368,.F.);
#5368 = EDGE_CURVE('',#5369,#5361,#5371,.T.);
#5369 = VERTEX_POINT('',#5370);
#5370 = CARTESIAN_POINT('',(-60.81,6.01,3.823939444035));
#5371 = CIRCLE('',#5372,3.8);
#5372 = AXIS2_PLACEMENT_3D('',#5373,#5374,#5375);
#5373 = CARTESIAN_POINT('',(-60.81,7.01,7.49));
#5374 = DIRECTION('',(1.,0.,0.));
#5375 = DIRECTION('',(0.,1.,0.));
#5376 = ORIENTED_EDGE('',*,*,#5377,.T.);
#5377 = EDGE_CURVE('',#5369,#2192,#5378,.T.);
#5378 = LINE('',#5379,#5380);
#5379 = CARTESIAN_POINT('',(-57.81,6.01,3.823939444035));
#5380 = VECTOR('',#5381,1.);
#5381 = DIRECTION('',(1.,0.,0.));
#5382 = ORIENTED_EDGE('',*,*,#2199,.F.);
#5383 = ORIENTED_EDGE('',*,*,#5337,.F.);
#5384 = ORIENTED_EDGE('',*,*,#5385,.F.);
#5385 = EDGE_CURVE('',#5386,#5330,#5388,.T.);
#5386 = VERTEX_POINT('',#5387);
#5387 = CARTESIAN_POINT('',(-60.81,3.343939444035,8.49));
#5388 = CIRCLE('',#5389,3.8);
#5389 = AXIS2_PLACEMENT_3D('',#5390,#5391,#5392);
#5390 = CARTESIAN_POINT('',(-60.81,7.01,7.49));
#5391 = DIRECTION('',(1.,0.,0.));
#5392 = DIRECTION('',(0.,1.,0.));
#5393 = ORIENTED_EDGE('',*,*,#5394,.T.);
#5394 = EDGE_CURVE('',#5386,#2117,#5395,.T.);
#5395 = LINE('',#5396,#5397);
#5396 = CARTESIAN_POINT('',(-57.81,3.343939444035,8.49));
#5397 = VECTOR('',#5398,1.);
#5398 = DIRECTION('',(1.,0.,0.));
#5399 = ORIENTED_EDGE('',*,*,#2124,.F.);
#5400 = ORIENTED_EDGE('',*,*,#5401,.F.);
#5401 = EDGE_CURVE('',#5402,#2125,#5404,.T.);
#5402 = VERTEX_POINT('',#5403);
#5403 = CARTESIAN_POINT('',(-60.81,8.895189498177,10.78940306055));
#5404 = LINE('',#5405,#5406);
#5405 = CARTESIAN_POINT('',(-57.81,8.895189498177,10.78940306055));
#5406 = VECTOR('',#5407,1.);
#5407 = DIRECTION('',(1.,0.,0.));
#5408 = ORIENTED_EDGE('',*,*,#5409,.F.);
#5409 = EDGE_CURVE('',#5410,#5402,#5412,.T.);
#5410 = VERTEX_POINT('',#5411);
#5411 = CARTESIAN_POINT('',(-60.81,10.30940306055,9.375189498177));
#5412 = CIRCLE('',#5413,3.8);
#5413 = AXIS2_PLACEMENT_3D('',#5414,#5415,#5416);
#5414 = CARTESIAN_POINT('',(-60.81,7.01,7.49));
#5415 = DIRECTION('',(1.,0.,0.));
#5416 = DIRECTION('',(0.,1.,0.));
#5417 = ORIENTED_EDGE('',*,*,#5418,.T.);
#5418 = EDGE_CURVE('',#5410,#2150,#5419,.T.);
#5419 = LINE('',#5420,#5421);
#5420 = CARTESIAN_POINT('',(-57.81,10.30940306055,9.375189498177));
#5421 = VECTOR('',#5422,1.);
#5422 = DIRECTION('',(1.,0.,0.));
#5423 = ORIENTED_EDGE('',*,*,#2157,.F.);
#5424 = ORIENTED_EDGE('',*,*,#5351,.T.);
#5425 = ORIENTED_EDGE('',*,*,#5426,.T.);
#5426 = EDGE_CURVE('',#5352,#5352,#5427,.T.);
#5427 = CIRCLE('',#5428,3.8);
#5428 = AXIS2_PLACEMENT_3D('',#5429,#5430,#5431);
#5429 = CARTESIAN_POINT('',(-61.81,7.01,7.49));
#5430 = DIRECTION('',(1.,0.,0.));
#5431 = DIRECTION('',(0.,1.,0.));
#5432 = CYLINDRICAL_SURFACE('',#5433,3.8);
#5433 = AXIS2_PLACEMENT_3D('',#5434,#5435,#5436);
#5434 = CARTESIAN_POINT('',(-57.81,7.01,7.49));
#5435 = DIRECTION('',(1.,0.,0.));
#5436 = DIRECTION('',(0.,1.,0.));
#5437 = ADVANCED_FACE('',(#5438),#5456,.T.);
#5438 = FACE_BOUND('',#5439,.T.);
#5439 = EDGE_LOOP('',(#5440,#5441,#5449,#5455));
#5440 = ORIENTED_EDGE('',*,*,#2191,.F.);
#5441 = ORIENTED_EDGE('',*,*,#5442,.T.);
#5442 = EDGE_CURVE('',#2184,#5443,#5445,.T.);
#5443 = VERTEX_POINT('',#5444);
#5444 = CARTESIAN_POINT('',(-60.81,6.01,2.66));
#5445 = LINE('',#5446,#5447);
#5446 = CARTESIAN_POINT('',(-57.81,6.01,2.66));
#5447 = VECTOR('',#5448,1.);
#5448 = DIRECTION('',(-1.,1.1E-16,-1.1E-16));
#5449 = ORIENTED_EDGE('',*,*,#5450,.T.);
#5450 = EDGE_CURVE('',#5443,#5369,#5451,.T.);
#5451 = LINE('',#5452,#5453);
#5452 = CARTESIAN_POINT('',(-60.81,6.01,2.66));
#5453 = VECTOR('',#5454,1.);
#5454 = DIRECTION('',(0.,0.,1.));
#5455 = ORIENTED_EDGE('',*,*,#5377,.T.);
#5456 = PLANE('',#5457);
#5457 = AXIS2_PLACEMENT_3D('',#5458,#5459,#5460);
#5458 = CARTESIAN_POINT('',(-57.81,6.01,2.66));
#5459 = DIRECTION('',(1.1E-16,1.,-1.1E-16));
#5460 = DIRECTION('',(-1.1E-16,1.1E-16,1.));
#5461 = ADVANCED_FACE('',(#5462),#5480,.F.);
#5462 = FACE_BOUND('',#5463,.F.);
#5463 = EDGE_LOOP('',(#5464,#5465,#5473,#5479));
#5464 = ORIENTED_EDGE('',*,*,#5442,.T.);
#5465 = ORIENTED_EDGE('',*,*,#5466,.T.);
#5466 = EDGE_CURVE('',#5443,#5467,#5469,.T.);
#5467 = VERTEX_POINT('',#5468);
#5468 = CARTESIAN_POINT('',(-60.81,8.01,2.66));
#5469 = LINE('',#5470,#5471);
#5470 = CARTESIAN_POINT('',(-60.81,6.01,2.66));
#5471 = VECTOR('',#5472,1.);
#5472 = DIRECTION('',(0.,1.,0.));
#5473 = ORIENTED_EDGE('',*,*,#5474,.F.);
#5474 = EDGE_CURVE('',#2176,#5467,#5475,.T.);
#5475 = LINE('',#5476,#5477);
#5476 = CARTESIAN_POINT('',(-57.81,8.01,2.66));
#5477 = VECTOR('',#5478,1.);
#5478 = DIRECTION('',(-1.,1.1E-16,-1.1E-16));
#5479 = ORIENTED_EDGE('',*,*,#2183,.F.);
#5480 = PLANE('',#5481);
#5481 = AXIS2_PLACEMENT_3D('',#5482,#5483,#5484);
#5482 = CARTESIAN_POINT('',(-57.81,6.01,2.66));
#5483 = DIRECTION('',(1.1E-16,-1.1E-16,-1.));
#5484 = DIRECTION('',(-4.354278099164E-49,1.,-1.1E-16));
#5485 = ADVANCED_FACE('',(#5486),#5497,.F.);
#5486 = FACE_BOUND('',#5487,.F.);
#5487 = EDGE_LOOP('',(#5488,#5489,#5490,#5496));
#5488 = ORIENTED_EDGE('',*,*,#2175,.F.);
#5489 = ORIENTED_EDGE('',*,*,#5474,.T.);
#5490 = ORIENTED_EDGE('',*,*,#5491,.T.);
#5491 = EDGE_CURVE('',#5467,#5361,#5492,.T.);
#5492 = LINE('',#5493,#5494);
#5493 = CARTESIAN_POINT('',(-60.81,8.01,2.66));
#5494 = VECTOR('',#5495,1.);
#5495 = DIRECTION('',(0.,0.,1.));
#5496 = ORIENTED_EDGE('',*,*,#5360,.T.);
#5497 = PLANE('',#5498);
#5498 = AXIS2_PLACEMENT_3D('',#5499,#5500,#5501);
#5499 = CARTESIAN_POINT('',(-57.81,8.01,2.66));
#5500 = DIRECTION('',(1.1E-16,1.,-1.1E-16));
#5501 = DIRECTION('',(-1.1E-16,1.1E-16,1.));
#5502 = ADVANCED_FACE('',(#5503),#5521,.T.);
#5503 = FACE_BOUND('',#5504,.T.);
#5504 = EDGE_LOOP('',(#5505,#5506,#5514,#5520));
#5505 = ORIENTED_EDGE('',*,*,#2149,.F.);
#5506 = ORIENTED_EDGE('',*,*,#5507,.T.);
#5507 = EDGE_CURVE('',#2142,#5508,#5510,.T.);
#5508 = VERTEX_POINT('',#5509);
#5509 = CARTESIAN_POINT('',(-60.81,11.132432534318,10.198218971944));
#5510 = LINE('',#5511,#5512);
#5511 = CARTESIAN_POINT('',(-57.81,11.132432534318,10.198218971944));
#5512 = VECTOR('',#5513,1.);
#5513 = DIRECTION('',(-1.,1.1E-16,-1.1E-16));
#5514 = ORIENTED_EDGE('',*,*,#5515,.T.);
#5515 = EDGE_CURVE('',#5508,#5410,#5516,.T.);
#5516 = LINE('',#5517,#5518);
#5517 = CARTESIAN_POINT('',(-60.81,11.132432534318,10.198218971944));
#5518 = VECTOR('',#5519,1.);
#5519 = DIRECTION('',(0.,-0.707106781187,-0.707106781187));
#5520 = ORIENTED_EDGE('',*,*,#5418,.T.);
#5521 = PLANE('',#5522);
#5522 = AXIS2_PLACEMENT_3D('',#5523,#5524,#5525);
#5523 = CARTESIAN_POINT('',(-57.81,11.132432534318,10.198218971944));
#5524 = DIRECTION('',(-1.6E-16,-0.707106781187,0.707106781187));
#5525 = DIRECTION('',(8.E-17,-0.707106781187,-0.707106781187));
#5526 = ADVANCED_FACE('',(#5527),#5545,.T.);
#5527 = FACE_BOUND('',#5528,.T.);
#5528 = EDGE_LOOP('',(#5529,#5537,#5543,#5544));
#5529 = ORIENTED_EDGE('',*,*,#5530,.T.);
#5530 = EDGE_CURVE('',#2134,#5531,#5533,.T.);
#5531 = VERTEX_POINT('',#5532);
#5532 = CARTESIAN_POINT('',(-60.81,9.718218971944,11.612432534318));
#5533 = LINE('',#5534,#5535);
#5534 = CARTESIAN_POINT('',(-57.81,9.718218971944,11.612432534318));
#5535 = VECTOR('',#5536,1.);
#5536 = DIRECTION('',(-1.,1.1E-16,-1.1E-16));
#5537 = ORIENTED_EDGE('',*,*,#5538,.T.);
#5538 = EDGE_CURVE('',#5531,#5508,#5539,.T.);
#5539 = LINE('',#5540,#5541);
#5540 = CARTESIAN_POINT('',(-60.81,9.718218971944,11.612432534318));
#5541 = VECTOR('',#5542,1.);
#5542 = DIRECTION('',(0.,0.707106781187,-0.707106781187));
#5543 = ORIENTED_EDGE('',*,*,#5507,.F.);
#5544 = ORIENTED_EDGE('',*,*,#2141,.F.);
#5545 = PLANE('',#5546);
#5546 = AXIS2_PLACEMENT_3D('',#5547,#5548,#5549);
#5547 = CARTESIAN_POINT('',(-57.81,9.718218971944,11.612432534318));
#5548 = DIRECTION('',(-0.,-0.707106781187,-0.707106781187));
#5549 = DIRECTION('',(8.E-17,0.707106781187,-0.707106781187));
#5550 = ADVANCED_FACE('',(#5551),#5562,.F.);
#5551 = FACE_BOUND('',#5552,.F.);
#5552 = EDGE_LOOP('',(#5553,#5554,#5555,#5561));
#5553 = ORIENTED_EDGE('',*,*,#2133,.F.);
#5554 = ORIENTED_EDGE('',*,*,#5530,.T.);
#5555 = ORIENTED_EDGE('',*,*,#5556,.T.);
#5556 = EDGE_CURVE('',#5531,#5402,#5557,.T.);
#5557 = LINE('',#5558,#5559);
#5558 = CARTESIAN_POINT('',(-60.81,9.718218971944,11.612432534318));
#5559 = VECTOR('',#5560,1.);
#5560 = DIRECTION('',(0.,-0.707106781187,-0.707106781187));
#5561 = ORIENTED_EDGE('',*,*,#5401,.T.);
#5562 = PLANE('',#5563);
#5563 = AXIS2_PLACEMENT_3D('',#5564,#5565,#5566);
#5564 = CARTESIAN_POINT('',(-57.81,9.718218971944,11.612432534318));
#5565 = DIRECTION('',(-1.6E-16,-0.707106781187,0.707106781187));
#5566 = DIRECTION('',(8.E-17,-0.707106781187,-0.707106781187));
#5567 = ADVANCED_FACE('',(#5568),#5579,.T.);
#5568 = FACE_BOUND('',#5569,.T.);
#5569 = EDGE_LOOP('',(#5570,#5571,#5572,#5578));
#5570 = ORIENTED_EDGE('',*,*,#2116,.F.);
#5571 = ORIENTED_EDGE('',*,*,#5296,.T.);
#5572 = ORIENTED_EDGE('',*,*,#5573,.T.);
#5573 = EDGE_CURVE('',#5297,#5386,#5574,.T.);
#5574 = LINE('',#5575,#5576);
#5575 = CARTESIAN_POINT('',(-60.81,2.18,8.49));
#5576 = VECTOR('',#5577,1.);
#5577 = DIRECTION('',(0.,1.,0.));
#5578 = ORIENTED_EDGE('',*,*,#5394,.T.);
#5579 = PLANE('',#5580);
#5580 = AXIS2_PLACEMENT_3D('',#5581,#5582,#5583);
#5581 = CARTESIAN_POINT('',(-57.81,2.18,8.49));
#5582 = DIRECTION('',(1.1E-16,-1.1E-16,-1.));
#5583 = DIRECTION('',(-4.354278099164E-49,1.,-1.1E-16));
#5584 = ADVANCED_FACE('',(#5585),#5604,.T.);
#5585 = FACE_BOUND('',#5586,.F.);
#5586 = EDGE_LOOP('',(#5587,#5595,#5602,#5603));
#5587 = ORIENTED_EDGE('',*,*,#5588,.T.);
#5588 = EDGE_CURVE('',#2217,#5589,#5591,.T.);
#5589 = VERTEX_POINT('',#5590);
#5590 = CARTESIAN_POINT('',(-57.27,-4.67,8.E-02));
#5591 = LINE('',#5592,#5593);
#5592 = CARTESIAN_POINT('',(-57.81,-4.67,8.E-02));
#5593 = VECTOR('',#5594,1.);
#5594 = DIRECTION('',(1.,0.,0.));
#5595 = ORIENTED_EDGE('',*,*,#5596,.T.);
#5596 = EDGE_CURVE('',#5589,#5589,#5597,.T.);
#5597 = CIRCLE('',#5598,2.4);
#5598 = AXIS2_PLACEMENT_3D('',#5599,#5600,#5601);
#5599 = CARTESIAN_POINT('',(-57.27,-7.07,8.E-02));
#5600 = DIRECTION('',(1.,0.,0.));
#5601 = DIRECTION('',(0.,1.,0.));
#5602 = ORIENTED_EDGE('',*,*,#5588,.F.);
#5603 = ORIENTED_EDGE('',*,*,#2216,.F.);
#5604 = CYLINDRICAL_SURFACE('',#5605,2.4);
#5605 = AXIS2_PLACEMENT_3D('',#5606,#5607,#5608);
#5606 = CARTESIAN_POINT('',(-57.81,-7.07,8.E-02));
#5607 = DIRECTION('',(-1.,-0.,-0.));
#5608 = DIRECTION('',(0.,1.,0.));
#5609 = ADVANCED_FACE('',(#5610),#5629,.T.);
#5610 = FACE_BOUND('',#5611,.F.);
#5611 = EDGE_LOOP('',(#5612,#5620,#5627,#5628));
#5612 = ORIENTED_EDGE('',*,*,#5613,.T.);
#5613 = EDGE_CURVE('',#2228,#5614,#5616,.T.);
#5614 = VERTEX_POINT('',#5615);
#5615 = CARTESIAN_POINT('',(-57.27,11.09,14.89));
#5616 = LINE('',#5617,#5618);
#5617 = CARTESIAN_POINT('',(-57.81,11.09,14.89));
#5618 = VECTOR('',#5619,1.);
#5619 = DIRECTION('',(1.,0.,0.));
#5620 = ORIENTED_EDGE('',*,*,#5621,.T.);
#5621 = EDGE_CURVE('',#5614,#5614,#5622,.T.);
#5622 = CIRCLE('',#5623,2.4);
#5623 = AXIS2_PLACEMENT_3D('',#5624,#5625,#5626);
#5624 = CARTESIAN_POINT('',(-57.27,8.69,14.89));
#5625 = DIRECTION('',(1.,0.,0.));
#5626 = DIRECTION('',(0.,1.,0.));
#5627 = ORIENTED_EDGE('',*,*,#5613,.F.);
#5628 = ORIENTED_EDGE('',*,*,#2227,.F.);
#5629 = CYLINDRICAL_SURFACE('',#5630,2.4);
#5630 = AXIS2_PLACEMENT_3D('',#5631,#5632,#5633);
#5631 = CARTESIAN_POINT('',(-57.81,8.69,14.89));
#5632 = DIRECTION('',(-1.,-0.,-0.));
#5633 = DIRECTION('',(0.,1.,0.));
#5634 = ADVANCED_FACE('',(#5635),#5660,.T.);
#5635 = FACE_BOUND('',#5636,.T.);
#5636 = EDGE_LOOP('',(#5637,#5638,#5646,#5654));
#5637 = ORIENTED_EDGE('',*,*,#2238,.F.);
#5638 = ORIENTED_EDGE('',*,*,#5639,.T.);
#5639 = EDGE_CURVE('',#2239,#5640,#5642,.T.);
#5640 = VERTEX_POINT('',#5641);
#5641 = CARTESIAN_POINT('',(-60.81,-2.193203311894,16.426110774469));
#5642 = LINE('',#5643,#5644);
#5643 = CARTESIAN_POINT('',(-57.81,-2.193203311894,16.426110774469));
#5644 = VECTOR('',#5645,1.);
#5645 = DIRECTION('',(-1.,1.1E-16,-1.1E-16));
#5646 = ORIENTED_EDGE('',*,*,#5647,.T.);
#5647 = EDGE_CURVE('',#5640,#5648,#5650,.T.);
#5648 = VERTEX_POINT('',#5649);
#5649 = CARTESIAN_POINT('',(-60.81,-1.426402251483,15.738421794077));
#5650 = LINE('',#5651,#5652);
#5651 = CARTESIAN_POINT('',(-60.81,-2.193203311894,16.426110774469));
#5652 = VECTOR('',#5653,1.);
#5653 = DIRECTION('',(0.,0.744467048943,-0.667659204264));
#5654 = ORIENTED_EDGE('',*,*,#5655,.T.);
#5655 = EDGE_CURVE('',#5648,#2241,#5656,.T.);
#5656 = LINE('',#5657,#5658);
#5657 = CARTESIAN_POINT('',(-57.81,-1.426402251483,15.738421794077));
#5658 = VECTOR('',#5659,1.);
#5659 = DIRECTION('',(1.,1.E-17,1.E-17));
#5660 = PLANE('',#5661);
#5661 = AXIS2_PLACEMENT_3D('',#5662,#5663,#5664);
#5662 = CARTESIAN_POINT('',(-57.81,-2.193203311894,16.426110774469));
#5663 = DIRECTION('',(1.E-17,-0.667659204264,-0.744467048943));
#5664 = DIRECTION('',(7.E-17,0.744467048943,-0.667659204264));
#5665 = ADVANCED_FACE('',(#5666),#5684,.F.);
#5666 = FACE_BOUND('',#5667,.F.);
#5667 = EDGE_LOOP('',(#5668,#5669,#5677,#5683));
#5668 = ORIENTED_EDGE('',*,*,#5639,.T.);
#5669 = ORIENTED_EDGE('',*,*,#5670,.T.);
#5670 = EDGE_CURVE('',#5640,#5671,#5673,.T.);
#5671 = VERTEX_POINT('',#5672);
#5672 = CARTESIAN_POINT('',(-60.81,-3.528521720423,14.937176676584));
#5673 = LINE('',#5674,#5675);
#5674 = CARTESIAN_POINT('',(-60.81,-2.193203311894,16.426110774469));
#5675 = VECTOR('',#5676,1.);
#5676 = DIRECTION('',(0.,-0.667659204264,-0.744467048943));
#5677 = ORIENTED_EDGE('',*,*,#5678,.F.);
#5678 = EDGE_CURVE('',#2372,#5671,#5679,.T.);
#5679 = LINE('',#5680,#5681);
#5680 = CARTESIAN_POINT('',(-57.81,-3.528521720423,14.937176676584));
#5681 = VECTOR('',#5682,1.);
#5682 = DIRECTION('',(-1.,1.1E-16,-1.1E-16));
#5683 = ORIENTED_EDGE('',*,*,#2379,.F.);
#5684 = PLANE('',#5685);
#5685 = AXIS2_PLACEMENT_3D('',#5686,#5687,#5688);
#5686 = CARTESIAN_POINT('',(-57.81,-2.193203311894,16.426110774469));
#5687 = DIRECTION('',(-1.6E-16,-0.744467048943,0.667659204264));
#5688 = DIRECTION('',(8.E-17,-0.667659204264,-0.744467048943));
#5689 = ADVANCED_FACE('',(#5690),#5708,.F.);
#5690 = FACE_BOUND('',#5691,.F.);
#5691 = EDGE_LOOP('',(#5692,#5693,#5694,#5702));
#5692 = ORIENTED_EDGE('',*,*,#2371,.F.);
#5693 = ORIENTED_EDGE('',*,*,#5678,.T.);
#5694 = ORIENTED_EDGE('',*,*,#5695,.T.);
#5695 = EDGE_CURVE('',#5671,#5696,#5698,.T.);
#5696 = VERTEX_POINT('',#5697);
#5697 = CARTESIAN_POINT('',(-60.81,-2.761720660012,14.249487696192));
#5698 = LINE('',#5699,#5700);
#5699 = CARTESIAN_POINT('',(-60.81,-3.528521720423,14.937176676584));
#5700 = VECTOR('',#5701,1.);
#5701 = DIRECTION('',(0.,0.744467048943,-0.667659204264));
#5702 = ORIENTED_EDGE('',*,*,#5703,.T.);
#5703 = EDGE_CURVE('',#5696,#2364,#5704,.T.);
#5704 = LINE('',#5705,#5706);
#5705 = CARTESIAN_POINT('',(-57.81,-2.761720660012,14.249487696192));
#5706 = VECTOR('',#5707,1.);
#5707 = DIRECTION('',(1.,1.E-17,1.E-17));
#5708 = PLANE('',#5709);
#5709 = AXIS2_PLACEMENT_3D('',#5710,#5711,#5712);
#5710 = CARTESIAN_POINT('',(-57.81,-3.528521720423,14.937176676584));
#5711 = DIRECTION('',(1.E-17,-0.667659204264,-0.744467048943));
#5712 = DIRECTION('',(7.E-17,0.744467048943,-0.667659204264));
#5713 = ADVANCED_FACE('',(#5714),#5748,.T.);
#5714 = FACE_BOUND('',#5715,.T.);
#5715 = EDGE_LOOP('',(#5716,#5717,#5725,#5733,#5739,#5740,#5741,#5747));
#5716 = ORIENTED_EDGE('',*,*,#2363,.F.);
#5717 = ORIENTED_EDGE('',*,*,#5718,.T.);
#5718 = EDGE_CURVE('',#2355,#5719,#5721,.T.);
#5719 = VERTEX_POINT('',#5720);
#5720 = CARTESIAN_POINT('',(-61.81,-3.429379864276,13.505020647249));
#5721 = LINE('',#5722,#5723);
#5722 = CARTESIAN_POINT('',(-57.81,-3.429379864276,13.505020647249));
#5723 = VECTOR('',#5724,1.);
#5724 = DIRECTION('',(-1.,-0.,-0.));
#5725 = ORIENTED_EDGE('',*,*,#5726,.T.);
#5726 = EDGE_CURVE('',#5719,#5727,#5729,.T.);
#5727 = VERTEX_POINT('',#5728);
#5728 = CARTESIAN_POINT('',(-61.81,-0.758743047219,16.482888843019));
#5729 = LINE('',#5730,#5731);
#5730 = CARTESIAN_POINT('',(-61.81,-4.106156391686,12.750387413802));
#5731 = VECTOR('',#5732,1.);
#5732 = DIRECTION('',(0.,0.667659204264,0.744467048943));
#5733 = ORIENTED_EDGE('',*,*,#5734,.F.);
#5734 = EDGE_CURVE('',#2249,#5727,#5735,.T.);
#5735 = LINE('',#5736,#5737);
#5736 = CARTESIAN_POINT('',(-57.81,-0.758743047219,16.482888843019));
#5737 = VECTOR('',#5738,1.);
#5738 = DIRECTION('',(-1.,-0.,-0.));
#5739 = ORIENTED_EDGE('',*,*,#2248,.F.);
#5740 = ORIENTED_EDGE('',*,*,#5655,.F.);
#5741 = ORIENTED_EDGE('',*,*,#5742,.F.);
#5742 = EDGE_CURVE('',#5696,#5648,#5743,.T.);
#5743 = LINE('',#5744,#5745);
#5744 = CARTESIAN_POINT('',(-60.81,-4.016520236629,12.850335356417));
#5745 = VECTOR('',#5746,1.);
#5746 = DIRECTION('',(0.,0.667659204264,0.744467048943));
#5747 = ORIENTED_EDGE('',*,*,#5703,.T.);
#5748 = PLANE('',#5749);
#5749 = AXIS2_PLACEMENT_3D('',#5750,#5751,#5752);
#5750 = CARTESIAN_POINT('',(-57.81,-3.429379864276,13.505020647249));
#5751 = DIRECTION('',(0.,0.744467048943,-0.667659204264));
#5752 = DIRECTION('',(0.,0.667659204264,0.744467048943));
#5753 = ADVANCED_FACE('',(#5754),#5773,.F.);
#5754 = FACE_BOUND('',#5755,.F.);
#5755 = EDGE_LOOP('',(#5756,#5757,#5758,#5767));
#5756 = ORIENTED_EDGE('',*,*,#2354,.F.);
#5757 = ORIENTED_EDGE('',*,*,#5718,.T.);
#5758 = ORIENTED_EDGE('',*,*,#5759,.T.);
#5759 = EDGE_CURVE('',#5719,#5760,#5762,.T.);
#5760 = VERTEX_POINT('',#5761);
#5761 = CARTESIAN_POINT('',(-61.81,-2.16378580443,10.67));
#5762 = CIRCLE('',#5763,1.7);
#5763 = AXIS2_PLACEMENT_3D('',#5764,#5765,#5766);
#5764 = CARTESIAN_POINT('',(-61.81,-2.163785881074,12.37));
#5765 = DIRECTION('',(1.,0.,0.));
#5766 = DIRECTION('',(0.,1.,0.));
#5767 = ORIENTED_EDGE('',*,*,#5768,.F.);
#5768 = EDGE_CURVE('',#2347,#5760,#5769,.T.);
#5769 = LINE('',#5770,#5771);
#5770 = CARTESIAN_POINT('',(-57.81,-2.16378580443,10.67));
#5771 = VECTOR('',#5772,1.);
#5772 = DIRECTION('',(-1.,-0.,-0.));
#5773 = CYLINDRICAL_SURFACE('',#5774,1.7);
#5774 = AXIS2_PLACEMENT_3D('',#5775,#5776,#5777);
#5775 = CARTESIAN_POINT('',(-57.81,-2.163785881074,12.37));
#5776 = DIRECTION('',(1.,0.,0.));
#5777 = DIRECTION('',(0.,1.,0.));
#5778 = ADVANCED_FACE('',(#5779),#5820,.F.);
#5779 = FACE_BOUND('',#5780,.F.);
#5780 = EDGE_LOOP('',(#5781,#5782,#5783,#5791,#5797,#5798,#5806,#5814));
#5781 = ORIENTED_EDGE('',*,*,#2346,.F.);
#5782 = ORIENTED_EDGE('',*,*,#5768,.T.);
#5783 = ORIENTED_EDGE('',*,*,#5784,.T.);
#5784 = EDGE_CURVE('',#5760,#5785,#5787,.T.);
#5785 = VERTEX_POINT('',#5786);
#5786 = CARTESIAN_POINT('',(-61.81,3.162486709842,10.67));
#5787 = LINE('',#5788,#5789);
#5788 = CARTESIAN_POINT('',(-61.81,-1.081892902215,10.67));
#5789 = VECTOR('',#5790,1.);
#5790 = DIRECTION('',(0.,1.,0.));
#5791 = ORIENTED_EDGE('',*,*,#5792,.F.);
#5792 = EDGE_CURVE('',#2306,#5785,#5793,.T.);
#5793 = LINE('',#5794,#5795);
#5794 = CARTESIAN_POINT('',(-57.81,3.162486709842,10.67));
#5795 = VECTOR('',#5796,1.);
#5796 = DIRECTION('',(-1.,-0.,-0.));
#5797 = ORIENTED_EDGE('',*,*,#2314,.F.);
#5798 = ORIENTED_EDGE('',*,*,#5799,.T.);
#5799 = EDGE_CURVE('',#2315,#5800,#5802,.T.);
#5800 = VERTEX_POINT('',#5801);
#5801 = CARTESIAN_POINT('',(-60.81,1.499350380985,10.67));
#5802 = LINE('',#5803,#5804);
#5803 = CARTESIAN_POINT('',(-57.81,1.499350380985,10.67));
#5804 = VECTOR('',#5805,1.);
#5805 = DIRECTION('',(-1.,1.1E-16,0.));
#5806 = ORIENTED_EDGE('',*,*,#5807,.F.);
#5807 = EDGE_CURVE('',#5808,#5800,#5810,.T.);
#5808 = VERTEX_POINT('',#5809);
#5809 = CARTESIAN_POINT('',(-60.81,-0.500649619015,10.67));
#5810 = LINE('',#5811,#5812);
#5811 = CARTESIAN_POINT('',(-60.81,-0.703444178047,10.67));
#5812 = VECTOR('',#5813,1.);
#5813 = DIRECTION('',(0.,1.,0.));
#5814 = ORIENTED_EDGE('',*,*,#5815,.F.);
#5815 = EDGE_CURVE('',#2339,#5808,#5816,.T.);
#5816 = LINE('',#5817,#5818);
#5817 = CARTESIAN_POINT('',(-57.81,-0.500649619015,10.67));
#5818 = VECTOR('',#5819,1.);
#5819 = DIRECTION('',(-1.,1.1E-16,0.));
#5820 = PLANE('',#5821);
#5821 = AXIS2_PLACEMENT_3D('',#5822,#5823,#5824);
#5822 = CARTESIAN_POINT('',(-57.81,-2.16378580443,10.67));
#5823 = DIRECTION('',(0.,0.,-1.));
#5824 = DIRECTION('',(0.,1.,0.));
#5825 = ADVANCED_FACE('',(#5826),#5844,.T.);
#5826 = FACE_BOUND('',#5827,.T.);
#5827 = EDGE_LOOP('',(#5828,#5829,#5837,#5843));
#5828 = ORIENTED_EDGE('',*,*,#2338,.F.);
#5829 = ORIENTED_EDGE('',*,*,#5830,.T.);
#5830 = EDGE_CURVE('',#2331,#5831,#5833,.T.);
#5831 = VERTEX_POINT('',#5832);
#5832 = CARTESIAN_POINT('',(-60.81,-0.500649619015,9.64));
#5833 = LINE('',#5834,#5835);
#5834 = CARTESIAN_POINT('',(-57.81,-0.500649619015,9.64));
#5835 = VECTOR('',#5836,1.);
#5836 = DIRECTION('',(-1.,1.1E-16,-1.1E-16));
#5837 = ORIENTED_EDGE('',*,*,#5838,.T.);
#5838 = EDGE_CURVE('',#5831,#5808,#5839,.T.);
#5839 = LINE('',#5840,#5841);
#5840 = CARTESIAN_POINT('',(-60.81,-0.500649619015,9.64));
#5841 = VECTOR('',#5842,1.);
#5842 = DIRECTION('',(0.,0.,1.));
#5843 = ORIENTED_EDGE('',*,*,#5815,.F.);
#5844 = PLANE('',#5845);
#5845 = AXIS2_PLACEMENT_3D('',#5846,#5847,#5848);
#5846 = CARTESIAN_POINT('',(-57.81,-0.500649619015,9.64));
#5847 = DIRECTION('',(1.1E-16,1.,-1.1E-16));
#5848 = DIRECTION('',(-1.1E-16,1.1E-16,1.));
#5849 = ADVANCED_FACE('',(#5850),#5868,.F.);
#5850 = FACE_BOUND('',#5851,.F.);
#5851 = EDGE_LOOP('',(#5852,#5853,#5861,#5867));
#5852 = ORIENTED_EDGE('',*,*,#5830,.T.);
#5853 = ORIENTED_EDGE('',*,*,#5854,.T.);
#5854 = EDGE_CURVE('',#5831,#5855,#5857,.T.);
#5855 = VERTEX_POINT('',#5856);
#5856 = CARTESIAN_POINT('',(-60.81,1.499350380985,9.64));
#5857 = LINE('',#5858,#5859);
#5858 = CARTESIAN_POINT('',(-60.81,-0.500649619015,9.64));
#5859 = VECTOR('',#5860,1.);
#5860 = DIRECTION('',(0.,1.,0.));
#5861 = ORIENTED_EDGE('',*,*,#5862,.F.);
#5862 = EDGE_CURVE('',#2323,#5855,#5863,.T.);
#5863 = LINE('',#5864,#5865);
#5864 = CARTESIAN_POINT('',(-57.81,1.499350380985,9.64));
#5865 = VECTOR('',#5866,1.);
#5866 = DIRECTION('',(-1.,1.1E-16,-1.1E-16));
#5867 = ORIENTED_EDGE('',*,*,#2330,.F.);
#5868 = PLANE('',#5869);
#5869 = AXIS2_PLACEMENT_3D('',#5870,#5871,#5872);
#5870 = CARTESIAN_POINT('',(-57.81,-0.500649619015,9.64));
#5871 = DIRECTION('',(1.1E-16,-1.1E-16,-1.));
#5872 = DIRECTION('',(-4.354278099164E-49,1.,-1.1E-16));
#5873 = ADVANCED_FACE('',(#5874),#5885,.F.);
#5874 = FACE_BOUND('',#5875,.F.);
#5875 = EDGE_LOOP('',(#5876,#5877,#5878,#5884));
#5876 = ORIENTED_EDGE('',*,*,#2322,.F.);
#5877 = ORIENTED_EDGE('',*,*,#5862,.T.);
#5878 = ORIENTED_EDGE('',*,*,#5879,.T.);
#5879 = EDGE_CURVE('',#5855,#5800,#5880,.T.);
#5880 = LINE('',#5881,#5882);
#5881 = CARTESIAN_POINT('',(-60.81,1.499350380985,9.64));
#5882 = VECTOR('',#5883,1.);
#5883 = DIRECTION('',(0.,0.,1.));
#5884 = ORIENTED_EDGE('',*,*,#5799,.F.);
#5885 = PLANE('',#5886);
#5886 = AXIS2_PLACEMENT_3D('',#5887,#5888,#5889);
#5887 = CARTESIAN_POINT('',(-57.81,1.499350380985,9.64));
#5888 = DIRECTION('',(1.1E-16,1.,-1.1E-16));
#5889 = DIRECTION('',(-1.1E-16,1.1E-16,1.));
#5890 = ADVANCED_FACE('',(#5891),#5910,.F.);
#5891 = FACE_BOUND('',#5892,.F.);
#5892 = EDGE_LOOP('',(#5893,#5894,#5895,#5904));
#5893 = ORIENTED_EDGE('',*,*,#2305,.F.);
#5894 = ORIENTED_EDGE('',*,*,#5792,.T.);
#5895 = ORIENTED_EDGE('',*,*,#5896,.T.);
#5896 = EDGE_CURVE('',#5785,#5897,#5899,.T.);
#5897 = VERTEX_POINT('',#5898);
#5898 = CARTESIAN_POINT('',(-61.81,4.431252493188,13.501473913756));
#5899 = CIRCLE('',#5900,1.7);
#5900 = AXIS2_PLACEMENT_3D('',#5901,#5902,#5903);
#5901 = CARTESIAN_POINT('',(-61.81,3.162486643045,12.37));
#5902 = DIRECTION('',(1.,0.,0.));
#5903 = DIRECTION('',(0.,1.,0.));
#5904 = ORIENTED_EDGE('',*,*,#5905,.F.);
#5905 = EDGE_CURVE('',#2298,#5897,#5906,.T.);
#5906 = LINE('',#5907,#5908);
#5907 = CARTESIAN_POINT('',(-57.81,4.431252493188,13.501473913756));
#5908 = VECTOR('',#5909,1.);
#5909 = DIRECTION('',(-1.,-0.,-0.));
#5910 = CYLINDRICAL_SURFACE('',#5911,1.7);
#5911 = AXIS2_PLACEMENT_3D('',#5912,#5913,#5914);
#5912 = CARTESIAN_POINT('',(-57.81,3.162486643045,12.37));
#5913 = DIRECTION('',(1.,0.,0.));
#5914 = DIRECTION('',(0.,1.,0.));
#5915 = ADVANCED_FACE('',(#5916),#5957,.T.);
#5916 = FACE_BOUND('',#5917,.T.);
#5917 = EDGE_LOOP('',(#5918,#5919,#5927,#5933,#5934,#5935,#5943,#5951));
#5918 = ORIENTED_EDGE('',*,*,#2265,.F.);
#5919 = ORIENTED_EDGE('',*,*,#5920,.T.);
#5920 = EDGE_CURVE('',#2257,#5921,#5923,.T.);
#5921 = VERTEX_POINT('',#5922);
#5922 = CARTESIAN_POINT('',(-61.81,1.775616805321,16.479342088003));
#5923 = LINE('',#5924,#5925);
#5924 = CARTESIAN_POINT('',(-57.81,1.775616805321,16.479342088003));
#5925 = VECTOR('',#5926,1.);
#5926 = DIRECTION('',(-1.,-0.,-0.));
#5927 = ORIENTED_EDGE('',*,*,#5928,.T.);
#5928 = EDGE_CURVE('',#5921,#5897,#5929,.T.);
#5929 = LINE('',#5930,#5931);
#5930 = CARTESIAN_POINT('',(-61.81,3.561288666548,14.47699838194));
#5931 = VECTOR('',#5932,1.);
#5932 = DIRECTION('',(0.,0.665572858913,-0.746332881145));
#5933 = ORIENTED_EDGE('',*,*,#5905,.F.);
#5934 = ORIENTED_EDGE('',*,*,#2297,.F.);
#5935 = ORIENTED_EDGE('',*,*,#5936,.F.);
#5936 = EDGE_CURVE('',#5937,#2290,#5939,.T.);
#5937 = VERTEX_POINT('',#5938);
#5938 = CARTESIAN_POINT('',(-60.81,3.769007546374,14.244075076891));
#5939 = LINE('',#5940,#5941);
#5940 = CARTESIAN_POINT('',(-57.81,3.769007546374,14.244075076891));
#5941 = VECTOR('',#5942,1.);
#5942 = DIRECTION('',(1.,-1.E-16,1.2E-16));
#5943 = ORIENTED_EDGE('',*,*,#5944,.F.);
#5944 = EDGE_CURVE('',#5945,#5937,#5947,.T.);
#5945 = VERTEX_POINT('',#5946);
#5946 = CARTESIAN_POINT('',(-60.81,2.437861828548,15.736740839182));
#5947 = LINE('',#5948,#5949);
#5948 = CARTESIAN_POINT('',(-60.81,3.807951573767,14.200405615647));
#5949 = VECTOR('',#5950,1.);
#5950 = DIRECTION('',(0.,0.665572858913,-0.746332881145));
#5951 = ORIENTED_EDGE('',*,*,#5952,.T.);
#5952 = EDGE_CURVE('',#5945,#2266,#5953,.T.);
#5953 = LINE('',#5954,#5955);
#5954 = CARTESIAN_POINT('',(-57.81,2.437861828548,15.736740839182));
#5955 = VECTOR('',#5956,1.);
#5956 = DIRECTION('',(1.,-1.E-16,1.2E-16));
#5957 = PLANE('',#5958);
#5958 = AXIS2_PLACEMENT_3D('',#5959,#5960,#5961);
#5959 = CARTESIAN_POINT('',(-57.81,1.775616805321,16.479342088003));
#5960 = DIRECTION('',(0.,-0.746332881145,-0.665572858913));
#5961 = DIRECTION('',(0.,0.665572858913,-0.746332881145));
#5962 = ADVANCED_FACE('',(#5963),#5981,.T.);
#5963 = FACE_BOUND('',#5964,.T.);
#5964 = EDGE_LOOP('',(#5965,#5966,#5974,#5980));
#5965 = ORIENTED_EDGE('',*,*,#2289,.F.);
#5966 = ORIENTED_EDGE('',*,*,#5967,.T.);
#5967 = EDGE_CURVE('',#2282,#5968,#5970,.T.);
#5968 = VERTEX_POINT('',#5969);
#5969 = CARTESIAN_POINT('',(-60.81,4.537730413954,14.929615121571));
#5970 = LINE('',#5971,#5972);
#5971 = CARTESIAN_POINT('',(-57.81,4.537730413954,14.929615121571));
#5972 = VECTOR('',#5973,1.);
#5973 = DIRECTION('',(-1.,1.1E-16,-1.1E-16));
#5974 = ORIENTED_EDGE('',*,*,#5975,.T.);
#5975 = EDGE_CURVE('',#5968,#5937,#5976,.T.);
#5976 = LINE('',#5977,#5978);
#5977 = CARTESIAN_POINT('',(-60.81,4.537730413954,14.929615121571));
#5978 = VECTOR('',#5979,1.);
#5979 = DIRECTION('',(0.,-0.746332881145,-0.665572858913));
#5980 = ORIENTED_EDGE('',*,*,#5936,.T.);
#5981 = PLANE('',#5982);
#5982 = AXIS2_PLACEMENT_3D('',#5983,#5984,#5985);
#5983 = CARTESIAN_POINT('',(-57.81,4.537730413954,14.929615121571));
#5984 = DIRECTION('',(-1.6E-16,-0.665572858913,0.746332881145));
#5985 = DIRECTION('',(7.E-17,-0.746332881145,-0.665572858913));
#5986 = ADVANCED_FACE('',(#5987),#6005,.T.);
#5987 = FACE_BOUND('',#5988,.T.);
#5988 = EDGE_LOOP('',(#5989,#5997,#6003,#6004));
#5989 = ORIENTED_EDGE('',*,*,#5990,.T.);
#5990 = EDGE_CURVE('',#2274,#5991,#5993,.T.);
#5991 = VERTEX_POINT('',#5992);
#5992 = CARTESIAN_POINT('',(-60.81,3.206584696128,16.422280883862));
#5993 = LINE('',#5994,#5995);
#5994 = CARTESIAN_POINT('',(-57.81,3.206584696128,16.422280883862));
#5995 = VECTOR('',#5996,1.);
#5996 = DIRECTION('',(-1.,1.1E-16,-1.1E-16));
#5997 = ORIENTED_EDGE('',*,*,#5998,.T.);
#5998 = EDGE_CURVE('',#5991,#5968,#5999,.T.);
#5999 = LINE('',#6000,#6001);
#6000 = CARTESIAN_POINT('',(-60.81,3.206584696128,16.422280883862));
#6001 = VECTOR('',#6002,1.);
#6002 = DIRECTION('',(0.,0.665572858913,-0.746332881145));
#6003 = ORIENTED_EDGE('',*,*,#5967,.F.);
#6004 = ORIENTED_EDGE('',*,*,#2281,.F.);
#6005 = PLANE('',#6006);
#6006 = AXIS2_PLACEMENT_3D('',#6007,#6008,#6009);
#6007 = CARTESIAN_POINT('',(-57.81,3.206584696128,16.422280883862));
#6008 = DIRECTION('',(-1.E-17,-0.746332881145,-0.665572858913));
#6009 = DIRECTION('',(8.E-17,0.665572858913,-0.746332881145));
#6010 = ADVANCED_FACE('',(#6011),#6022,.F.);
#6011 = FACE_BOUND('',#6012,.F.);
#6012 = EDGE_LOOP('',(#6013,#6014,#6015,#6021));
#6013 = ORIENTED_EDGE('',*,*,#2273,.F.);
#6014 = ORIENTED_EDGE('',*,*,#5990,.T.);
#6015 = ORIENTED_EDGE('',*,*,#6016,.T.);
#6016 = EDGE_CURVE('',#5991,#5945,#6017,.T.);
#6017 = LINE('',#6018,#6019);
#6018 = CARTESIAN_POINT('',(-60.81,3.206584696128,16.422280883862));
#6019 = VECTOR('',#6020,1.);
#6020 = DIRECTION('',(0.,-0.746332881145,-0.665572858913));
#6021 = ORIENTED_EDGE('',*,*,#5952,.T.);
#6022 = PLANE('',#6023);
#6023 = AXIS2_PLACEMENT_3D('',#6024,#6025,#6026);
#6024 = CARTESIAN_POINT('',(-57.81,3.206584696128,16.422280883862));
#6025 = DIRECTION('',(-1.6E-16,-0.665572858913,0.746332881145));
#6026 = DIRECTION('',(7.E-17,-0.746332881145,-0.665572858913));
#6027 = ADVANCED_FACE('',(#6028),#6040,.F.);
#6028 = FACE_BOUND('',#6029,.F.);
#6029 = EDGE_LOOP('',(#6030,#6031,#6032,#6039));
#6030 = ORIENTED_EDGE('',*,*,#2256,.F.);
#6031 = ORIENTED_EDGE('',*,*,#5920,.T.);
#6032 = ORIENTED_EDGE('',*,*,#6033,.T.);
#6033 = EDGE_CURVE('',#5921,#5727,#6034,.T.);
#6034 = CIRCLE('',#6035,1.7);
#6035 = AXIS2_PLACEMENT_3D('',#6036,#6037,#6038);
#6036 = CARTESIAN_POINT('',(-61.81,0.506850935983,15.34786819577));
#6037 = DIRECTION('',(1.,0.,0.));
#6038 = DIRECTION('',(0.,1.,0.));
#6039 = ORIENTED_EDGE('',*,*,#5734,.F.);
#6040 = CYLINDRICAL_SURFACE('',#6041,1.7);
#6041 = AXIS2_PLACEMENT_3D('',#6042,#6043,#6044);
#6042 = CARTESIAN_POINT('',(-57.81,0.506850935983,15.34786819577));
#6043 = DIRECTION('',(1.,0.,0.));
#6044 = DIRECTION('',(0.,1.,0.));
#6045 = ADVANCED_FACE('',(#6046),#6071,.T.);
#6046 = FACE_BOUND('',#6047,.T.);
#6047 = EDGE_LOOP('',(#6048,#6049,#6057,#6065));
#6048 = ORIENTED_EDGE('',*,*,#2387,.F.);
#6049 = ORIENTED_EDGE('',*,*,#6050,.T.);
#6050 = EDGE_CURVE('',#2388,#6051,#6053,.T.);
#6051 = VERTEX_POINT('',#6052);
#6052 = CARTESIAN_POINT('',(-60.81,-6.99,2.66));
#6053 = LINE('',#6054,#6055);
#6054 = CARTESIAN_POINT('',(-57.81,-6.99,2.66));
#6055 = VECTOR('',#6056,1.);
#6056 = DIRECTION('',(-1.,1.1E-16,-1.1E-16));
#6057 = ORIENTED_EDGE('',*,*,#6058,.T.);
#6058 = EDGE_CURVE('',#6051,#6059,#6061,.T.);
#6059 = VERTEX_POINT('',#6060);
#6060 = CARTESIAN_POINT('',(-60.81,-6.99,3.823939444035));
#6061 = LINE('',#6062,#6063);
#6062 = CARTESIAN_POINT('',(-60.81,-6.99,2.66));
#6063 = VECTOR('',#6064,1.);
#6064 = DIRECTION('',(0.,0.,1.));
#6065 = ORIENTED_EDGE('',*,*,#6066,.T.);
#6066 = EDGE_CURVE('',#6059,#2390,#6067,.T.);
#6067 = LINE('',#6068,#6069);
#6068 = CARTESIAN_POINT('',(-57.81,-6.99,3.823939444035));
#6069 = VECTOR('',#6070,1.);
#6070 = DIRECTION('',(1.,0.,0.));
#6071 = PLANE('',#6072);
#6072 = AXIS2_PLACEMENT_3D('',#6073,#6074,#6075);
#6073 = CARTESIAN_POINT('',(-57.81,-6.99,2.66));
#6074 = DIRECTION('',(1.1E-16,1.,-1.1E-16));
#6075 = DIRECTION('',(-1.1E-16,1.1E-16,1.));
#6076 = ADVANCED_FACE('',(#6077),#6095,.F.);
#6077 = FACE_BOUND('',#6078,.F.);
#6078 = EDGE_LOOP('',(#6079,#6080,#6088,#6094));
#6079 = ORIENTED_EDGE('',*,*,#6050,.T.);
#6080 = ORIENTED_EDGE('',*,*,#6081,.T.);
#6081 = EDGE_CURVE('',#6051,#6082,#6084,.T.);
#6082 = VERTEX_POINT('',#6083);
#6083 = CARTESIAN_POINT('',(-60.81,-4.99,2.66));
#6084 = LINE('',#6085,#6086);
#6085 = CARTESIAN_POINT('',(-60.81,-6.99,2.66));
#6086 = VECTOR('',#6087,1.);
#6087 = DIRECTION('',(0.,1.,0.));
#6088 = ORIENTED_EDGE('',*,*,#6089,.F.);
#6089 = EDGE_CURVE('',#2473,#6082,#6090,.T.);
#6090 = LINE('',#6091,#6092);
#6091 = CARTESIAN_POINT('',(-57.81,-4.99,2.66));
#6092 = VECTOR('',#6093,1.);
#6093 = DIRECTION('',(-1.,1.1E-16,-1.1E-16));
#6094 = ORIENTED_EDGE('',*,*,#2480,.F.);
#6095 = PLANE('',#6096);
#6096 = AXIS2_PLACEMENT_3D('',#6097,#6098,#6099);
#6097 = CARTESIAN_POINT('',(-57.81,-6.99,2.66));
#6098 = DIRECTION('',(1.1E-16,-1.1E-16,-1.));
#6099 = DIRECTION('',(-4.354278099164E-49,1.,-1.1E-16));
#6100 = ADVANCED_FACE('',(#6101),#6119,.F.);
#6101 = FACE_BOUND('',#6102,.F.);
#6102 = EDGE_LOOP('',(#6103,#6104,#6105,#6113));
#6103 = ORIENTED_EDGE('',*,*,#2472,.F.);
#6104 = ORIENTED_EDGE('',*,*,#6089,.T.);
#6105 = ORIENTED_EDGE('',*,*,#6106,.T.);
#6106 = EDGE_CURVE('',#6082,#6107,#6109,.T.);
#6107 = VERTEX_POINT('',#6108);
#6108 = CARTESIAN_POINT('',(-60.81,-4.99,3.823939444035));
#6109 = LINE('',#6110,#6111);
#6110 = CARTESIAN_POINT('',(-60.81,-4.99,2.66));
#6111 = VECTOR('',#6112,1.);
#6112 = DIRECTION('',(0.,0.,1.));
#6113 = ORIENTED_EDGE('',*,*,#6114,.T.);
#6114 = EDGE_CURVE('',#6107,#2464,#6115,.T.);
#6115 = LINE('',#6116,#6117);
#6116 = CARTESIAN_POINT('',(-57.81,-4.99,3.823939444035));
#6117 = VECTOR('',#6118,1.);
#6118 = DIRECTION('',(1.,0.,0.));
#6119 = PLANE('',#6120);
#6120 = AXIS2_PLACEMENT_3D('',#6121,#6122,#6123);
#6121 = CARTESIAN_POINT('',(-57.81,-4.99,2.66));
#6122 = DIRECTION('',(1.1E-16,1.,-1.1E-16));
#6123 = DIRECTION('',(-1.1E-16,1.1E-16,1.));
#6124 = ADVANCED_FACE('',(#6125),#6210,.F.);
#6125 = FACE_BOUND('',#6126,.F.);
#6126 = EDGE_LOOP('',(#6127,#6128,#6136,#6145,#6153,#6160,#6161,#6170,
    #6176,#6177,#6178,#6185,#6186,#6187,#6195,#6204));
#6127 = ORIENTED_EDGE('',*,*,#2430,.F.);
#6128 = ORIENTED_EDGE('',*,*,#6129,.F.);
#6129 = EDGE_CURVE('',#6130,#2431,#6132,.T.);
#6130 = VERTEX_POINT('',#6131);
#6131 = CARTESIAN_POINT('',(-60.81,-2.323939444035,8.49));
#6132 = LINE('',#6133,#6134);
#6133 = CARTESIAN_POINT('',(-57.81,-2.323939444035,8.49));
#6134 = VECTOR('',#6135,1.);
#6135 = DIRECTION('',(1.,0.,0.));
#6136 = ORIENTED_EDGE('',*,*,#6137,.F.);
#6137 = EDGE_CURVE('',#6138,#6130,#6140,.T.);
#6138 = VERTEX_POINT('',#6139);
#6139 = CARTESIAN_POINT('',(-60.81,-2.19,7.49));
#6140 = CIRCLE('',#6141,3.8);
#6141 = AXIS2_PLACEMENT_3D('',#6142,#6143,#6144);
#6142 = CARTESIAN_POINT('',(-60.81,-5.99,7.49));
#6143 = DIRECTION('',(1.,0.,0.));
#6144 = DIRECTION('',(0.,1.,0.));
#6145 = ORIENTED_EDGE('',*,*,#6146,.T.);
#6146 = EDGE_CURVE('',#6138,#6147,#6149,.T.);
#6147 = VERTEX_POINT('',#6148);
#6148 = CARTESIAN_POINT('',(-61.81,-2.19,7.49));
#6149 = LINE('',#6150,#6151);
#6150 = CARTESIAN_POINT('',(-57.81,-2.19,7.49));
#6151 = VECTOR('',#6152,1.);
#6152 = DIRECTION('',(-1.,-0.,-0.));
#6153 = ORIENTED_EDGE('',*,*,#6154,.T.);
#6154 = EDGE_CURVE('',#6147,#6147,#6155,.T.);
#6155 = CIRCLE('',#6156,3.8);
#6156 = AXIS2_PLACEMENT_3D('',#6157,#6158,#6159);
#6157 = CARTESIAN_POINT('',(-61.81,-5.99,7.49));
#6158 = DIRECTION('',(1.,0.,0.));
#6159 = DIRECTION('',(0.,1.,0.));
#6160 = ORIENTED_EDGE('',*,*,#6146,.F.);
#6161 = ORIENTED_EDGE('',*,*,#6162,.F.);
#6162 = EDGE_CURVE('',#6163,#6138,#6165,.T.);
#6163 = VERTEX_POINT('',#6164);
#6164 = CARTESIAN_POINT('',(-60.81,-2.323939444035,6.49));
#6165 = CIRCLE('',#6166,3.8);
#6166 = AXIS2_PLACEMENT_3D('',#6167,#6168,#6169);
#6167 = CARTESIAN_POINT('',(-60.81,-5.99,7.49));
#6168 = DIRECTION('',(1.,0.,0.));
#6169 = DIRECTION('',(0.,1.,0.));
#6170 = ORIENTED_EDGE('',*,*,#6171,.T.);
#6171 = EDGE_CURVE('',#6163,#2456,#6172,.T.);
#6172 = LINE('',#6173,#6174);
#6173 = CARTESIAN_POINT('',(-57.81,-2.323939444035,6.49));
#6174 = VECTOR('',#6175,1.);
#6175 = DIRECTION('',(1.,0.,0.));
#6176 = ORIENTED_EDGE('',*,*,#2463,.F.);
#6177 = ORIENTED_EDGE('',*,*,#6114,.F.);
#6178 = ORIENTED_EDGE('',*,*,#6179,.F.);
#6179 = EDGE_CURVE('',#6059,#6107,#6180,.T.);
#6180 = CIRCLE('',#6181,3.8);
#6181 = AXIS2_PLACEMENT_3D('',#6182,#6183,#6184);
#6182 = CARTESIAN_POINT('',(-60.81,-5.99,7.49));
#6183 = DIRECTION('',(1.,0.,0.));
#6184 = DIRECTION('',(0.,1.,0.));
#6185 = ORIENTED_EDGE('',*,*,#6066,.T.);
#6186 = ORIENTED_EDGE('',*,*,#2397,.F.);
#6187 = ORIENTED_EDGE('',*,*,#6188,.F.);
#6188 = EDGE_CURVE('',#6189,#2398,#6191,.T.);
#6189 = VERTEX_POINT('',#6190);
#6190 = CARTESIAN_POINT('',(-60.81,-6.99,11.156060555965));
#6191 = LINE('',#6192,#6193);
#6192 = CARTESIAN_POINT('',(-57.81,-6.99,11.156060555965));
#6193 = VECTOR('',#6194,1.);
#6194 = DIRECTION('',(1.,0.,0.));
#6195 = ORIENTED_EDGE('',*,*,#6196,.F.);
#6196 = EDGE_CURVE('',#6197,#6189,#6199,.T.);
#6197 = VERTEX_POINT('',#6198);
#6198 = CARTESIAN_POINT('',(-60.81,-4.99,11.156060555965));
#6199 = CIRCLE('',#6200,3.8);
#6200 = AXIS2_PLACEMENT_3D('',#6201,#6202,#6203);
#6201 = CARTESIAN_POINT('',(-60.81,-5.99,7.49));
#6202 = DIRECTION('',(1.,0.,0.));
#6203 = DIRECTION('',(0.,1.,0.));
#6204 = ORIENTED_EDGE('',*,*,#6205,.T.);
#6205 = EDGE_CURVE('',#6197,#2423,#6206,.T.);
#6206 = LINE('',#6207,#6208);
#6207 = CARTESIAN_POINT('',(-57.81,-4.99,11.156060555965));
#6208 = VECTOR('',#6209,1.);
#6209 = DIRECTION('',(1.,0.,0.));
#6210 = CYLINDRICAL_SURFACE('',#6211,3.8);
#6211 = AXIS2_PLACEMENT_3D('',#6212,#6213,#6214);
#6212 = CARTESIAN_POINT('',(-57.81,-5.99,7.49));
#6213 = DIRECTION('',(1.,0.,0.));
#6214 = DIRECTION('',(0.,1.,0.));
#6215 = ADVANCED_FACE('',(#6216),#6234,.T.);
#6216 = FACE_BOUND('',#6217,.T.);
#6217 = EDGE_LOOP('',(#6218,#6219,#6227,#6233));
#6218 = ORIENTED_EDGE('',*,*,#2455,.F.);
#6219 = ORIENTED_EDGE('',*,*,#6220,.T.);
#6220 = EDGE_CURVE('',#2448,#6221,#6223,.T.);
#6221 = VERTEX_POINT('',#6222);
#6222 = CARTESIAN_POINT('',(-60.81,-1.16,6.49));
#6223 = LINE('',#6224,#6225);
#6224 = CARTESIAN_POINT('',(-57.81,-1.16,6.49));
#6225 = VECTOR('',#6226,1.);
#6226 = DIRECTION('',(-1.,1.1E-16,-1.1E-16));
#6227 = ORIENTED_EDGE('',*,*,#6228,.T.);
#6228 = EDGE_CURVE('',#6221,#6163,#6229,.T.);
#6229 = LINE('',#6230,#6231);
#6230 = CARTESIAN_POINT('',(-60.81,-1.16,6.49));
#6231 = VECTOR('',#6232,1.);
#6232 = DIRECTION('',(0.,-1.,0.));
#6233 = ORIENTED_EDGE('',*,*,#6171,.T.);
#6234 = PLANE('',#6235);
#6235 = AXIS2_PLACEMENT_3D('',#6236,#6237,#6238);
#6236 = CARTESIAN_POINT('',(-57.81,-1.16,6.49));
#6237 = DIRECTION('',(-1.1E-16,1.1E-16,1.));
#6238 = DIRECTION('',(4.354278099164E-49,-1.,1.1E-16));
#6239 = ADVANCED_FACE('',(#6240),#6258,.T.);
#6240 = FACE_BOUND('',#6241,.T.);
#6241 = EDGE_LOOP('',(#6242,#6250,#6256,#6257));
#6242 = ORIENTED_EDGE('',*,*,#6243,.T.);
#6243 = EDGE_CURVE('',#2440,#6244,#6246,.T.);
#6244 = VERTEX_POINT('',#6245);
#6245 = CARTESIAN_POINT('',(-60.81,-1.16,8.49));
#6246 = LINE('',#6247,#6248);
#6247 = CARTESIAN_POINT('',(-57.81,-1.16,8.49));
#6248 = VECTOR('',#6249,1.);
#6249 = DIRECTION('',(-1.,1.1E-16,-1.1E-16));
#6250 = ORIENTED_EDGE('',*,*,#6251,.T.);
#6251 = EDGE_CURVE('',#6244,#6221,#6252,.T.);
#6252 = LINE('',#6253,#6254);
#6253 = CARTESIAN_POINT('',(-60.81,-1.16,8.49));
#6254 = VECTOR('',#6255,1.);
#6255 = DIRECTION('',(0.,0.,-1.));
#6256 = ORIENTED_EDGE('',*,*,#6220,.F.);
#6257 = ORIENTED_EDGE('',*,*,#2447,.F.);
#6258 = PLANE('',#6259);
#6259 = AXIS2_PLACEMENT_3D('',#6260,#6261,#6262);
#6260 = CARTESIAN_POINT('',(-57.81,-1.16,8.49));
#6261 = DIRECTION('',(-1.1E-16,-1.,1.1E-16));
#6262 = DIRECTION('',(1.1E-16,-1.1E-16,-1.));
#6263 = ADVANCED_FACE('',(#6264),#6275,.F.);
#6264 = FACE_BOUND('',#6265,.F.);
#6265 = EDGE_LOOP('',(#6266,#6267,#6268,#6274));
#6266 = ORIENTED_EDGE('',*,*,#2439,.F.);
#6267 = ORIENTED_EDGE('',*,*,#6243,.T.);
#6268 = ORIENTED_EDGE('',*,*,#6269,.T.);
#6269 = EDGE_CURVE('',#6244,#6130,#6270,.T.);
#6270 = LINE('',#6271,#6272);
#6271 = CARTESIAN_POINT('',(-60.81,-1.16,8.49));
#6272 = VECTOR('',#6273,1.);
#6273 = DIRECTION('',(0.,-1.,0.));
#6274 = ORIENTED_EDGE('',*,*,#6129,.T.);
#6275 = PLANE('',#6276);
#6276 = AXIS2_PLACEMENT_3D('',#6277,#6278,#6279);
#6277 = CARTESIAN_POINT('',(-57.81,-1.16,8.49));
#6278 = DIRECTION('',(-1.1E-16,1.1E-16,1.));
#6279 = DIRECTION('',(4.354278099164E-49,-1.,1.1E-16));
#6280 = ADVANCED_FACE('',(#6281),#6299,.T.);
#6281 = FACE_BOUND('',#6282,.T.);
#6282 = EDGE_LOOP('',(#6283,#6284,#6292,#6298));
#6283 = ORIENTED_EDGE('',*,*,#2422,.F.);
#6284 = ORIENTED_EDGE('',*,*,#6285,.T.);
#6285 = EDGE_CURVE('',#2415,#6286,#6288,.T.);
#6286 = VERTEX_POINT('',#6287);
#6287 = CARTESIAN_POINT('',(-60.81,-4.99,12.32));
#6288 = LINE('',#6289,#6290);
#6289 = CARTESIAN_POINT('',(-57.81,-4.99,12.32));
#6290 = VECTOR('',#6291,1.);
#6291 = DIRECTION('',(-1.,1.1E-16,-1.1E-16));
#6292 = ORIENTED_EDGE('',*,*,#6293,.T.);
#6293 = EDGE_CURVE('',#6286,#6197,#6294,.T.);
#6294 = LINE('',#6295,#6296);
#6295 = CARTESIAN_POINT('',(-60.81,-4.99,12.32));
#6296 = VECTOR('',#6297,1.);
#6297 = DIRECTION('',(0.,0.,-1.));
#6298 = ORIENTED_EDGE('',*,*,#6205,.T.);
#6299 = PLANE('',#6300);
#6300 = AXIS2_PLACEMENT_3D('',#6301,#6302,#6303);
#6301 = CARTESIAN_POINT('',(-57.81,-4.99,12.32));
#6302 = DIRECTION('',(-1.1E-16,-1.,1.1E-16));
#6303 = DIRECTION('',(1.1E-16,-1.1E-16,-1.));
#6304 = ADVANCED_FACE('',(#6305),#6323,.T.);
#6305 = FACE_BOUND('',#6306,.T.);
#6306 = EDGE_LOOP('',(#6307,#6315,#6321,#6322));
#6307 = ORIENTED_EDGE('',*,*,#6308,.T.);
#6308 = EDGE_CURVE('',#2407,#6309,#6311,.T.);
#6309 = VERTEX_POINT('',#6310);
#6310 = CARTESIAN_POINT('',(-60.81,-6.99,12.32));
#6311 = LINE('',#6312,#6313);
#6312 = CARTESIAN_POINT('',(-57.81,-6.99,12.32));
#6313 = VECTOR('',#6314,1.);
#6314 = DIRECTION('',(-1.,1.1E-16,-1.1E-16));
#6315 = ORIENTED_EDGE('',*,*,#6316,.T.);
#6316 = EDGE_CURVE('',#6309,#6286,#6317,.T.);
#6317 = LINE('',#6318,#6319);
#6318 = CARTESIAN_POINT('',(-60.81,-6.99,12.32));
#6319 = VECTOR('',#6320,1.);
#6320 = DIRECTION('',(0.,1.,0.));
#6321 = ORIENTED_EDGE('',*,*,#6285,.F.);
#6322 = ORIENTED_EDGE('',*,*,#2414,.F.);
#6323 = PLANE('',#6324);
#6324 = AXIS2_PLACEMENT_3D('',#6325,#6326,#6327);
#6325 = CARTESIAN_POINT('',(-57.81,-6.99,12.32));
#6326 = DIRECTION('',(1.1E-16,-1.1E-16,-1.));
#6327 = DIRECTION('',(-4.354278099164E-49,1.,-1.1E-16));
#6328 = ADVANCED_FACE('',(#6329),#6340,.F.);
#6329 = FACE_BOUND('',#6330,.F.);
#6330 = EDGE_LOOP('',(#6331,#6332,#6333,#6339));
#6331 = ORIENTED_EDGE('',*,*,#2406,.F.);
#6332 = ORIENTED_EDGE('',*,*,#6308,.T.);
#6333 = ORIENTED_EDGE('',*,*,#6334,.T.);
#6334 = EDGE_CURVE('',#6309,#6189,#6335,.T.);
#6335 = LINE('',#6336,#6337);
#6336 = CARTESIAN_POINT('',(-60.81,-6.99,12.32));
#6337 = VECTOR('',#6338,1.);
#6338 = DIRECTION('',(0.,0.,-1.));
#6339 = ORIENTED_EDGE('',*,*,#6188,.T.);
#6340 = PLANE('',#6341);
#6341 = AXIS2_PLACEMENT_3D('',#6342,#6343,#6344);
#6342 = CARTESIAN_POINT('',(-57.81,-6.99,12.32));
#6343 = DIRECTION('',(-1.1E-16,-1.,1.1E-16));
#6344 = DIRECTION('',(1.1E-16,-1.1E-16,-1.));
#6345 = ADVANCED_FACE('',(#6346),#6371,.T.);
#6346 = FACE_BOUND('',#6347,.T.);
#6347 = EDGE_LOOP('',(#6348,#6356,#6357,#6365));
#6348 = ORIENTED_EDGE('',*,*,#6349,.F.);
#6349 = EDGE_CURVE('',#2489,#6350,#6352,.T.);
#6350 = VERTEX_POINT('',#6351);
#6351 = CARTESIAN_POINT('',(-60.81,-45.95,0.));
#6352 = LINE('',#6353,#6354);
#6353 = CARTESIAN_POINT('',(-57.81,-45.95,0.));
#6354 = VECTOR('',#6355,1.);
#6355 = DIRECTION('',(-1.,0.,0.));
#6356 = ORIENTED_EDGE('',*,*,#2488,.T.);
#6357 = ORIENTED_EDGE('',*,*,#6358,.T.);
#6358 = EDGE_CURVE('',#2491,#6359,#6361,.T.);
#6359 = VERTEX_POINT('',#6360);
#6360 = CARTESIAN_POINT('',(-60.81,-10.7,0.));
#6361 = LINE('',#6362,#6363);
#6362 = CARTESIAN_POINT('',(-24.8621,-10.7,0.));
#6363 = VECTOR('',#6364,1.);
#6364 = DIRECTION('',(-1.,0.,0.));
#6365 = ORIENTED_EDGE('',*,*,#6366,.F.);
#6366 = EDGE_CURVE('',#6350,#6359,#6367,.T.);
#6367 = LINE('',#6368,#6369);
#6368 = CARTESIAN_POINT('',(-60.81,-30.03803259664,0.));
#6369 = VECTOR('',#6370,1.);
#6370 = DIRECTION('',(0.,1.,0.));
#6371 = PLANE('',#6372);
#6372 = AXIS2_PLACEMENT_3D('',#6373,#6374,#6375);
#6373 = CARTESIAN_POINT('',(-58.3055101297,-28.93043631081,0.));
#6374 = DIRECTION('',(0.,0.,1.));
#6375 = DIRECTION('',(1.,0.,0.));
#6376 = ADVANCED_FACE('',(#6377),#6395,.F.);
#6377 = FACE_BOUND('',#6378,.F.);
#6378 = EDGE_LOOP('',(#6379,#6380,#6381,#6389));
#6379 = ORIENTED_EDGE('',*,*,#6349,.F.);
#6380 = ORIENTED_EDGE('',*,*,#2498,.T.);
#6381 = ORIENTED_EDGE('',*,*,#6382,.T.);
#6382 = EDGE_CURVE('',#2499,#6383,#6385,.T.);
#6383 = VERTEX_POINT('',#6384);
#6384 = CARTESIAN_POINT('',(-60.81,-45.95,7.11));
#6385 = LINE('',#6386,#6387);
#6386 = CARTESIAN_POINT('',(-57.81,-45.95,7.11));
#6387 = VECTOR('',#6388,1.);
#6388 = DIRECTION('',(-1.,0.,0.));
#6389 = ORIENTED_EDGE('',*,*,#6390,.F.);
#6390 = EDGE_CURVE('',#6350,#6383,#6391,.T.);
#6391 = LINE('',#6392,#6393);
#6392 = CARTESIAN_POINT('',(-60.81,-45.95,0.));
#6393 = VECTOR('',#6394,1.);
#6394 = DIRECTION('',(0.,0.,1.));
#6395 = PLANE('',#6396);
#6396 = AXIS2_PLACEMENT_3D('',#6397,#6398,#6399);
#6397 = CARTESIAN_POINT('',(-57.81,-45.95,0.));
#6398 = DIRECTION('',(0.,-1.,0.));
#6399 = DIRECTION('',(-1.,0.,0.));
#6400 = ADVANCED_FACE('',(#6401),#6419,.F.);
#6401 = FACE_BOUND('',#6402,.F.);
#6402 = EDGE_LOOP('',(#6403,#6404,#6405,#6413));
#6403 = ORIENTED_EDGE('',*,*,#2514,.F.);
#6404 = ORIENTED_EDGE('',*,*,#6358,.T.);
#6405 = ORIENTED_EDGE('',*,*,#6406,.F.);
#6406 = EDGE_CURVE('',#6407,#6359,#6409,.T.);
#6407 = VERTEX_POINT('',#6408);
#6408 = CARTESIAN_POINT('',(-60.81,-10.7,7.11));
#6409 = LINE('',#6410,#6411);
#6410 = CARTESIAN_POINT('',(-60.81,-10.7,3.475));
#6411 = VECTOR('',#6412,1.);
#6412 = DIRECTION('',(0.,0.,-1.));
#6413 = ORIENTED_EDGE('',*,*,#6414,.F.);
#6414 = EDGE_CURVE('',#2507,#6407,#6415,.T.);
#6415 = LINE('',#6416,#6417);
#6416 = CARTESIAN_POINT('',(-57.81,-10.7,7.11));
#6417 = VECTOR('',#6418,1.);
#6418 = DIRECTION('',(-1.,-0.,-0.));
#6419 = PLANE('',#6420);
#6420 = AXIS2_PLACEMENT_3D('',#6421,#6422,#6423);
#6421 = CARTESIAN_POINT('',(-57.81,-10.7,-0.55));
#6422 = DIRECTION('',(0.,1.,0.));
#6423 = DIRECTION('',(0.,0.,1.));
#6424 = ADVANCED_FACE('',(#6425),#6436,.T.);
#6425 = FACE_BOUND('',#6426,.T.);
#6426 = EDGE_LOOP('',(#6427,#6428,#6429,#6435));
#6427 = ORIENTED_EDGE('',*,*,#2506,.T.);
#6428 = ORIENTED_EDGE('',*,*,#6382,.T.);
#6429 = ORIENTED_EDGE('',*,*,#6430,.T.);
#6430 = EDGE_CURVE('',#6383,#6407,#6431,.T.);
#6431 = LINE('',#6432,#6433);
#6432 = CARTESIAN_POINT('',(-60.81,-11.7,7.11));
#6433 = VECTOR('',#6434,1.);
#6434 = DIRECTION('',(0.,1.,0.));
#6435 = ORIENTED_EDGE('',*,*,#6414,.F.);
#6436 = PLANE('',#6437);
#6437 = AXIS2_PLACEMENT_3D('',#6438,#6439,#6440);
#6438 = CARTESIAN_POINT('',(-59.31,-28.325,7.11));
#6439 = DIRECTION('',(-0.,-0.,-1.));
#6440 = DIRECTION('',(-1.,0.,0.));
#6441 = ADVANCED_FACE('',(#6442,#6453,#6473,#6493,#6513,#6533),#6537,.T.
  );
#6442 = FACE_BOUND('',#6443,.T.);
#6443 = EDGE_LOOP('',(#6444,#6450,#6451,#6452));
#6444 = ORIENTED_EDGE('',*,*,#6445,.F.);
#6445 = EDGE_CURVE('',#2579,#4537,#6446,.T.);
#6446 = LINE('',#6447,#6448);
#6447 = CARTESIAN_POINT('',(-57.81,-50.8,-6.));
#6448 = VECTOR('',#6449,1.);
#6449 = DIRECTION('',(-1.,0.,0.));
#6450 = ORIENTED_EDGE('',*,*,#2578,.F.);
#6451 = ORIENTED_EDGE('',*,*,#2538,.T.);
#6452 = ORIENTED_EDGE('',*,*,#4575,.T.);
#6453 = FACE_BOUND('',#6454,.T.);
#6454 = EDGE_LOOP('',(#6455,#6466));
#6455 = ORIENTED_EDGE('',*,*,#6456,.F.);
#6456 = EDGE_CURVE('',#6457,#6459,#6461,.T.);
#6457 = VERTEX_POINT('',#6458);
#6458 = CARTESIAN_POINT('',(-46.225,-50.8,-1.44));
#6459 = VERTEX_POINT('',#6460);
#6460 = CARTESIAN_POINT('',(-48.975,-50.8,-1.44));
#6461 = CIRCLE('',#6462,1.375);
#6462 = AXIS2_PLACEMENT_3D('',#6463,#6464,#6465);
#6463 = CARTESIAN_POINT('',(-47.6,-50.8,-1.44));
#6464 = DIRECTION('',(0.,-1.,2.2E-16));
#6465 = DIRECTION('',(1.,0.,0.));
#6466 = ORIENTED_EDGE('',*,*,#6467,.F.);
#6467 = EDGE_CURVE('',#6459,#6457,#6468,.T.);
#6468 = CIRCLE('',#6469,1.375);
#6469 = AXIS2_PLACEMENT_3D('',#6470,#6471,#6472);
#6470 = CARTESIAN_POINT('',(-47.6,-50.8,-1.44));
#6471 = DIRECTION('',(0.,-1.,2.2E-16));
#6472 = DIRECTION('',(1.,0.,0.));
#6473 = FACE_BOUND('',#6474,.T.);
#6474 = EDGE_LOOP('',(#6475,#6486));
#6475 = ORIENTED_EDGE('',*,*,#6476,.F.);
#6476 = EDGE_CURVE('',#6477,#6479,#6481,.T.);
#6477 = VERTEX_POINT('',#6478);
#6478 = CARTESIAN_POINT('',(-35.435,-50.8,-1.44));
#6479 = VERTEX_POINT('',#6480);
#6480 = CARTESIAN_POINT('',(-38.185,-50.8,-1.44));
#6481 = CIRCLE('',#6482,1.375);
#6482 = AXIS2_PLACEMENT_3D('',#6483,#6484,#6485);
#6483 = CARTESIAN_POINT('',(-36.81,-50.8,-1.44));
#6484 = DIRECTION('',(0.,-1.,2.2E-16));
#6485 = DIRECTION('',(1.,0.,0.));
#6486 = ORIENTED_EDGE('',*,*,#6487,.F.);
#6487 = EDGE_CURVE('',#6479,#6477,#6488,.T.);
#6488 = CIRCLE('',#6489,1.375);
#6489 = AXIS2_PLACEMENT_3D('',#6490,#6491,#6492);
#6490 = CARTESIAN_POINT('',(-36.81,-50.8,-1.44));
#6491 = DIRECTION('',(0.,-1.,2.2E-16));
#6492 = DIRECTION('',(1.,0.,0.));
#6493 = FACE_BOUND('',#6494,.T.);
#6494 = EDGE_LOOP('',(#6495,#6506));
#6495 = ORIENTED_EDGE('',*,*,#6496,.F.);
#6496 = EDGE_CURVE('',#6497,#6499,#6501,.T.);
#6497 = VERTEX_POINT('',#6498);
#6498 = CARTESIAN_POINT('',(13.775,-50.8,-1.44));
#6499 = VERTEX_POINT('',#6500);
#6500 = CARTESIAN_POINT('',(11.025,-50.8,-1.44));
#6501 = CIRCLE('',#6502,1.375);
#6502 = AXIS2_PLACEMENT_3D('',#6503,#6504,#6505);
#6503 = CARTESIAN_POINT('',(12.4,-50.8,-1.44));
#6504 = DIRECTION('',(0.,-1.,2.2E-16));
#6505 = DIRECTION('',(1.,0.,0.));
#6506 = ORIENTED_EDGE('',*,*,#6507,.F.);
#6507 = EDGE_CURVE('',#6499,#6497,#6508,.T.);
#6508 = CIRCLE('',#6509,1.375);
#6509 = AXIS2_PLACEMENT_3D('',#6510,#6511,#6512);
#6510 = CARTESIAN_POINT('',(12.4,-50.8,-1.44));
#6511 = DIRECTION('',(0.,-1.,2.2E-16));
#6512 = DIRECTION('',(1.,0.,0.));
#6513 = FACE_BOUND('',#6514,.T.);
#6514 = EDGE_LOOP('',(#6515,#6526));
#6515 = ORIENTED_EDGE('',*,*,#6516,.F.);
#6516 = EDGE_CURVE('',#6517,#6519,#6521,.T.);
#6517 = VERTEX_POINT('',#6518);
#6518 = CARTESIAN_POINT('',(24.565,-50.8,-1.44));
#6519 = VERTEX_POINT('',#6520);
#6520 = CARTESIAN_POINT('',(21.815,-50.8,-1.44));
#6521 = CIRCLE('',#6522,1.375);
#6522 = AXIS2_PLACEMENT_3D('',#6523,#6524,#6525);
#6523 = CARTESIAN_POINT('',(23.19,-50.8,-1.44));
#6524 = DIRECTION('',(0.,-1.,2.2E-16));
#6525 = DIRECTION('',(1.,0.,0.));
#6526 = ORIENTED_EDGE('',*,*,#6527,.F.);
#6527 = EDGE_CURVE('',#6519,#6517,#6528,.T.);
#6528 = CIRCLE('',#6529,1.375);
#6529 = AXIS2_PLACEMENT_3D('',#6530,#6531,#6532);
#6530 = CARTESIAN_POINT('',(23.19,-50.8,-1.44));
#6531 = DIRECTION('',(0.,-1.,2.2E-16));
#6532 = DIRECTION('',(1.,0.,0.));
#6533 = FACE_BOUND('',#6534,.T.);
#6534 = EDGE_LOOP('',(#6535,#6536));
#6535 = ORIENTED_EDGE('',*,*,#2678,.F.);
#6536 = ORIENTED_EDGE('',*,*,#2669,.F.);
#6537 = PLANE('',#6538);
#6538 = AXIS2_PLACEMENT_3D('',#6539,#6540,#6541);
#6539 = CARTESIAN_POINT('',(-2.205755513204,-50.8,5.454244486796));
#6540 = DIRECTION('',(-0.,-1.,-2.5E-16));
#6541 = DIRECTION('',(0.,2.5E-16,-1.));
#6542 = ADVANCED_FACE('',(#6543,#6577,#6580,#6583,#6594),#6605,.T.);
#6543 = FACE_BOUND('',#6544,.T.);
#6544 = EDGE_LOOP('',(#6545,#6553,#6561,#6567,#6568,#6574,#6575,#6576));
#6545 = ORIENTED_EDGE('',*,*,#6546,.F.);
#6546 = EDGE_CURVE('',#6547,#4535,#6549,.T.);
#6547 = VERTEX_POINT('',#6548);
#6548 = CARTESIAN_POINT('',(-57.81,-50.25,-6.));
#6549 = LINE('',#6550,#6551);
#6550 = CARTESIAN_POINT('',(-57.81,-50.25,-6.));
#6551 = VECTOR('',#6552,1.);
#6552 = DIRECTION('',(-0.172380331752,-0.985030467156,-0.));
#6553 = ORIENTED_EDGE('',*,*,#6554,.T.);
#6554 = EDGE_CURVE('',#6547,#6555,#6557,.T.);
#6555 = VERTEX_POINT('',#6556);
#6556 = CARTESIAN_POINT('',(-57.81,50.25,-6.));
#6557 = LINE('',#6558,#6559);
#6558 = CARTESIAN_POINT('',(-57.81,-50.25,-6.));
#6559 = VECTOR('',#6560,1.);
#6560 = DIRECTION('',(0.,1.,-2.2E-16));
#6561 = ORIENTED_EDGE('',*,*,#6562,.T.);
#6562 = EDGE_CURVE('',#6555,#4686,#6563,.T.);
#6563 = LINE('',#6564,#6565);
#6564 = CARTESIAN_POINT('',(-57.81,50.25,-6.));
#6565 = VECTOR('',#6566,1.);
#6566 = DIRECTION('',(-0.172380331752,0.985030467156,0.));
#6567 = ORIENTED_EDGE('',*,*,#4693,.F.);
#6568 = ORIENTED_EDGE('',*,*,#6569,.T.);
#6569 = EDGE_CURVE('',#4660,#2587,#6570,.T.);
#6570 = LINE('',#6571,#6572);
#6571 = CARTESIAN_POINT('',(-57.81,50.8,-6.));
#6572 = VECTOR('',#6573,1.);
#6573 = DIRECTION('',(1.,0.,0.));
#6574 = ORIENTED_EDGE('',*,*,#2586,.F.);
#6575 = ORIENTED_EDGE('',*,*,#6445,.T.);
#6576 = ORIENTED_EDGE('',*,*,#4534,.F.);
#6577 = FACE_BOUND('',#6578,.T.);
#6578 = EDGE_LOOP('',(#6579));
#6579 = ORIENTED_EDGE('',*,*,#2707,.F.);
#6580 = FACE_BOUND('',#6581,.T.);
#6581 = EDGE_LOOP('',(#6582));
#6582 = ORIENTED_EDGE('',*,*,#4510,.F.);
#6583 = FACE_BOUND('',#6584,.T.);
#6584 = EDGE_LOOP('',(#6585));
#6585 = ORIENTED_EDGE('',*,*,#6586,.F.);
#6586 = EDGE_CURVE('',#6587,#6587,#6589,.T.);
#6587 = VERTEX_POINT('',#6588);
#6588 = CARTESIAN_POINT('',(44.565,47.,-6.));
#6589 = CIRCLE('',#6590,1.375);
#6590 = AXIS2_PLACEMENT_3D('',#6591,#6592,#6593);
#6591 = CARTESIAN_POINT('',(43.19,47.,-6.));
#6592 = DIRECTION('',(0.,0.,-1.));
#6593 = DIRECTION('',(1.,0.,0.));
#6594 = FACE_BOUND('',#6595,.T.);
#6595 = EDGE_LOOP('',(#6596));
#6596 = ORIENTED_EDGE('',*,*,#6597,.F.);
#6597 = EDGE_CURVE('',#6598,#6598,#6600,.T.);
#6598 = VERTEX_POINT('',#6599);
#6599 = CARTESIAN_POINT('',(-25.435,47.,-6.));
#6600 = CIRCLE('',#6601,1.375);
#6601 = AXIS2_PLACEMENT_3D('',#6602,#6603,#6604);
#6602 = CARTESIAN_POINT('',(-26.81,47.,-6.));
#6603 = DIRECTION('',(0.,0.,-1.));
#6604 = DIRECTION('',(1.,0.,0.));
#6605 = PLANE('',#6606);
#6606 = AXIS2_PLACEMENT_3D('',#6607,#6608,#6609);
#6607 = CARTESIAN_POINT('',(-1.186977749119,4.4E-16,-6.));
#6608 = DIRECTION('',(-0.,-0.,-1.));
#6609 = DIRECTION('',(-1.,0.,0.));
#6610 = ADVANCED_FACE('',(#6611,#6617,#6628,#6639,#6650,#6661),#6672,.T.
  );
#6611 = FACE_BOUND('',#6612,.T.);
#6612 = EDGE_LOOP('',(#6613,#6614,#6615,#6616));
#6613 = ORIENTED_EDGE('',*,*,#4659,.F.);
#6614 = ORIENTED_EDGE('',*,*,#4733,.T.);
#6615 = ORIENTED_EDGE('',*,*,#2594,.F.);
#6616 = ORIENTED_EDGE('',*,*,#6569,.F.);
#6617 = FACE_BOUND('',#6618,.T.);
#6618 = EDGE_LOOP('',(#6619));
#6619 = ORIENTED_EDGE('',*,*,#6620,.T.);
#6620 = EDGE_CURVE('',#6621,#6621,#6623,.T.);
#6621 = VERTEX_POINT('',#6622);
#6622 = CARTESIAN_POINT('',(-46.225,50.8,-1.44));
#6623 = CIRCLE('',#6624,1.375);
#6624 = AXIS2_PLACEMENT_3D('',#6625,#6626,#6627);
#6625 = CARTESIAN_POINT('',(-47.6,50.8,-1.44));
#6626 = DIRECTION('',(0.,-1.,2.2E-16));
#6627 = DIRECTION('',(1.,0.,0.));
#6628 = FACE_BOUND('',#6629,.T.);
#6629 = EDGE_LOOP('',(#6630));
#6630 = ORIENTED_EDGE('',*,*,#6631,.T.);
#6631 = EDGE_CURVE('',#6632,#6632,#6634,.T.);
#6632 = VERTEX_POINT('',#6633);
#6633 = CARTESIAN_POINT('',(-35.435,50.8,-1.44));
#6634 = CIRCLE('',#6635,1.375);
#6635 = AXIS2_PLACEMENT_3D('',#6636,#6637,#6638);
#6636 = CARTESIAN_POINT('',(-36.81,50.8,-1.44));
#6637 = DIRECTION('',(0.,-1.,2.2E-16));
#6638 = DIRECTION('',(1.,0.,0.));
#6639 = FACE_BOUND('',#6640,.T.);
#6640 = EDGE_LOOP('',(#6641));
#6641 = ORIENTED_EDGE('',*,*,#6642,.T.);
#6642 = EDGE_CURVE('',#6643,#6643,#6645,.T.);
#6643 = VERTEX_POINT('',#6644);
#6644 = CARTESIAN_POINT('',(13.775,50.8,-1.44));
#6645 = CIRCLE('',#6646,1.375);
#6646 = AXIS2_PLACEMENT_3D('',#6647,#6648,#6649);
#6647 = CARTESIAN_POINT('',(12.4,50.8,-1.44));
#6648 = DIRECTION('',(0.,-1.,2.2E-16));
#6649 = DIRECTION('',(1.,0.,0.));
#6650 = FACE_BOUND('',#6651,.T.);
#6651 = EDGE_LOOP('',(#6652));
#6652 = ORIENTED_EDGE('',*,*,#6653,.T.);
#6653 = EDGE_CURVE('',#6654,#6654,#6656,.T.);
#6654 = VERTEX_POINT('',#6655);
#6655 = CARTESIAN_POINT('',(24.565,50.8,-1.44));
#6656 = CIRCLE('',#6657,1.375);
#6657 = AXIS2_PLACEMENT_3D('',#6658,#6659,#6660);
#6658 = CARTESIAN_POINT('',(23.19,50.8,-1.44));
#6659 = DIRECTION('',(0.,-1.,2.2E-16));
#6660 = DIRECTION('',(1.,0.,0.));
#6661 = FACE_BOUND('',#6662,.T.);
#6662 = EDGE_LOOP('',(#6663));
#6663 = ORIENTED_EDGE('',*,*,#6664,.T.);
#6664 = EDGE_CURVE('',#6665,#6665,#6667,.T.);
#6665 = VERTEX_POINT('',#6666);
#6666 = CARTESIAN_POINT('',(54.565,50.8,-1.44));
#6667 = CIRCLE('',#6668,1.375);
#6668 = AXIS2_PLACEMENT_3D('',#6669,#6670,#6671);
#6669 = CARTESIAN_POINT('',(53.19,50.8,-1.44));
#6670 = DIRECTION('',(0.,-1.,2.2E-16));
#6671 = DIRECTION('',(1.,0.,0.));
#6672 = PLANE('',#6673);
#6673 = AXIS2_PLACEMENT_3D('',#6674,#6675,#6676);
#6674 = CARTESIAN_POINT('',(-2.205755513204,50.8,5.454244486796));
#6675 = DIRECTION('',(0.,1.,2.5E-16));
#6676 = DIRECTION('',(0.,-2.5E-16,1.));
#6677 = ADVANCED_FACE('',(#6678),#6689,.T.);
#6678 = FACE_BOUND('',#6679,.T.);
#6679 = EDGE_LOOP('',(#6680,#6681,#6687,#6688));
#6680 = ORIENTED_EDGE('',*,*,#3072,.T.);
#6681 = ORIENTED_EDGE('',*,*,#6682,.T.);
#6682 = EDGE_CURVE('',#3065,#2741,#6683,.T.);
#6683 = LINE('',#6684,#6685);
#6684 = CARTESIAN_POINT('',(-50.97499999991,46.95,-1.45));
#6685 = VECTOR('',#6686,1.);
#6686 = DIRECTION('',(0.,1.,0.));
#6687 = ORIENTED_EDGE('',*,*,#2740,.T.);
#6688 = ORIENTED_EDGE('',*,*,#3029,.T.);
#6689 = PLANE('',#6690);
#6690 = AXIS2_PLACEMENT_3D('',#6691,#6692,#6693);
#6691 = CARTESIAN_POINT('',(-5.905543822566,1.334874953739E-11,-1.45));
#6692 = DIRECTION('',(0.,0.,1.));
#6693 = DIRECTION('',(1.,0.,0.));
#6694 = ADVANCED_FACE('',(#6695),#6706,.T.);
#6695 = FACE_BOUND('',#6696,.T.);
#6696 = EDGE_LOOP('',(#6697,#6703,#6704,#6705));
#6697 = ORIENTED_EDGE('',*,*,#6698,.F.);
#6698 = EDGE_CURVE('',#2749,#3056,#6699,.T.);
#6699 = LINE('',#6700,#6701);
#6700 = CARTESIAN_POINT('',(-50.975,48.75,-1.44));
#6701 = VECTOR('',#6702,1.);
#6702 = DIRECTION('',(0.,-1.,2.2E-16));
#6703 = ORIENTED_EDGE('',*,*,#2748,.T.);
#6704 = ORIENTED_EDGE('',*,*,#6682,.F.);
#6705 = ORIENTED_EDGE('',*,*,#3064,.F.);
#6706 = PLANE('',#6707);
#6707 = AXIS2_PLACEMENT_3D('',#6708,#6709,#6710);
#6708 = CARTESIAN_POINT('',(-50.97499999994,47.85,-3.47));
#6709 = DIRECTION('',(-1.,-0.,-2.352759E-11));
#6710 = DIRECTION('',(2.352759E-11,0.,-1.));
#6711 = ADVANCED_FACE('',(#6712),#6723,.T.);
#6712 = FACE_BOUND('',#6713,.F.);
#6713 = EDGE_LOOP('',(#6714,#6720,#6721,#6722));
#6714 = ORIENTED_EDGE('',*,*,#6715,.T.);
#6715 = EDGE_CURVE('',#2757,#3048,#6716,.T.);
#6716 = LINE('',#6717,#6718);
#6717 = CARTESIAN_POINT('',(-44.225,48.75,-1.44));
#6718 = VECTOR('',#6719,1.);
#6719 = DIRECTION('',(0.,-1.,2.2E-16));
#6720 = ORIENTED_EDGE('',*,*,#3055,.T.);
#6721 = ORIENTED_EDGE('',*,*,#6698,.F.);
#6722 = ORIENTED_EDGE('',*,*,#2756,.F.);
#6723 = CYLINDRICAL_SURFACE('',#6724,3.375);
#6724 = AXIS2_PLACEMENT_3D('',#6725,#6726,#6727);
#6725 = CARTESIAN_POINT('',(-47.6,48.75,-1.44));
#6726 = DIRECTION('',(0.,1.,-2.2E-16));
#6727 = DIRECTION('',(1.,0.,0.));
#6728 = ADVANCED_FACE('',(#6729),#6740,.T.);
#6729 = FACE_BOUND('',#6730,.T.);
#6730 = EDGE_LOOP('',(#6731,#6732,#6733,#6739));
#6731 = ORIENTED_EDGE('',*,*,#6715,.T.);
#6732 = ORIENTED_EDGE('',*,*,#3047,.T.);
#6733 = ORIENTED_EDGE('',*,*,#6734,.T.);
#6734 = EDGE_CURVE('',#868,#2766,#6735,.T.);
#6735 = LINE('',#6736,#6737);
#6736 = CARTESIAN_POINT('',(-44.225,46.95,-4.));
#6737 = VECTOR('',#6738,1.);
#6738 = DIRECTION('',(0.,1.,-2.22044604925E-16));
#6739 = ORIENTED_EDGE('',*,*,#2765,.T.);
#6740 = PLANE('',#6741);
#6741 = AXIS2_PLACEMENT_3D('',#6742,#6743,#6744);
#6742 = CARTESIAN_POINT('',(-44.225,47.85,-2.72));
#6743 = DIRECTION('',(1.,0.,0.));
#6744 = DIRECTION('',(0.,0.,1.));
#6745 = ADVANCED_FACE('',(#6746),#6757,.F.);
#6746 = FACE_BOUND('',#6747,.F.);
#6747 = EDGE_LOOP('',(#6748,#6749,#6750,#6751));
#6748 = ORIENTED_EDGE('',*,*,#3097,.F.);
#6749 = ORIENTED_EDGE('',*,*,#6734,.T.);
#6750 = ORIENTED_EDGE('',*,*,#2773,.F.);
#6751 = ORIENTED_EDGE('',*,*,#6752,.F.);
#6752 = EDGE_CURVE('',#3098,#2774,#6753,.T.);
#6753 = LINE('',#6754,#6755);
#6754 = CARTESIAN_POINT('',(-40.20078125,23.475000000007,-1.45));
#6755 = VECTOR('',#6756,1.);
#6756 = DIRECTION('',(3.504141421473E-16,1.,0.));
#6757 = PLANE('',#6758);
#6758 = AXIS2_PLACEMENT_3D('',#6759,#6760,#6761);
#6759 = CARTESIAN_POINT('',(-44.225,46.95,-4.));
#6760 = DIRECTION('',(0.535251034563,-1.875595321098E-16,-0.84469303892)
  );
#6761 = DIRECTION('',(0.84469303892,1.188496045052E-16,0.535251034563));
#6762 = ADVANCED_FACE('',(#6763),#6774,.T.);
#6763 = FACE_BOUND('',#6764,.T.);
#6764 = EDGE_LOOP('',(#6765,#6766,#6767,#6773));
#6765 = ORIENTED_EDGE('',*,*,#6752,.F.);
#6766 = ORIENTED_EDGE('',*,*,#3131,.T.);
#6767 = ORIENTED_EDGE('',*,*,#6768,.T.);
#6768 = EDGE_CURVE('',#3124,#2782,#6769,.T.);
#6769 = LINE('',#6770,#6771);
#6770 = CARTESIAN_POINT('',(-40.185,46.95,-1.45));
#6771 = VECTOR('',#6772,1.);
#6772 = DIRECTION('',(0.,1.,0.));
#6773 = ORIENTED_EDGE('',*,*,#2781,.T.);
#6774 = PLANE('',#6775);
#6775 = AXIS2_PLACEMENT_3D('',#6776,#6777,#6778);
#6776 = CARTESIAN_POINT('',(-5.905543822566,1.334874953739E-11,-1.45));
#6777 = DIRECTION('',(0.,0.,1.));
#6778 = DIRECTION('',(1.,0.,0.));
#6779 = ADVANCED_FACE('',(#6780),#6791,.T.);
#6780 = FACE_BOUND('',#6781,.T.);
#6781 = EDGE_LOOP('',(#6782,#6788,#6789,#6790));
#6782 = ORIENTED_EDGE('',*,*,#6783,.F.);
#6783 = EDGE_CURVE('',#2790,#3115,#6784,.T.);
#6784 = LINE('',#6785,#6786);
#6785 = CARTESIAN_POINT('',(-40.185,48.75,-1.44));
#6786 = VECTOR('',#6787,1.);
#6787 = DIRECTION('',(0.,-1.,2.2E-16));
#6788 = ORIENTED_EDGE('',*,*,#2789,.T.);
#6789 = ORIENTED_EDGE('',*,*,#6768,.F.);
#6790 = ORIENTED_EDGE('',*,*,#3123,.F.);
#6791 = PLANE('',#6792);
#6792 = AXIS2_PLACEMENT_3D('',#6793,#6794,#6795);
#6793 = CARTESIAN_POINT('',(-40.185,47.85,-3.47));
#6794 = DIRECTION('',(-1.,-0.,-0.));
#6795 = DIRECTION('',(0.,0.,-1.));
#6796 = ADVANCED_FACE('',(#6797),#6803,.T.);
#6797 = FACE_BOUND('',#6798,.F.);
#6798 = EDGE_LOOP('',(#6799,#6800,#6801,#6802));
#6799 = ORIENTED_EDGE('',*,*,#3157,.T.);
#6800 = ORIENTED_EDGE('',*,*,#3114,.T.);
#6801 = ORIENTED_EDGE('',*,*,#6783,.F.);
#6802 = ORIENTED_EDGE('',*,*,#2797,.F.);
#6803 = CYLINDRICAL_SURFACE('',#6804,3.375);
#6804 = AXIS2_PLACEMENT_3D('',#6805,#6806,#6807);
#6805 = CARTESIAN_POINT('',(-36.81,48.75,-1.44));
#6806 = DIRECTION('',(0.,1.,-2.2E-16));
#6807 = DIRECTION('',(1.,0.,0.));
#6808 = ADVANCED_FACE('',(#6809,#6815),#6826,.T.);
#6809 = FACE_BOUND('',#6810,.F.);
#6810 = EDGE_LOOP('',(#6811,#6812,#6813,#6814));
#6811 = ORIENTED_EDGE('',*,*,#3182,.T.);
#6812 = ORIENTED_EDGE('',*,*,#2821,.F.);
#6813 = ORIENTED_EDGE('',*,*,#3224,.F.);
#6814 = ORIENTED_EDGE('',*,*,#3199,.F.);
#6815 = FACE_BOUND('',#6816,.F.);
#6816 = EDGE_LOOP('',(#6817));
#6817 = ORIENTED_EDGE('',*,*,#6818,.T.);
#6818 = EDGE_CURVE('',#6819,#6819,#6821,.T.);
#6819 = VERTEX_POINT('',#6820);
#6820 = CARTESIAN_POINT('',(-25.435,47.,-3.));
#6821 = CIRCLE('',#6822,1.375);
#6822 = AXIS2_PLACEMENT_3D('',#6823,#6824,#6825);
#6823 = CARTESIAN_POINT('',(-26.81,47.,-3.));
#6824 = DIRECTION('',(0.,0.,1.));
#6825 = DIRECTION('',(1.,0.,0.));
#6826 = PLANE('',#6827);
#6827 = AXIS2_PLACEMENT_3D('',#6828,#6829,#6830);
#6828 = CARTESIAN_POINT('',(8.189999999958,-4.809027E-11,-3.));
#6829 = DIRECTION('',(0.,0.,1.));
#6830 = DIRECTION('',(1.,0.,0.));
#6831 = ADVANCED_FACE('',(#6832),#6843,.T.);
#6832 = FACE_BOUND('',#6833,.T.);
#6833 = EDGE_LOOP('',(#6834,#6835,#6836,#6837));
#6834 = ORIENTED_EDGE('',*,*,#2844,.T.);
#6835 = ORIENTED_EDGE('',*,*,#3249,.F.);
#6836 = ORIENTED_EDGE('',*,*,#3290,.T.);
#6837 = ORIENTED_EDGE('',*,*,#6838,.T.);
#6838 = EDGE_CURVE('',#3283,#2845,#6839,.T.);
#6839 = LINE('',#6840,#6841);
#6840 = CARTESIAN_POINT('',(9.025000000087,46.95,-1.45));
#6841 = VECTOR('',#6842,1.);
#6842 = DIRECTION('',(0.,1.,0.));
#6843 = PLANE('',#6844);
#6844 = AXIS2_PLACEMENT_3D('',#6845,#6846,#6847);
#6845 = CARTESIAN_POINT('',(-5.905543822566,1.334874953739E-11,-1.45));
#6846 = DIRECTION('',(0.,0.,1.));
#6847 = DIRECTION('',(1.,0.,0.));
#6848 = ADVANCED_FACE('',(#6849),#6860,.T.);
#6849 = FACE_BOUND('',#6850,.T.);
#6850 = EDGE_LOOP('',(#6851,#6857,#6858,#6859));
#6851 = ORIENTED_EDGE('',*,*,#6852,.F.);
#6852 = EDGE_CURVE('',#2853,#3274,#6853,.T.);
#6853 = LINE('',#6854,#6855);
#6854 = CARTESIAN_POINT('',(9.025,48.75,-1.44));
#6855 = VECTOR('',#6856,1.);
#6856 = DIRECTION('',(0.,-1.,2.2E-16));
#6857 = ORIENTED_EDGE('',*,*,#2852,.T.);
#6858 = ORIENTED_EDGE('',*,*,#6838,.F.);
#6859 = ORIENTED_EDGE('',*,*,#3282,.F.);
#6860 = PLANE('',#6861);
#6861 = AXIS2_PLACEMENT_3D('',#6862,#6863,#6864);
#6862 = CARTESIAN_POINT('',(9.025000000055,47.85,-3.47));
#6863 = DIRECTION('',(-1.,-0.,-2.352807E-11));
#6864 = DIRECTION('',(2.352807E-11,0.,-1.));
#6865 = ADVANCED_FACE('',(#6866),#6877,.T.);
#6866 = FACE_BOUND('',#6867,.F.);
#6867 = EDGE_LOOP('',(#6868,#6874,#6875,#6876));
#6868 = ORIENTED_EDGE('',*,*,#6869,.T.);
#6869 = EDGE_CURVE('',#2861,#3266,#6870,.T.);
#6870 = LINE('',#6871,#6872);
#6871 = CARTESIAN_POINT('',(15.775,48.75,-1.44));
#6872 = VECTOR('',#6873,1.);
#6873 = DIRECTION('',(0.,-1.,2.2E-16));
#6874 = ORIENTED_EDGE('',*,*,#3273,.T.);
#6875 = ORIENTED_EDGE('',*,*,#6852,.F.);
#6876 = ORIENTED_EDGE('',*,*,#2860,.F.);
#6877 = CYLINDRICAL_SURFACE('',#6878,3.375);
#6878 = AXIS2_PLACEMENT_3D('',#6879,#6880,#6881);
#6879 = CARTESIAN_POINT('',(12.4,48.75,-1.44));
#6880 = DIRECTION('',(0.,1.,-2.2E-16));
#6881 = DIRECTION('',(1.,0.,0.));
#6882 = ADVANCED_FACE('',(#6883),#6894,.T.);
#6883 = FACE_BOUND('',#6884,.T.);
#6884 = EDGE_LOOP('',(#6885,#6886,#6887,#6893));
#6885 = ORIENTED_EDGE('',*,*,#6869,.T.);
#6886 = ORIENTED_EDGE('',*,*,#3265,.T.);
#6887 = ORIENTED_EDGE('',*,*,#6888,.T.);
#6888 = EDGE_CURVE('',#795,#2870,#6889,.T.);
#6889 = LINE('',#6890,#6891);
#6890 = CARTESIAN_POINT('',(15.775,46.95,-4.));
#6891 = VECTOR('',#6892,1.);
#6892 = DIRECTION('',(0.,1.,-2.22044604925E-16));
#6893 = ORIENTED_EDGE('',*,*,#2869,.T.);
#6894 = PLANE('',#6895);
#6895 = AXIS2_PLACEMENT_3D('',#6896,#6897,#6898);
#6896 = CARTESIAN_POINT('',(15.775,47.85,-2.72));
#6897 = DIRECTION('',(1.,0.,0.));
#6898 = DIRECTION('',(0.,0.,1.));
#6899 = ADVANCED_FACE('',(#6900),#6911,.F.);
#6900 = FACE_BOUND('',#6901,.F.);
#6901 = EDGE_LOOP('',(#6902,#6903,#6904,#6905));
#6902 = ORIENTED_EDGE('',*,*,#3315,.F.);
#6903 = ORIENTED_EDGE('',*,*,#6888,.T.);
#6904 = ORIENTED_EDGE('',*,*,#2877,.F.);
#6905 = ORIENTED_EDGE('',*,*,#6906,.F.);
#6906 = EDGE_CURVE('',#3316,#2878,#6907,.T.);
#6907 = LINE('',#6908,#6909);
#6908 = CARTESIAN_POINT('',(19.79921875,23.475000000007,-1.45));
#6909 = VECTOR('',#6910,1.);
#6910 = DIRECTION('',(3.504141421473E-16,1.,0.));
#6911 = PLANE('',#6912);
#6912 = AXIS2_PLACEMENT_3D('',#6913,#6914,#6915);
#6913 = CARTESIAN_POINT('',(15.775,46.95,-4.));
#6914 = DIRECTION('',(0.535251034563,-1.875595321098E-16,-0.84469303892)
  );
#6915 = DIRECTION('',(0.84469303892,1.188496045052E-16,0.535251034563));
#6916 = ADVANCED_FACE('',(#6917),#6928,.T.);
#6917 = FACE_BOUND('',#6918,.T.);
#6918 = EDGE_LOOP('',(#6919,#6920,#6921,#6927));
#6919 = ORIENTED_EDGE('',*,*,#6906,.F.);
#6920 = ORIENTED_EDGE('',*,*,#3349,.T.);
#6921 = ORIENTED_EDGE('',*,*,#6922,.T.);
#6922 = EDGE_CURVE('',#3342,#2886,#6923,.T.);
#6923 = LINE('',#6924,#6925);
#6924 = CARTESIAN_POINT('',(19.815,46.95,-1.45));
#6925 = VECTOR('',#6926,1.);
#6926 = DIRECTION('',(0.,1.,0.));
#6927 = ORIENTED_EDGE('',*,*,#2885,.T.);
#6928 = PLANE('',#6929);
#6929 = AXIS2_PLACEMENT_3D('',#6930,#6931,#6932);
#6930 = CARTESIAN_POINT('',(-5.905543822566,1.334874953739E-11,-1.45));
#6931 = DIRECTION('',(0.,0.,1.));
#6932 = DIRECTION('',(1.,0.,0.));
#6933 = ADVANCED_FACE('',(#6934),#6945,.T.);
#6934 = FACE_BOUND('',#6935,.T.);
#6935 = EDGE_LOOP('',(#6936,#6942,#6943,#6944));
#6936 = ORIENTED_EDGE('',*,*,#6937,.F.);
#6937 = EDGE_CURVE('',#2894,#3333,#6938,.T.);
#6938 = LINE('',#6939,#6940);
#6939 = CARTESIAN_POINT('',(19.815,48.75,-1.44));
#6940 = VECTOR('',#6941,1.);
#6941 = DIRECTION('',(0.,-1.,2.2E-16));
#6942 = ORIENTED_EDGE('',*,*,#2893,.T.);
#6943 = ORIENTED_EDGE('',*,*,#6922,.F.);
#6944 = ORIENTED_EDGE('',*,*,#3341,.F.);
#6945 = PLANE('',#6946);
#6946 = AXIS2_PLACEMENT_3D('',#6947,#6948,#6949);
#6947 = CARTESIAN_POINT('',(19.815,47.85,-3.47));
#6948 = DIRECTION('',(-1.,-0.,-0.));
#6949 = DIRECTION('',(0.,0.,-1.));
#6950 = ADVANCED_FACE('',(#6951),#6957,.T.);
#6951 = FACE_BOUND('',#6952,.F.);
#6952 = EDGE_LOOP('',(#6953,#6954,#6955,#6956));
#6953 = ORIENTED_EDGE('',*,*,#3375,.T.);
#6954 = ORIENTED_EDGE('',*,*,#3332,.T.);
#6955 = ORIENTED_EDGE('',*,*,#6937,.F.);
#6956 = ORIENTED_EDGE('',*,*,#2901,.F.);
#6957 = CYLINDRICAL_SURFACE('',#6958,3.375);
#6958 = AXIS2_PLACEMENT_3D('',#6959,#6960,#6961);
#6959 = CARTESIAN_POINT('',(23.19,48.75,-1.44));
#6960 = DIRECTION('',(0.,1.,-2.2E-16));
#6961 = DIRECTION('',(1.,0.,0.));
#6962 = ADVANCED_FACE('',(#6963,#6974),#6985,.T.);
#6963 = FACE_BOUND('',#6964,.F.);
#6964 = EDGE_LOOP('',(#6965,#6966,#6967,#6973));
#6965 = ORIENTED_EDGE('',*,*,#3400,.T.);
#6966 = ORIENTED_EDGE('',*,*,#2925,.F.);
#6967 = ORIENTED_EDGE('',*,*,#6968,.F.);
#6968 = EDGE_CURVE('',#3418,#2926,#6969,.T.);
#6969 = LINE('',#6970,#6971);
#6970 = CARTESIAN_POINT('',(46.564999999984,47.000000000049,-3.));
#6971 = VECTOR('',#6972,1.);
#6972 = DIRECTION('',(0.,1.,0.));
#6973 = ORIENTED_EDGE('',*,*,#3417,.F.);
#6974 = FACE_BOUND('',#6975,.F.);
#6975 = EDGE_LOOP('',(#6976));
#6976 = ORIENTED_EDGE('',*,*,#6977,.T.);
#6977 = EDGE_CURVE('',#6978,#6978,#6980,.T.);
#6978 = VERTEX_POINT('',#6979);
#6979 = CARTESIAN_POINT('',(44.565,47.000000000049,-3.));
#6980 = CIRCLE('',#6981,1.375);
#6981 = AXIS2_PLACEMENT_3D('',#6982,#6983,#6984);
#6982 = CARTESIAN_POINT('',(43.19,47.000000000049,-3.));
#6983 = DIRECTION('',(0.,0.,1.));
#6984 = DIRECTION('',(1.,0.,0.));
#6985 = PLANE('',#6986);
#6986 = AXIS2_PLACEMENT_3D('',#6987,#6988,#6989);
#6987 = CARTESIAN_POINT('',(8.189999999958,-4.809027E-11,-3.));
#6988 = DIRECTION('',(0.,0.,1.));
#6989 = DIRECTION('',(1.,0.,0.));
#6990 = ADVANCED_FACE('',(#6991),#7002,.F.);
#6991 = FACE_BOUND('',#6992,.F.);
#6992 = EDGE_LOOP('',(#6993,#6999,#7000,#7001));
#6993 = ORIENTED_EDGE('',*,*,#6994,.F.);
#6994 = EDGE_CURVE('',#3427,#2934,#6995,.T.);
#6995 = LINE('',#6996,#6997);
#6996 = CARTESIAN_POINT('',(46.565,46.95,-4.));
#6997 = VECTOR('',#6998,1.);
#6998 = DIRECTION('',(0.,1.,-2.22044604925E-16));
#6999 = ORIENTED_EDGE('',*,*,#3426,.T.);
#7000 = ORIENTED_EDGE('',*,*,#6968,.T.);
#7001 = ORIENTED_EDGE('',*,*,#2933,.F.);
#7002 = PLANE('',#7003);
#7003 = AXIS2_PLACEMENT_3D('',#7004,#7005,#7006);
#7004 = CARTESIAN_POINT('',(46.565,46.95,-1.45));
#7005 = DIRECTION('',(-1.,0.,0.));
#7006 = DIRECTION('',(0.,-2.22044604925E-16,-1.));
#7007 = ADVANCED_FACE('',(#7008),#7020,.F.);
#7008 = FACE_BOUND('',#7009,.F.);
#7009 = EDGE_LOOP('',(#7010,#7011,#7012,#7013,#7014));
#7010 = ORIENTED_EDGE('',*,*,#3449,.F.);
#7011 = ORIENTED_EDGE('',*,*,#3434,.T.);
#7012 = ORIENTED_EDGE('',*,*,#6994,.T.);
#7013 = ORIENTED_EDGE('',*,*,#2941,.F.);
#7014 = ORIENTED_EDGE('',*,*,#7015,.F.);
#7015 = EDGE_CURVE('',#3450,#2942,#7016,.T.);
#7016 = LINE('',#7017,#7018);
#7017 = CARTESIAN_POINT('',(49.8023046875,23.475000000007,-1.45));
#7018 = VECTOR('',#7019,1.);
#7019 = DIRECTION('',(2.818925648462E-16,1.,0.));
#7020 = PLANE('',#7021);
#7021 = AXIS2_PLACEMENT_3D('',#7022,#7023,#7024);
#7022 = CARTESIAN_POINT('',(46.565,46.95,-4.));
#7023 = DIRECTION('',(0.618781837411,-1.744299992282E-16,-0.785562879526
    ));
#7024 = DIRECTION('',(0.785562879526,1.373971686228E-16,0.618781837411)
  );
#7025 = ADVANCED_FACE('',(#7026),#7037,.T.);
#7026 = FACE_BOUND('',#7027,.T.);
#7027 = EDGE_LOOP('',(#7028,#7029,#7030,#7031));
#7028 = ORIENTED_EDGE('',*,*,#2949,.F.);
#7029 = ORIENTED_EDGE('',*,*,#7015,.F.);
#7030 = ORIENTED_EDGE('',*,*,#3483,.T.);
#7031 = ORIENTED_EDGE('',*,*,#7032,.T.);
#7032 = EDGE_CURVE('',#3476,#2950,#7033,.T.);
#7033 = LINE('',#7034,#7035);
#7034 = CARTESIAN_POINT('',(49.815,46.95,-1.45));
#7035 = VECTOR('',#7036,1.);
#7036 = DIRECTION('',(-7.894919286223E-15,1.,0.));
#7037 = PLANE('',#7038);
#7038 = AXIS2_PLACEMENT_3D('',#7039,#7040,#7041);
#7039 = CARTESIAN_POINT('',(-5.905543822566,1.334874953739E-11,-1.45));
#7040 = DIRECTION('',(0.,0.,1.));
#7041 = DIRECTION('',(1.,0.,0.));
#7042 = ADVANCED_FACE('',(#7043),#7054,.T.);
#7043 = FACE_BOUND('',#7044,.T.);
#7044 = EDGE_LOOP('',(#7045,#7051,#7052,#7053));
#7045 = ORIENTED_EDGE('',*,*,#7046,.F.);
#7046 = EDGE_CURVE('',#2958,#3467,#7047,.T.);
#7047 = LINE('',#7048,#7049);
#7048 = CARTESIAN_POINT('',(49.815,48.75,-1.44));
#7049 = VECTOR('',#7050,1.);
#7050 = DIRECTION('',(0.,-1.,2.2E-16));
#7051 = ORIENTED_EDGE('',*,*,#2957,.T.);
#7052 = ORIENTED_EDGE('',*,*,#7032,.F.);
#7053 = ORIENTED_EDGE('',*,*,#3475,.F.);
#7054 = PLANE('',#7055);
#7055 = AXIS2_PLACEMENT_3D('',#7056,#7057,#7058);
#7056 = CARTESIAN_POINT('',(49.815,47.85,-3.47));
#7057 = DIRECTION('',(-1.,-0.,-0.));
#7058 = DIRECTION('',(0.,0.,-1.));
#7059 = ADVANCED_FACE('',(#7060),#7066,.T.);
#7060 = FACE_BOUND('',#7061,.F.);
#7061 = EDGE_LOOP('',(#7062,#7063,#7064,#7065));
#7062 = ORIENTED_EDGE('',*,*,#3509,.T.);
#7063 = ORIENTED_EDGE('',*,*,#3466,.T.);
#7064 = ORIENTED_EDGE('',*,*,#7046,.F.);
#7065 = ORIENTED_EDGE('',*,*,#2965,.F.);
#7066 = CYLINDRICAL_SURFACE('',#7067,3.375);
#7067 = AXIS2_PLACEMENT_3D('',#7068,#7069,#7070);
#7068 = CARTESIAN_POINT('',(53.19,48.75,-1.44));
#7069 = DIRECTION('',(0.,1.,-2.2E-16));
#7070 = DIRECTION('',(1.,0.,0.));
#7071 = ADVANCED_FACE('',(#7072,#7078),#7112,.T.);
#7072 = FACE_BOUND('',#7073,.T.);
#7073 = EDGE_LOOP('',(#7074,#7075,#7076,#7077));
#7074 = ORIENTED_EDGE('',*,*,#2998,.T.);
#7075 = ORIENTED_EDGE('',*,*,#4774,.T.);
#7076 = ORIENTED_EDGE('',*,*,#4756,.T.);
#7077 = ORIENTED_EDGE('',*,*,#4716,.T.);
#7078 = FACE_BOUND('',#7079,.T.);
#7079 = EDGE_LOOP('',(#7080,#7090,#7098,#7106));
#7080 = ORIENTED_EDGE('',*,*,#7081,.T.);
#7081 = EDGE_CURVE('',#7082,#7084,#7086,.T.);
#7082 = VERTEX_POINT('',#7083);
#7083 = CARTESIAN_POINT('',(-59.63,12.37,-1.06));
#7084 = VERTEX_POINT('',#7085);
#7085 = CARTESIAN_POINT('',(-59.63,12.37,15.74));
#7086 = LINE('',#7087,#7088);
#7087 = CARTESIAN_POINT('',(-59.63,12.37,3.1825));
#7088 = VECTOR('',#7089,1.);
#7089 = DIRECTION('',(0.,0.,1.));
#7090 = ORIENTED_EDGE('',*,*,#7091,.T.);
#7091 = EDGE_CURVE('',#7084,#7092,#7094,.T.);
#7092 = VERTEX_POINT('',#7093);
#7093 = CARTESIAN_POINT('',(-59.63,44.78,15.74));
#7094 = LINE('',#7095,#7096);
#7095 = CARTESIAN_POINT('',(-59.63,21.49,15.74));
#7096 = VECTOR('',#7097,1.);
#7097 = DIRECTION('',(0.,1.,0.));
#7098 = ORIENTED_EDGE('',*,*,#7099,.T.);
#7099 = EDGE_CURVE('',#7092,#7100,#7102,.T.);
#7100 = VERTEX_POINT('',#7101);
#7101 = CARTESIAN_POINT('',(-59.63,44.78,-1.06));
#7102 = LINE('',#7103,#7104);
#7103 = CARTESIAN_POINT('',(-59.63,44.78,11.5825));
#7104 = VECTOR('',#7105,1.);
#7105 = DIRECTION('',(0.,0.,-1.));
#7106 = ORIENTED_EDGE('',*,*,#7107,.T.);
#7107 = EDGE_CURVE('',#7100,#7082,#7108,.T.);
#7108 = LINE('',#7109,#7110);
#7109 = CARTESIAN_POINT('',(-59.63,37.695,-1.06));
#7110 = VECTOR('',#7111,1.);
#7111 = DIRECTION('',(0.,-1.,0.));
#7112 = PLANE('',#7113);
#7113 = AXIS2_PLACEMENT_3D('',#7114,#7115,#7116);
#7114 = CARTESIAN_POINT('',(-59.63,30.61,7.425));
#7115 = DIRECTION('',(1.,0.,0.));
#7116 = DIRECTION('',(0.,0.,1.));
#7117 = ADVANCED_FACE('',(#7118),#7128,.F.);
#7118 = FACE_BOUND('',#7119,.T.);
#7119 = EDGE_LOOP('',(#7120,#7121,#7126,#7127));
#7120 = ORIENTED_EDGE('',*,*,#6620,.F.);
#7121 = ORIENTED_EDGE('',*,*,#7122,.F.);
#7122 = EDGE_CURVE('',#3081,#6621,#7123,.T.);
#7123 = B_SPLINE_CURVE_WITH_KNOTS('',1,(#7124,#7125),.UNSPECIFIED.,.F.,
  .F.,(2,2),(-1.8,2.05),.PIECEWISE_BEZIER_KNOTS.);
#7124 = CARTESIAN_POINT('',(-46.225,46.95,-1.44));
#7125 = CARTESIAN_POINT('',(-46.225,50.8,-1.44));
#7126 = ORIENTED_EDGE('',*,*,#3080,.T.);
#7127 = ORIENTED_EDGE('',*,*,#7122,.T.);
#7128 = CYLINDRICAL_SURFACE('',#7129,1.375);
#7129 = AXIS2_PLACEMENT_3D('',#7130,#7131,#7132);
#7130 = CARTESIAN_POINT('',(-47.6,48.75,-1.44));
#7131 = DIRECTION('',(0.,1.,-2.2E-16));
#7132 = DIRECTION('',(1.,0.,0.));
#7133 = ADVANCED_FACE('',(#7134),#7144,.F.);
#7134 = FACE_BOUND('',#7135,.T.);
#7135 = EDGE_LOOP('',(#7136,#7137,#7142,#7143));
#7136 = ORIENTED_EDGE('',*,*,#6631,.F.);
#7137 = ORIENTED_EDGE('',*,*,#7138,.F.);
#7138 = EDGE_CURVE('',#3140,#6632,#7139,.T.);
#7139 = B_SPLINE_CURVE_WITH_KNOTS('',1,(#7140,#7141),.UNSPECIFIED.,.F.,
  .F.,(2,2),(-1.8,2.05),.PIECEWISE_BEZIER_KNOTS.);
#7140 = CARTESIAN_POINT('',(-35.435,46.95,-1.44));
#7141 = CARTESIAN_POINT('',(-35.435,50.8,-1.44));
#7142 = ORIENTED_EDGE('',*,*,#3139,.T.);
#7143 = ORIENTED_EDGE('',*,*,#7138,.T.);
#7144 = CYLINDRICAL_SURFACE('',#7145,1.375);
#7145 = AXIS2_PLACEMENT_3D('',#7146,#7147,#7148);
#7146 = CARTESIAN_POINT('',(-36.81,48.75,-1.44));
#7147 = DIRECTION('',(0.,1.,-2.2E-16));
#7148 = DIRECTION('',(1.,0.,0.));
#7149 = ADVANCED_FACE('',(#7150),#7160,.F.);
#7150 = FACE_BOUND('',#7151,.T.);
#7151 = EDGE_LOOP('',(#7152,#7153,#7158,#7159));
#7152 = ORIENTED_EDGE('',*,*,#6642,.F.);
#7153 = ORIENTED_EDGE('',*,*,#7154,.F.);
#7154 = EDGE_CURVE('',#3299,#6643,#7155,.T.);
#7155 = B_SPLINE_CURVE_WITH_KNOTS('',1,(#7156,#7157),.UNSPECIFIED.,.F.,
  .F.,(2,2),(-1.8,2.05),.PIECEWISE_BEZIER_KNOTS.);
#7156 = CARTESIAN_POINT('',(13.775,46.95,-1.44));
#7157 = CARTESIAN_POINT('',(13.775,50.8,-1.44));
#7158 = ORIENTED_EDGE('',*,*,#3298,.T.);
#7159 = ORIENTED_EDGE('',*,*,#7154,.T.);
#7160 = CYLINDRICAL_SURFACE('',#7161,1.375);
#7161 = AXIS2_PLACEMENT_3D('',#7162,#7163,#7164);
#7162 = CARTESIAN_POINT('',(12.4,48.75,-1.44));
#7163 = DIRECTION('',(0.,1.,-2.2E-16));
#7164 = DIRECTION('',(1.,0.,0.));
#7165 = ADVANCED_FACE('',(#7166),#7176,.F.);
#7166 = FACE_BOUND('',#7167,.T.);
#7167 = EDGE_LOOP('',(#7168,#7169,#7174,#7175));
#7168 = ORIENTED_EDGE('',*,*,#6653,.F.);
#7169 = ORIENTED_EDGE('',*,*,#7170,.F.);
#7170 = EDGE_CURVE('',#3358,#6654,#7171,.T.);
#7171 = B_SPLINE_CURVE_WITH_KNOTS('',1,(#7172,#7173),.UNSPECIFIED.,.F.,
  .F.,(2,2),(-1.8,2.05),.PIECEWISE_BEZIER_KNOTS.);
#7172 = CARTESIAN_POINT('',(24.565,46.95,-1.44));
#7173 = CARTESIAN_POINT('',(24.565,50.8,-1.44));
#7174 = ORIENTED_EDGE('',*,*,#3357,.T.);
#7175 = ORIENTED_EDGE('',*,*,#7170,.T.);
#7176 = CYLINDRICAL_SURFACE('',#7177,1.375);
#7177 = AXIS2_PLACEMENT_3D('',#7178,#7179,#7180);
#7178 = CARTESIAN_POINT('',(23.19,48.75,-1.44));
#7179 = DIRECTION('',(0.,1.,-2.2E-16));
#7180 = DIRECTION('',(1.,0.,0.));
#7181 = ADVANCED_FACE('',(#7182),#7192,.F.);
#7182 = FACE_BOUND('',#7183,.T.);
#7183 = EDGE_LOOP('',(#7184,#7185,#7190,#7191));
#7184 = ORIENTED_EDGE('',*,*,#6664,.F.);
#7185 = ORIENTED_EDGE('',*,*,#7186,.F.);
#7186 = EDGE_CURVE('',#3492,#6665,#7187,.T.);
#7187 = B_SPLINE_CURVE_WITH_KNOTS('',1,(#7188,#7189),.UNSPECIFIED.,.F.,
  .F.,(2,2),(-1.8,2.05),.PIECEWISE_BEZIER_KNOTS.);
#7188 = CARTESIAN_POINT('',(54.565,46.95,-1.44));
#7189 = CARTESIAN_POINT('',(54.565,50.8,-1.44));
#7190 = ORIENTED_EDGE('',*,*,#3491,.T.);
#7191 = ORIENTED_EDGE('',*,*,#7186,.T.);
#7192 = CYLINDRICAL_SURFACE('',#7193,1.375);
#7193 = AXIS2_PLACEMENT_3D('',#7194,#7195,#7196);
#7194 = CARTESIAN_POINT('',(53.19,48.75,-1.44));
#7195 = DIRECTION('',(0.,1.,-2.2E-16));
#7196 = DIRECTION('',(1.,0.,0.));
#7197 = ADVANCED_FACE('',(#7198),#7209,.F.);
#7198 = FACE_BOUND('',#7199,.T.);
#7199 = EDGE_LOOP('',(#7200,#7201,#7206,#7207,#7208));
#7200 = ORIENTED_EDGE('',*,*,#3533,.T.);
#7201 = ORIENTED_EDGE('',*,*,#7202,.F.);
#7202 = EDGE_CURVE('',#6519,#3534,#7203,.T.);
#7203 = B_SPLINE_CURVE_WITH_KNOTS('',1,(#7204,#7205),.UNSPECIFIED.,.F.,
  .F.,(2,2),(-0.55,3.3),.PIECEWISE_BEZIER_KNOTS.);
#7204 = CARTESIAN_POINT('',(21.815,-50.8,-1.44));
#7205 = CARTESIAN_POINT('',(21.815,-46.95,-1.44));
#7206 = ORIENTED_EDGE('',*,*,#6527,.T.);
#7207 = ORIENTED_EDGE('',*,*,#6516,.T.);
#7208 = ORIENTED_EDGE('',*,*,#7202,.T.);
#7209 = CYLINDRICAL_SURFACE('',#7210,1.375);
#7210 = AXIS2_PLACEMENT_3D('',#7211,#7212,#7213);
#7211 = CARTESIAN_POINT('',(23.19,-50.25,-1.44));
#7212 = DIRECTION('',(0.,1.,-2.2E-16));
#7213 = DIRECTION('',(1.,0.,0.));
#7214 = ADVANCED_FACE('',(#7215),#7226,.F.);
#7215 = FACE_BOUND('',#7216,.T.);
#7216 = EDGE_LOOP('',(#7217,#7218,#7223,#7224,#7225));
#7217 = ORIENTED_EDGE('',*,*,#3558,.T.);
#7218 = ORIENTED_EDGE('',*,*,#7219,.F.);
#7219 = EDGE_CURVE('',#6499,#3559,#7220,.T.);
#7220 = B_SPLINE_CURVE_WITH_KNOTS('',1,(#7221,#7222),.UNSPECIFIED.,.F.,
  .F.,(2,2),(-0.55,3.3),.PIECEWISE_BEZIER_KNOTS.);
#7221 = CARTESIAN_POINT('',(11.025,-50.8,-1.44));
#7222 = CARTESIAN_POINT('',(11.025,-46.95,-1.44));
#7223 = ORIENTED_EDGE('',*,*,#6507,.T.);
#7224 = ORIENTED_EDGE('',*,*,#6496,.T.);
#7225 = ORIENTED_EDGE('',*,*,#7219,.T.);
#7226 = CYLINDRICAL_SURFACE('',#7227,1.375);
#7227 = AXIS2_PLACEMENT_3D('',#7228,#7229,#7230);
#7228 = CARTESIAN_POINT('',(12.4,-50.25,-1.44));
#7229 = DIRECTION('',(0.,1.,-2.2E-16));
#7230 = DIRECTION('',(1.,0.,0.));
#7231 = ADVANCED_FACE('',(#7232),#7243,.F.);
#7232 = FACE_BOUND('',#7233,.T.);
#7233 = EDGE_LOOP('',(#7234,#7235,#7240,#7241,#7242));
#7234 = ORIENTED_EDGE('',*,*,#3595,.T.);
#7235 = ORIENTED_EDGE('',*,*,#7236,.F.);
#7236 = EDGE_CURVE('',#6479,#3596,#7237,.T.);
#7237 = B_SPLINE_CURVE_WITH_KNOTS('',1,(#7238,#7239),.UNSPECIFIED.,.F.,
  .F.,(2,2),(-0.55,3.3),.PIECEWISE_BEZIER_KNOTS.);
#7238 = CARTESIAN_POINT('',(-38.185,-50.8,-1.44));
#7239 = CARTESIAN_POINT('',(-38.185,-46.95,-1.44));
#7240 = ORIENTED_EDGE('',*,*,#6487,.T.);
#7241 = ORIENTED_EDGE('',*,*,#6476,.T.);
#7242 = ORIENTED_EDGE('',*,*,#7236,.T.);
#7243 = CYLINDRICAL_SURFACE('',#7244,1.375);
#7244 = AXIS2_PLACEMENT_3D('',#7245,#7246,#7247);
#7245 = CARTESIAN_POINT('',(-36.81,-50.25,-1.44));
#7246 = DIRECTION('',(0.,1.,-2.2E-16));
#7247 = DIRECTION('',(1.,0.,0.));
#7248 = ADVANCED_FACE('',(#7249),#7260,.F.);
#7249 = FACE_BOUND('',#7250,.T.);
#7250 = EDGE_LOOP('',(#7251,#7252,#7257,#7258,#7259));
#7251 = ORIENTED_EDGE('',*,*,#3620,.T.);
#7252 = ORIENTED_EDGE('',*,*,#7253,.F.);
#7253 = EDGE_CURVE('',#6459,#3621,#7254,.T.);
#7254 = B_SPLINE_CURVE_WITH_KNOTS('',1,(#7255,#7256),.UNSPECIFIED.,.F.,
  .F.,(2,2),(-0.55,3.3),.PIECEWISE_BEZIER_KNOTS.);
#7255 = CARTESIAN_POINT('',(-48.975,-50.8,-1.44));
#7256 = CARTESIAN_POINT('',(-48.975,-46.95,-1.44));
#7257 = ORIENTED_EDGE('',*,*,#6467,.T.);
#7258 = ORIENTED_EDGE('',*,*,#6456,.T.);
#7259 = ORIENTED_EDGE('',*,*,#7253,.T.);
#7260 = CYLINDRICAL_SURFACE('',#7261,1.375);
#7261 = AXIS2_PLACEMENT_3D('',#7262,#7263,#7264);
#7262 = CARTESIAN_POINT('',(-47.6,-50.25,-1.44));
#7263 = DIRECTION('',(0.,1.,-2.2E-16));
#7264 = DIRECTION('',(1.,0.,0.));
#7265 = ADVANCED_FACE('',(#7266,#7271),#7282,.T.);
#7266 = FACE_BOUND('',#7267,.T.);
#7267 = EDGE_LOOP('',(#7268,#7269,#7270));
#7268 = ORIENTED_EDGE('',*,*,#3712,.T.);
#7269 = ORIENTED_EDGE('',*,*,#3645,.T.);
#7270 = ORIENTED_EDGE('',*,*,#3654,.T.);
#7271 = FACE_BOUND('',#7272,.T.);
#7272 = EDGE_LOOP('',(#7273));
#7273 = ORIENTED_EDGE('',*,*,#7274,.F.);
#7274 = EDGE_CURVE('',#7275,#7275,#7277,.T.);
#7275 = VERTEX_POINT('',#7276);
#7276 = CARTESIAN_POINT('',(-37.8526,-33.1274,0.));
#7277 = CIRCLE('',#7278,1.22);
#7278 = AXIS2_PLACEMENT_3D('',#7279,#7280,#7281);
#7279 = CARTESIAN_POINT('',(-39.0726,-33.1274,0.));
#7280 = DIRECTION('',(0.,0.,1.));
#7281 = DIRECTION('',(1.,0.,0.));
#7282 = PLANE('',#7283);
#7283 = AXIS2_PLACEMENT_3D('',#7284,#7285,#7286);
#7284 = CARTESIAN_POINT('',(-40.75853357064,-33.1274,0.));
#7285 = DIRECTION('',(0.,0.,1.));
#7286 = DIRECTION('',(1.,0.,0.));
#7287 = ADVANCED_FACE('',(#7288,#7299,#7310),#7321,.T.);
#7288 = FACE_BOUND('',#7289,.T.);
#7289 = EDGE_LOOP('',(#7290,#7291,#7292,#7293,#7294,#7295,#7296,#7297,
    #7298));
#7290 = ORIENTED_EDGE('',*,*,#3739,.F.);
#7291 = ORIENTED_EDGE('',*,*,#3728,.F.);
#7292 = ORIENTED_EDGE('',*,*,#3770,.F.);
#7293 = ORIENTED_EDGE('',*,*,#3827,.F.);
#7294 = ORIENTED_EDGE('',*,*,#3862,.F.);
#7295 = ORIENTED_EDGE('',*,*,#3909,.F.);
#7296 = ORIENTED_EDGE('',*,*,#3951,.F.);
#7297 = ORIENTED_EDGE('',*,*,#3895,.T.);
#7298 = ORIENTED_EDGE('',*,*,#3803,.F.);
#7299 = FACE_BOUND('',#7300,.T.);
#7300 = EDGE_LOOP('',(#7301));
#7301 = ORIENTED_EDGE('',*,*,#7302,.T.);
#7302 = EDGE_CURVE('',#7303,#7303,#7305,.T.);
#7303 = VERTEX_POINT('',#7304);
#7304 = CARTESIAN_POINT('',(12.1496,-40.8524,0.));
#7305 = CIRCLE('',#7306,1.22);
#7306 = AXIS2_PLACEMENT_3D('',#7307,#7308,#7309);
#7307 = CARTESIAN_POINT('',(10.9296,-40.8524,0.));
#7308 = DIRECTION('',(0.,0.,-1.));
#7309 = DIRECTION('',(1.,0.,0.));
#7310 = FACE_BOUND('',#7311,.T.);
#7311 = EDGE_LOOP('',(#7312));
#7312 = ORIENTED_EDGE('',*,*,#7313,.T.);
#7313 = EDGE_CURVE('',#7314,#7314,#7316,.T.);
#7314 = VERTEX_POINT('',#7315);
#7315 = CARTESIAN_POINT('',(6.21,-40.81,0.));
#7316 = CIRCLE('',#7317,1.22);
#7317 = AXIS2_PLACEMENT_3D('',#7318,#7319,#7320);
#7318 = CARTESIAN_POINT('',(4.99,-40.81,0.));
#7319 = DIRECTION('',(0.,0.,-1.));
#7320 = DIRECTION('',(1.,0.,0.));
#7321 = PLANE('',#7322);
#7322 = AXIS2_PLACEMENT_3D('',#7323,#7324,#7325);
#7323 = CARTESIAN_POINT('',(6.289397310421,-40.89608406082,0.));
#7324 = DIRECTION('',(0.,0.,1.));
#7325 = DIRECTION('',(1.,0.,0.));
#7326 = ADVANCED_FACE('',(#7327,#7332),#7343,.T.);
#7327 = FACE_BOUND('',#7328,.T.);
#7328 = EDGE_LOOP('',(#7329,#7330,#7331));
#7329 = ORIENTED_EDGE('',*,*,#3967,.F.);
#7330 = ORIENTED_EDGE('',*,*,#3994,.F.);
#7331 = ORIENTED_EDGE('',*,*,#4042,.T.);
#7332 = FACE_BOUND('',#7333,.T.);
#7333 = EDGE_LOOP('',(#7334));
#7334 = ORIENTED_EDGE('',*,*,#7335,.T.);
#7335 = EDGE_CURVE('',#7336,#7336,#7338,.T.);
#7336 = VERTEX_POINT('',#7337);
#7337 = CARTESIAN_POINT('',(40.385,-33.1274,0.));
#7338 = CIRCLE('',#7339,1.22);
#7339 = AXIS2_PLACEMENT_3D('',#7340,#7341,#7342);
#7340 = CARTESIAN_POINT('',(39.165,-33.1274,0.));
#7341 = DIRECTION('',(0.,0.,-1.));
#7342 = DIRECTION('',(1.,0.,0.));
#7343 = PLANE('',#7344);
#7344 = AXIS2_PLACEMENT_3D('',#7345,#7346,#7347);
#7345 = CARTESIAN_POINT('',(37.479066429351,-33.1274,0.));
#7346 = DIRECTION('',(0.,0.,1.));
#7347 = DIRECTION('',(1.,0.,0.));
#7348 = ADVANCED_FACE('',(#7349,#7355),#7366,.T.);
#7349 = FACE_BOUND('',#7350,.T.);
#7350 = EDGE_LOOP('',(#7351,#7352,#7353,#7354));
#7351 = ORIENTED_EDGE('',*,*,#4130,.F.);
#7352 = ORIENTED_EDGE('',*,*,#4090,.F.);
#7353 = ORIENTED_EDGE('',*,*,#4058,.F.);
#7354 = ORIENTED_EDGE('',*,*,#4156,.T.);
#7355 = FACE_BOUND('',#7356,.T.);
#7356 = EDGE_LOOP('',(#7357));
#7357 = ORIENTED_EDGE('',*,*,#7358,.T.);
#7358 = EDGE_CURVE('',#7359,#7359,#7361,.T.);
#7359 = VERTEX_POINT('',#7360);
#7360 = CARTESIAN_POINT('',(33.1808,-0.5172,0.));
#7361 = CIRCLE('',#7362,1.22);
#7362 = AXIS2_PLACEMENT_3D('',#7363,#7364,#7365);
#7363 = CARTESIAN_POINT('',(31.9608,-0.5172,0.));
#7364 = DIRECTION('',(0.,0.,-1.));
#7365 = DIRECTION('',(1.,0.,0.));
#7366 = PLANE('',#7367);
#7367 = AXIS2_PLACEMENT_3D('',#7368,#7369,#7370);
#7368 = CARTESIAN_POINT('',(30.205185158319,-0.5172,0.));
#7369 = DIRECTION('',(0.,0.,1.));
#7370 = DIRECTION('',(1.,0.,0.));
#7371 = ADVANCED_FACE('',(#7372,#7377),#7388,.T.);
#7372 = FACE_BOUND('',#7373,.T.);
#7373 = EDGE_LOOP('',(#7374,#7375,#7376));
#7374 = ORIENTED_EDGE('',*,*,#4196,.F.);
#7375 = ORIENTED_EDGE('',*,*,#4205,.F.);
#7376 = ORIENTED_EDGE('',*,*,#4263,.T.);
#7377 = FACE_BOUND('',#7378,.T.);
#7378 = EDGE_LOOP('',(#7379));
#7379 = ORIENTED_EDGE('',*,*,#7380,.T.);
#7380 = EDGE_CURVE('',#7381,#7381,#7383,.T.);
#7381 = VERTEX_POINT('',#7382);
#7382 = CARTESIAN_POINT('',(6.21,26.51,0.));
#7383 = CIRCLE('',#7384,1.22);
#7384 = AXIS2_PLACEMENT_3D('',#7385,#7386,#7387);
#7385 = CARTESIAN_POINT('',(4.99,26.51,0.));
#7386 = DIRECTION('',(0.,0.,-1.));
#7387 = DIRECTION('',(1.,0.,0.));
#7388 = PLANE('',#7389);
#7389 = AXIS2_PLACEMENT_3D('',#7390,#7391,#7392);
#7390 = CARTESIAN_POINT('',(3.304066429351,26.51,0.));
#7391 = DIRECTION('',(0.,0.,1.));
#7392 = DIRECTION('',(1.,0.,0.));
#7393 = ADVANCED_FACE('',(#7394,#7401),#7412,.T.);
#7394 = FACE_BOUND('',#7395,.T.);
#7395 = EDGE_LOOP('',(#7396,#7397,#7398,#7399,#7400));
#7396 = ORIENTED_EDGE('',*,*,#4290,.F.);
#7397 = ORIENTED_EDGE('',*,*,#4279,.F.);
#7398 = ORIENTED_EDGE('',*,*,#4362,.T.);
#7399 = ORIENTED_EDGE('',*,*,#4385,.F.);
#7400 = ORIENTED_EDGE('',*,*,#4337,.T.);
#7401 = FACE_BOUND('',#7402,.T.);
#7402 = EDGE_LOOP('',(#7403));
#7403 = ORIENTED_EDGE('',*,*,#7404,.T.);
#7404 = EDGE_CURVE('',#7405,#7405,#7407,.T.);
#7405 = VERTEX_POINT('',#7406);
#7406 = CARTESIAN_POINT('',(20.2268,32.0964,0.));
#7407 = CIRCLE('',#7408,1.22);
#7408 = AXIS2_PLACEMENT_3D('',#7409,#7410,#7411);
#7409 = CARTESIAN_POINT('',(19.0068,32.0964,0.));
#7410 = DIRECTION('',(0.,0.,-1.));
#7411 = DIRECTION('',(1.,0.,0.));
#7412 = PLANE('',#7413);
#7413 = AXIS2_PLACEMENT_3D('',#7414,#7415,#7416);
#7414 = CARTESIAN_POINT('',(17.336244404251,32.075978796559,0.));
#7415 = DIRECTION('',(0.,0.,1.));
#7416 = DIRECTION('',(1.,0.,0.));
#7417 = ADVANCED_FACE('',(#7418,#7423),#7434,.T.);
#7418 = FACE_BOUND('',#7419,.T.);
#7419 = EDGE_LOOP('',(#7420,#7421,#7422));
#7420 = ORIENTED_EDGE('',*,*,#4419,.F.);
#7421 = ORIENTED_EDGE('',*,*,#4446,.F.);
#7422 = ORIENTED_EDGE('',*,*,#4494,.T.);
#7423 = FACE_BOUND('',#7424,.T.);
#7424 = EDGE_LOOP('',(#7425));
#7425 = ORIENTED_EDGE('',*,*,#7426,.T.);
#7426 = EDGE_CURVE('',#7427,#7427,#7429,.T.);
#7427 = VERTEX_POINT('',#7428);
#7428 = CARTESIAN_POINT('',(40.385,31.5156,0.));
#7429 = CIRCLE('',#7430,1.22);
#7430 = AXIS2_PLACEMENT_3D('',#7431,#7432,#7433);
#7431 = CARTESIAN_POINT('',(39.165,31.5156,0.));
#7432 = DIRECTION('',(0.,0.,-1.));
#7433 = DIRECTION('',(1.,0.,0.));
#7434 = PLANE('',#7435);
#7435 = AXIS2_PLACEMENT_3D('',#7436,#7437,#7438);
#7436 = CARTESIAN_POINT('',(37.479066429351,31.5156,0.));
#7437 = DIRECTION('',(0.,0.,1.));
#7438 = DIRECTION('',(1.,0.,0.));
#7439 = ADVANCED_FACE('',(#7440),#7451,.F.);
#7440 = FACE_BOUND('',#7441,.F.);
#7441 = EDGE_LOOP('',(#7442,#7443,#7444,#7445));
#7442 = ORIENTED_EDGE('',*,*,#4605,.F.);
#7443 = ORIENTED_EDGE('',*,*,#4589,.T.);
#7444 = ORIENTED_EDGE('',*,*,#4560,.T.);
#7445 = ORIENTED_EDGE('',*,*,#7446,.F.);
#7446 = EDGE_CURVE('',#4606,#4553,#7447,.T.);
#7447 = LINE('',#7448,#7449);
#7448 = CARTESIAN_POINT('',(-61.81,-24.99507990066,17.880351070426));
#7449 = VECTOR('',#7450,1.);
#7450 = DIRECTION('',(0.,-0.999558802173,2.970186859096E-02));
#7451 = PLANE('',#7452);
#7452 = AXIS2_PLACEMENT_3D('',#7453,#7454,#7455);
#7453 = CARTESIAN_POINT('',(-57.81,-50.25,19.31));
#7454 = DIRECTION('',(0.167331945545,-2.928309047045E-02,-0.985465636444
    ));
#7455 = DIRECTION('',(-0.970713676233,0.169874893341,-0.169874893341));
#7456 = ADVANCED_FACE('',(#7457,#7491,#7499,#7533,#7536,#7544,#7550,
    #7584),#7587,.T.);
#7457 = FACE_BOUND('',#7458,.T.);
#7458 = EDGE_LOOP('',(#7459,#7460,#7461,#7467,#7468,#7476,#7484,#7490));
#7459 = ORIENTED_EDGE('',*,*,#7446,.F.);
#7460 = ORIENTED_EDGE('',*,*,#4622,.T.);
#7461 = ORIENTED_EDGE('',*,*,#7462,.T.);
#7462 = EDGE_CURVE('',#4615,#4670,#7463,.T.);
#7463 = LINE('',#7464,#7465);
#7464 = CARTESIAN_POINT('',(-61.81,24.995079900669,17.880351070426));
#7465 = VECTOR('',#7466,1.);
#7466 = DIRECTION('',(0.,0.999558802173,2.970186859096E-02));
#7467 = ORIENTED_EDGE('',*,*,#4677,.F.);
#7468 = ORIENTED_EDGE('',*,*,#7469,.F.);
#7469 = EDGE_CURVE('',#7470,#4678,#7472,.T.);
#7470 = VERTEX_POINT('',#7471);
#7471 = CARTESIAN_POINT('',(-61.81,49.55,-5.3));
#7472 = LINE('',#7473,#7474);
#7473 = CARTESIAN_POINT('',(-61.81,24.963868577102,-4.569423626609));
#7474 = VECTOR('',#7475,1.);
#7475 = DIRECTION('',(0.,0.999558802173,-2.970186859096E-02));
#7476 = ORIENTED_EDGE('',*,*,#7477,.F.);
#7477 = EDGE_CURVE('',#7478,#7470,#7480,.T.);
#7478 = VERTEX_POINT('',#7479);
#7479 = CARTESIAN_POINT('',(-61.81,-49.55,-5.3));
#7480 = LINE('',#7481,#7482);
#7481 = CARTESIAN_POINT('',(-61.81,-50.25,-5.3));
#7482 = VECTOR('',#7483,1.);
#7483 = DIRECTION('',(0.,1.,-2.2E-16));
#7484 = ORIENTED_EDGE('',*,*,#7485,.T.);
#7485 = EDGE_CURVE('',#7478,#4545,#7486,.T.);
#7486 = LINE('',#7487,#7488);
#7487 = CARTESIAN_POINT('',(-61.81,-24.9638685771,-4.569423626609));
#7488 = VECTOR('',#7489,1.);
#7489 = DIRECTION('',(0.,-0.999558802173,-2.970186859096E-02));
#7490 = ORIENTED_EDGE('',*,*,#4552,.T.);
#7491 = FACE_BOUND('',#7492,.T.);
#7492 = EDGE_LOOP('',(#7493,#7494,#7495,#7496,#7497,#7498));
#7493 = ORIENTED_EDGE('',*,*,#5726,.F.);
#7494 = ORIENTED_EDGE('',*,*,#5759,.T.);
#7495 = ORIENTED_EDGE('',*,*,#5784,.T.);
#7496 = ORIENTED_EDGE('',*,*,#5896,.T.);
#7497 = ORIENTED_EDGE('',*,*,#5928,.F.);
#7498 = ORIENTED_EDGE('',*,*,#6033,.T.);
#7499 = FACE_BOUND('',#7500,.T.);
#7500 = EDGE_LOOP('',(#7501,#7511,#7519,#7527));
#7501 = ORIENTED_EDGE('',*,*,#7502,.F.);
#7502 = EDGE_CURVE('',#7503,#7505,#7507,.T.);
#7503 = VERTEX_POINT('',#7504);
#7504 = CARTESIAN_POINT('',(-61.81,11.37,16.74));
#7505 = VERTEX_POINT('',#7506);
#7506 = CARTESIAN_POINT('',(-61.81,45.78,16.74));
#7507 = LINE('',#7508,#7509);
#7508 = CARTESIAN_POINT('',(-61.81,12.37,16.74));
#7509 = VECTOR('',#7510,1.);
#7510 = DIRECTION('',(0.,1.,0.));
#7511 = ORIENTED_EDGE('',*,*,#7512,.F.);
#7512 = EDGE_CURVE('',#7513,#7503,#7515,.T.);
#7513 = VERTEX_POINT('',#7514);
#7514 = CARTESIAN_POINT('',(-61.81,11.37,-2.06));
#7515 = LINE('',#7516,#7517);
#7516 = CARTESIAN_POINT('',(-61.81,11.37,-1.06));
#7517 = VECTOR('',#7518,1.);
#7518 = DIRECTION('',(0.,0.,1.));
#7519 = ORIENTED_EDGE('',*,*,#7520,.F.);
#7520 = EDGE_CURVE('',#7521,#7513,#7523,.T.);
#7521 = VERTEX_POINT('',#7522);
#7522 = CARTESIAN_POINT('',(-61.81,45.78,-2.06));
#7523 = LINE('',#7524,#7525);
#7524 = CARTESIAN_POINT('',(-61.81,44.78,-2.06));
#7525 = VECTOR('',#7526,1.);
#7526 = DIRECTION('',(0.,-1.,0.));
#7527 = ORIENTED_EDGE('',*,*,#7528,.F.);
#7528 = EDGE_CURVE('',#7505,#7521,#7529,.T.);
#7529 = LINE('',#7530,#7531);
#7530 = CARTESIAN_POINT('',(-61.81,45.78,15.74));
#7531 = VECTOR('',#7532,1.);
#7532 = DIRECTION('',(0.,0.,-1.));
#7533 = FACE_BOUND('',#7534,.T.);
#7534 = EDGE_LOOP('',(#7535));
#7535 = ORIENTED_EDGE('',*,*,#5426,.T.);
#7536 = FACE_BOUND('',#7537,.T.);
#7537 = EDGE_LOOP('',(#7538,#7539,#7540,#7541,#7542,#7543));
#7538 = ORIENTED_EDGE('',*,*,#4973,.F.);
#7539 = ORIENTED_EDGE('',*,*,#5006,.T.);
#7540 = ORIENTED_EDGE('',*,*,#5031,.T.);
#7541 = ORIENTED_EDGE('',*,*,#5143,.T.);
#7542 = ORIENTED_EDGE('',*,*,#5175,.F.);
#7543 = ORIENTED_EDGE('',*,*,#5280,.T.);
#7544 = FACE_BOUND('',#7545,.T.);
#7545 = EDGE_LOOP('',(#7546,#7547,#7548,#7549));
#7546 = ORIENTED_EDGE('',*,*,#4789,.F.);
#7547 = ORIENTED_EDGE('',*,*,#4820,.F.);
#7548 = ORIENTED_EDGE('',*,*,#4868,.F.);
#7549 = ORIENTED_EDGE('',*,*,#4844,.F.);
#7550 = FACE_BOUND('',#7551,.T.);
#7551 = EDGE_LOOP('',(#7552,#7562,#7570,#7578));
#7552 = ORIENTED_EDGE('',*,*,#7553,.F.);
#7553 = EDGE_CURVE('',#7554,#7556,#7558,.T.);
#7554 = VERTEX_POINT('',#7555);
#7555 = CARTESIAN_POINT('',(-61.81,-49.,17.));
#7556 = VERTEX_POINT('',#7557);
#7557 = CARTESIAN_POINT('',(-61.81,-10.,17.));
#7558 = LINE('',#7559,#7560);
#7559 = CARTESIAN_POINT('',(-61.81,-49.,17.));
#7560 = VECTOR('',#7561,1.);
#7561 = DIRECTION('',(0.,1.,0.));
#7562 = ORIENTED_EDGE('',*,*,#7563,.F.);
#7563 = EDGE_CURVE('',#7564,#7554,#7566,.T.);
#7564 = VERTEX_POINT('',#7565);
#7565 = CARTESIAN_POINT('',(-61.81,-49.,-2.));
#7566 = LINE('',#7567,#7568);
#7567 = CARTESIAN_POINT('',(-61.81,-49.,-2.));
#7568 = VECTOR('',#7569,1.);
#7569 = DIRECTION('',(0.,0.,1.));
#7570 = ORIENTED_EDGE('',*,*,#7571,.F.);
#7571 = EDGE_CURVE('',#7572,#7564,#7574,.T.);
#7572 = VERTEX_POINT('',#7573);
#7573 = CARTESIAN_POINT('',(-61.81,-10.,-2.));
#7574 = LINE('',#7575,#7576);
#7575 = CARTESIAN_POINT('',(-61.81,-10.,-2.));
#7576 = VECTOR('',#7577,1.);
#7577 = DIRECTION('',(0.,-1.,0.));
#7578 = ORIENTED_EDGE('',*,*,#7579,.F.);
#7579 = EDGE_CURVE('',#7556,#7572,#7580,.T.);
#7580 = LINE('',#7581,#7582);
#7581 = CARTESIAN_POINT('',(-61.81,-10.,17.));
#7582 = VECTOR('',#7583,1.);
#7583 = DIRECTION('',(0.,0.,-1.));
#7584 = FACE_BOUND('',#7585,.T.);
#7585 = EDGE_LOOP('',(#7586));
#7586 = ORIENTED_EDGE('',*,*,#6154,.T.);
#7587 = PLANE('',#7588);
#7588 = AXIS2_PLACEMENT_3D('',#7589,#7590,#7591);
#7589 = CARTESIAN_POINT('',(-61.81,-6.3E-16,7.706284026708));
#7590 = DIRECTION('',(-1.,-0.,-0.));
#7591 = DIRECTION('',(0.,0.,-1.));
#7592 = ADVANCED_FACE('',(#7593),#7604,.T.);
#7593 = FACE_BOUND('',#7594,.T.);
#7594 = EDGE_LOOP('',(#7595,#7601,#7602,#7603));
#7595 = ORIENTED_EDGE('',*,*,#7596,.F.);
#7596 = EDGE_CURVE('',#6547,#7478,#7597,.T.);
#7597 = LINE('',#7598,#7599);
#7598 = CARTESIAN_POINT('',(-59.89680800942,-49.88480859835,
    -5.634808598351));
#7599 = VECTOR('',#7600,1.);
#7600 = DIRECTION('',(-0.970713676233,0.169874893341,0.169874893341));
#7601 = ORIENTED_EDGE('',*,*,#6546,.T.);
#7602 = ORIENTED_EDGE('',*,*,#4544,.T.);
#7603 = ORIENTED_EDGE('',*,*,#7485,.F.);
#7604 = PLANE('',#7605);
#7605 = AXIS2_PLACEMENT_3D('',#7606,#7607,#7608);
#7606 = CARTESIAN_POINT('',(-57.81,-50.25,-6.));
#7607 = DIRECTION('',(-0.167331945545,2.928309047045E-02,-0.985465636444
    ));
#7608 = DIRECTION('',(-0.970713676233,0.169874893341,0.169874893341));
#7609 = ADVANCED_FACE('',(#7610),#7616,.T.);
#7610 = FACE_BOUND('',#7611,.T.);
#7611 = EDGE_LOOP('',(#7612,#7613,#7614,#7615));
#7612 = ORIENTED_EDGE('',*,*,#4614,.F.);
#7613 = ORIENTED_EDGE('',*,*,#4636,.T.);
#7614 = ORIENTED_EDGE('',*,*,#4669,.T.);
#7615 = ORIENTED_EDGE('',*,*,#7462,.F.);
#7616 = PLANE('',#7617);
#7617 = AXIS2_PLACEMENT_3D('',#7618,#7619,#7620);
#7618 = CARTESIAN_POINT('',(-57.81,50.25,19.31));
#7619 = DIRECTION('',(-0.167331945545,-2.928309047045E-02,0.985465636444
    ));
#7620 = DIRECTION('',(-0.970713676233,-0.169874893341,-0.169874893341));
#7621 = ADVANCED_FACE('',(#7622),#7633,.F.);
#7622 = FACE_BOUND('',#7623,.F.);
#7623 = EDGE_LOOP('',(#7624,#7630,#7631,#7632));
#7624 = ORIENTED_EDGE('',*,*,#7625,.F.);
#7625 = EDGE_CURVE('',#6555,#7470,#7626,.T.);
#7626 = LINE('',#7627,#7628);
#7627 = CARTESIAN_POINT('',(-68.18302709069,48.434720259128,
    -4.184720259128));
#7628 = VECTOR('',#7629,1.);
#7629 = DIRECTION('',(-0.970713676233,-0.169874893341,0.169874893341));
#7630 = ORIENTED_EDGE('',*,*,#6562,.T.);
#7631 = ORIENTED_EDGE('',*,*,#4685,.T.);
#7632 = ORIENTED_EDGE('',*,*,#7469,.F.);
#7633 = PLANE('',#7634);
#7634 = AXIS2_PLACEMENT_3D('',#7635,#7636,#7637);
#7635 = CARTESIAN_POINT('',(-57.81,50.25,-6.));
#7636 = DIRECTION('',(0.167331945545,2.928309047045E-02,0.985465636444)
  );
#7637 = DIRECTION('',(-0.970713676233,-0.169874893341,0.169874893341));
#7638 = ADVANCED_FACE('',(#7639),#7645,.T.);
#7639 = FACE_BOUND('',#7640,.T.);
#7640 = EDGE_LOOP('',(#7641,#7642,#7643,#7644));
#7641 = ORIENTED_EDGE('',*,*,#4924,.F.);
#7642 = ORIENTED_EDGE('',*,*,#4942,.T.);
#7643 = ORIENTED_EDGE('',*,*,#4989,.T.);
#7644 = ORIENTED_EDGE('',*,*,#4894,.F.);
#7645 = PLANE('',#7646);
#7646 = AXIS2_PLACEMENT_3D('',#7647,#7648,#7649);
#7647 = CARTESIAN_POINT('',(-60.81,0.756897448336,7.388149274187));
#7648 = DIRECTION('',(1.,0.,0.));
#7649 = DIRECTION('',(0.,0.,1.));
#7650 = ADVANCED_FACE('',(#7651),#7657,.T.);
#7651 = FACE_BOUND('',#7652,.T.);
#7652 = EDGE_LOOP('',(#7653,#7654,#7655,#7656));
#7653 = ORIENTED_EDGE('',*,*,#5085,.F.);
#7654 = ORIENTED_EDGE('',*,*,#5101,.T.);
#7655 = ORIENTED_EDGE('',*,*,#5126,.T.);
#7656 = ORIENTED_EDGE('',*,*,#5054,.F.);
#7657 = PLANE('',#7658);
#7658 = AXIS2_PLACEMENT_3D('',#7659,#7660,#7661);
#7659 = CARTESIAN_POINT('',(-60.81,0.756897448336,7.388149274187));
#7660 = DIRECTION('',(1.,0.,0.));
#7661 = DIRECTION('',(0.,0.,1.));
#7662 = ADVANCED_FACE('',(#7663),#7669,.T.);
#7663 = FACE_BOUND('',#7664,.T.);
#7664 = EDGE_LOOP('',(#7665,#7666,#7667,#7668));
#7665 = ORIENTED_EDGE('',*,*,#5245,.F.);
#7666 = ORIENTED_EDGE('',*,*,#5263,.T.);
#7667 = ORIENTED_EDGE('',*,*,#5191,.T.);
#7668 = ORIENTED_EDGE('',*,*,#5222,.F.);
#7669 = PLANE('',#7670);
#7670 = AXIS2_PLACEMENT_3D('',#7671,#7672,#7673);
#7671 = CARTESIAN_POINT('',(-60.81,0.756897448336,7.388149274187));
#7672 = DIRECTION('',(1.,0.,0.));
#7673 = DIRECTION('',(0.,0.,1.));
#7674 = ADVANCED_FACE('',(#7675),#7681,.T.);
#7675 = FACE_BOUND('',#7676,.T.);
#7676 = EDGE_LOOP('',(#7677,#7678,#7679,#7680));
#7677 = ORIENTED_EDGE('',*,*,#5573,.F.);
#7678 = ORIENTED_EDGE('',*,*,#5304,.T.);
#7679 = ORIENTED_EDGE('',*,*,#5329,.T.);
#7680 = ORIENTED_EDGE('',*,*,#5385,.F.);
#7681 = PLANE('',#7682);
#7682 = AXIS2_PLACEMENT_3D('',#7683,#7684,#7685);
#7683 = CARTESIAN_POINT('',(-60.81,0.756897448336,7.388149274187));
#7684 = DIRECTION('',(1.,0.,0.));
#7685 = DIRECTION('',(0.,0.,1.));
#7686 = ADVANCED_FACE('',(#7687),#7693,.T.);
#7687 = FACE_BOUND('',#7688,.T.);
#7688 = EDGE_LOOP('',(#7689,#7690,#7691,#7692));
#7689 = ORIENTED_EDGE('',*,*,#5538,.F.);
#7690 = ORIENTED_EDGE('',*,*,#5556,.T.);
#7691 = ORIENTED_EDGE('',*,*,#5409,.F.);
#7692 = ORIENTED_EDGE('',*,*,#5515,.F.);
#7693 = PLANE('',#7694);
#7694 = AXIS2_PLACEMENT_3D('',#7695,#7696,#7697);
#7695 = CARTESIAN_POINT('',(-60.81,0.756897448336,7.388149274187));
#7696 = DIRECTION('',(1.,0.,0.));
#7697 = DIRECTION('',(0.,0.,1.));
#7698 = ADVANCED_FACE('',(#7699),#7705,.T.);
#7699 = FACE_BOUND('',#7700,.T.);
#7700 = EDGE_LOOP('',(#7701,#7702,#7703,#7704));
#7701 = ORIENTED_EDGE('',*,*,#5450,.F.);
#7702 = ORIENTED_EDGE('',*,*,#5466,.T.);
#7703 = ORIENTED_EDGE('',*,*,#5491,.T.);
#7704 = ORIENTED_EDGE('',*,*,#5368,.F.);
#7705 = PLANE('',#7706);
#7706 = AXIS2_PLACEMENT_3D('',#7707,#7708,#7709);
#7707 = CARTESIAN_POINT('',(-60.81,0.756897448336,7.388149274187));
#7708 = DIRECTION('',(1.,0.,0.));
#7709 = DIRECTION('',(0.,0.,1.));
#7710 = ADVANCED_FACE('',(#7711,#7714),#7725,.T.);
#7711 = FACE_BOUND('',#7712,.T.);
#7712 = EDGE_LOOP('',(#7713));
#7713 = ORIENTED_EDGE('',*,*,#5596,.T.);
#7714 = FACE_BOUND('',#7715,.F.);
#7715 = EDGE_LOOP('',(#7716));
#7716 = ORIENTED_EDGE('',*,*,#7717,.T.);
#7717 = EDGE_CURVE('',#7718,#7718,#7720,.T.);
#7718 = VERTEX_POINT('',#7719);
#7719 = CARTESIAN_POINT('',(-57.27,-6.17,8.E-02));
#7720 = CIRCLE('',#7721,0.9);
#7721 = AXIS2_PLACEMENT_3D('',#7722,#7723,#7724);
#7722 = CARTESIAN_POINT('',(-57.27,-7.07,8.E-02));
#7723 = DIRECTION('',(1.,0.,0.));
#7724 = DIRECTION('',(0.,1.,0.));
#7725 = PLANE('',#7726);
#7726 = AXIS2_PLACEMENT_3D('',#7727,#7728,#7729);
#7727 = CARTESIAN_POINT('',(-57.27,0.81,7.485));
#7728 = DIRECTION('',(1.,0.,0.));
#7729 = DIRECTION('',(0.,0.,1.));
#7730 = ADVANCED_FACE('',(#7731,#7734),#7745,.T.);
#7731 = FACE_BOUND('',#7732,.T.);
#7732 = EDGE_LOOP('',(#7733));
#7733 = ORIENTED_EDGE('',*,*,#5621,.T.);
#7734 = FACE_BOUND('',#7735,.F.);
#7735 = EDGE_LOOP('',(#7736));
#7736 = ORIENTED_EDGE('',*,*,#7737,.T.);
#7737 = EDGE_CURVE('',#7738,#7738,#7740,.T.);
#7738 = VERTEX_POINT('',#7739);
#7739 = CARTESIAN_POINT('',(-57.27,9.59,14.89));
#7740 = CIRCLE('',#7741,0.9);
#7741 = AXIS2_PLACEMENT_3D('',#7742,#7743,#7744);
#7742 = CARTESIAN_POINT('',(-57.27,8.69,14.89));
#7743 = DIRECTION('',(1.,0.,0.));
#7744 = DIRECTION('',(0.,1.,0.));
#7745 = PLANE('',#7746);
#7746 = AXIS2_PLACEMENT_3D('',#7747,#7748,#7749);
#7747 = CARTESIAN_POINT('',(-57.27,0.81,7.485));
#7748 = DIRECTION('',(1.,0.,0.));
#7749 = DIRECTION('',(0.,0.,1.));
#7750 = ADVANCED_FACE('',(#7751),#7757,.T.);
#7751 = FACE_BOUND('',#7752,.T.);
#7752 = EDGE_LOOP('',(#7753,#7754,#7755,#7756));
#7753 = ORIENTED_EDGE('',*,*,#5647,.F.);
#7754 = ORIENTED_EDGE('',*,*,#5670,.T.);
#7755 = ORIENTED_EDGE('',*,*,#5695,.T.);
#7756 = ORIENTED_EDGE('',*,*,#5742,.T.);
#7757 = PLANE('',#7758);
#7758 = AXIS2_PLACEMENT_3D('',#7759,#7760,#7761);
#7759 = CARTESIAN_POINT('',(-60.81,0.756897448336,7.388149274187));
#7760 = DIRECTION('',(1.,0.,0.));
#7761 = DIRECTION('',(0.,0.,1.));
#7762 = ADVANCED_FACE('',(#7763),#7769,.T.);
#7763 = FACE_BOUND('',#7764,.T.);
#7764 = EDGE_LOOP('',(#7765,#7766,#7767,#7768));
#7765 = ORIENTED_EDGE('',*,*,#5838,.F.);
#7766 = ORIENTED_EDGE('',*,*,#5854,.T.);
#7767 = ORIENTED_EDGE('',*,*,#5879,.T.);
#7768 = ORIENTED_EDGE('',*,*,#5807,.F.);
#7769 = PLANE('',#7770);
#7770 = AXIS2_PLACEMENT_3D('',#7771,#7772,#7773);
#7771 = CARTESIAN_POINT('',(-60.81,0.756897448336,7.388149274187));
#7772 = DIRECTION('',(1.,0.,0.));
#7773 = DIRECTION('',(0.,0.,1.));
#7774 = ADVANCED_FACE('',(#7775),#7781,.T.);
#7775 = FACE_BOUND('',#7776,.T.);
#7776 = EDGE_LOOP('',(#7777,#7778,#7779,#7780));
#7777 = ORIENTED_EDGE('',*,*,#5998,.F.);
#7778 = ORIENTED_EDGE('',*,*,#6016,.T.);
#7779 = ORIENTED_EDGE('',*,*,#5944,.T.);
#7780 = ORIENTED_EDGE('',*,*,#5975,.F.);
#7781 = PLANE('',#7782);
#7782 = AXIS2_PLACEMENT_3D('',#7783,#7784,#7785);
#7783 = CARTESIAN_POINT('',(-60.81,0.756897448336,7.388149274187));
#7784 = DIRECTION('',(1.,0.,0.));
#7785 = DIRECTION('',(0.,0.,1.));
#7786 = ADVANCED_FACE('',(#7787),#7793,.T.);
#7787 = FACE_BOUND('',#7788,.T.);
#7788 = EDGE_LOOP('',(#7789,#7790,#7791,#7792));
#7789 = ORIENTED_EDGE('',*,*,#6058,.F.);
#7790 = ORIENTED_EDGE('',*,*,#6081,.T.);
#7791 = ORIENTED_EDGE('',*,*,#6106,.T.);
#7792 = ORIENTED_EDGE('',*,*,#6179,.F.);
#7793 = PLANE('',#7794);
#7794 = AXIS2_PLACEMENT_3D('',#7795,#7796,#7797);
#7795 = CARTESIAN_POINT('',(-60.81,0.756897448336,7.388149274187));
#7796 = DIRECTION('',(1.,0.,0.));
#7797 = DIRECTION('',(0.,0.,1.));
#7798 = ADVANCED_FACE('',(#7799),#7805,.T.);
#7799 = FACE_BOUND('',#7800,.T.);
#7800 = EDGE_LOOP('',(#7801,#7802,#7803,#7804));
#7801 = ORIENTED_EDGE('',*,*,#6316,.F.);
#7802 = ORIENTED_EDGE('',*,*,#6334,.T.);
#7803 = ORIENTED_EDGE('',*,*,#6196,.F.);
#7804 = ORIENTED_EDGE('',*,*,#6293,.F.);
#7805 = PLANE('',#7806);
#7806 = AXIS2_PLACEMENT_3D('',#7807,#7808,#7809);
#7807 = CARTESIAN_POINT('',(-60.81,0.756897448336,7.388149274187));
#7808 = DIRECTION('',(1.,0.,0.));
#7809 = DIRECTION('',(0.,0.,1.));
#7810 = ADVANCED_FACE('',(#7811),#7818,.T.);
#7811 = FACE_BOUND('',#7812,.T.);
#7812 = EDGE_LOOP('',(#7813,#7814,#7815,#7816,#7817));
#7813 = ORIENTED_EDGE('',*,*,#6251,.F.);
#7814 = ORIENTED_EDGE('',*,*,#6269,.T.);
#7815 = ORIENTED_EDGE('',*,*,#6137,.F.);
#7816 = ORIENTED_EDGE('',*,*,#6162,.F.);
#7817 = ORIENTED_EDGE('',*,*,#6228,.F.);
#7818 = PLANE('',#7819);
#7819 = AXIS2_PLACEMENT_3D('',#7820,#7821,#7822);
#7820 = CARTESIAN_POINT('',(-60.81,0.756897448336,7.388149274187));
#7821 = DIRECTION('',(1.,0.,0.));
#7822 = DIRECTION('',(0.,0.,1.));
#7823 = ADVANCED_FACE('',(#7824,#7858),#7864,.T.);
#7824 = FACE_BOUND('',#7825,.T.);
#7825 = EDGE_LOOP('',(#7826,#7836,#7844,#7852));
#7826 = ORIENTED_EDGE('',*,*,#7827,.T.);
#7827 = EDGE_CURVE('',#7828,#7830,#7832,.T.);
#7828 = VERTEX_POINT('',#7829);
#7829 = CARTESIAN_POINT('',(-60.81,-10.,17.));
#7830 = VERTEX_POINT('',#7831);
#7831 = CARTESIAN_POINT('',(-60.81,-10.,-2.));
#7832 = LINE('',#7833,#7834);
#7833 = CARTESIAN_POINT('',(-60.81,-10.,17.));
#7834 = VECTOR('',#7835,1.);
#7835 = DIRECTION('',(0.,0.,-1.));
#7836 = ORIENTED_EDGE('',*,*,#7837,.T.);
#7837 = EDGE_CURVE('',#7830,#7838,#7840,.T.);
#7838 = VERTEX_POINT('',#7839);
#7839 = CARTESIAN_POINT('',(-60.81,-49.,-2.));
#7840 = LINE('',#7841,#7842);
#7841 = CARTESIAN_POINT('',(-60.81,-10.,-2.));
#7842 = VECTOR('',#7843,1.);
#7843 = DIRECTION('',(0.,-1.,0.));
#7844 = ORIENTED_EDGE('',*,*,#7845,.T.);
#7845 = EDGE_CURVE('',#7838,#7846,#7848,.T.);
#7846 = VERTEX_POINT('',#7847);
#7847 = CARTESIAN_POINT('',(-60.81,-49.,17.));
#7848 = LINE('',#7849,#7850);
#7849 = CARTESIAN_POINT('',(-60.81,-49.,-2.));
#7850 = VECTOR('',#7851,1.);
#7851 = DIRECTION('',(0.,0.,1.));
#7852 = ORIENTED_EDGE('',*,*,#7853,.T.);
#7853 = EDGE_CURVE('',#7846,#7828,#7854,.T.);
#7854 = LINE('',#7855,#7856);
#7855 = CARTESIAN_POINT('',(-60.81,-49.,17.));
#7856 = VECTOR('',#7857,1.);
#7857 = DIRECTION('',(0.,1.,0.));
#7858 = FACE_BOUND('',#7859,.T.);
#7859 = EDGE_LOOP('',(#7860,#7861,#7862,#7863));
#7860 = ORIENTED_EDGE('',*,*,#6390,.F.);
#7861 = ORIENTED_EDGE('',*,*,#6366,.T.);
#7862 = ORIENTED_EDGE('',*,*,#6406,.F.);
#7863 = ORIENTED_EDGE('',*,*,#6430,.F.);
#7864 = PLANE('',#7865);
#7865 = AXIS2_PLACEMENT_3D('',#7866,#7867,#7868);
#7866 = CARTESIAN_POINT('',(-60.81,-29.5,7.5));
#7867 = DIRECTION('',(-1.,-0.,-0.));
#7868 = DIRECTION('',(0.,0.,-1.));
#7869 = ADVANCED_FACE('',(#7870),#7876,.F.);
#7870 = FACE_BOUND('',#7871,.F.);
#7871 = EDGE_LOOP('',(#7872,#7873,#7874,#7875));
#7872 = ORIENTED_EDGE('',*,*,#7596,.F.);
#7873 = ORIENTED_EDGE('',*,*,#6554,.T.);
#7874 = ORIENTED_EDGE('',*,*,#7625,.T.);
#7875 = ORIENTED_EDGE('',*,*,#7477,.F.);
#7876 = PLANE('',#7877);
#7877 = AXIS2_PLACEMENT_3D('',#7878,#7879,#7880);
#7878 = CARTESIAN_POINT('',(-57.81,-50.25,-6.));
#7879 = DIRECTION('',(0.172380331752,2.2E-16,0.985030467156));
#7880 = DIRECTION('',(-0.985030467156,4.E-17,0.172380331752));
#7881 = ADVANCED_FACE('',(#7882),#7892,.F.);
#7882 = FACE_BOUND('',#7883,.T.);
#7883 = EDGE_LOOP('',(#7884,#7885,#7890,#7891));
#7884 = ORIENTED_EDGE('',*,*,#6586,.T.);
#7885 = ORIENTED_EDGE('',*,*,#7886,.F.);
#7886 = EDGE_CURVE('',#6978,#6587,#7887,.T.);
#7887 = B_SPLINE_CURVE_WITH_KNOTS('',1,(#7888,#7889),.UNSPECIFIED.,.F.,
  .F.,(2,2),(-2.5,0.5),.PIECEWISE_BEZIER_KNOTS.);
#7888 = CARTESIAN_POINT('',(44.565,47.000000000049,-3.));
#7889 = CARTESIAN_POINT('',(44.565,47.000000000049,-6.));
#7890 = ORIENTED_EDGE('',*,*,#6977,.T.);
#7891 = ORIENTED_EDGE('',*,*,#7886,.T.);
#7892 = CYLINDRICAL_SURFACE('',#7893,1.375);
#7893 = AXIS2_PLACEMENT_3D('',#7894,#7895,#7896);
#7894 = CARTESIAN_POINT('',(43.19,47.000000000049,-5.5));
#7895 = DIRECTION('',(-0.,-0.,-1.));
#7896 = DIRECTION('',(1.,0.,0.));
#7897 = ADVANCED_FACE('',(#7898),#7908,.F.);
#7898 = FACE_BOUND('',#7899,.T.);
#7899 = EDGE_LOOP('',(#7900,#7901,#7906,#7907));
#7900 = ORIENTED_EDGE('',*,*,#6597,.T.);
#7901 = ORIENTED_EDGE('',*,*,#7902,.F.);
#7902 = EDGE_CURVE('',#6819,#6598,#7903,.T.);
#7903 = B_SPLINE_CURVE_WITH_KNOTS('',1,(#7904,#7905),.UNSPECIFIED.,.F.,
  .F.,(2,2),(-2.5,0.5),.PIECEWISE_BEZIER_KNOTS.);
#7904 = CARTESIAN_POINT('',(-25.435,47.,-3.));
#7905 = CARTESIAN_POINT('',(-25.435,47.,-6.));
#7906 = ORIENTED_EDGE('',*,*,#6818,.T.);
#7907 = ORIENTED_EDGE('',*,*,#7902,.T.);
#7908 = CYLINDRICAL_SURFACE('',#7909,1.375);
#7909 = AXIS2_PLACEMENT_3D('',#7910,#7911,#7912);
#7910 = CARTESIAN_POINT('',(-26.81,47.,-5.5));
#7911 = DIRECTION('',(-0.,-0.,-1.));
#7912 = DIRECTION('',(1.,0.,0.));
#7913 = ADVANCED_FACE('',(#7914),#7939,.F.);
#7914 = FACE_BOUND('',#7915,.F.);
#7915 = EDGE_LOOP('',(#7916,#7924,#7932,#7938));
#7916 = ORIENTED_EDGE('',*,*,#7917,.F.);
#7917 = EDGE_CURVE('',#7918,#7084,#7920,.T.);
#7918 = VERTEX_POINT('',#7919);
#7919 = CARTESIAN_POINT('',(-60.81,12.37,15.74));
#7920 = LINE('',#7921,#7922);
#7921 = CARTESIAN_POINT('',(-61.81,12.37,15.74));
#7922 = VECTOR('',#7923,1.);
#7923 = DIRECTION('',(1.,0.,0.));
#7924 = ORIENTED_EDGE('',*,*,#7925,.F.);
#7925 = EDGE_CURVE('',#7926,#7918,#7928,.T.);
#7926 = VERTEX_POINT('',#7927);
#7927 = CARTESIAN_POINT('',(-60.81,12.37,-1.06));
#7928 = LINE('',#7929,#7930);
#7929 = CARTESIAN_POINT('',(-60.81,12.37,-1.06));
#7930 = VECTOR('',#7931,1.);
#7931 = DIRECTION('',(0.,0.,1.));
#7932 = ORIENTED_EDGE('',*,*,#7933,.T.);
#7933 = EDGE_CURVE('',#7926,#7082,#7934,.T.);
#7934 = LINE('',#7935,#7936);
#7935 = CARTESIAN_POINT('',(-61.81,12.37,-1.06));
#7936 = VECTOR('',#7937,1.);
#7937 = DIRECTION('',(1.,0.,0.));
#7938 = ORIENTED_EDGE('',*,*,#7081,.T.);
#7939 = PLANE('',#7940);
#7940 = AXIS2_PLACEMENT_3D('',#7941,#7942,#7943);
#7941 = CARTESIAN_POINT('',(-61.81,12.37,-1.06));
#7942 = DIRECTION('',(0.,-1.,0.));
#7943 = DIRECTION('',(0.,0.,1.));
#7944 = ADVANCED_FACE('',(#7945),#7963,.F.);
#7945 = FACE_BOUND('',#7946,.F.);
#7946 = EDGE_LOOP('',(#7947,#7948,#7956,#7962));
#7947 = ORIENTED_EDGE('',*,*,#7933,.F.);
#7948 = ORIENTED_EDGE('',*,*,#7949,.F.);
#7949 = EDGE_CURVE('',#7950,#7926,#7952,.T.);
#7950 = VERTEX_POINT('',#7951);
#7951 = CARTESIAN_POINT('',(-60.81,44.78,-1.06));
#7952 = LINE('',#7953,#7954);
#7953 = CARTESIAN_POINT('',(-60.81,44.78,-1.06));
#7954 = VECTOR('',#7955,1.);
#7955 = DIRECTION('',(0.,-1.,0.));
#7956 = ORIENTED_EDGE('',*,*,#7957,.T.);
#7957 = EDGE_CURVE('',#7950,#7100,#7958,.T.);
#7958 = LINE('',#7959,#7960);
#7959 = CARTESIAN_POINT('',(-61.81,44.78,-1.06));
#7960 = VECTOR('',#7961,1.);
#7961 = DIRECTION('',(1.,0.,0.));
#7962 = ORIENTED_EDGE('',*,*,#7107,.T.);
#7963 = PLANE('',#7964);
#7964 = AXIS2_PLACEMENT_3D('',#7965,#7966,#7967);
#7965 = CARTESIAN_POINT('',(-61.81,44.78,-1.06));
#7966 = DIRECTION('',(0.,0.,-1.));
#7967 = DIRECTION('',(0.,-1.,0.));
#7968 = ADVANCED_FACE('',(#7969),#7987,.F.);
#7969 = FACE_BOUND('',#7970,.F.);
#7970 = EDGE_LOOP('',(#7971,#7979,#7985,#7986));
#7971 = ORIENTED_EDGE('',*,*,#7972,.F.);
#7972 = EDGE_CURVE('',#7973,#7092,#7975,.T.);
#7973 = VERTEX_POINT('',#7974);
#7974 = CARTESIAN_POINT('',(-60.81,44.78,15.74));
#7975 = LINE('',#7976,#7977);
#7976 = CARTESIAN_POINT('',(-61.81,44.78,15.74));
#7977 = VECTOR('',#7978,1.);
#7978 = DIRECTION('',(1.,0.,0.));
#7979 = ORIENTED_EDGE('',*,*,#7980,.F.);
#7980 = EDGE_CURVE('',#7918,#7973,#7981,.T.);
#7981 = LINE('',#7982,#7983);
#7982 = CARTESIAN_POINT('',(-60.81,12.37,15.74));
#7983 = VECTOR('',#7984,1.);
#7984 = DIRECTION('',(0.,1.,0.));
#7985 = ORIENTED_EDGE('',*,*,#7917,.T.);
#7986 = ORIENTED_EDGE('',*,*,#7091,.T.);
#7987 = PLANE('',#7988);
#7988 = AXIS2_PLACEMENT_3D('',#7989,#7990,#7991);
#7989 = CARTESIAN_POINT('',(-61.81,12.37,15.74));
#7990 = DIRECTION('',(0.,0.,1.));
#7991 = DIRECTION('',(0.,1.,0.));
#7992 = ADVANCED_FACE('',(#7993),#8004,.F.);
#7993 = FACE_BOUND('',#7994,.F.);
#7994 = EDGE_LOOP('',(#7995,#7996,#8002,#8003));
#7995 = ORIENTED_EDGE('',*,*,#7957,.F.);
#7996 = ORIENTED_EDGE('',*,*,#7997,.F.);
#7997 = EDGE_CURVE('',#7973,#7950,#7998,.T.);
#7998 = LINE('',#7999,#8000);
#7999 = CARTESIAN_POINT('',(-60.81,44.78,15.74));
#8000 = VECTOR('',#8001,1.);
#8001 = DIRECTION('',(0.,0.,-1.));
#8002 = ORIENTED_EDGE('',*,*,#7972,.T.);
#8003 = ORIENTED_EDGE('',*,*,#7099,.T.);
#8004 = PLANE('',#8005);
#8005 = AXIS2_PLACEMENT_3D('',#8006,#8007,#8008);
#8006 = CARTESIAN_POINT('',(-61.81,44.78,15.74));
#8007 = DIRECTION('',(0.,1.,0.));
#8008 = DIRECTION('',(0.,0.,-1.));
#8009 = ADVANCED_FACE('',(#8010),#8029,.F.);
#8010 = FACE_BOUND('',#8011,.T.);
#8011 = EDGE_LOOP('',(#8012,#8021,#8027,#8028));
#8012 = ORIENTED_EDGE('',*,*,#8013,.F.);
#8013 = EDGE_CURVE('',#8014,#8014,#8016,.T.);
#8014 = VERTEX_POINT('',#8015);
#8015 = CARTESIAN_POINT('',(-37.8526,-33.1274,-4.));
#8016 = CIRCLE('',#8017,1.22);
#8017 = AXIS2_PLACEMENT_3D('',#8018,#8019,#8020);
#8018 = CARTESIAN_POINT('',(-39.0726,-33.1274,-4.));
#8019 = DIRECTION('',(0.,0.,1.));
#8020 = DIRECTION('',(1.,0.,0.));
#8021 = ORIENTED_EDGE('',*,*,#8022,.T.);
#8022 = EDGE_CURVE('',#8014,#7275,#8023,.T.);
#8023 = LINE('',#8024,#8025);
#8024 = CARTESIAN_POINT('',(-37.8526,-33.1274,-4.));
#8025 = VECTOR('',#8026,1.);
#8026 = DIRECTION('',(0.,0.,1.));
#8027 = ORIENTED_EDGE('',*,*,#7274,.T.);
#8028 = ORIENTED_EDGE('',*,*,#8022,.F.);
#8029 = CYLINDRICAL_SURFACE('',#8030,1.22);
#8030 = AXIS2_PLACEMENT_3D('',#8031,#8032,#8033);
#8031 = CARTESIAN_POINT('',(-39.0726,-33.1274,-4.));
#8032 = DIRECTION('',(-0.,-0.,-1.));
#8033 = DIRECTION('',(1.,0.,0.));
#8034 = ADVANCED_FACE('',(#8035),#8054,.F.);
#8035 = FACE_BOUND('',#8036,.T.);
#8036 = EDGE_LOOP('',(#8037,#8045,#8052,#8053));
#8037 = ORIENTED_EDGE('',*,*,#8038,.F.);
#8038 = EDGE_CURVE('',#8039,#7303,#8041,.T.);
#8039 = VERTEX_POINT('',#8040);
#8040 = CARTESIAN_POINT('',(12.1496,-40.8524,-4.));
#8041 = LINE('',#8042,#8043);
#8042 = CARTESIAN_POINT('',(12.1496,-40.8524,-4.));
#8043 = VECTOR('',#8044,1.);
#8044 = DIRECTION('',(0.,0.,1.));
#8045 = ORIENTED_EDGE('',*,*,#8046,.F.);
#8046 = EDGE_CURVE('',#8039,#8039,#8047,.T.);
#8047 = CIRCLE('',#8048,1.22);
#8048 = AXIS2_PLACEMENT_3D('',#8049,#8050,#8051);
#8049 = CARTESIAN_POINT('',(10.9296,-40.8524,-4.));
#8050 = DIRECTION('',(0.,0.,1.));
#8051 = DIRECTION('',(1.,0.,0.));
#8052 = ORIENTED_EDGE('',*,*,#8038,.T.);
#8053 = ORIENTED_EDGE('',*,*,#7302,.F.);
#8054 = CYLINDRICAL_SURFACE('',#8055,1.22);
#8055 = AXIS2_PLACEMENT_3D('',#8056,#8057,#8058);
#8056 = CARTESIAN_POINT('',(10.9296,-40.8524,-4.));
#8057 = DIRECTION('',(-0.,-0.,-1.));
#8058 = DIRECTION('',(1.,0.,0.));
#8059 = ADVANCED_FACE('',(#8060),#8079,.F.);
#8060 = FACE_BOUND('',#8061,.T.);
#8061 = EDGE_LOOP('',(#8062,#8070,#8077,#8078));
#8062 = ORIENTED_EDGE('',*,*,#8063,.F.);
#8063 = EDGE_CURVE('',#8064,#7314,#8066,.T.);
#8064 = VERTEX_POINT('',#8065);
#8065 = CARTESIAN_POINT('',(6.21,-40.81,-4.));
#8066 = LINE('',#8067,#8068);
#8067 = CARTESIAN_POINT('',(6.21,-40.81,-4.));
#8068 = VECTOR('',#8069,1.);
#8069 = DIRECTION('',(0.,0.,1.));
#8070 = ORIENTED_EDGE('',*,*,#8071,.F.);
#8071 = EDGE_CURVE('',#8064,#8064,#8072,.T.);
#8072 = CIRCLE('',#8073,1.22);
#8073 = AXIS2_PLACEMENT_3D('',#8074,#8075,#8076);
#8074 = CARTESIAN_POINT('',(4.99,-40.81,-4.));
#8075 = DIRECTION('',(0.,0.,1.));
#8076 = DIRECTION('',(1.,0.,0.));
#8077 = ORIENTED_EDGE('',*,*,#8063,.T.);
#8078 = ORIENTED_EDGE('',*,*,#7313,.F.);
#8079 = CYLINDRICAL_SURFACE('',#8080,1.22);
#8080 = AXIS2_PLACEMENT_3D('',#8081,#8082,#8083);
#8081 = CARTESIAN_POINT('',(4.99,-40.81,-4.));
#8082 = DIRECTION('',(-0.,-0.,-1.));
#8083 = DIRECTION('',(1.,0.,0.));
#8084 = ADVANCED_FACE('',(#8085),#8104,.F.);
#8085 = FACE_BOUND('',#8086,.T.);
#8086 = EDGE_LOOP('',(#8087,#8095,#8096,#8097));
#8087 = ORIENTED_EDGE('',*,*,#8088,.F.);
#8088 = EDGE_CURVE('',#7336,#8089,#8091,.T.);
#8089 = VERTEX_POINT('',#8090);
#8090 = CARTESIAN_POINT('',(40.385,-33.1274,-4.));
#8091 = LINE('',#8092,#8093);
#8092 = CARTESIAN_POINT('',(40.385,-33.1274,0.));
#8093 = VECTOR('',#8094,1.);
#8094 = DIRECTION('',(0.,0.,-1.));
#8095 = ORIENTED_EDGE('',*,*,#7335,.F.);
#8096 = ORIENTED_EDGE('',*,*,#8088,.T.);
#8097 = ORIENTED_EDGE('',*,*,#8098,.F.);
#8098 = EDGE_CURVE('',#8089,#8089,#8099,.T.);
#8099 = CIRCLE('',#8100,1.22);
#8100 = AXIS2_PLACEMENT_3D('',#8101,#8102,#8103);
#8101 = CARTESIAN_POINT('',(39.165,-33.1274,-4.));
#8102 = DIRECTION('',(0.,0.,1.));
#8103 = DIRECTION('',(1.,0.,0.));
#8104 = CYLINDRICAL_SURFACE('',#8105,1.22);
#8105 = AXIS2_PLACEMENT_3D('',#8106,#8107,#8108);
#8106 = CARTESIAN_POINT('',(39.165,-33.1274,0.));
#8107 = DIRECTION('',(0.,0.,1.));
#8108 = DIRECTION('',(1.,0.,0.));
#8109 = ADVANCED_FACE('',(#8110),#8129,.F.);
#8110 = FACE_BOUND('',#8111,.T.);
#8111 = EDGE_LOOP('',(#8112,#8120,#8127,#8128));
#8112 = ORIENTED_EDGE('',*,*,#8113,.F.);
#8113 = EDGE_CURVE('',#8114,#7359,#8116,.T.);
#8114 = VERTEX_POINT('',#8115);
#8115 = CARTESIAN_POINT('',(33.1808,-0.5172,-4.));
#8116 = LINE('',#8117,#8118);
#8117 = CARTESIAN_POINT('',(33.1808,-0.5172,-4.));
#8118 = VECTOR('',#8119,1.);
#8119 = DIRECTION('',(0.,0.,1.));
#8120 = ORIENTED_EDGE('',*,*,#8121,.F.);
#8121 = EDGE_CURVE('',#8114,#8114,#8122,.T.);
#8122 = CIRCLE('',#8123,1.22);
#8123 = AXIS2_PLACEMENT_3D('',#8124,#8125,#8126);
#8124 = CARTESIAN_POINT('',(31.9608,-0.5172,-4.));
#8125 = DIRECTION('',(0.,0.,1.));
#8126 = DIRECTION('',(1.,0.,0.));
#8127 = ORIENTED_EDGE('',*,*,#8113,.T.);
#8128 = ORIENTED_EDGE('',*,*,#7358,.F.);
#8129 = CYLINDRICAL_SURFACE('',#8130,1.22);
#8130 = AXIS2_PLACEMENT_3D('',#8131,#8132,#8133);
#8131 = CARTESIAN_POINT('',(31.9608,-0.5172,-4.));
#8132 = DIRECTION('',(-0.,-0.,-1.));
#8133 = DIRECTION('',(1.,0.,0.));
#8134 = ADVANCED_FACE('',(#8135),#8154,.F.);
#8135 = FACE_BOUND('',#8136,.T.);
#8136 = EDGE_LOOP('',(#8137,#8145,#8152,#8153));
#8137 = ORIENTED_EDGE('',*,*,#8138,.F.);
#8138 = EDGE_CURVE('',#8139,#7381,#8141,.T.);
#8139 = VERTEX_POINT('',#8140);
#8140 = CARTESIAN_POINT('',(6.21,26.51,-4.));
#8141 = LINE('',#8142,#8143);
#8142 = CARTESIAN_POINT('',(6.21,26.51,-4.));
#8143 = VECTOR('',#8144,1.);
#8144 = DIRECTION('',(0.,0.,1.));
#8145 = ORIENTED_EDGE('',*,*,#8146,.F.);
#8146 = EDGE_CURVE('',#8139,#8139,#8147,.T.);
#8147 = CIRCLE('',#8148,1.22);
#8148 = AXIS2_PLACEMENT_3D('',#8149,#8150,#8151);
#8149 = CARTESIAN_POINT('',(4.99,26.51,-4.));
#8150 = DIRECTION('',(0.,0.,1.));
#8151 = DIRECTION('',(1.,0.,0.));
#8152 = ORIENTED_EDGE('',*,*,#8138,.T.);
#8153 = ORIENTED_EDGE('',*,*,#7380,.F.);
#8154 = CYLINDRICAL_SURFACE('',#8155,1.22);
#8155 = AXIS2_PLACEMENT_3D('',#8156,#8157,#8158);
#8156 = CARTESIAN_POINT('',(4.99,26.51,-4.));
#8157 = DIRECTION('',(-0.,-0.,-1.));
#8158 = DIRECTION('',(1.,0.,0.));
#8159 = ADVANCED_FACE('',(#8160),#8179,.F.);
#8160 = FACE_BOUND('',#8161,.T.);
#8161 = EDGE_LOOP('',(#8162,#8170,#8177,#8178));
#8162 = ORIENTED_EDGE('',*,*,#8163,.F.);
#8163 = EDGE_CURVE('',#8164,#7405,#8166,.T.);
#8164 = VERTEX_POINT('',#8165);
#8165 = CARTESIAN_POINT('',(20.2268,32.0964,-4.));
#8166 = LINE('',#8167,#8168);
#8167 = CARTESIAN_POINT('',(20.2268,32.0964,-4.));
#8168 = VECTOR('',#8169,1.);
#8169 = DIRECTION('',(0.,0.,1.));
#8170 = ORIENTED_EDGE('',*,*,#8171,.F.);
#8171 = EDGE_CURVE('',#8164,#8164,#8172,.T.);
#8172 = CIRCLE('',#8173,1.22);
#8173 = AXIS2_PLACEMENT_3D('',#8174,#8175,#8176);
#8174 = CARTESIAN_POINT('',(19.0068,32.0964,-4.));
#8175 = DIRECTION('',(0.,0.,1.));
#8176 = DIRECTION('',(1.,0.,0.));
#8177 = ORIENTED_EDGE('',*,*,#8163,.T.);
#8178 = ORIENTED_EDGE('',*,*,#7404,.F.);
#8179 = CYLINDRICAL_SURFACE('',#8180,1.22);
#8180 = AXIS2_PLACEMENT_3D('',#8181,#8182,#8183);
#8181 = CARTESIAN_POINT('',(19.0068,32.0964,-4.));
#8182 = DIRECTION('',(-0.,-0.,-1.));
#8183 = DIRECTION('',(1.,0.,0.));
#8184 = ADVANCED_FACE('',(#8185),#8204,.F.);
#8185 = FACE_BOUND('',#8186,.T.);
#8186 = EDGE_LOOP('',(#8187,#8195,#8196,#8197));
#8187 = ORIENTED_EDGE('',*,*,#8188,.F.);
#8188 = EDGE_CURVE('',#7427,#8189,#8191,.T.);
#8189 = VERTEX_POINT('',#8190);
#8190 = CARTESIAN_POINT('',(40.385,31.5156,-4.));
#8191 = LINE('',#8192,#8193);
#8192 = CARTESIAN_POINT('',(40.385,31.5156,0.));
#8193 = VECTOR('',#8194,1.);
#8194 = DIRECTION('',(0.,0.,-1.));
#8195 = ORIENTED_EDGE('',*,*,#7426,.F.);
#8196 = ORIENTED_EDGE('',*,*,#8188,.T.);
#8197 = ORIENTED_EDGE('',*,*,#8198,.F.);
#8198 = EDGE_CURVE('',#8189,#8189,#8199,.T.);
#8199 = CIRCLE('',#8200,1.22);
#8200 = AXIS2_PLACEMENT_3D('',#8201,#8202,#8203);
#8201 = CARTESIAN_POINT('',(39.165,31.5156,-4.));
#8202 = DIRECTION('',(0.,0.,1.));
#8203 = DIRECTION('',(1.,0.,0.));
#8204 = CYLINDRICAL_SURFACE('',#8205,1.22);
#8205 = AXIS2_PLACEMENT_3D('',#8206,#8207,#8208);
#8206 = CARTESIAN_POINT('',(39.165,31.5156,0.));
#8207 = DIRECTION('',(0.,0.,1.));
#8208 = DIRECTION('',(1.,0.,0.));
#8209 = ADVANCED_FACE('',(#8210),#8226,.T.);
#8210 = FACE_BOUND('',#8211,.F.);
#8211 = EDGE_LOOP('',(#8212,#8218,#8219,#8225));
#8212 = ORIENTED_EDGE('',*,*,#8213,.F.);
#8213 = EDGE_CURVE('',#7918,#7503,#8214,.T.);
#8214 = LINE('',#8215,#8216);
#8215 = CARTESIAN_POINT('',(-58.34333333333,14.836666666667,
    13.273333333333));
#8216 = VECTOR('',#8217,1.);
#8217 = DIRECTION('',(-0.57735026919,-0.57735026919,0.57735026919));
#8218 = ORIENTED_EDGE('',*,*,#7980,.T.);
#8219 = ORIENTED_EDGE('',*,*,#8220,.T.);
#8220 = EDGE_CURVE('',#7973,#7505,#8221,.T.);
#8221 = LINE('',#8222,#8223);
#8222 = CARTESIAN_POINT('',(-55.74166666666,39.711666666667,
    10.671666666667));
#8223 = VECTOR('',#8224,1.);
#8224 = DIRECTION('',(-0.57735026919,0.57735026919,0.57735026919));
#8225 = ORIENTED_EDGE('',*,*,#7502,.F.);
#8226 = PLANE('',#8227);
#8227 = AXIS2_PLACEMENT_3D('',#8228,#8229,#8230);
#8228 = CARTESIAN_POINT('',(-61.31,12.37,16.24));
#8229 = DIRECTION('',(-0.707106781187,1.E-17,-0.707106781187));
#8230 = DIRECTION('',(-7.071067811865E-18,-1.,-7.071067811865E-18));
#8231 = ADVANCED_FACE('',(#8232),#8243,.T.);
#8232 = FACE_BOUND('',#8233,.F.);
#8233 = EDGE_LOOP('',(#8234,#8240,#8241,#8242));
#8234 = ORIENTED_EDGE('',*,*,#8235,.F.);
#8235 = EDGE_CURVE('',#7926,#7513,#8236,.T.);
#8236 = LINE('',#8237,#8238);
#8237 = CARTESIAN_POINT('',(-55.74166666666,17.438333333333,
    4.008333333333));
#8238 = VECTOR('',#8239,1.);
#8239 = DIRECTION('',(-0.57735026919,-0.57735026919,-0.57735026919));
#8240 = ORIENTED_EDGE('',*,*,#7925,.T.);
#8241 = ORIENTED_EDGE('',*,*,#8213,.T.);
#8242 = ORIENTED_EDGE('',*,*,#7512,.F.);
#8243 = PLANE('',#8244);
#8244 = AXIS2_PLACEMENT_3D('',#8245,#8246,#8247);
#8245 = CARTESIAN_POINT('',(-61.31,11.87,-1.06));
#8246 = DIRECTION('',(-0.707106781187,0.707106781187,-1.E-17));
#8247 = DIRECTION('',(7.071067811865E-18,-7.071067811865E-18,-1.));
#8248 = ADVANCED_FACE('',(#8249),#8260,.T.);
#8249 = FACE_BOUND('',#8250,.F.);
#8250 = EDGE_LOOP('',(#8251,#8252,#8253,#8259));
#8251 = ORIENTED_EDGE('',*,*,#8220,.F.);
#8252 = ORIENTED_EDGE('',*,*,#7997,.T.);
#8253 = ORIENTED_EDGE('',*,*,#8254,.T.);
#8254 = EDGE_CURVE('',#7950,#7521,#8255,.T.);
#8255 = LINE('',#8256,#8257);
#8256 = CARTESIAN_POINT('',(-58.34333333333,42.313333333333,
    1.406666666667));
#8257 = VECTOR('',#8258,1.);
#8258 = DIRECTION('',(-0.57735026919,0.57735026919,-0.57735026919));
#8259 = ORIENTED_EDGE('',*,*,#7528,.F.);
#8260 = PLANE('',#8261);
#8261 = AXIS2_PLACEMENT_3D('',#8262,#8263,#8264);
#8262 = CARTESIAN_POINT('',(-61.31,45.28,15.74));
#8263 = DIRECTION('',(-0.707106781187,-0.707106781187,1.E-17));
#8264 = DIRECTION('',(7.071067811865E-18,7.071067811865E-18,1.));
#8265 = ADVANCED_FACE('',(#8266),#8272,.T.);
#8266 = FACE_BOUND('',#8267,.F.);
#8267 = EDGE_LOOP('',(#8268,#8269,#8270,#8271));
#8268 = ORIENTED_EDGE('',*,*,#8254,.F.);
#8269 = ORIENTED_EDGE('',*,*,#7949,.T.);
#8270 = ORIENTED_EDGE('',*,*,#8235,.T.);
#8271 = ORIENTED_EDGE('',*,*,#7520,.F.);
#8272 = PLANE('',#8273);
#8273 = AXIS2_PLACEMENT_3D('',#8274,#8275,#8276);
#8274 = CARTESIAN_POINT('',(-61.31,44.78,-1.56));
#8275 = DIRECTION('',(-0.707106781187,-1.E-17,0.707106781187));
#8276 = DIRECTION('',(-7.071067811865E-18,1.,7.071067811865E-18));
#8277 = ADVANCED_FACE('',(#8278),#8294,.F.);
#8278 = FACE_BOUND('',#8279,.F.);
#8279 = EDGE_LOOP('',(#8280,#8286,#8287,#8293));
#8280 = ORIENTED_EDGE('',*,*,#8281,.T.);
#8281 = EDGE_CURVE('',#7554,#7846,#8282,.T.);
#8282 = LINE('',#8283,#8284);
#8283 = CARTESIAN_POINT('',(-61.81,-49.,17.));
#8284 = VECTOR('',#8285,1.);
#8285 = DIRECTION('',(1.,0.,0.));
#8286 = ORIENTED_EDGE('',*,*,#7853,.T.);
#8287 = ORIENTED_EDGE('',*,*,#8288,.F.);
#8288 = EDGE_CURVE('',#7556,#7828,#8289,.T.);
#8289 = LINE('',#8290,#8291);
#8290 = CARTESIAN_POINT('',(-61.81,-10.,17.));
#8291 = VECTOR('',#8292,1.);
#8292 = DIRECTION('',(1.,0.,0.));
#8293 = ORIENTED_EDGE('',*,*,#7553,.F.);
#8294 = PLANE('',#8295);
#8295 = AXIS2_PLACEMENT_3D('',#8296,#8297,#8298);
#8296 = CARTESIAN_POINT('',(-61.81,-49.,17.));
#8297 = DIRECTION('',(0.,0.,1.));
#8298 = DIRECTION('',(0.,1.,0.));
#8299 = ADVANCED_FACE('',(#8300),#8311,.F.);
#8300 = FACE_BOUND('',#8301,.F.);
#8301 = EDGE_LOOP('',(#8302,#8308,#8309,#8310));
#8302 = ORIENTED_EDGE('',*,*,#8303,.T.);
#8303 = EDGE_CURVE('',#7564,#7838,#8304,.T.);
#8304 = LINE('',#8305,#8306);
#8305 = CARTESIAN_POINT('',(-61.81,-49.,-2.));
#8306 = VECTOR('',#8307,1.);
#8307 = DIRECTION('',(1.,0.,0.));
#8308 = ORIENTED_EDGE('',*,*,#7845,.T.);
#8309 = ORIENTED_EDGE('',*,*,#8281,.F.);
#8310 = ORIENTED_EDGE('',*,*,#7563,.F.);
#8311 = PLANE('',#8312);
#8312 = AXIS2_PLACEMENT_3D('',#8313,#8314,#8315);
#8313 = CARTESIAN_POINT('',(-61.81,-49.,-2.));
#8314 = DIRECTION('',(0.,-1.,0.));
#8315 = DIRECTION('',(0.,0.,1.));
#8316 = ADVANCED_FACE('',(#8317),#8328,.F.);
#8317 = FACE_BOUND('',#8318,.F.);
#8318 = EDGE_LOOP('',(#8319,#8320,#8321,#8327));
#8319 = ORIENTED_EDGE('',*,*,#8288,.T.);
#8320 = ORIENTED_EDGE('',*,*,#7827,.T.);
#8321 = ORIENTED_EDGE('',*,*,#8322,.F.);
#8322 = EDGE_CURVE('',#7572,#7830,#8323,.T.);
#8323 = LINE('',#8324,#8325);
#8324 = CARTESIAN_POINT('',(-61.81,-10.,-2.));
#8325 = VECTOR('',#8326,1.);
#8326 = DIRECTION('',(1.,0.,0.));
#8327 = ORIENTED_EDGE('',*,*,#7579,.F.);
#8328 = PLANE('',#8329);
#8329 = AXIS2_PLACEMENT_3D('',#8330,#8331,#8332);
#8330 = CARTESIAN_POINT('',(-61.81,-10.,17.));
#8331 = DIRECTION('',(0.,1.,0.));
#8332 = DIRECTION('',(0.,0.,-1.));
#8333 = ADVANCED_FACE('',(#8334),#8340,.F.);
#8334 = FACE_BOUND('',#8335,.F.);
#8335 = EDGE_LOOP('',(#8336,#8337,#8338,#8339));
#8336 = ORIENTED_EDGE('',*,*,#8322,.T.);
#8337 = ORIENTED_EDGE('',*,*,#7837,.T.);
#8338 = ORIENTED_EDGE('',*,*,#8303,.F.);
#8339 = ORIENTED_EDGE('',*,*,#7571,.F.);
#8340 = PLANE('',#8341);
#8341 = AXIS2_PLACEMENT_3D('',#8342,#8343,#8344);
#8342 = CARTESIAN_POINT('',(-61.81,-10.,-2.));
#8343 = DIRECTION('',(0.,0.,-1.));
#8344 = DIRECTION('',(0.,-1.,0.));
#8345 = ADVANCED_FACE('',(#8346),#8364,.F.);
#8346 = FACE_BOUND('',#8347,.T.);
#8347 = EDGE_LOOP('',(#8348,#8357,#8362,#8363));
#8348 = ORIENTED_EDGE('',*,*,#8349,.F.);
#8349 = EDGE_CURVE('',#8350,#8350,#8352,.T.);
#8350 = VERTEX_POINT('',#8351);
#8351 = CARTESIAN_POINT('',(-60.81,-6.17,8.E-02));
#8352 = CIRCLE('',#8353,0.9);
#8353 = AXIS2_PLACEMENT_3D('',#8354,#8355,#8356);
#8354 = CARTESIAN_POINT('',(-60.81,-7.07,8.E-02));
#8355 = DIRECTION('',(1.,0.,0.));
#8356 = DIRECTION('',(0.,1.,0.));
#8357 = ORIENTED_EDGE('',*,*,#8358,.F.);
#8358 = EDGE_CURVE('',#7718,#8350,#8359,.T.);
#8359 = B_SPLINE_CURVE_WITH_KNOTS('',1,(#8360,#8361),.UNSPECIFIED.,.F.,
  .F.,(2,2),(-0.54,3.),.PIECEWISE_BEZIER_KNOTS.);
#8360 = CARTESIAN_POINT('',(-57.27,-6.17,8.E-02));
#8361 = CARTESIAN_POINT('',(-60.81,-6.17,8.E-02));
#8362 = ORIENTED_EDGE('',*,*,#7717,.T.);
#8363 = ORIENTED_EDGE('',*,*,#8358,.T.);
#8364 = CYLINDRICAL_SURFACE('',#8365,0.9);
#8365 = AXIS2_PLACEMENT_3D('',#8366,#8367,#8368);
#8366 = CARTESIAN_POINT('',(-57.81,-7.07,8.E-02));
#8367 = DIRECTION('',(-1.,-0.,-0.));
#8368 = DIRECTION('',(0.,1.,0.));
#8369 = ADVANCED_FACE('',(#8370),#8388,.F.);
#8370 = FACE_BOUND('',#8371,.T.);
#8371 = EDGE_LOOP('',(#8372,#8381,#8386,#8387));
#8372 = ORIENTED_EDGE('',*,*,#8373,.F.);
#8373 = EDGE_CURVE('',#8374,#8374,#8376,.T.);
#8374 = VERTEX_POINT('',#8375);
#8375 = CARTESIAN_POINT('',(-60.81,9.59,14.89));
#8376 = CIRCLE('',#8377,0.9);
#8377 = AXIS2_PLACEMENT_3D('',#8378,#8379,#8380);
#8378 = CARTESIAN_POINT('',(-60.81,8.69,14.89));
#8379 = DIRECTION('',(1.,0.,0.));
#8380 = DIRECTION('',(0.,1.,0.));
#8381 = ORIENTED_EDGE('',*,*,#8382,.F.);
#8382 = EDGE_CURVE('',#7738,#8374,#8383,.T.);
#8383 = B_SPLINE_CURVE_WITH_KNOTS('',1,(#8384,#8385),.UNSPECIFIED.,.F.,
  .F.,(2,2),(-0.54,3.),.PIECEWISE_BEZIER_KNOTS.);
#8384 = CARTESIAN_POINT('',(-57.27,9.59,14.89));
#8385 = CARTESIAN_POINT('',(-60.81,9.59,14.89));
#8386 = ORIENTED_EDGE('',*,*,#7737,.T.);
#8387 = ORIENTED_EDGE('',*,*,#8382,.T.);
#8388 = CYLINDRICAL_SURFACE('',#8389,0.9);
#8389 = AXIS2_PLACEMENT_3D('',#8390,#8391,#8392);
#8390 = CARTESIAN_POINT('',(-57.81,8.69,14.89));
#8391 = DIRECTION('',(-1.,-0.,-0.));
#8392 = DIRECTION('',(0.,1.,0.));
#8393 = ADVANCED_FACE('',(#8394),#8397,.T.);
#8394 = FACE_BOUND('',#8395,.T.);
#8395 = EDGE_LOOP('',(#8396));
#8396 = ORIENTED_EDGE('',*,*,#8013,.T.);
#8397 = PLANE('',#8398);
#8398 = AXIS2_PLACEMENT_3D('',#8399,#8400,#8401);
#8399 = CARTESIAN_POINT('',(0.29388389966,6.402E-13,-4.));
#8400 = DIRECTION('',(0.,0.,1.));
#8401 = DIRECTION('',(1.,0.,0.));
#8402 = ADVANCED_FACE('',(#8403),#8406,.T.);
#8403 = FACE_BOUND('',#8404,.T.);
#8404 = EDGE_LOOP('',(#8405));
#8405 = ORIENTED_EDGE('',*,*,#8046,.T.);
#8406 = PLANE('',#8407);
#8407 = AXIS2_PLACEMENT_3D('',#8408,#8409,#8410);
#8408 = CARTESIAN_POINT('',(0.620228046705,0.101860861105,-4.));
#8409 = DIRECTION('',(0.,0.,1.));
#8410 = DIRECTION('',(1.,0.,0.));
#8411 = ADVANCED_FACE('',(#8412),#8415,.T.);
#8412 = FACE_BOUND('',#8413,.T.);
#8413 = EDGE_LOOP('',(#8414));
#8414 = ORIENTED_EDGE('',*,*,#8071,.T.);
#8415 = PLANE('',#8416);
#8416 = AXIS2_PLACEMENT_3D('',#8417,#8418,#8419);
#8417 = CARTESIAN_POINT('',(0.73638306977,-4.65884E-12,-4.));
#8418 = DIRECTION('',(0.,0.,1.));
#8419 = DIRECTION('',(1.,0.,0.));
#8420 = ADVANCED_FACE('',(#8421),#8424,.T.);
#8421 = FACE_BOUND('',#8422,.T.);
#8422 = EDGE_LOOP('',(#8423));
#8423 = ORIENTED_EDGE('',*,*,#8098,.T.);
#8424 = PLANE('',#8425);
#8425 = AXIS2_PLACEMENT_3D('',#8426,#8427,#8428);
#8426 = CARTESIAN_POINT('',(0.995,8.34E-15,-4.));
#8427 = DIRECTION('',(0.,0.,1.));
#8428 = DIRECTION('',(1.,0.,0.));
#8429 = ADVANCED_FACE('',(#8430),#8433,.T.);
#8430 = FACE_BOUND('',#8431,.T.);
#8431 = EDGE_LOOP('',(#8432));
#8432 = ORIENTED_EDGE('',*,*,#8121,.T.);
#8433 = PLANE('',#8434);
#8434 = AXIS2_PLACEMENT_3D('',#8435,#8436,#8437);
#8435 = CARTESIAN_POINT('',(0.620228046705,0.101860861105,-4.));
#8436 = DIRECTION('',(0.,0.,1.));
#8437 = DIRECTION('',(1.,0.,0.));
#8438 = ADVANCED_FACE('',(#8439),#8442,.T.);
#8439 = FACE_BOUND('',#8440,.T.);
#8440 = EDGE_LOOP('',(#8441));
#8441 = ORIENTED_EDGE('',*,*,#8146,.T.);
#8442 = PLANE('',#8443);
#8443 = AXIS2_PLACEMENT_3D('',#8444,#8445,#8446);
#8444 = CARTESIAN_POINT('',(0.73638306977,-4.65884E-12,-4.));
#8445 = DIRECTION('',(0.,0.,1.));
#8446 = DIRECTION('',(1.,0.,0.));
#8447 = ADVANCED_FACE('',(#8448),#8451,.T.);
#8448 = FACE_BOUND('',#8449,.T.);
#8449 = EDGE_LOOP('',(#8450));
#8450 = ORIENTED_EDGE('',*,*,#8171,.T.);
#8451 = PLANE('',#8452);
#8452 = AXIS2_PLACEMENT_3D('',#8453,#8454,#8455);
#8453 = CARTESIAN_POINT('',(0.620228046705,0.101860861105,-4.));
#8454 = DIRECTION('',(0.,0.,1.));
#8455 = DIRECTION('',(1.,0.,0.));
#8456 = ADVANCED_FACE('',(#8457),#8460,.T.);
#8457 = FACE_BOUND('',#8458,.T.);
#8458 = EDGE_LOOP('',(#8459));
#8459 = ORIENTED_EDGE('',*,*,#8198,.T.);
#8460 = PLANE('',#8461);
#8461 = AXIS2_PLACEMENT_3D('',#8462,#8463,#8464);
#8462 = CARTESIAN_POINT('',(0.995,8.34E-15,-4.));
#8463 = DIRECTION('',(0.,0.,1.));
#8464 = DIRECTION('',(1.,0.,0.));
#8465 = ADVANCED_FACE('',(#8466),#8469,.T.);
#8466 = FACE_BOUND('',#8467,.T.);
#8467 = EDGE_LOOP('',(#8468));
#8468 = ORIENTED_EDGE('',*,*,#8349,.T.);
#8469 = PLANE('',#8470);
#8470 = AXIS2_PLACEMENT_3D('',#8471,#8472,#8473);
#8471 = CARTESIAN_POINT('',(-60.81,0.81,7.485));
#8472 = DIRECTION('',(1.,0.,0.));
#8473 = DIRECTION('',(0.,0.,1.));
#8474 = ADVANCED_FACE('',(#8475),#8478,.T.);
#8475 = FACE_BOUND('',#8476,.T.);
#8476 = EDGE_LOOP('',(#8477));
#8477 = ORIENTED_EDGE('',*,*,#8373,.T.);
#8478 = PLANE('',#8479);
#8479 = AXIS2_PLACEMENT_3D('',#8480,#8481,#8482);
#8480 = CARTESIAN_POINT('',(-60.81,0.81,7.485));
#8481 = DIRECTION('',(1.,0.,0.));
#8482 = DIRECTION('',(0.,0.,1.));
#8483 = ( GEOMETRIC_REPRESENTATION_CONTEXT(3) 
GLOBAL_UNCERTAINTY_ASSIGNED_CONTEXT((#8487)) 
GLOBAL_UNIT_ASSIGNED_CONTEXT((#8484,#8485,#8486)) REPRESENTATION_CONTEXT
('Context #1','3D Context with UNIT and UNCERTAINTY') );
#8484 = ( LENGTH_UNIT() NAMED_UNIT(*) SI_UNIT(.MILLI.,.METRE.) );
#8485 = ( NAMED_UNIT(*) PLANE_ANGLE_UNIT() SI_UNIT($,.RADIAN.) );
#8486 = ( NAMED_UNIT(*) SI_UNIT($,.STERADIAN.) SOLID_ANGLE_UNIT() );
#8487 = UNCERTAINTY_MEASURE_WITH_UNIT(LENGTH_MEASURE(1.E-04),#8484,
  'distance_accuracy_value','confusion accuracy');
#8488 = CONTEXT_DEPENDENT_SHAPE_REPRESENTATION(#8489,#8491);
#8489 = ( REPRESENTATION_RELATIONSHIP('','',#36,#10) 
REPRESENTATION_RELATIONSHIP_WITH_TRANSFORMATION(#8490) 
SHAPE_REPRESENTATION_RELATIONSHIP() );
#8490 = ITEM_DEFINED_TRANSFORMATION('','',#11,#15);
#8491 = PRODUCT_DEFINITION_SHAPE('Placement','Placement of an item',
  #8492);
#8492 = NEXT_ASSEMBLY_USAGE_OCCURRENCE('3','PicoIDE Enclosure','',#5,#31
  ,$);
#8493 = PRODUCT_RELATED_PRODUCT_CATEGORY('part',$,(#33));
#8494 = SHAPE_DEFINITION_REPRESENTATION(#8495,#8501);
#8495 = PRODUCT_DEFINITION_SHAPE('','',#8496);
#8496 = PRODUCT_DEFINITION('design','',#8497,#8500);
#8497 = PRODUCT_DEFINITION_FORMATION('','',#8498);
#8498 = PRODUCT('BlueSCSI Logo','BlueSCSI Logo','',(#8499));
#8499 = PRODUCT_CONTEXT('',#2,'mechanical');
#8500 = PRODUCT_DEFINITION_CONTEXT('part definition',#2,'design');
#8501 = ADVANCED_BREP_SHAPE_REPRESENTATION('',(#11,#8502),#14379);
#8502 = MANIFOLD_SOLID_BREP('',#8503);
#8503 = CLOSED_SHELL('',(#8504,#8544,#8575,#8606,#8623,#9855,#9867,#9899
    ,#9923,#9948,#9972,#9997,#10021,#10046,#10071,#10096,#10120,#10145,
    #10162,#10194,#10218,#10243,#10267,#10292,#10316,#10341,#10358,
    #10390,#10414,#10439,#10463,#10488,#10513,#10537,#10561,#10585,
    #10609,#10633,#10657,#10682,#10706,#10730,#10755,#10772,#10804,
    #10828,#10853,#10877,#10902,#10926,#10951,#10975,#11000,#11024,
    #11049,#11073,#11098,#11122,#11147,#11164,#11196,#11220,#11245,
    #11269,#11294,#11318,#11343,#11367,#11392,#11416,#11441,#11465,
    #11490,#11514,#11539,#11563,#11588,#11612,#11637,#11661,#11686,
    #11710,#11735,#11752,#11784,#11808,#11833,#11857,#11882,#11906,
    #11931,#11955,#11980,#12004,#12029,#12053,#12078,#12102,#12127,
    #12144,#12176,#12200,#12225,#12249,#12274,#12298,#12323,#12347,
    #12372,#12396,#12421,#12445,#12470,#12494,#12519,#12543,#12568,
    #12592,#12617,#12641,#12666,#12690,#12715,#12732,#12764,#12788,
    #12813,#12837,#12862,#12886,#12911,#12928,#12960,#12984,#13009,
    #13033,#13058,#13082,#13107,#13131,#13156,#13180,#13205,#13229,
    #13254,#13278,#13303,#13320,#13480,#13496,#13521,#13545,#13577,
    #13601,#13633,#13649,#13743,#13775,#13799,#13824,#13848,#13873,
    #13897,#13922,#13939,#13971,#13995,#14020,#14044,#14069,#14093,
    #14118,#14135,#14166,#14191,#14215,#14240,#14264,#14289,#14313,
    #14331,#14347,#14363));
#8504 = ADVANCED_FACE('',(#8505),#8539,.F.);
#8505 = FACE_BOUND('',#8506,.F.);
#8506 = EDGE_LOOP('',(#8507,#8517,#8525,#8533));
#8507 = ORIENTED_EDGE('',*,*,#8508,.T.);
#8508 = EDGE_CURVE('',#8509,#8511,#8513,.T.);
#8509 = VERTEX_POINT('',#8510);
#8510 = CARTESIAN_POINT('',(-60.81,-10.,-2.));
#8511 = VERTEX_POINT('',#8512);
#8512 = CARTESIAN_POINT('',(-61.81,-10.,-2.));
#8513 = LINE('',#8514,#8515);
#8514 = CARTESIAN_POINT('',(-60.81,-10.,-2.));
#8515 = VECTOR('',#8516,1.);
#8516 = DIRECTION('',(-1.,0.,0.));
#8517 = ORIENTED_EDGE('',*,*,#8518,.T.);
#8518 = EDGE_CURVE('',#8511,#8519,#8521,.T.);
#8519 = VERTEX_POINT('',#8520);
#8520 = CARTESIAN_POINT('',(-61.81,-49.,-2.));
#8521 = LINE('',#8522,#8523);
#8522 = CARTESIAN_POINT('',(-61.81,-10.,-2.));
#8523 = VECTOR('',#8524,1.);
#8524 = DIRECTION('',(0.,-1.,0.));
#8525 = ORIENTED_EDGE('',*,*,#8526,.F.);
#8526 = EDGE_CURVE('',#8527,#8519,#8529,.T.);
#8527 = VERTEX_POINT('',#8528);
#8528 = CARTESIAN_POINT('',(-60.81,-49.,-2.));
#8529 = LINE('',#8530,#8531);
#8530 = CARTESIAN_POINT('',(-60.81,-49.,-2.));
#8531 = VECTOR('',#8532,1.);
#8532 = DIRECTION('',(-1.,0.,0.));
#8533 = ORIENTED_EDGE('',*,*,#8534,.F.);
#8534 = EDGE_CURVE('',#8509,#8527,#8535,.T.);
#8535 = LINE('',#8536,#8537);
#8536 = CARTESIAN_POINT('',(-60.81,-10.,-2.));
#8537 = VECTOR('',#8538,1.);
#8538 = DIRECTION('',(0.,-1.,0.));
#8539 = PLANE('',#8540);
#8540 = AXIS2_PLACEMENT_3D('',#8541,#8542,#8543);
#8541 = CARTESIAN_POINT('',(-60.81,-10.,-2.));
#8542 = DIRECTION('',(0.,0.,1.));
#8543 = DIRECTION('',(0.,-1.,0.));
#8544 = ADVANCED_FACE('',(#8545),#8570,.T.);
#8545 = FACE_BOUND('',#8546,.T.);
#8546 = EDGE_LOOP('',(#8547,#8555,#8556,#8564));
#8547 = ORIENTED_EDGE('',*,*,#8548,.T.);
#8548 = EDGE_CURVE('',#8549,#8509,#8551,.T.);
#8549 = VERTEX_POINT('',#8550);
#8550 = CARTESIAN_POINT('',(-60.81,-10.,17.));
#8551 = LINE('',#8552,#8553);
#8552 = CARTESIAN_POINT('',(-60.81,-10.,17.));
#8553 = VECTOR('',#8554,1.);
#8554 = DIRECTION('',(0.,0.,-1.));
#8555 = ORIENTED_EDGE('',*,*,#8508,.T.);
#8556 = ORIENTED_EDGE('',*,*,#8557,.F.);
#8557 = EDGE_CURVE('',#8558,#8511,#8560,.T.);
#8558 = VERTEX_POINT('',#8559);
#8559 = CARTESIAN_POINT('',(-61.81,-10.,17.));
#8560 = LINE('',#8561,#8562);
#8561 = CARTESIAN_POINT('',(-61.81,-10.,17.));
#8562 = VECTOR('',#8563,1.);
#8563 = DIRECTION('',(0.,0.,-1.));
#8564 = ORIENTED_EDGE('',*,*,#8565,.F.);
#8565 = EDGE_CURVE('',#8549,#8558,#8566,.T.);
#8566 = LINE('',#8567,#8568);
#8567 = CARTESIAN_POINT('',(-60.81,-10.,17.));
#8568 = VECTOR('',#8569,1.);
#8569 = DIRECTION('',(-1.,0.,0.));
#8570 = PLANE('',#8571);
#8571 = AXIS2_PLACEMENT_3D('',#8572,#8573,#8574);
#8572 = CARTESIAN_POINT('',(-61.31,-10.,7.5));
#8573 = DIRECTION('',(0.,1.,0.));
#8574 = DIRECTION('',(0.,0.,1.));
#8575 = ADVANCED_FACE('',(#8576),#8601,.T.);
#8576 = FACE_BOUND('',#8577,.T.);
#8577 = EDGE_LOOP('',(#8578,#8586,#8594,#8600));
#8578 = ORIENTED_EDGE('',*,*,#8579,.T.);
#8579 = EDGE_CURVE('',#8527,#8580,#8582,.T.);
#8580 = VERTEX_POINT('',#8581);
#8581 = CARTESIAN_POINT('',(-60.81,-49.,17.));
#8582 = LINE('',#8583,#8584);
#8583 = CARTESIAN_POINT('',(-60.81,-49.,-2.));
#8584 = VECTOR('',#8585,1.);
#8585 = DIRECTION('',(0.,0.,1.));
#8586 = ORIENTED_EDGE('',*,*,#8587,.T.);
#8587 = EDGE_CURVE('',#8580,#8588,#8590,.T.);
#8588 = VERTEX_POINT('',#8589);
#8589 = CARTESIAN_POINT('',(-61.81,-49.,17.));
#8590 = LINE('',#8591,#8592);
#8591 = CARTESIAN_POINT('',(-60.81,-49.,17.));
#8592 = VECTOR('',#8593,1.);
#8593 = DIRECTION('',(-1.,0.,0.));
#8594 = ORIENTED_EDGE('',*,*,#8595,.F.);
#8595 = EDGE_CURVE('',#8519,#8588,#8596,.T.);
#8596 = LINE('',#8597,#8598);
#8597 = CARTESIAN_POINT('',(-61.81,-49.,-2.));
#8598 = VECTOR('',#8599,1.);
#8599 = DIRECTION('',(0.,0.,1.));
#8600 = ORIENTED_EDGE('',*,*,#8526,.F.);
#8601 = PLANE('',#8602);
#8602 = AXIS2_PLACEMENT_3D('',#8603,#8604,#8605);
#8603 = CARTESIAN_POINT('',(-61.31,-49.,7.5));
#8604 = DIRECTION('',(-0.,-1.,-0.));
#8605 = DIRECTION('',(0.,0.,-1.));
#8606 = ADVANCED_FACE('',(#8607),#8618,.T.);
#8607 = FACE_BOUND('',#8608,.T.);
#8608 = EDGE_LOOP('',(#8609,#8610,#8616,#8617));
#8609 = ORIENTED_EDGE('',*,*,#8548,.F.);
#8610 = ORIENTED_EDGE('',*,*,#8611,.F.);
#8611 = EDGE_CURVE('',#8580,#8549,#8612,.T.);
#8612 = LINE('',#8613,#8614);
#8613 = CARTESIAN_POINT('',(-60.81,-49.,17.));
#8614 = VECTOR('',#8615,1.);
#8615 = DIRECTION('',(0.,1.,0.));
#8616 = ORIENTED_EDGE('',*,*,#8579,.F.);
#8617 = ORIENTED_EDGE('',*,*,#8534,.F.);
#8618 = PLANE('',#8619);
#8619 = AXIS2_PLACEMENT_3D('',#8620,#8621,#8622);
#8620 = CARTESIAN_POINT('',(-60.81,-29.5,7.5));
#8621 = DIRECTION('',(1.,0.,0.));
#8622 = DIRECTION('',(0.,0.,1.));
#8623 = ADVANCED_FACE('',(#8624,#8635,#8740,#8810,#8954,#9092,#9298,
    #9436,#9642,#9712),#9850,.T.);
#8624 = FACE_BOUND('',#8625,.T.);
#8625 = EDGE_LOOP('',(#8626,#8627,#8628,#8629));
#8626 = ORIENTED_EDGE('',*,*,#8557,.T.);
#8627 = ORIENTED_EDGE('',*,*,#8518,.T.);
#8628 = ORIENTED_EDGE('',*,*,#8595,.T.);
#8629 = ORIENTED_EDGE('',*,*,#8630,.T.);
#8630 = EDGE_CURVE('',#8588,#8558,#8631,.T.);
#8631 = LINE('',#8632,#8633);
#8632 = CARTESIAN_POINT('',(-61.81,-49.,17.));
#8633 = VECTOR('',#8634,1.);
#8634 = DIRECTION('',(0.,1.,0.));
#8635 = FACE_BOUND('',#8636,.T.);
#8636 = EDGE_LOOP('',(#8637,#8648,#8656,#8665,#8673,#8682,#8691,#8700,
    #8708,#8717,#8725,#8734));
#8637 = ORIENTED_EDGE('',*,*,#8638,.F.);
#8638 = EDGE_CURVE('',#8639,#8641,#8643,.T.);
#8639 = VERTEX_POINT('',#8640);
#8640 = CARTESIAN_POINT('',(-61.81,-17.54051214969,10.629016066275));
#8641 = VERTEX_POINT('',#8642);
#8642 = CARTESIAN_POINT('',(-61.81,-17.31459520081,10.465422662561));
#8643 = CIRCLE('',#8644,0.182018);
#8644 = AXIS2_PLACEMENT_3D('',#8645,#8646,#8647);
#8645 = CARTESIAN_POINT('',(-61.81,-17.49615290265,10.452486155137));
#8646 = DIRECTION('',(-1.,0.,0.));
#8647 = DIRECTION('',(0.,-1.,0.));
#8648 = ORIENTED_EDGE('',*,*,#8649,.T.);
#8649 = EDGE_CURVE('',#8639,#8650,#8652,.T.);
#8650 = VERTEX_POINT('',#8651);
#8651 = CARTESIAN_POINT('',(-61.81,-20.75331179537,10.629016066275));
#8652 = LINE('',#8653,#8654);
#8653 = CARTESIAN_POINT('',(-61.81,-17.54051214969,10.629016066275));
#8654 = VECTOR('',#8655,1.);
#8655 = DIRECTION('',(0.,-1.,0.));
#8656 = ORIENTED_EDGE('',*,*,#8657,.F.);
#8657 = EDGE_CURVE('',#8658,#8650,#8660,.T.);
#8658 = VERTEX_POINT('',#8659);
#8659 = CARTESIAN_POINT('',(-61.81,-20.9152384436,10.43792865912));
#8660 = CIRCLE('',#8661,0.164799831629);
#8661 = AXIS2_PLACEMENT_3D('',#8662,#8663,#8664);
#8662 = CARTESIAN_POINT('',(-61.81,-20.752549,10.464218));
#8663 = DIRECTION('',(-1.,0.,0.));
#8664 = DIRECTION('',(0.,-1.,0.));
#8665 = ORIENTED_EDGE('',*,*,#8666,.T.);
#8666 = EDGE_CURVE('',#8658,#8667,#8669,.T.);
#8667 = VERTEX_POINT('',#8668);
#8668 = CARTESIAN_POINT('',(-61.81,-20.710025,8.381233));
#8669 = LINE('',#8670,#8671);
#8670 = CARTESIAN_POINT('',(-61.81,-20.9152384436,10.43792865912));
#8671 = VECTOR('',#8672,1.);
#8672 = DIRECTION('',(-0.,9.928522300987E-02,-0.995059015582));
#8673 = ORIENTED_EDGE('',*,*,#8674,.F.);
#8674 = EDGE_CURVE('',#8675,#8667,#8677,.T.);
#8675 = VERTEX_POINT('',#8676);
#8676 = CARTESIAN_POINT('',(-61.81,-20.40700943295,7.698128203831));
#8677 = CIRCLE('',#8678,2.065195009739);
#8678 = AXIS2_PLACEMENT_3D('',#8679,#8680,#8681);
#8679 = CARTESIAN_POINT('',(-61.81,-18.701872,8.863262));
#8680 = DIRECTION('',(-1.,0.,0.));
#8681 = DIRECTION('',(0.,-1.,0.));
#8682 = ORIENTED_EDGE('',*,*,#8683,.T.);
#8683 = EDGE_CURVE('',#8675,#8684,#8686,.T.);
#8684 = VERTEX_POINT('',#8685);
#8685 = CARTESIAN_POINT('',(-61.81,-20.46085510337,7.315928210465));
#8686 = CIRCLE('',#8687,0.300780190363);
#8687 = AXIS2_PLACEMENT_3D('',#8688,#8689,#8690);
#8688 = CARTESIAN_POINT('',(-61.81,-20.662381,7.539212862654));
#8689 = DIRECTION('',(-1.,0.,0.));
#8690 = DIRECTION('',(0.,-1.,0.));
#8691 = ORIENTED_EDGE('',*,*,#8692,.F.);
#8692 = EDGE_CURVE('',#8693,#8684,#8695,.T.);
#8693 = VERTEX_POINT('',#8694);
#8694 = CARTESIAN_POINT('',(-61.81,-20.55587678599,6.886219249688));
#8695 = CIRCLE('',#8696,0.629044);
#8696 = AXIS2_PLACEMENT_3D('',#8697,#8698,#8699);
#8697 = CARTESIAN_POINT('',(-61.81,-19.93296440513,6.973835));
#8698 = DIRECTION('',(-1.,0.,0.));
#8699 = DIRECTION('',(0.,-1.,0.));
#8700 = ORIENTED_EDGE('',*,*,#8701,.F.);
#8701 = EDGE_CURVE('',#8702,#8693,#8704,.T.);
#8702 = VERTEX_POINT('',#8703);
#8703 = CARTESIAN_POINT('',(-61.81,-20.34471980258,4.833745351553));
#8704 = LINE('',#8705,#8706);
#8705 = CARTESIAN_POINT('',(-61.81,-20.34471980258,4.833745351553));
#8706 = VECTOR('',#8707,1.);
#8707 = DIRECTION('',(0.,-0.102339093785,0.994749571442));
#8708 = ORIENTED_EDGE('',*,*,#8709,.F.);
#8709 = EDGE_CURVE('',#8710,#8702,#8712,.T.);
#8710 = VERTEX_POINT('',#8711);
#8711 = CARTESIAN_POINT('',(-61.81,-20.12827643046,4.596185445584));
#8712 = CIRCLE('',#8713,0.235667726483);
#8713 = AXIS2_PLACEMENT_3D('',#8714,#8715,#8716);
#8714 = CARTESIAN_POINT('',(-61.81,-20.10906727349,4.831069003106));
#8715 = DIRECTION('',(-1.,0.,0.));
#8716 = DIRECTION('',(0.,-1.,0.));
#8717 = ORIENTED_EDGE('',*,*,#8718,.F.);
#8718 = EDGE_CURVE('',#8719,#8710,#8721,.T.);
#8719 = VERTEX_POINT('',#8720);
#8720 = CARTESIAN_POINT('',(-61.81,-16.93976385971,4.596185445584));
#8721 = LINE('',#8722,#8723);
#8722 = CARTESIAN_POINT('',(-61.81,-16.93976385971,4.596185445584));
#8723 = VECTOR('',#8724,1.);
#8724 = DIRECTION('',(0.,-1.,0.));
#8725 = ORIENTED_EDGE('',*,*,#8726,.F.);
#8726 = EDGE_CURVE('',#8727,#8719,#8729,.T.);
#8727 = VERTEX_POINT('',#8728);
#8728 = CARTESIAN_POINT('',(-61.81,-16.75499391146,4.856971664303));
#8729 = CIRCLE('',#8730,0.250265);
#8730 = AXIS2_PLACEMENT_3D('',#8731,#8732,#8733);
#8731 = CARTESIAN_POINT('',(-61.81,-17.004533,4.837924));
#8732 = DIRECTION('',(-1.,0.,0.));
#8733 = DIRECTION('',(0.,-1.,0.));
#8734 = ORIENTED_EDGE('',*,*,#8735,.F.);
#8735 = EDGE_CURVE('',#8641,#8727,#8736,.T.);
#8736 = LINE('',#8737,#8738);
#8737 = CARTESIAN_POINT('',(-61.81,-17.31459520081,10.465422662561));
#8738 = VECTOR('',#8739,1.);
#8739 = DIRECTION('',(-0.,9.928522300995E-02,-0.995059015582));
#8740 = FACE_BOUND('',#8741,.T.);
#8741 = EDGE_LOOP('',(#8742,#8753,#8761,#8770,#8778,#8787,#8795,#8804));
#8742 = ORIENTED_EDGE('',*,*,#8743,.F.);
#8743 = EDGE_CURVE('',#8744,#8746,#8748,.T.);
#8744 = VERTEX_POINT('',#8745);
#8745 = CARTESIAN_POINT('',(-61.81,-22.03399906143,10.916207153882));
#8746 = VERTEX_POINT('',#8747);
#8747 = CARTESIAN_POINT('',(-61.81,-21.791166,10.669150892115));
#8748 = CIRCLE('',#8749,0.262735);
#8749 = AXIS2_PLACEMENT_3D('',#8750,#8751,#8752);
#8750 = CARTESIAN_POINT('',(-61.81,-22.053474981,10.654195));
#8751 = DIRECTION('',(-1.,0.,0.));
#8752 = DIRECTION('',(0.,-1.,0.));
#8753 = ORIENTED_EDGE('',*,*,#8754,.T.);
#8754 = EDGE_CURVE('',#8744,#8755,#8757,.T.);
#8755 = VERTEX_POINT('',#8756);
#8756 = CARTESIAN_POINT('',(-61.81,-22.81001139555,10.916207153882));
#8757 = LINE('',#8758,#8759);
#8758 = CARTESIAN_POINT('',(-61.81,-22.03399906143,10.916207153882));
#8759 = VECTOR('',#8760,1.);
#8760 = DIRECTION('',(0.,-1.,0.));
#8761 = ORIENTED_EDGE('',*,*,#8762,.F.);
#8762 = EDGE_CURVE('',#8763,#8755,#8765,.T.);
#8763 = VERTEX_POINT('',#8764);
#8764 = CARTESIAN_POINT('',(-61.81,-22.9493762042,10.822242239539));
#8765 = CIRCLE('',#8766,0.134372667978);
#8766 = AXIS2_PLACEMENT_3D('',#8767,#8768,#8769);
#8767 = CARTESIAN_POINT('',(-61.81,-22.82107997265,10.782291133553));
#8768 = DIRECTION('',(-1.,0.,0.));
#8769 = DIRECTION('',(0.,-1.,0.));
#8770 = ORIENTED_EDGE('',*,*,#8771,.F.);
#8771 = EDGE_CURVE('',#8772,#8763,#8774,.T.);
#8772 = VERTEX_POINT('',#8773);
#8773 = CARTESIAN_POINT('',(-61.81,-22.34785156624,4.793625936477));
#8774 = LINE('',#8775,#8776);
#8775 = CARTESIAN_POINT('',(-61.81,-22.34785156624,4.793625936477));
#8776 = VECTOR('',#8777,1.);
#8777 = DIRECTION('',(0.,-9.928522300997E-02,0.995059015582));
#8778 = ORIENTED_EDGE('',*,*,#8779,.F.);
#8779 = EDGE_CURVE('',#8780,#8772,#8782,.T.);
#8780 = VERTEX_POINT('',#8781);
#8781 = CARTESIAN_POINT('',(-61.81,-22.17864073329,4.617637679192));
#8782 = CIRCLE('',#8783,0.211484);
#8783 = AXIS2_PLACEMENT_3D('',#8784,#8785,#8786);
#8784 = CARTESIAN_POINT('',(-61.81,-22.138757,4.825326798007));
#8785 = DIRECTION('',(-1.,0.,0.));
#8786 = DIRECTION('',(0.,-1.,0.));
#8787 = ORIENTED_EDGE('',*,*,#8788,.F.);
#8788 = EDGE_CURVE('',#8789,#8780,#8791,.T.);
#8789 = VERTEX_POINT('',#8790);
#8790 = CARTESIAN_POINT('',(-61.81,-21.48814114546,4.617637679192));
#8791 = LINE('',#8792,#8793);
#8792 = CARTESIAN_POINT('',(-61.81,-21.48814114546,4.617637679192));
#8793 = VECTOR('',#8794,1.);
#8794 = DIRECTION('',(0.,-1.,0.));
#8795 = ORIENTED_EDGE('',*,*,#8796,.F.);
#8796 = EDGE_CURVE('',#8797,#8789,#8799,.T.);
#8797 = VERTEX_POINT('',#8798);
#8798 = CARTESIAN_POINT('',(-61.81,-21.20807671754,4.8252979016));
#8799 = CIRCLE('',#8800,0.287432);
#8800 = AXIS2_PLACEMENT_3D('',#8801,#8802,#8803);
#8801 = CARTESIAN_POINT('',(-61.81,-21.484225,4.905043));
#8802 = DIRECTION('',(-1.,0.,0.));
#8803 = DIRECTION('',(0.,-1.,0.));
#8804 = ORIENTED_EDGE('',*,*,#8805,.F.);
#8805 = EDGE_CURVE('',#8746,#8797,#8806,.T.);
#8806 = LINE('',#8807,#8808);
#8807 = CARTESIAN_POINT('',(-61.81,-21.791166,10.669150892115));
#8808 = VECTOR('',#8809,1.);
#8809 = DIRECTION('',(-0.,9.928522300996E-02,-0.995059015582));
#8810 = FACE_BOUND('',#8811,.T.);
#8811 = EDGE_LOOP('',(#8812,#8823,#8831,#8840,#8848,#8856,#8865,#8873,
    #8881,#8889,#8897,#8905,#8913,#8922,#8931,#8939,#8948));
#8812 = ORIENTED_EDGE('',*,*,#8813,.F.);
#8813 = EDGE_CURVE('',#8814,#8816,#8818,.T.);
#8814 = VERTEX_POINT('',#8815);
#8815 = CARTESIAN_POINT('',(-61.81,-11.55403936231,7.864690229998));
#8816 = VERTEX_POINT('',#8817);
#8817 = CARTESIAN_POINT('',(-61.81,-11.66149632263,6.896166825419));
#8818 = CIRCLE('',#8819,0.682666387113);
#8819 = AXIS2_PLACEMENT_3D('',#8820,#8821,#8822);
#8820 = CARTESIAN_POINT('',(-61.81,-12.083012,7.433156517899));
#8821 = DIRECTION('',(-1.,0.,0.));
#8822 = DIRECTION('',(0.,-1.,0.));
#8823 = ORIENTED_EDGE('',*,*,#8824,.T.);
#8824 = EDGE_CURVE('',#8814,#8825,#8827,.T.);
#8825 = VERTEX_POINT('',#8826);
#8826 = CARTESIAN_POINT('',(-61.81,-17.60728355144,14.04981));
#8827 = LINE('',#8828,#8829);
#8828 = CARTESIAN_POINT('',(-61.81,-11.55403936231,7.864690229998));
#8829 = VECTOR('',#8830,1.);
#8830 = DIRECTION('',(0.,-0.699446682727,0.71468478228));
#8831 = ORIENTED_EDGE('',*,*,#8832,.F.);
#8832 = EDGE_CURVE('',#8833,#8825,#8835,.T.);
#8833 = VERTEX_POINT('',#8834);
#8834 = CARTESIAN_POINT('',(-61.81,-18.61642186853,14.013202269349));
#8835 = CIRCLE('',#8836,0.682666387113);
#8836 = AXIS2_PLACEMENT_3D('',#8837,#8838,#8839);
#8837 = CARTESIAN_POINT('',(-61.81,-18.095196,13.572342892608));
#8838 = DIRECTION('',(-1.,0.,0.));
#8839 = DIRECTION('',(0.,-1.,0.));
#8840 = ORIENTED_EDGE('',*,*,#8841,.T.);
#8841 = EDGE_CURVE('',#8833,#8842,#8844,.T.);
#8842 = VERTEX_POINT('',#8843);
#8843 = CARTESIAN_POINT('',(-61.81,-21.413461,11.073686));
#8844 = LINE('',#8845,#8846);
#8845 = CARTESIAN_POINT('',(-61.81,-18.61642186853,14.013202269349));
#8846 = VECTOR('',#8847,1.);
#8847 = DIRECTION('',(0.,-0.689331999643,-0.724445577161));
#8848 = ORIENTED_EDGE('',*,*,#8849,.T.);
#8849 = EDGE_CURVE('',#8842,#8850,#8852,.T.);
#8850 = VERTEX_POINT('',#8851);
#8851 = CARTESIAN_POINT('',(-61.81,-21.29760252115,10.853918159533));
#8852 = LINE('',#8853,#8854);
#8853 = CARTESIAN_POINT('',(-61.81,-21.413461,11.073686));
#8854 = VECTOR('',#8855,1.);
#8855 = DIRECTION('',(-0.,0.46634897408,-0.884600833356));
#8856 = ORIENTED_EDGE('',*,*,#8857,.T.);
#8857 = EDGE_CURVE('',#8850,#8858,#8860,.T.);
#8858 = VERTEX_POINT('',#8859);
#8859 = CARTESIAN_POINT('',(-61.81,-20.75715285999,11.178247));
#8860 = CIRCLE('',#8861,0.625243);
#8861 = AXIS2_PLACEMENT_3D('',#8862,#8863,#8864);
#8862 = CARTESIAN_POINT('',(-61.81,-20.749508,10.553050738683));
#8863 = DIRECTION('',(-1.,0.,0.));
#8864 = DIRECTION('',(0.,-1.,0.));
#8865 = ORIENTED_EDGE('',*,*,#8866,.F.);
#8866 = EDGE_CURVE('',#8867,#8858,#8869,.T.);
#8867 = VERTEX_POINT('',#8868);
#8868 = CARTESIAN_POINT('',(-61.81,-19.126928,11.178247));
#8869 = LINE('',#8870,#8871);
#8870 = CARTESIAN_POINT('',(-61.81,-19.126928,11.178247));
#8871 = VECTOR('',#8872,1.);
#8872 = DIRECTION('',(0.,-1.,0.));
#8873 = ORIENTED_EDGE('',*,*,#8874,.F.);
#8874 = EDGE_CURVE('',#8875,#8867,#8877,.T.);
#8875 = VERTEX_POINT('',#8876);
#8876 = CARTESIAN_POINT('',(-61.81,-18.06020703718,12.299305189634));
#8877 = LINE('',#8878,#8879);
#8878 = CARTESIAN_POINT('',(-61.81,-18.06020703718,12.299305189634));
#8879 = VECTOR('',#8880,1.);
#8880 = DIRECTION('',(0.,-0.689331999643,-0.724445577161));
#8881 = ORIENTED_EDGE('',*,*,#8882,.T.);
#8882 = EDGE_CURVE('',#8875,#8883,#8885,.T.);
#8883 = VERTEX_POINT('',#8884);
#8884 = CARTESIAN_POINT('',(-61.81,-13.318425,7.454219));
#8885 = LINE('',#8886,#8887);
#8886 = CARTESIAN_POINT('',(-61.81,-18.06020703718,12.299305189634));
#8887 = VECTOR('',#8888,1.);
#8888 = DIRECTION('',(-0.,0.699446682727,-0.71468478228));
#8889 = ORIENTED_EDGE('',*,*,#8890,.T.);
#8890 = EDGE_CURVE('',#8883,#8891,#8893,.T.);
#8891 = VERTEX_POINT('',#8892);
#8892 = CARTESIAN_POINT('',(-61.81,-18.049263,2.738148346076));
#8893 = LINE('',#8894,#8895);
#8894 = CARTESIAN_POINT('',(-61.81,-13.318425,7.454219));
#8895 = VECTOR('',#8896,1.);
#8896 = DIRECTION('',(0.,-0.708211260618,-0.70600057389));
#8897 = ORIENTED_EDGE('',*,*,#8898,.T.);
#8898 = EDGE_CURVE('',#8891,#8899,#8901,.T.);
#8899 = VERTEX_POINT('',#8900);
#8900 = CARTESIAN_POINT('',(-61.81,-19.37899030213,4.096845));
#8901 = LINE('',#8902,#8903);
#8902 = CARTESIAN_POINT('',(-61.81,-18.049263,2.738148346076));
#8903 = VECTOR('',#8904,1.);
#8904 = DIRECTION('',(0.,-0.699446682727,0.71468478228));
#8905 = ORIENTED_EDGE('',*,*,#8906,.T.);
#8906 = EDGE_CURVE('',#8899,#8907,#8909,.T.);
#8907 = VERTEX_POINT('',#8908);
#8908 = CARTESIAN_POINT('',(-61.81,-19.7882926805,4.096845));
#8909 = LINE('',#8910,#8911);
#8910 = CARTESIAN_POINT('',(-61.81,-19.37899030213,4.096845));
#8911 = VECTOR('',#8912,1.);
#8912 = DIRECTION('',(0.,-1.,0.));
#8913 = ORIENTED_EDGE('',*,*,#8914,.T.);
#8914 = EDGE_CURVE('',#8907,#8915,#8917,.T.);
#8915 = VERTEX_POINT('',#8916);
#8916 = CARTESIAN_POINT('',(-61.81,-20.79398970947,4.571928934846));
#8917 = CIRCLE('',#8918,1.28143102011);
#8918 = AXIS2_PLACEMENT_3D('',#8919,#8920,#8921);
#8919 = CARTESIAN_POINT('',(-61.81,-19.79803311497,5.378239));
#8920 = DIRECTION('',(-1.,0.,0.));
#8921 = DIRECTION('',(0.,-1.,0.));
#8922 = ORIENTED_EDGE('',*,*,#8923,.T.);
#8923 = EDGE_CURVE('',#8915,#8924,#8926,.T.);
#8924 = VERTEX_POINT('',#8925);
#8925 = CARTESIAN_POINT('',(-61.81,-21.65679762554,4.154742371532));
#8926 = CIRCLE('',#8927,0.951738);
#8927 = AXIS2_PLACEMENT_3D('',#8928,#8929,#8930);
#8928 = CARTESIAN_POINT('',(-61.81,-21.583348,5.103641930574));
#8929 = DIRECTION('',(-1.,0.,0.));
#8930 = DIRECTION('',(0.,-1.,0.));
#8931 = ORIENTED_EDGE('',*,*,#8932,.T.);
#8932 = EDGE_CURVE('',#8924,#8933,#8935,.T.);
#8933 = VERTEX_POINT('',#8934);
#8934 = CARTESIAN_POINT('',(-61.81,-18.59351669152,1.024725));
#8935 = LINE('',#8936,#8937);
#8936 = CARTESIAN_POINT('',(-61.81,-21.65679762554,4.154742371532));
#8937 = VECTOR('',#8938,1.);
#8938 = DIRECTION('',(-0.,0.699446682727,-0.71468478228));
#8939 = ORIENTED_EDGE('',*,*,#8940,.F.);
#8940 = EDGE_CURVE('',#8941,#8933,#8943,.T.);
#8941 = VERTEX_POINT('',#8942);
#8942 = CARTESIAN_POINT('',(-61.81,-17.56700721269,1.009090031622));
#8943 = CIRCLE('',#8944,0.682666387113);
#8944 = AXIS2_PLACEMENT_3D('',#8945,#8946,#8947);
#8945 = CARTESIAN_POINT('',(-61.81,-18.073408,1.466901825601));
#8946 = DIRECTION('',(-1.,0.,0.));
#8947 = DIRECTION('',(0.,-1.,0.));
#8948 = ORIENTED_EDGE('',*,*,#8949,.F.);
#8949 = EDGE_CURVE('',#8816,#8941,#8950,.T.);
#8950 = LINE('',#8951,#8952);
#8951 = CARTESIAN_POINT('',(-61.81,-11.66149632263,6.896166825419));
#8952 = VECTOR('',#8953,1.);
#8953 = DIRECTION('',(0.,-0.708211260618,-0.70600057389));
#8954 = FACE_BOUND('',#8955,.T.);
#8955 = EDGE_LOOP('',(#8956,#8967,#8975,#8984,#8992,#9001,#9009,#9018,
    #9026,#9035,#9043,#9052,#9060,#9069,#9077,#9086));
#8956 = ORIENTED_EDGE('',*,*,#8957,.F.);
#8957 = EDGE_CURVE('',#8958,#8960,#8962,.T.);
#8958 = VERTEX_POINT('',#8959);
#8959 = CARTESIAN_POINT('',(-61.81,-26.83155371342,4.575358637453));
#8960 = VERTEX_POINT('',#8961);
#8961 = CARTESIAN_POINT('',(-61.81,-27.058415,4.786233));
#8962 = CIRCLE('',#8963,0.230041);
#8963 = AXIS2_PLACEMENT_3D('',#8964,#8965,#8966);
#8964 = CARTESIAN_POINT('',(-61.81,-26.82917282706,4.805387316232));
#8965 = DIRECTION('',(-1.,0.,0.));
#8966 = DIRECTION('',(0.,-1.,0.));
#8967 = ORIENTED_EDGE('',*,*,#8968,.T.);
#8968 = EDGE_CURVE('',#8958,#8969,#8971,.T.);
#8969 = VERTEX_POINT('',#8970);
#8970 = CARTESIAN_POINT('',(-61.81,-23.4777344665,4.575358637453));
#8971 = LINE('',#8972,#8973);
#8972 = CARTESIAN_POINT('',(-61.81,-26.83155371342,4.575358637453));
#8973 = VECTOR('',#8974,1.);
#8974 = DIRECTION('',(0.,1.,0.));
#8975 = ORIENTED_EDGE('',*,*,#8976,.F.);
#8976 = EDGE_CURVE('',#8977,#8969,#8979,.T.);
#8977 = VERTEX_POINT('',#8978);
#8978 = CARTESIAN_POINT('',(-61.81,-23.30460149646,4.836737739418));
#8979 = CIRCLE('',#8980,0.193424279074);
#8980 = AXIS2_PLACEMENT_3D('',#8981,#8982,#8983);
#8981 = CARTESIAN_POINT('',(-61.81,-23.485635,4.7686214981));
#8982 = DIRECTION('',(-1.,0.,0.));
#8983 = DIRECTION('',(0.,-1.,0.));
#8984 = ORIENTED_EDGE('',*,*,#8985,.F.);
#8985 = EDGE_CURVE('',#8986,#8977,#8988,.T.);
#8986 = VERTEX_POINT('',#8987);
#8987 = CARTESIAN_POINT('',(-61.81,-23.765507,9.456037195318));
#8988 = LINE('',#8989,#8990);
#8989 = CARTESIAN_POINT('',(-61.81,-23.765507,9.456037195318));
#8990 = VECTOR('',#8991,1.);
#8991 = DIRECTION('',(-0.,9.928522300998E-02,-0.995059015582));
#8992 = ORIENTED_EDGE('',*,*,#8993,.F.);
#8993 = EDGE_CURVE('',#8994,#8986,#8996,.T.);
#8994 = VERTEX_POINT('',#8995);
#8995 = CARTESIAN_POINT('',(-61.81,-23.95133021566,9.630136648849));
#8996 = CIRCLE('',#8997,0.169413);
#8997 = AXIS2_PLACEMENT_3D('',#8998,#8999,#9000);
#8998 = CARTESIAN_POINT('',(-61.81,-23.9348309636,9.461529));
#8999 = DIRECTION('',(-1.,0.,0.));
#9000 = DIRECTION('',(0.,-1.,0.));
#9001 = ORIENTED_EDGE('',*,*,#9002,.T.);
#9002 = EDGE_CURVE('',#8994,#9003,#9005,.T.);
#9003 = VERTEX_POINT('',#9004);
#9004 = CARTESIAN_POINT('',(-61.81,-24.79518304836,9.630136648849));
#9005 = LINE('',#9006,#9007);
#9006 = CARTESIAN_POINT('',(-61.81,-23.95133021566,9.630136648849));
#9007 = VECTOR('',#9008,1.);
#9008 = DIRECTION('',(0.,-1.,0.));
#9009 = ORIENTED_EDGE('',*,*,#9010,.F.);
#9010 = EDGE_CURVE('',#9011,#9003,#9013,.T.);
#9011 = VERTEX_POINT('',#9012);
#9012 = CARTESIAN_POINT('',(-61.81,-24.98461286478,9.424375167728));
#9013 = CIRCLE('',#9014,0.185350299619);
#9014 = AXIS2_PLACEMENT_3D('',#9015,#9016,#9017);
#9015 = CARTESIAN_POINT('',(-61.81,-24.800398,9.444859726788));
#9016 = DIRECTION('',(-1.,0.,0.));
#9017 = DIRECTION('',(0.,-1.,0.));
#9018 = ORIENTED_EDGE('',*,*,#9019,.T.);
#9019 = EDGE_CURVE('',#9011,#9020,#9022,.T.);
#9020 = VERTEX_POINT('',#9021);
#9021 = CARTESIAN_POINT('',(-61.81,-24.62180056716,5.788188061862));
#9022 = LINE('',#9023,#9024);
#9023 = CARTESIAN_POINT('',(-61.81,-24.98461286478,9.424375167728));
#9024 = VECTOR('',#9025,1.);
#9025 = DIRECTION('',(-0.,9.928522301003E-02,-0.995059015582));
#9026 = ORIENTED_EDGE('',*,*,#9027,.T.);
#9027 = EDGE_CURVE('',#9020,#9028,#9030,.T.);
#9028 = VERTEX_POINT('',#9029);
#9029 = CARTESIAN_POINT('',(-61.81,-24.73684483651,5.577047669926));
#9030 = CIRCLE('',#9031,0.164283);
#9031 = AXIS2_PLACEMENT_3D('',#9032,#9033,#9034);
#9032 = CARTESIAN_POINT('',(-61.81,-24.777636,5.736185927648));
#9033 = DIRECTION('',(-1.,0.,0.));
#9034 = DIRECTION('',(0.,-1.,0.));
#9035 = ORIENTED_EDGE('',*,*,#9036,.T.);
#9036 = EDGE_CURVE('',#9028,#9037,#9039,.T.);
#9037 = VERTEX_POINT('',#9038);
#9038 = CARTESIAN_POINT('',(-61.81,-25.71134748518,5.577047669926));
#9039 = LINE('',#9040,#9041);
#9040 = CARTESIAN_POINT('',(-61.81,-24.73684483651,5.577047669926));
#9041 = VECTOR('',#9042,1.);
#9042 = DIRECTION('',(0.,-1.,0.));
#9043 = ORIENTED_EDGE('',*,*,#9044,.T.);
#9044 = EDGE_CURVE('',#9037,#9045,#9047,.T.);
#9045 = VERTEX_POINT('',#9046);
#9046 = CARTESIAN_POINT('',(-61.81,-25.96237372094,5.747015));
#9047 = CIRCLE('',#9048,0.18086);
#9048 = AXIS2_PLACEMENT_3D('',#9049,#9050,#9051);
#9049 = CARTESIAN_POINT('',(-61.81,-25.78154356462,5.743729552659));
#9050 = DIRECTION('',(-1.,0.,0.));
#9051 = DIRECTION('',(0.,-1.,0.));
#9052 = ORIENTED_EDGE('',*,*,#9053,.F.);
#9053 = EDGE_CURVE('',#9054,#9045,#9056,.T.);
#9054 = VERTEX_POINT('',#9055);
#9055 = CARTESIAN_POINT('',(-61.81,-26.324763,9.378962517906));
#9056 = LINE('',#9057,#9058);
#9057 = CARTESIAN_POINT('',(-61.81,-26.324763,9.378962517906));
#9058 = VECTOR('',#9059,1.);
#9059 = DIRECTION('',(-0.,9.928522300997E-02,-0.995059015582));
#9060 = ORIENTED_EDGE('',*,*,#9061,.F.);
#9061 = EDGE_CURVE('',#9062,#9054,#9064,.T.);
#9062 = VERTEX_POINT('',#9063);
#9063 = CARTESIAN_POINT('',(-61.81,-26.55809955505,9.574289564117));
#9064 = CIRCLE('',#9065,0.257494);
#9065 = AXIS2_PLACEMENT_3D('',#9066,#9067,#9068);
#9066 = CARTESIAN_POINT('',(-61.81,-26.57477366442,9.317336));
#9067 = DIRECTION('',(-1.,0.,0.));
#9068 = DIRECTION('',(0.,-1.,0.));
#9069 = ORIENTED_EDGE('',*,*,#9070,.T.);
#9070 = EDGE_CURVE('',#9062,#9071,#9073,.T.);
#9071 = VERTEX_POINT('',#9072);
#9072 = CARTESIAN_POINT('',(-61.81,-27.36156318081,9.574289564117));
#9073 = LINE('',#9074,#9075);
#9074 = CARTESIAN_POINT('',(-61.81,-26.55809955505,9.574289564117));
#9075 = VECTOR('',#9076,1.);
#9076 = DIRECTION('',(0.,-1.,0.));
#9077 = ORIENTED_EDGE('',*,*,#9078,.F.);
#9078 = EDGE_CURVE('',#9079,#9071,#9081,.T.);
#9079 = VERTEX_POINT('',#9080);
#9080 = CARTESIAN_POINT('',(-61.81,-27.50971643915,9.309278345152));
#9081 = CIRCLE('',#9082,0.252284);
#9082 = AXIS2_PLACEMENT_3D('',#9083,#9084,#9085);
#9083 = CARTESIAN_POINT('',(-61.81,-27.25975855893,9.34345837987));
#9084 = DIRECTION('',(-1.,0.,0.));
#9085 = DIRECTION('',(0.,-1.,0.));
#9086 = ORIENTED_EDGE('',*,*,#9087,.T.);
#9087 = EDGE_CURVE('',#9079,#8960,#9088,.T.);
#9088 = LINE('',#9089,#9090);
#9089 = CARTESIAN_POINT('',(-61.81,-27.50971643915,9.309278345152));
#9090 = VECTOR('',#9091,1.);
#9091 = DIRECTION('',(-0.,9.928522300994E-02,-0.995059015582));
#9092 = FACE_BOUND('',#9093,.T.);
#9093 = EDGE_LOOP('',(#9094,#9105,#9113,#9122,#9130,#9139,#9147,#9156,
    #9164,#9173,#9181,#9190,#9198,#9207,#9215,#9224,#9232,#9241,#9249,
    #9258,#9266,#9275,#9283,#9292));
#9094 = ORIENTED_EDGE('',*,*,#9095,.F.);
#9095 = EDGE_CURVE('',#9096,#9098,#9100,.T.);
#9096 = VERTEX_POINT('',#9097);
#9097 = CARTESIAN_POINT('',(-61.81,-33.03965251486,10.629029558329));
#9098 = VERTEX_POINT('',#9099);
#9099 = CARTESIAN_POINT('',(-61.81,-32.84429809496,10.471716));
#9100 = CIRCLE('',#9101,0.158405);
#9101 = AXIS2_PLACEMENT_3D('',#9102,#9103,#9104);
#9102 = CARTESIAN_POINT('',(-61.81,-33.002669,10.475002406005));
#9103 = DIRECTION('',(-1.,0.,0.));
#9104 = DIRECTION('',(0.,-1.,0.));
#9105 = ORIENTED_EDGE('',*,*,#9106,.T.);
#9106 = EDGE_CURVE('',#9096,#9107,#9109,.T.);
#9107 = VERTEX_POINT('',#9108);
#9108 = CARTESIAN_POINT('',(-61.81,-36.2524503374,10.629029558329));
#9109 = LINE('',#9110,#9111);
#9110 = CARTESIAN_POINT('',(-61.81,-33.03965251486,10.629029558329));
#9111 = VECTOR('',#9112,1.);
#9112 = DIRECTION('',(0.,-1.,0.));
#9113 = ORIENTED_EDGE('',*,*,#9114,.F.);
#9114 = EDGE_CURVE('',#9115,#9107,#9117,.T.);
#9115 = VERTEX_POINT('',#9116);
#9116 = CARTESIAN_POINT('',(-61.81,-36.42347476012,10.430545954361));
#9117 = CIRCLE('',#9118,0.155017006672);
#9118 = AXIS2_PLACEMENT_3D('',#9119,#9120,#9121);
#9119 = CARTESIAN_POINT('',(-61.81,-36.27517600097,10.475687403092));
#9120 = DIRECTION('',(-1.,0.,0.));
#9121 = DIRECTION('',(0.,-1.,0.));
#9122 = ORIENTED_EDGE('',*,*,#9123,.T.);
#9123 = EDGE_CURVE('',#9115,#9124,#9126,.T.);
#9124 = VERTEX_POINT('',#9125);
#9125 = CARTESIAN_POINT('',(-61.81,-36.37427751405,9.93748));
#9126 = LINE('',#9127,#9128);
#9127 = CARTESIAN_POINT('',(-61.81,-36.42347476012,10.430545954361));
#9128 = VECTOR('',#9129,1.);
#9129 = DIRECTION('',(-0.,9.928522301005E-02,-0.995059015582));
#9130 = ORIENTED_EDGE('',*,*,#9131,.F.);
#9131 = EDGE_CURVE('',#9132,#9124,#9134,.T.);
#9132 = VERTEX_POINT('',#9133);
#9133 = CARTESIAN_POINT('',(-61.81,-36.13420249032,9.737939349596));
#9134 = CIRCLE('',#9135,0.214246);
#9135 = AXIS2_PLACEMENT_3D('',#9136,#9137,#9138);
#9136 = CARTESIAN_POINT('',(-61.81,-36.160432,9.950573686752));
#9137 = DIRECTION('',(-1.,0.,0.));
#9138 = DIRECTION('',(0.,-1.,0.));
#9139 = ORIENTED_EDGE('',*,*,#9140,.T.);
#9140 = EDGE_CURVE('',#9132,#9141,#9143,.T.);
#9141 = VERTEX_POINT('',#9142);
#9142 = CARTESIAN_POINT('',(-61.81,-34.12818132902,9.737939349596));
#9143 = LINE('',#9144,#9145);
#9144 = CARTESIAN_POINT('',(-61.81,-36.13420249032,9.737939349596));
#9145 = VECTOR('',#9146,1.);
#9146 = DIRECTION('',(0.,1.,0.));
#9147 = ORIENTED_EDGE('',*,*,#9148,.T.);
#9148 = EDGE_CURVE('',#9141,#9149,#9151,.T.);
#9149 = VERTEX_POINT('',#9150);
#9150 = CARTESIAN_POINT('',(-61.81,-33.899596,9.507770159806));
#9151 = CIRCLE('',#9152,0.23411);
#9152 = AXIS2_PLACEMENT_3D('',#9153,#9154,#9155);
#9153 = CARTESIAN_POINT('',(-61.81,-34.13367390553,9.503893790562));
#9154 = DIRECTION('',(-1.,0.,0.));
#9155 = DIRECTION('',(0.,-1.,0.));
#9156 = ORIENTED_EDGE('',*,*,#9157,.T.);
#9157 = EDGE_CURVE('',#9149,#9158,#9160,.T.);
#9158 = VERTEX_POINT('',#9159);
#9159 = CARTESIAN_POINT('',(-61.81,-33.79509344551,8.460421865236));
#9160 = LINE('',#9161,#9162);
#9161 = CARTESIAN_POINT('',(-61.81,-33.899596,9.507770159806));
#9162 = VECTOR('',#9163,1.);
#9163 = DIRECTION('',(-0.,9.928522300999E-02,-0.995059015582));
#9164 = ORIENTED_EDGE('',*,*,#9165,.T.);
#9165 = EDGE_CURVE('',#9158,#9166,#9168,.T.);
#9166 = VERTEX_POINT('',#9167);
#9167 = CARTESIAN_POINT('',(-61.81,-33.98036947934,8.196466065155));
#9168 = CIRCLE('',#9169,0.235149810073);
#9169 = AXIS2_PLACEMENT_3D('',#9170,#9171,#9172);
#9170 = CARTESIAN_POINT('',(-61.81,-34.027824,8.426777813981));
#9171 = DIRECTION('',(-1.,0.,0.));
#9172 = DIRECTION('',(0.,-1.,0.));
#9173 = ORIENTED_EDGE('',*,*,#9174,.T.);
#9174 = EDGE_CURVE('',#9166,#9175,#9177,.T.);
#9175 = VERTEX_POINT('',#9176);
#9176 = CARTESIAN_POINT('',(-61.81,-36.06590575358,8.196466065155));
#9177 = LINE('',#9178,#9179);
#9178 = CARTESIAN_POINT('',(-61.81,-33.98036947934,8.196466065155));
#9179 = VECTOR('',#9180,1.);
#9180 = DIRECTION('',(0.,-1.,0.));
#9181 = ORIENTED_EDGE('',*,*,#9182,.F.);
#9182 = EDGE_CURVE('',#9183,#9175,#9185,.T.);
#9183 = VERTEX_POINT('',#9184);
#9184 = CARTESIAN_POINT('',(-61.81,-36.16850417772,8.020903982822));
#9185 = CIRCLE('',#9186,0.128874897427);
#9186 = AXIS2_PLACEMENT_3D('',#9187,#9188,#9189);
#9187 = CARTESIAN_POINT('',(-61.81,-36.048831,8.068727300573));
#9188 = DIRECTION('',(-1.,0.,0.));
#9189 = DIRECTION('',(0.,-1.,0.));
#9190 = ORIENTED_EDGE('',*,*,#9191,.T.);
#9191 = EDGE_CURVE('',#9183,#9192,#9194,.T.);
#9192 = VERTEX_POINT('',#9193);
#9193 = CARTESIAN_POINT('',(-61.81,-35.84744,4.803126));
#9194 = LINE('',#9195,#9196);
#9195 = CARTESIAN_POINT('',(-61.81,-36.16850417772,8.020903982822));
#9196 = VECTOR('',#9197,1.);
#9197 = DIRECTION('',(-0.,9.928522301051E-02,-0.995059015582));
#9198 = ORIENTED_EDGE('',*,*,#9199,.F.);
#9199 = EDGE_CURVE('',#9200,#9192,#9202,.T.);
#9200 = VERTEX_POINT('',#9201);
#9201 = CARTESIAN_POINT('',(-61.81,-35.60630187188,4.580063969162));
#9202 = CIRCLE('',#9203,0.257767);
#9203 = AXIS2_PLACEMENT_3D('',#9204,#9205,#9206);
#9204 = CARTESIAN_POINT('',(-61.81,-35.59196608043,4.837432015688));
#9205 = DIRECTION('',(-1.,0.,0.));
#9206 = DIRECTION('',(0.,-1.,0.));
#9207 = ORIENTED_EDGE('',*,*,#9208,.F.);
#9208 = EDGE_CURVE('',#9209,#9200,#9211,.T.);
#9209 = VERTEX_POINT('',#9210);
#9210 = CARTESIAN_POINT('',(-61.81,-32.43890494101,4.580063969162));
#9211 = LINE('',#9212,#9213);
#9212 = CARTESIAN_POINT('',(-61.81,-32.43890494101,4.580063969162));
#9213 = VECTOR('',#9214,1.);
#9214 = DIRECTION('',(0.,-1.,0.));
#9215 = ORIENTED_EDGE('',*,*,#9216,.F.);
#9216 = EDGE_CURVE('',#9217,#9209,#9219,.T.);
#9217 = VERTEX_POINT('',#9218);
#9218 = CARTESIAN_POINT('',(-61.81,-32.27149689234,4.867526918798));
#9219 = CIRCLE('',#9220,0.225281986006);
#9220 = AXIS2_PLACEMENT_3D('',#9221,#9222,#9223);
#9221 = CARTESIAN_POINT('',(-61.81,-32.486502,4.80026045686));
#9222 = DIRECTION('',(-1.,0.,0.));
#9223 = DIRECTION('',(0.,-1.,0.));
#9224 = ORIENTED_EDGE('',*,*,#9225,.F.);
#9225 = EDGE_CURVE('',#9226,#9217,#9228,.T.);
#9226 = VERTEX_POINT('',#9227);
#9227 = CARTESIAN_POINT('',(-61.81,-32.316375,5.317305488757));
#9228 = LINE('',#9229,#9230);
#9229 = CARTESIAN_POINT('',(-61.81,-32.316375,5.317305488757));
#9230 = VECTOR('',#9231,1.);
#9231 = DIRECTION('',(-0.,9.928522301003E-02,-0.995059015582));
#9232 = ORIENTED_EDGE('',*,*,#9233,.F.);
#9233 = EDGE_CURVE('',#9234,#9226,#9236,.T.);
#9234 = VERTEX_POINT('',#9235);
#9235 = CARTESIAN_POINT('',(-61.81,-32.54448434466,5.504177263238));
#9236 = CIRCLE('',#9237,0.213474);
#9237 = AXIS2_PLACEMENT_3D('',#9238,#9239,#9240);
#9238 = CARTESIAN_POINT('',(-61.81,-32.52826160348,5.291320571202));
#9239 = DIRECTION('',(-1.,0.,0.));
#9240 = DIRECTION('',(0.,-1.,0.));
#9241 = ORIENTED_EDGE('',*,*,#9242,.T.);
#9242 = EDGE_CURVE('',#9234,#9243,#9245,.T.);
#9243 = VERTEX_POINT('',#9244);
#9244 = CARTESIAN_POINT('',(-61.81,-34.55049966907,5.504177263238));
#9245 = LINE('',#9246,#9247);
#9246 = CARTESIAN_POINT('',(-61.81,-32.54448434466,5.504177263238));
#9247 = VECTOR('',#9248,1.);
#9248 = DIRECTION('',(0.,-1.,0.));
#9249 = ORIENTED_EDGE('',*,*,#9250,.T.);
#9250 = EDGE_CURVE('',#9243,#9251,#9253,.T.);
#9251 = VERTEX_POINT('',#9252);
#9252 = CARTESIAN_POINT('',(-61.81,-34.759551,5.707943357383));
#9253 = CIRCLE('',#9254,0.20878);
#9254 = AXIS2_PLACEMENT_3D('',#9255,#9256,#9257);
#9255 = CARTESIAN_POINT('',(-61.81,-34.55083120748,5.712957));
#9256 = DIRECTION('',(-1.,0.,0.));
#9257 = DIRECTION('',(0.,-1.,0.));
#9258 = ORIENTED_EDGE('',*,*,#9259,.T.);
#9259 = EDGE_CURVE('',#9251,#9260,#9262,.T.);
#9260 = VERTEX_POINT('',#9261);
#9261 = CARTESIAN_POINT('',(-61.81,-34.89544819581,7.069935865293));
#9262 = LINE('',#9263,#9264);
#9263 = CARTESIAN_POINT('',(-61.81,-34.759551,5.707943357383));
#9264 = VECTOR('',#9265,1.);
#9265 = DIRECTION('',(0.,-9.92852230103E-02,0.995059015582));
#9266 = ORIENTED_EDGE('',*,*,#9267,.T.);
#9267 = EDGE_CURVE('',#9260,#9268,#9270,.T.);
#9268 = VERTEX_POINT('',#9269);
#9269 = CARTESIAN_POINT('',(-61.81,-34.72998987485,7.267361460795));
#9270 = CIRCLE('',#9271,0.153998451092);
#9271 = AXIS2_PLACEMENT_3D('',#9272,#9273,#9274);
#9272 = CARTESIAN_POINT('',(-61.81,-34.748015,7.114421545135));
#9273 = DIRECTION('',(-1.,0.,0.));
#9274 = DIRECTION('',(0.,-1.,0.));
#9275 = ORIENTED_EDGE('',*,*,#9276,.T.);
#9276 = EDGE_CURVE('',#9268,#9277,#9279,.T.);
#9277 = VERTEX_POINT('',#9278);
#9278 = CARTESIAN_POINT('',(-61.81,-32.7239695098,7.267361460795));
#9279 = LINE('',#9280,#9281);
#9280 = CARTESIAN_POINT('',(-61.81,-34.72998987485,7.267361460795));
#9281 = VECTOR('',#9282,1.);
#9282 = DIRECTION('',(0.,1.,0.));
#9283 = ORIENTED_EDGE('',*,*,#9284,.F.);
#9284 = EDGE_CURVE('',#9285,#9277,#9287,.T.);
#9285 = VERTEX_POINT('',#9286);
#9286 = CARTESIAN_POINT('',(-61.81,-32.54448397367,7.46691090068));
#9287 = CIRCLE('',#9288,0.171555687278);
#9288 = AXIS2_PLACEMENT_3D('',#9289,#9290,#9291);
#9289 = CARTESIAN_POINT('',(-61.81,-32.71368901874,7.438608841332));
#9290 = DIRECTION('',(-1.,0.,0.));
#9291 = DIRECTION('',(0.,-1.,0.));
#9292 = ORIENTED_EDGE('',*,*,#9293,.T.);
#9293 = EDGE_CURVE('',#9285,#9098,#9294,.T.);
#9294 = LINE('',#9295,#9296);
#9295 = CARTESIAN_POINT('',(-61.81,-32.54448397367,7.46691090068));
#9296 = VECTOR('',#9297,1.);
#9297 = DIRECTION('',(0.,-9.928522301E-02,0.995059015582));
#9298 = FACE_BOUND('',#9299,.T.);
#9299 = EDGE_LOOP('',(#9300,#9311,#9319,#9328,#9336,#9345,#9353,#9362,
    #9370,#9379,#9387,#9396,#9404,#9413,#9421,#9430));
#9300 = ORIENTED_EDGE('',*,*,#9301,.F.);
#9301 = EDGE_CURVE('',#9302,#9304,#9306,.T.);
#9302 = VERTEX_POINT('',#9303);
#9303 = CARTESIAN_POINT('',(-61.81,-36.70165140402,4.793625961206));
#9304 = VERTEX_POINT('',#9305);
#9305 = CARTESIAN_POINT('',(-61.81,-36.9379589727,4.615001050425));
#9306 = CIRCLE('',#9307,0.23777495481);
#9307 = AXIS2_PLACEMENT_3D('',#9308,#9309,#9310);
#9308 = CARTESIAN_POINT('',(-61.81,-36.93197100113,4.852700594663));
#9309 = DIRECTION('',(-1.,0.,0.));
#9310 = DIRECTION('',(0.,-1.,0.));
#9311 = ORIENTED_EDGE('',*,*,#9312,.T.);
#9312 = EDGE_CURVE('',#9302,#9313,#9315,.T.);
#9313 = VERTEX_POINT('',#9314);
#9314 = CARTESIAN_POINT('',(-61.81,-37.25977328566,10.38725));
#9315 = LINE('',#9316,#9317);
#9316 = CARTESIAN_POINT('',(-61.81,-36.70165140402,4.793625961206));
#9317 = VECTOR('',#9318,1.);
#9318 = DIRECTION('',(0.,-9.928522301029E-02,0.995059015582));
#9319 = ORIENTED_EDGE('',*,*,#9320,.F.);
#9320 = EDGE_CURVE('',#9321,#9313,#9323,.T.);
#9321 = VERTEX_POINT('',#9322);
#9322 = CARTESIAN_POINT('',(-61.81,-37.48984617232,10.636418537705));
#9323 = CIRCLE('',#9324,0.252558);
#9324 = AXIS2_PLACEMENT_3D('',#9325,#9326,#9327);
#9325 = CARTESIAN_POINT('',(-61.81,-37.51232,10.38486243972));
#9326 = DIRECTION('',(-1.,0.,0.));
#9327 = DIRECTION('',(0.,-1.,0.));
#9328 = ORIENTED_EDGE('',*,*,#9329,.T.);
#9329 = EDGE_CURVE('',#9321,#9330,#9332,.T.);
#9330 = VERTEX_POINT('',#9331);
#9331 = CARTESIAN_POINT('',(-61.81,-40.69525537928,10.636418537705));
#9332 = LINE('',#9333,#9334);
#9333 = CARTESIAN_POINT('',(-61.81,-37.48984617232,10.636418537705));
#9334 = VECTOR('',#9335,1.);
#9335 = DIRECTION('',(0.,-1.,0.));
#9336 = ORIENTED_EDGE('',*,*,#9337,.F.);
#9337 = EDGE_CURVE('',#9338,#9330,#9340,.T.);
#9338 = VERTEX_POINT('',#9339);
#9339 = CARTESIAN_POINT('',(-61.81,-40.86056280124,10.380892654988));
#9340 = CIRCLE('',#9341,0.205932481633);
#9341 = AXIS2_PLACEMENT_3D('',#9342,#9343,#9344);
#9342 = CARTESIAN_POINT('',(-61.81,-40.661407,10.433286870525));
#9343 = DIRECTION('',(-1.,0.,0.));
#9344 = DIRECTION('',(0.,-1.,0.));
#9345 = ORIENTED_EDGE('',*,*,#9346,.T.);
#9346 = EDGE_CURVE('',#9338,#9347,#9349,.T.);
#9347 = VERTEX_POINT('',#9348);
#9348 = CARTESIAN_POINT('',(-61.81,-40.820537,9.979745));
#9349 = LINE('',#9350,#9351);
#9350 = CARTESIAN_POINT('',(-61.81,-40.86056280124,10.380892654988));
#9351 = VECTOR('',#9352,1.);
#9352 = DIRECTION('',(-0.,9.928522301008E-02,-0.995059015582));
#9353 = ORIENTED_EDGE('',*,*,#9354,.F.);
#9354 = EDGE_CURVE('',#9355,#9347,#9357,.T.);
#9355 = VERTEX_POINT('',#9356);
#9356 = CARTESIAN_POINT('',(-61.81,-40.61290581478,9.750808875363));
#9357 = CIRCLE('',#9358,0.234872);
#9358 = AXIS2_PLACEMENT_3D('',#9359,#9360,#9361);
#9359 = CARTESIAN_POINT('',(-61.81,-40.58570538842,9.984100523713));
#9360 = DIRECTION('',(-1.,0.,0.));
#9361 = DIRECTION('',(0.,-1.,0.));
#9362 = ORIENTED_EDGE('',*,*,#9363,.T.);
#9363 = EDGE_CURVE('',#9355,#9364,#9366,.T.);
#9364 = VERTEX_POINT('',#9365);
#9365 = CARTESIAN_POINT('',(-61.81,-38.56254220869,9.750808875363));
#9366 = LINE('',#9367,#9368);
#9367 = CARTESIAN_POINT('',(-61.81,-40.61290581478,9.750808875363));
#9368 = VECTOR('',#9369,1.);
#9369 = DIRECTION('',(0.,1.,0.));
#9370 = ORIENTED_EDGE('',*,*,#9371,.T.);
#9371 = EDGE_CURVE('',#9364,#9372,#9374,.T.);
#9372 = VERTEX_POINT('',#9373);
#9373 = CARTESIAN_POINT('',(-61.81,-38.35001156731,9.507773871219));
#9374 = CIRCLE('',#9375,0.253461);
#9375 = AXIS2_PLACEMENT_3D('',#9376,#9377,#9378);
#9376 = CARTESIAN_POINT('',(-61.81,-38.6033726653,9.500658216092));
#9377 = DIRECTION('',(-1.,0.,0.));
#9378 = DIRECTION('',(0.,-1.,0.));
#9379 = ORIENTED_EDGE('',*,*,#9380,.T.);
#9380 = EDGE_CURVE('',#9372,#9381,#9383,.T.);
#9381 = VERTEX_POINT('',#9382);
#9382 = CARTESIAN_POINT('',(-61.81,-37.97656544443,5.765012157641));
#9383 = LINE('',#9384,#9385);
#9384 = CARTESIAN_POINT('',(-61.81,-38.35001156731,9.507773871219));
#9385 = VECTOR('',#9386,1.);
#9386 = DIRECTION('',(-0.,9.928522301029E-02,-0.995059015582));
#9387 = ORIENTED_EDGE('',*,*,#9388,.T.);
#9388 = EDGE_CURVE('',#9381,#9389,#9391,.T.);
#9389 = VERTEX_POINT('',#9390);
#9390 = CARTESIAN_POINT('',(-61.81,-38.10927908822,5.507556080816));
#9391 = CIRCLE('',#9392,0.311639);
#9392 = AXIS2_PLACEMENT_3D('',#9393,#9394,#9395);
#9393 = CARTESIAN_POINT('',(-61.81,-38.288196,5.762718));
#9394 = DIRECTION('',(-1.,0.,0.));
#9395 = DIRECTION('',(0.,-1.,0.));
#9396 = ORIENTED_EDGE('',*,*,#9397,.F.);
#9397 = EDGE_CURVE('',#9398,#9389,#9400,.T.);
#9398 = VERTEX_POINT('',#9399);
#9399 = CARTESIAN_POINT('',(-61.81,-40.12476078003,5.507556080816));
#9400 = LINE('',#9401,#9402);
#9401 = CARTESIAN_POINT('',(-61.81,-40.12476078003,5.507556080816));
#9402 = VECTOR('',#9403,1.);
#9403 = DIRECTION('',(0.,1.,0.));
#9404 = ORIENTED_EDGE('',*,*,#9405,.F.);
#9405 = EDGE_CURVE('',#9406,#9398,#9408,.T.);
#9406 = VERTEX_POINT('',#9407);
#9407 = CARTESIAN_POINT('',(-61.81,-40.2942359651,5.243435729423));
#9408 = CIRCLE('',#9409,0.216205343773);
#9409 = AXIS2_PLACEMENT_3D('',#9410,#9411,#9412);
#9410 = CARTESIAN_POINT('',(-61.81,-40.084311,5.295168308166));
#9411 = DIRECTION('',(-1.,0.,0.));
#9412 = DIRECTION('',(0.,-1.,0.));
#9413 = ORIENTED_EDGE('',*,*,#9414,.T.);
#9414 = EDGE_CURVE('',#9406,#9415,#9417,.T.);
#9415 = VERTEX_POINT('',#9416);
#9416 = CARTESIAN_POINT('',(-61.81,-40.251986,4.819997));
#9417 = LINE('',#9418,#9419);
#9418 = CARTESIAN_POINT('',(-61.81,-40.2942359651,5.243435729423));
#9419 = VECTOR('',#9420,1.);
#9420 = DIRECTION('',(-0.,9.928522300983E-02,-0.995059015582));
#9421 = ORIENTED_EDGE('',*,*,#9422,.F.);
#9422 = EDGE_CURVE('',#9423,#9415,#9425,.T.);
#9423 = VERTEX_POINT('',#9424);
#9424 = CARTESIAN_POINT('',(-61.81,-40.04066248839,4.615001050425));
#9425 = CIRCLE('',#9426,0.228472);
#9426 = AXIS2_PLACEMENT_3D('',#9427,#9428,#9429);
#9427 = CARTESIAN_POINT('',(-61.81,-40.02466609204,4.842912371091));
#9428 = DIRECTION('',(-1.,0.,0.));
#9429 = DIRECTION('',(0.,-1.,0.));
#9430 = ORIENTED_EDGE('',*,*,#9431,.T.);
#9431 = EDGE_CURVE('',#9423,#9304,#9432,.T.);
#9432 = LINE('',#9433,#9434);
#9433 = CARTESIAN_POINT('',(-61.81,-40.04066248839,4.615001050425));
#9434 = VECTOR('',#9435,1.);
#9435 = DIRECTION('',(0.,1.,0.));
#9436 = FACE_BOUND('',#9437,.T.);
#9437 = EDGE_LOOP('',(#9438,#9449,#9457,#9466,#9474,#9483,#9491,#9500,
    #9508,#9517,#9525,#9534,#9542,#9551,#9559,#9568,#9576,#9585,#9593,
    #9602,#9610,#9619,#9627,#9636));
#9438 = ORIENTED_EDGE('',*,*,#9439,.F.);
#9439 = EDGE_CURVE('',#9440,#9442,#9444,.T.);
#9440 = VERTEX_POINT('',#9441);
#9441 = CARTESIAN_POINT('',(-61.81,-41.94110052963,10.65119547));
#9442 = VERTEX_POINT('',#9443);
#9443 = CARTESIAN_POINT('',(-61.81,-41.68620306586,10.450592));
#9444 = CIRCLE('',#9445,0.215668);
#9445 = AXIS2_PLACEMENT_3D('',#9446,#9447,#9448);
#9446 = CARTESIAN_POINT('',(-61.81,-41.901569,10.439181450679));
#9447 = DIRECTION('',(-1.,0.,0.));
#9448 = DIRECTION('',(0.,-1.,0.));
#9449 = ORIENTED_EDGE('',*,*,#9450,.T.);
#9450 = EDGE_CURVE('',#9440,#9451,#9453,.T.);
#9451 = VERTEX_POINT('',#9452);
#9452 = CARTESIAN_POINT('',(-61.81,-45.07682653391,10.65119547));
#9453 = LINE('',#9454,#9455);
#9454 = CARTESIAN_POINT('',(-61.81,-41.94110052963,10.65119547));
#9455 = VECTOR('',#9456,1.);
#9456 = DIRECTION('',(0.,-1.,0.));
#9457 = ORIENTED_EDGE('',*,*,#9458,.F.);
#9458 = EDGE_CURVE('',#9459,#9451,#9461,.T.);
#9459 = VERTEX_POINT('',#9460);
#9460 = CARTESIAN_POINT('',(-61.81,-45.26047689633,10.492836008441));
#9461 = CIRCLE('',#9462,0.159929147057);
#9462 = AXIS2_PLACEMENT_3D('',#9463,#9464,#9465);
#9463 = CARTESIAN_POINT('',(-61.81,-45.10054787348,10.493035329233));
#9464 = DIRECTION('',(-1.,0.,0.));
#9465 = DIRECTION('',(0.,-1.,0.));
#9466 = ORIENTED_EDGE('',*,*,#9467,.T.);
#9467 = EDGE_CURVE('',#9459,#9468,#9470,.T.);
#9468 = VERTEX_POINT('',#9469);
#9469 = CARTESIAN_POINT('',(-61.81,-45.195688,9.843507));
#9470 = LINE('',#9471,#9472);
#9471 = CARTESIAN_POINT('',(-61.81,-45.26047689633,10.492836008441));
#9472 = VECTOR('',#9473,1.);
#9473 = DIRECTION('',(-0.,9.928522300996E-02,-0.995059015582));
#9474 = ORIENTED_EDGE('',*,*,#9475,.F.);
#9475 = EDGE_CURVE('',#9476,#9468,#9478,.T.);
#9476 = VERTEX_POINT('',#9477);
#9477 = CARTESIAN_POINT('',(-61.81,-44.98180111747,9.737939747951));
#9478 = CIRCLE('',#9479,0.162538);
#9479 = AXIS2_PLACEMENT_3D('',#9480,#9481,#9482);
#9480 = CARTESIAN_POINT('',(-61.81,-45.03986752174,9.889751783505));
#9481 = DIRECTION('',(-1.,0.,0.));
#9482 = DIRECTION('',(0.,-1.,0.));
#9483 = ORIENTED_EDGE('',*,*,#9484,.T.);
#9484 = EDGE_CURVE('',#9476,#9485,#9487,.T.);
#9485 = VERTEX_POINT('',#9486);
#9486 = CARTESIAN_POINT('',(-61.81,-42.93882891745,9.737939747951));
#9487 = LINE('',#9488,#9489);
#9488 = CARTESIAN_POINT('',(-61.81,-44.98180111747,9.737939747951));
#9489 = VECTOR('',#9490,1.);
#9490 = DIRECTION('',(0.,1.,0.));
#9491 = ORIENTED_EDGE('',*,*,#9492,.T.);
#9492 = EDGE_CURVE('',#9485,#9493,#9495,.T.);
#9493 = VERTEX_POINT('',#9494);
#9494 = CARTESIAN_POINT('',(-61.81,-42.781511,9.549998360435));
#9495 = CIRCLE('',#9496,0.190452);
#9496 = AXIS2_PLACEMENT_3D('',#9497,#9498,#9499);
#9497 = CARTESIAN_POINT('',(-61.81,-42.97196259301,9.550392090413));
#9498 = DIRECTION('',(-1.,0.,0.));
#9499 = DIRECTION('',(0.,-1.,0.));
#9500 = ORIENTED_EDGE('',*,*,#9501,.T.);
#9501 = EDGE_CURVE('',#9493,#9502,#9504,.T.);
#9502 = VERTEX_POINT('',#9503);
#9503 = CARTESIAN_POINT('',(-61.81,-42.66868636319,8.419244270042));
#9504 = LINE('',#9505,#9506);
#9505 = CARTESIAN_POINT('',(-61.81,-42.781511,9.549998360435));
#9506 = VECTOR('',#9507,1.);
#9507 = DIRECTION('',(-0.,9.928522300931E-02,-0.995059015582));
#9508 = ORIENTED_EDGE('',*,*,#9509,.T.);
#9509 = EDGE_CURVE('',#9502,#9510,#9512,.T.);
#9510 = VERTEX_POINT('',#9511);
#9511 = CARTESIAN_POINT('',(-61.81,-42.74139679865,8.254246892349));
#9512 = CIRCLE('',#9513,0.125800617511);
#9513 = AXIS2_PLACEMENT_3D('',#9514,#9515,#9516);
#9514 = CARTESIAN_POINT('',(-61.81,-42.78533,8.372126785401));
#9515 = DIRECTION('',(-1.,0.,0.));
#9516 = DIRECTION('',(0.,-1.,0.));
#9517 = ORIENTED_EDGE('',*,*,#9518,.T.);
#9518 = EDGE_CURVE('',#9510,#9519,#9521,.T.);
#9519 = VERTEX_POINT('',#9520);
#9520 = CARTESIAN_POINT('',(-61.81,-44.77090856143,8.254246892349));
#9521 = LINE('',#9522,#9523);
#9522 = CARTESIAN_POINT('',(-61.81,-42.74139679865,8.254246892349));
#9523 = VECTOR('',#9524,1.);
#9524 = DIRECTION('',(0.,-1.,0.));
#9525 = ORIENTED_EDGE('',*,*,#9526,.F.);
#9526 = EDGE_CURVE('',#9527,#9519,#9529,.T.);
#9527 = VERTEX_POINT('',#9528);
#9528 = CARTESIAN_POINT('',(-61.81,-44.99999478811,7.992701329574));
#9529 = CIRCLE('',#9530,0.213538760478);
#9530 = AXIS2_PLACEMENT_3D('',#9531,#9532,#9533);
#9531 = CARTESIAN_POINT('',(-61.81,-44.79217,8.041769238332));
#9532 = DIRECTION('',(-1.,0.,0.));
#9533 = DIRECTION('',(0.,-1.,0.));
#9534 = ORIENTED_EDGE('',*,*,#9535,.T.);
#9535 = EDGE_CURVE('',#9527,#9536,#9538,.T.);
#9536 = VERTEX_POINT('',#9537);
#9537 = CARTESIAN_POINT('',(-61.81,-44.68090209376,4.794682));
#9538 = LINE('',#9539,#9540);
#9539 = CARTESIAN_POINT('',(-61.81,-44.99999478811,7.992701329574));
#9540 = VECTOR('',#9541,1.);
#9541 = DIRECTION('',(-0.,9.928522300936E-02,-0.995059015582));
#9542 = ORIENTED_EDGE('',*,*,#9543,.F.);
#9543 = EDGE_CURVE('',#9544,#9536,#9546,.T.);
#9544 = VERTEX_POINT('',#9545);
#9545 = CARTESIAN_POINT('',(-61.81,-44.42645412744,4.590912357994));
#9546 = CIRCLE('',#9547,0.252744);
#9547 = AXIS2_PLACEMENT_3D('',#9548,#9549,#9550);
#9548 = CARTESIAN_POINT('',(-61.81,-44.432932,4.843573329858));
#9549 = DIRECTION('',(-1.,0.,0.));
#9550 = DIRECTION('',(0.,-1.,0.));
#9551 = ORIENTED_EDGE('',*,*,#9552,.T.);
#9552 = EDGE_CURVE('',#9544,#9553,#9555,.T.);
#9553 = VERTEX_POINT('',#9554);
#9554 = CARTESIAN_POINT('',(-61.81,-41.36430468516,4.590912357994));
#9555 = LINE('',#9556,#9557);
#9556 = CARTESIAN_POINT('',(-61.81,-44.42645412744,4.590912357994));
#9557 = VECTOR('',#9558,1.);
#9558 = DIRECTION('',(0.,1.,0.));
#9559 = ORIENTED_EDGE('',*,*,#9560,.F.);
#9560 = EDGE_CURVE('',#9561,#9553,#9563,.T.);
#9561 = VERTEX_POINT('',#9562);
#9562 = CARTESIAN_POINT('',(-61.81,-41.11161820164,4.77675923309));
#9563 = CIRCLE('',#9564,0.230278851432);
#9564 = AXIS2_PLACEMENT_3D('',#9565,#9566,#9567);
#9565 = CARTESIAN_POINT('',(-61.81,-41.33786401705,4.819668211443));
#9566 = DIRECTION('',(-1.,0.,0.));
#9567 = DIRECTION('',(0.,-1.,0.));
#9568 = ORIENTED_EDGE('',*,*,#9569,.T.);
#9569 = EDGE_CURVE('',#9561,#9570,#9572,.T.);
#9570 = VERTEX_POINT('',#9571);
#9571 = CARTESIAN_POINT('',(-61.81,-41.16418054944,5.303551));
#9572 = LINE('',#9573,#9574);
#9573 = CARTESIAN_POINT('',(-61.81,-41.11161820164,4.77675923309));
#9574 = VECTOR('',#9575,1.);
#9575 = DIRECTION('',(0.,-9.928522300939E-02,0.995059015582));
#9576 = ORIENTED_EDGE('',*,*,#9577,.F.);
#9577 = EDGE_CURVE('',#9578,#9570,#9580,.T.);
#9578 = VERTEX_POINT('',#9579);
#9579 = CARTESIAN_POINT('',(-61.81,-41.39208483346,5.50417848911));
#9580 = CIRCLE('',#9581,0.211073);
#9581 = AXIS2_PLACEMENT_3D('',#9582,#9583,#9584);
#9582 = CARTESIAN_POINT('',(-61.81,-41.375028,5.293795800275));
#9583 = DIRECTION('',(-1.,0.,0.));
#9584 = DIRECTION('',(0.,-1.,0.));
#9585 = ORIENTED_EDGE('',*,*,#9586,.T.);
#9586 = EDGE_CURVE('',#9578,#9587,#9589,.T.);
#9587 = VERTEX_POINT('',#9588);
#9588 = CARTESIAN_POINT('',(-61.81,-43.44772700854,5.50417848911));
#9589 = LINE('',#9590,#9591);
#9590 = CARTESIAN_POINT('',(-61.81,-41.39208483346,5.50417848911));
#9591 = VECTOR('',#9592,1.);
#9592 = DIRECTION('',(0.,-1.,0.));
#9593 = ORIENTED_EDGE('',*,*,#9594,.T.);
#9594 = EDGE_CURVE('',#9587,#9595,#9597,.T.);
#9595 = VERTEX_POINT('',#9596);
#9596 = CARTESIAN_POINT('',(-61.81,-43.613488,5.704777959698));
#9597 = CIRCLE('',#9598,0.207618);
#9598 = AXIS2_PLACEMENT_3D('',#9599,#9600,#9601);
#9599 = CARTESIAN_POINT('',(-61.81,-43.40588833574,5.707537185464));
#9600 = DIRECTION('',(-1.,0.,0.));
#9601 = DIRECTION('',(0.,-1.,0.));
#9602 = ORIENTED_EDGE('',*,*,#9603,.T.);
#9603 = EDGE_CURVE('',#9595,#9604,#9606,.T.);
#9604 = VERTEX_POINT('',#9605);
#9605 = CARTESIAN_POINT('',(-61.81,-43.74316926827,7.004473032473));
#9606 = LINE('',#9607,#9608);
#9607 = CARTESIAN_POINT('',(-61.81,-43.613488,5.704777959698));
#9608 = VECTOR('',#9609,1.);
#9609 = DIRECTION('',(0.,-9.928522300937E-02,0.995059015582));
#9610 = ORIENTED_EDGE('',*,*,#9611,.T.);
#9611 = EDGE_CURVE('',#9604,#9612,#9614,.T.);
#9612 = VERTEX_POINT('',#9613);
#9613 = CARTESIAN_POINT('',(-61.81,-43.61454128682,7.252585140601));
#9614 = CIRCLE('',#9615,0.180725990269);
#9615 = AXIS2_PLACEMENT_3D('',#9616,#9617,#9618);
#9616 = CARTESIAN_POINT('',(-61.81,-43.577105,7.07577900952));
#9617 = DIRECTION('',(-1.,0.,0.));
#9618 = DIRECTION('',(0.,-1.,0.));
#9619 = ORIENTED_EDGE('',*,*,#9620,.T.);
#9620 = EDGE_CURVE('',#9612,#9621,#9623,.T.);
#9621 = VERTEX_POINT('',#9622);
#9622 = CARTESIAN_POINT('',(-61.81,-41.58212878375,7.252585140601));
#9623 = LINE('',#9624,#9625);
#9624 = CARTESIAN_POINT('',(-61.81,-43.61454128682,7.252585140601));
#9625 = VECTOR('',#9626,1.);
#9626 = DIRECTION('',(0.,1.,0.));
#9627 = ORIENTED_EDGE('',*,*,#9628,.F.);
#9628 = EDGE_CURVE('',#9629,#9621,#9631,.T.);
#9629 = VERTEX_POINT('',#9630);
#9630 = CARTESIAN_POINT('',(-61.81,-41.39102526215,7.492253126712));
#9631 = CIRCLE('',#9632,0.197774336641);
#9632 = AXIS2_PLACEMENT_3D('',#9633,#9634,#9635);
#9633 = CARTESIAN_POINT('',(-61.81,-41.584309,7.45034745979));
#9634 = DIRECTION('',(-1.,0.,0.));
#9635 = DIRECTION('',(0.,-1.,0.));
#9636 = ORIENTED_EDGE('',*,*,#9637,.T.);
#9637 = EDGE_CURVE('',#9629,#9442,#9638,.T.);
#9638 = LINE('',#9639,#9640);
#9639 = CARTESIAN_POINT('',(-61.81,-41.39102526215,7.492253126712));
#9640 = VECTOR('',#9641,1.);
#9641 = DIRECTION('',(0.,-9.928522300937E-02,0.995059015582));
#9642 = FACE_BOUND('',#9643,.T.);
#9643 = EDGE_LOOP('',(#9644,#9655,#9663,#9672,#9680,#9689,#9697,#9706));
#9644 = ORIENTED_EDGE('',*,*,#9645,.F.);
#9645 = EDGE_CURVE('',#9646,#9648,#9650,.T.);
#9646 = VERTEX_POINT('',#9647);
#9647 = CARTESIAN_POINT('',(-61.81,-46.32161235573,10.639588876673));
#9648 = VERTEX_POINT('',#9649);
#9649 = CARTESIAN_POINT('',(-61.81,-46.11361914999,10.426316724949));
#9650 = CIRCLE('',#9651,0.230598656989);
#9651 = AXIS2_PLACEMENT_3D('',#9652,#9653,#9654);
#9652 = CARTESIAN_POINT('',(-61.81,-46.343643,10.410045));
#9653 = DIRECTION('',(-1.,0.,0.));
#9654 = DIRECTION('',(0.,-1.,0.));
#9655 = ORIENTED_EDGE('',*,*,#9656,.T.);
#9656 = EDGE_CURVE('',#9646,#9657,#9659,.T.);
#9657 = VERTEX_POINT('',#9658);
#9658 = CARTESIAN_POINT('',(-61.81,-47.1145199721,10.639588876673));
#9659 = LINE('',#9660,#9661);
#9660 = CARTESIAN_POINT('',(-61.81,-46.32161235573,10.639588876673));
#9661 = VECTOR('',#9662,1.);
#9662 = DIRECTION('',(0.,-1.,0.));
#9663 = ORIENTED_EDGE('',*,*,#9664,.F.);
#9664 = EDGE_CURVE('',#9665,#9657,#9667,.T.);
#9665 = VERTEX_POINT('',#9666);
#9666 = CARTESIAN_POINT('',(-61.81,-47.25305245993,10.4052011958));
#9667 = CIRCLE('',#9668,0.194797);
#9668 = AXIS2_PLACEMENT_3D('',#9669,#9670,#9671);
#9669 = CARTESIAN_POINT('',(-61.81,-47.06383768573,10.451500660515));
#9670 = DIRECTION('',(-1.,0.,0.));
#9671 = DIRECTION('',(0.,-1.,0.));
#9672 = ORIENTED_EDGE('',*,*,#9673,.F.);
#9673 = EDGE_CURVE('',#9674,#9665,#9676,.T.);
#9674 = VERTEX_POINT('',#9675);
#9675 = CARTESIAN_POINT('',(-61.81,-46.70188297372,4.881255640282));
#9676 = LINE('',#9677,#9678);
#9677 = CARTESIAN_POINT('',(-61.81,-46.70188297372,4.881255640282));
#9678 = VECTOR('',#9679,1.);
#9679 = DIRECTION('',(0.,-9.928522300937E-02,0.995059015582));
#9680 = ORIENTED_EDGE('',*,*,#9681,.F.);
#9681 = EDGE_CURVE('',#9682,#9674,#9684,.T.);
#9682 = VERTEX_POINT('',#9683);
#9683 = CARTESIAN_POINT('',(-61.81,-46.47259441412,4.605240319411));
#9684 = CIRCLE('',#9685,0.294133);
#9685 = AXIS2_PLACEMENT_3D('',#9686,#9687,#9688);
#9686 = CARTESIAN_POINT('',(-61.81,-46.407953,4.892182315762));
#9687 = DIRECTION('',(-1.,0.,0.));
#9688 = DIRECTION('',(0.,-1.,0.));
#9689 = ORIENTED_EDGE('',*,*,#9690,.F.);
#9690 = EDGE_CURVE('',#9691,#9682,#9693,.T.);
#9691 = VERTEX_POINT('',#9692);
#9692 = CARTESIAN_POINT('',(-61.81,-45.68918844401,4.605240319411));
#9693 = LINE('',#9694,#9695);
#9694 = CARTESIAN_POINT('',(-61.81,-45.68918844401,4.605240319411));
#9695 = VECTOR('',#9696,1.);
#9696 = DIRECTION('',(0.,-1.,0.));
#9697 = ORIENTED_EDGE('',*,*,#9698,.F.);
#9698 = EDGE_CURVE('',#9699,#9691,#9701,.T.);
#9699 = VERTEX_POINT('',#9700);
#9700 = CARTESIAN_POINT('',(-61.81,-45.5592891754,4.870696038398));
#9701 = CIRCLE('',#9702,0.236372);
#9702 = AXIS2_PLACEMENT_3D('',#9703,#9704,#9705);
#9703 = CARTESIAN_POINT('',(-61.81,-45.789952,4.819059));
#9704 = DIRECTION('',(-1.,0.,0.));
#9705 = DIRECTION('',(0.,-1.,0.));
#9706 = ORIENTED_EDGE('',*,*,#9707,.F.);
#9707 = EDGE_CURVE('',#9648,#9699,#9708,.T.);
#9708 = LINE('',#9709,#9710);
#9709 = CARTESIAN_POINT('',(-61.81,-46.11361914999,10.426316724949));
#9710 = VECTOR('',#9711,1.);
#9711 = DIRECTION('',(-0.,9.928522300935E-02,-0.995059015582));
#9712 = FACE_BOUND('',#9713,.T.);
#9713 = EDGE_LOOP('',(#9714,#9725,#9733,#9742,#9750,#9759,#9767,#9776,
    #9784,#9793,#9801,#9810,#9818,#9827,#9835,#9844));
#9714 = ORIENTED_EDGE('',*,*,#9715,.F.);
#9715 = EDGE_CURVE('',#9716,#9718,#9720,.T.);
#9716 = VERTEX_POINT('',#9717);
#9717 = CARTESIAN_POINT('',(-61.81,-28.4796520853,9.553172441315));
#9718 = VERTEX_POINT('',#9719);
#9719 = CARTESIAN_POINT('',(-61.81,-28.24630742054,9.357847535601));
#9720 = CIRCLE('',#9721,0.216142);
#9721 = AXIS2_PLACEMENT_3D('',#9722,#9723,#9724);
#9722 = CARTESIAN_POINT('',(-61.81,-28.461517,9.337792584214));
#9723 = DIRECTION('',(-1.,0.,0.));
#9724 = DIRECTION('',(0.,-1.,0.));
#9725 = ORIENTED_EDGE('',*,*,#9726,.T.);
#9726 = EDGE_CURVE('',#9716,#9727,#9729,.T.);
#9727 = VERTEX_POINT('',#9728);
#9728 = CARTESIAN_POINT('',(-61.81,-31.79486712735,9.553172441315));
#9729 = LINE('',#9730,#9731);
#9730 = CARTESIAN_POINT('',(-61.81,-28.4796520853,9.553172441315));
#9731 = VECTOR('',#9732,1.);
#9732 = DIRECTION('',(0.,-1.,0.));
#9733 = ORIENTED_EDGE('',*,*,#9734,.F.);
#9734 = EDGE_CURVE('',#9735,#9727,#9737,.T.);
#9735 = VERTEX_POINT('',#9736);
#9736 = CARTESIAN_POINT('',(-61.81,-31.97771969319,9.28499518852));
#9737 = CIRCLE('',#9738,0.201338);
#9738 = AXIS2_PLACEMENT_3D('',#9739,#9740,#9741);
#9739 = CARTESIAN_POINT('',(-61.81,-31.78784313843,9.351957));
#9740 = DIRECTION('',(-1.,0.,0.));
#9741 = DIRECTION('',(0.,-1.,0.));
#9742 = ORIENTED_EDGE('',*,*,#9743,.F.);
#9743 = EDGE_CURVE('',#9744,#9735,#9746,.T.);
#9744 = VERTEX_POINT('',#9745);
#9745 = CARTESIAN_POINT('',(-61.81,-31.77008012484,7.203984357137));
#9746 = LINE('',#9747,#9748);
#9747 = CARTESIAN_POINT('',(-61.81,-31.77008012484,7.203984357137));
#9748 = VECTOR('',#9749,1.);
#9749 = DIRECTION('',(0.,-9.928522301007E-02,0.995059015582));
#9750 = ORIENTED_EDGE('',*,*,#9751,.F.);
#9751 = EDGE_CURVE('',#9752,#9744,#9754,.T.);
#9752 = VERTEX_POINT('',#9753);
#9753 = CARTESIAN_POINT('',(-61.81,-31.53091689002,6.95058005501));
#9754 = CIRCLE('',#9755,0.268545);
#9755 = AXIS2_PLACEMENT_3D('',#9756,#9757,#9758);
#9756 = CARTESIAN_POINT('',(-61.81,-31.501878,7.217550390237));
#9757 = DIRECTION('',(-1.,0.,0.));
#9758 = DIRECTION('',(0.,-1.,0.));
#9759 = ORIENTED_EDGE('',*,*,#9760,.F.);
#9760 = EDGE_CURVE('',#9761,#9752,#9763,.T.);
#9761 = VERTEX_POINT('',#9762);
#9762 = CARTESIAN_POINT('',(-61.81,-29.40876251003,6.95058005501));
#9763 = LINE('',#9764,#9765);
#9764 = CARTESIAN_POINT('',(-61.81,-29.40876251003,6.95058005501));
#9765 = VECTOR('',#9766,1.);
#9766 = DIRECTION('',(0.,-1.,0.));
#9767 = ORIENTED_EDGE('',*,*,#9768,.T.);
#9768 = EDGE_CURVE('',#9761,#9769,#9771,.T.);
#9769 = VERTEX_POINT('',#9770);
#9770 = CARTESIAN_POINT('',(-61.81,-29.23019340998,6.858642));
#9771 = CIRCLE('',#9772,0.147723);
#9772 = AXIS2_PLACEMENT_3D('',#9773,#9774,#9775);
#9773 = CARTESIAN_POINT('',(-61.81,-29.36907002518,6.808289537493));
#9774 = DIRECTION('',(-1.,0.,0.));
#9775 = DIRECTION('',(0.,-1.,0.));
#9776 = ORIENTED_EDGE('',*,*,#9777,.F.);
#9777 = EDGE_CURVE('',#9778,#9769,#9780,.T.);
#9778 = VERTEX_POINT('',#9779);
#9779 = CARTESIAN_POINT('',(-61.81,-29.1200157604,5.754416615744));
#9780 = LINE('',#9781,#9782);
#9781 = CARTESIAN_POINT('',(-61.81,-29.1200157604,5.754416615744));
#9782 = VECTOR('',#9783,1.);
#9783 = DIRECTION('',(0.,-9.928522301E-02,0.995059015582));
#9784 = ORIENTED_EDGE('',*,*,#9785,.T.);
#9785 = EDGE_CURVE('',#9778,#9786,#9788,.T.);
#9786 = VERTEX_POINT('',#9787);
#9787 = CARTESIAN_POINT('',(-61.81,-29.27044807294,5.546407337528));
#9788 = CIRCLE('',#9789,0.145023986193);
#9789 = AXIS2_PLACEMENT_3D('',#9790,#9791,#9792);
#9790 = CARTESIAN_POINT('',(-61.81,-29.249935,5.689973247163));
#9791 = DIRECTION('',(-1.,0.,0.));
#9792 = DIRECTION('',(0.,-1.,0.));
#9793 = ORIENTED_EDGE('',*,*,#9794,.F.);
#9794 = EDGE_CURVE('',#9795,#9786,#9797,.T.);
#9795 = VERTEX_POINT('',#9796);
#9796 = CARTESIAN_POINT('',(-61.81,-31.39366367406,5.546407337528));
#9797 = LINE('',#9798,#9799);
#9798 = CARTESIAN_POINT('',(-61.81,-31.39366367406,5.546407337528));
#9799 = VECTOR('',#9800,1.);
#9800 = DIRECTION('',(0.,1.,0.));
#9801 = ORIENTED_EDGE('',*,*,#9802,.F.);
#9802 = EDGE_CURVE('',#9803,#9795,#9805,.T.);
#9803 = VERTEX_POINT('',#9804);
#9804 = CARTESIAN_POINT('',(-61.81,-31.56958339651,5.373248371711));
#9805 = CIRCLE('',#9806,0.165134732903);
#9806 = AXIS2_PLACEMENT_3D('',#9807,#9808,#9809);
#9807 = CARTESIAN_POINT('',(-61.81,-31.40466198221,5.381639266503));
#9808 = DIRECTION('',(-1.,0.,0.));
#9809 = DIRECTION('',(0.,-1.,0.));
#9810 = ORIENTED_EDGE('',*,*,#9811,.F.);
#9811 = EDGE_CURVE('',#9812,#9803,#9814,.T.);
#9812 = VERTEX_POINT('',#9813);
#9813 = CARTESIAN_POINT('',(-61.81,-31.51080240454,4.784131943011));
#9814 = LINE('',#9815,#9816);
#9815 = CARTESIAN_POINT('',(-61.81,-31.51080240454,4.784131943011));
#9816 = VECTOR('',#9817,1.);
#9817 = DIRECTION('',(0.,-9.928522300989E-02,0.995059015582));
#9818 = ORIENTED_EDGE('',*,*,#9819,.F.);
#9819 = EDGE_CURVE('',#9820,#9812,#9822,.T.);
#9820 = VERTEX_POINT('',#9821);
#9821 = CARTESIAN_POINT('',(-61.81,-31.29863995738,4.596190175853));
#9822 = CIRCLE('',#9823,0.204171);
#9823 = AXIS2_PLACEMENT_3D('',#9824,#9825,#9826);
#9824 = CARTESIAN_POINT('',(-61.81,-31.307263,4.800179));
#9825 = DIRECTION('',(-1.,0.,0.));
#9826 = DIRECTION('',(0.,-1.,0.));
#9827 = ORIENTED_EDGE('',*,*,#9828,.F.);
#9828 = EDGE_CURVE('',#9829,#9820,#9831,.T.);
#9829 = VERTEX_POINT('',#9830);
#9830 = CARTESIAN_POINT('',(-61.81,-27.95069677632,4.596190175853));
#9831 = LINE('',#9832,#9833);
#9832 = CARTESIAN_POINT('',(-61.81,-27.95069677632,4.596190175853));
#9833 = VECTOR('',#9834,1.);
#9834 = DIRECTION('',(0.,-1.,0.));
#9835 = ORIENTED_EDGE('',*,*,#9836,.F.);
#9836 = EDGE_CURVE('',#9837,#9829,#9839,.T.);
#9837 = VERTEX_POINT('',#9838);
#9838 = CARTESIAN_POINT('',(-61.81,-27.78994904051,4.784120382506));
#9839 = CIRCLE('',#9840,0.140695955616);
#9840 = AXIS2_PLACEMENT_3D('',#9841,#9842,#9843);
#9841 = CARTESIAN_POINT('',(-61.81,-27.92133400926,4.733788067686));
#9842 = DIRECTION('',(-1.,0.,0.));
#9843 = DIRECTION('',(0.,-1.,0.));
#9844 = ORIENTED_EDGE('',*,*,#9845,.F.);
#9845 = EDGE_CURVE('',#9718,#9837,#9846,.T.);
#9846 = LINE('',#9847,#9848);
#9847 = CARTESIAN_POINT('',(-61.81,-28.24630742054,9.357847535601));
#9848 = VECTOR('',#9849,1.);
#9849 = DIRECTION('',(-0.,9.928522300997E-02,-0.995059015582));
#9850 = PLANE('',#9851);
#9851 = AXIS2_PLACEMENT_3D('',#9852,#9853,#9854);
#9852 = CARTESIAN_POINT('',(-61.81,-29.5,7.5));
#9853 = DIRECTION('',(-1.,-0.,-0.));
#9854 = DIRECTION('',(0.,0.,-1.));
#9855 = ADVANCED_FACE('',(#9856),#9862,.F.);
#9856 = FACE_BOUND('',#9857,.F.);
#9857 = EDGE_LOOP('',(#9858,#9859,#9860,#9861));
#9858 = ORIENTED_EDGE('',*,*,#8587,.T.);
#9859 = ORIENTED_EDGE('',*,*,#8630,.T.);
#9860 = ORIENTED_EDGE('',*,*,#8565,.F.);
#9861 = ORIENTED_EDGE('',*,*,#8611,.F.);
#9862 = PLANE('',#9863);
#9863 = AXIS2_PLACEMENT_3D('',#9864,#9865,#9866);
#9864 = CARTESIAN_POINT('',(-60.81,-49.,17.));
#9865 = DIRECTION('',(0.,0.,-1.));
#9866 = DIRECTION('',(0.,1.,0.));
#9867 = ADVANCED_FACE('',(#9868),#9894,.F.);
#9868 = FACE_BOUND('',#9869,.F.);
#9869 = EDGE_LOOP('',(#9870,#9878,#9887,#9893));
#9870 = ORIENTED_EDGE('',*,*,#9871,.T.);
#9871 = EDGE_CURVE('',#8639,#9872,#9874,.T.);
#9872 = VERTEX_POINT('',#9873);
#9873 = CARTESIAN_POINT('',(-61.31,-17.54051214969,10.629016066275));
#9874 = LINE('',#9875,#9876);
#9875 = CARTESIAN_POINT('',(-61.81,-17.54051214969,10.629016066275));
#9876 = VECTOR('',#9877,1.);
#9877 = DIRECTION('',(1.,0.,0.));
#9878 = ORIENTED_EDGE('',*,*,#9879,.T.);
#9879 = EDGE_CURVE('',#9872,#9880,#9882,.T.);
#9880 = VERTEX_POINT('',#9881);
#9881 = CARTESIAN_POINT('',(-61.31,-17.31459520081,10.465422662561));
#9882 = CIRCLE('',#9883,0.182018);
#9883 = AXIS2_PLACEMENT_3D('',#9884,#9885,#9886);
#9884 = CARTESIAN_POINT('',(-61.31,-17.49615290265,10.452486155137));
#9885 = DIRECTION('',(-1.,0.,0.));
#9886 = DIRECTION('',(0.,-1.,0.));
#9887 = ORIENTED_EDGE('',*,*,#9888,.F.);
#9888 = EDGE_CURVE('',#8641,#9880,#9889,.T.);
#9889 = LINE('',#9890,#9891);
#9890 = CARTESIAN_POINT('',(-61.81,-17.31459520081,10.465422662561));
#9891 = VECTOR('',#9892,1.);
#9892 = DIRECTION('',(1.,0.,0.));
#9893 = ORIENTED_EDGE('',*,*,#8638,.F.);
#9894 = CYLINDRICAL_SURFACE('',#9895,0.182018);
#9895 = AXIS2_PLACEMENT_3D('',#9896,#9897,#9898);
#9896 = CARTESIAN_POINT('',(-61.81,-17.49615290265,10.452486155137));
#9897 = DIRECTION('',(-1.,0.,0.));
#9898 = DIRECTION('',(0.,-1.,0.));
#9899 = ADVANCED_FACE('',(#9900),#9918,.F.);
#9900 = FACE_BOUND('',#9901,.F.);
#9901 = EDGE_LOOP('',(#9902,#9903,#9911,#9917));
#9902 = ORIENTED_EDGE('',*,*,#9888,.T.);
#9903 = ORIENTED_EDGE('',*,*,#9904,.T.);
#9904 = EDGE_CURVE('',#9880,#9905,#9907,.T.);
#9905 = VERTEX_POINT('',#9906);
#9906 = CARTESIAN_POINT('',(-61.31,-16.75499391146,4.856971664303));
#9907 = LINE('',#9908,#9909);
#9908 = CARTESIAN_POINT('',(-61.31,-17.31459520081,10.465422662561));
#9909 = VECTOR('',#9910,1.);
#9910 = DIRECTION('',(-0.,9.928522300995E-02,-0.995059015582));
#9911 = ORIENTED_EDGE('',*,*,#9912,.F.);
#9912 = EDGE_CURVE('',#8727,#9905,#9913,.T.);
#9913 = LINE('',#9914,#9915);
#9914 = CARTESIAN_POINT('',(-61.81,-16.75499391146,4.856971664303));
#9915 = VECTOR('',#9916,1.);
#9916 = DIRECTION('',(1.,0.,0.));
#9917 = ORIENTED_EDGE('',*,*,#8735,.F.);
#9918 = PLANE('',#9919);
#9919 = AXIS2_PLACEMENT_3D('',#9920,#9921,#9922);
#9920 = CARTESIAN_POINT('',(-61.81,-17.31459520081,10.465422662561));
#9921 = DIRECTION('',(0.,0.995059015582,9.928522300995E-02));
#9922 = DIRECTION('',(0.,9.928522300995E-02,-0.995059015582));
#9923 = ADVANCED_FACE('',(#9924),#9943,.F.);
#9924 = FACE_BOUND('',#9925,.F.);
#9925 = EDGE_LOOP('',(#9926,#9927,#9936,#9942));
#9926 = ORIENTED_EDGE('',*,*,#9912,.T.);
#9927 = ORIENTED_EDGE('',*,*,#9928,.T.);
#9928 = EDGE_CURVE('',#9905,#9929,#9931,.T.);
#9929 = VERTEX_POINT('',#9930);
#9930 = CARTESIAN_POINT('',(-61.31,-16.93976385971,4.596185445584));
#9931 = CIRCLE('',#9932,0.250265);
#9932 = AXIS2_PLACEMENT_3D('',#9933,#9934,#9935);
#9933 = CARTESIAN_POINT('',(-61.31,-17.004533,4.837924));
#9934 = DIRECTION('',(-1.,0.,0.));
#9935 = DIRECTION('',(0.,-1.,0.));
#9936 = ORIENTED_EDGE('',*,*,#9937,.F.);
#9937 = EDGE_CURVE('',#8719,#9929,#9938,.T.);
#9938 = LINE('',#9939,#9940);
#9939 = CARTESIAN_POINT('',(-61.81,-16.93976385971,4.596185445584));
#9940 = VECTOR('',#9941,1.);
#9941 = DIRECTION('',(1.,0.,0.));
#9942 = ORIENTED_EDGE('',*,*,#8726,.F.);
#9943 = CYLINDRICAL_SURFACE('',#9944,0.250265);
#9944 = AXIS2_PLACEMENT_3D('',#9945,#9946,#9947);
#9945 = CARTESIAN_POINT('',(-61.81,-17.004533,4.837924));
#9946 = DIRECTION('',(-1.,0.,0.));
#9947 = DIRECTION('',(0.,-1.,0.));
#9948 = ADVANCED_FACE('',(#9949),#9967,.F.);
#9949 = FACE_BOUND('',#9950,.F.);
#9950 = EDGE_LOOP('',(#9951,#9952,#9960,#9966));
#9951 = ORIENTED_EDGE('',*,*,#9937,.T.);
#9952 = ORIENTED_EDGE('',*,*,#9953,.T.);
#9953 = EDGE_CURVE('',#9929,#9954,#9956,.T.);
#9954 = VERTEX_POINT('',#9955);
#9955 = CARTESIAN_POINT('',(-61.31,-20.12827643046,4.596185445584));
#9956 = LINE('',#9957,#9958);
#9957 = CARTESIAN_POINT('',(-61.31,-16.93976385971,4.596185445584));
#9958 = VECTOR('',#9959,1.);
#9959 = DIRECTION('',(0.,-1.,0.));
#9960 = ORIENTED_EDGE('',*,*,#9961,.F.);
#9961 = EDGE_CURVE('',#8710,#9954,#9962,.T.);
#9962 = LINE('',#9963,#9964);
#9963 = CARTESIAN_POINT('',(-61.81,-20.12827643046,4.596185445584));
#9964 = VECTOR('',#9965,1.);
#9965 = DIRECTION('',(1.,0.,0.));
#9966 = ORIENTED_EDGE('',*,*,#8718,.F.);
#9967 = PLANE('',#9968);
#9968 = AXIS2_PLACEMENT_3D('',#9969,#9970,#9971);
#9969 = CARTESIAN_POINT('',(-61.81,-16.93976385971,4.596185445584));
#9970 = DIRECTION('',(0.,0.,-1.));
#9971 = DIRECTION('',(0.,-1.,0.));
#9972 = ADVANCED_FACE('',(#9973),#9992,.F.);
#9973 = FACE_BOUND('',#9974,.F.);
#9974 = EDGE_LOOP('',(#9975,#9976,#9985,#9991));
#9975 = ORIENTED_EDGE('',*,*,#9961,.T.);
#9976 = ORIENTED_EDGE('',*,*,#9977,.T.);
#9977 = EDGE_CURVE('',#9954,#9978,#9980,.T.);
#9978 = VERTEX_POINT('',#9979);
#9979 = CARTESIAN_POINT('',(-61.31,-20.34471980258,4.833745351553));
#9980 = CIRCLE('',#9981,0.235667726483);
#9981 = AXIS2_PLACEMENT_3D('',#9982,#9983,#9984);
#9982 = CARTESIAN_POINT('',(-61.31,-20.10906727349,4.831069003106));
#9983 = DIRECTION('',(-1.,0.,0.));
#9984 = DIRECTION('',(0.,-1.,0.));
#9985 = ORIENTED_EDGE('',*,*,#9986,.F.);
#9986 = EDGE_CURVE('',#8702,#9978,#9987,.T.);
#9987 = LINE('',#9988,#9989);
#9988 = CARTESIAN_POINT('',(-61.81,-20.34471980258,4.833745351553));
#9989 = VECTOR('',#9990,1.);
#9990 = DIRECTION('',(1.,0.,0.));
#9991 = ORIENTED_EDGE('',*,*,#8709,.F.);
#9992 = CYLINDRICAL_SURFACE('',#9993,0.235667726483);
#9993 = AXIS2_PLACEMENT_3D('',#9994,#9995,#9996);
#9994 = CARTESIAN_POINT('',(-61.81,-20.10906727349,4.831069003106));
#9995 = DIRECTION('',(-1.,0.,0.));
#9996 = DIRECTION('',(0.,-1.,0.));
#9997 = ADVANCED_FACE('',(#9998),#10016,.F.);
#9998 = FACE_BOUND('',#9999,.F.);
#9999 = EDGE_LOOP('',(#10000,#10001,#10009,#10015));
#10000 = ORIENTED_EDGE('',*,*,#9986,.T.);
#10001 = ORIENTED_EDGE('',*,*,#10002,.T.);
#10002 = EDGE_CURVE('',#9978,#10003,#10005,.T.);
#10003 = VERTEX_POINT('',#10004);
#10004 = CARTESIAN_POINT('',(-61.31,-20.55587678599,6.886219249688));
#10005 = LINE('',#10006,#10007);
#10006 = CARTESIAN_POINT('',(-61.31,-20.34471980258,4.833745351553));
#10007 = VECTOR('',#10008,1.);
#10008 = DIRECTION('',(0.,-0.102339093785,0.994749571442));
#10009 = ORIENTED_EDGE('',*,*,#10010,.F.);
#10010 = EDGE_CURVE('',#8693,#10003,#10011,.T.);
#10011 = LINE('',#10012,#10013);
#10012 = CARTESIAN_POINT('',(-61.81,-20.55587678599,6.886219249688));
#10013 = VECTOR('',#10014,1.);
#10014 = DIRECTION('',(1.,0.,0.));
#10015 = ORIENTED_EDGE('',*,*,#8701,.F.);
#10016 = PLANE('',#10017);
#10017 = AXIS2_PLACEMENT_3D('',#10018,#10019,#10020);
#10018 = CARTESIAN_POINT('',(-61.81,-20.34471980258,4.833745351553));
#10019 = DIRECTION('',(0.,-0.994749571442,-0.102339093785));
#10020 = DIRECTION('',(0.,-0.102339093785,0.994749571442));
#10021 = ADVANCED_FACE('',(#10022),#10041,.F.);
#10022 = FACE_BOUND('',#10023,.F.);
#10023 = EDGE_LOOP('',(#10024,#10025,#10034,#10040));
#10024 = ORIENTED_EDGE('',*,*,#10010,.T.);
#10025 = ORIENTED_EDGE('',*,*,#10026,.T.);
#10026 = EDGE_CURVE('',#10003,#10027,#10029,.T.);
#10027 = VERTEX_POINT('',#10028);
#10028 = CARTESIAN_POINT('',(-61.31,-20.46085510337,7.315928210465));
#10029 = CIRCLE('',#10030,0.629044);
#10030 = AXIS2_PLACEMENT_3D('',#10031,#10032,#10033);
#10031 = CARTESIAN_POINT('',(-61.31,-19.93296440513,6.973835));
#10032 = DIRECTION('',(-1.,0.,0.));
#10033 = DIRECTION('',(0.,-1.,0.));
#10034 = ORIENTED_EDGE('',*,*,#10035,.F.);
#10035 = EDGE_CURVE('',#8684,#10027,#10036,.T.);
#10036 = LINE('',#10037,#10038);
#10037 = CARTESIAN_POINT('',(-61.81,-20.46085510337,7.315928210465));
#10038 = VECTOR('',#10039,1.);
#10039 = DIRECTION('',(1.,0.,0.));
#10040 = ORIENTED_EDGE('',*,*,#8692,.F.);
#10041 = CYLINDRICAL_SURFACE('',#10042,0.629044);
#10042 = AXIS2_PLACEMENT_3D('',#10043,#10044,#10045);
#10043 = CARTESIAN_POINT('',(-61.81,-19.93296440513,6.973835));
#10044 = DIRECTION('',(-1.,0.,0.));
#10045 = DIRECTION('',(0.,-1.,0.));
#10046 = ADVANCED_FACE('',(#10047),#10066,.T.);
#10047 = FACE_BOUND('',#10048,.T.);
#10048 = EDGE_LOOP('',(#10049,#10057,#10064,#10065));
#10049 = ORIENTED_EDGE('',*,*,#10050,.T.);
#10050 = EDGE_CURVE('',#8675,#10051,#10053,.T.);
#10051 = VERTEX_POINT('',#10052);
#10052 = CARTESIAN_POINT('',(-61.31,-20.40700943295,7.698128203831));
#10053 = LINE('',#10054,#10055);
#10054 = CARTESIAN_POINT('',(-61.81,-20.40700943295,7.698128203831));
#10055 = VECTOR('',#10056,1.);
#10056 = DIRECTION('',(1.,0.,0.));
#10057 = ORIENTED_EDGE('',*,*,#10058,.T.);
#10058 = EDGE_CURVE('',#10051,#10027,#10059,.T.);
#10059 = CIRCLE('',#10060,0.300780190363);
#10060 = AXIS2_PLACEMENT_3D('',#10061,#10062,#10063);
#10061 = CARTESIAN_POINT('',(-61.31,-20.662381,7.539212862654));
#10062 = DIRECTION('',(-1.,0.,0.));
#10063 = DIRECTION('',(0.,-1.,0.));
#10064 = ORIENTED_EDGE('',*,*,#10035,.F.);
#10065 = ORIENTED_EDGE('',*,*,#8683,.F.);
#10066 = CYLINDRICAL_SURFACE('',#10067,0.300780190363);
#10067 = AXIS2_PLACEMENT_3D('',#10068,#10069,#10070);
#10068 = CARTESIAN_POINT('',(-61.81,-20.662381,7.539212862654));
#10069 = DIRECTION('',(-1.,0.,0.));
#10070 = DIRECTION('',(0.,-1.,0.));
#10071 = ADVANCED_FACE('',(#10072),#10091,.F.);
#10072 = FACE_BOUND('',#10073,.F.);
#10073 = EDGE_LOOP('',(#10074,#10075,#10084,#10090));
#10074 = ORIENTED_EDGE('',*,*,#10050,.T.);
#10075 = ORIENTED_EDGE('',*,*,#10076,.T.);
#10076 = EDGE_CURVE('',#10051,#10077,#10079,.T.);
#10077 = VERTEX_POINT('',#10078);
#10078 = CARTESIAN_POINT('',(-61.31,-20.710025,8.381233));
#10079 = CIRCLE('',#10080,2.065195009739);
#10080 = AXIS2_PLACEMENT_3D('',#10081,#10082,#10083);
#10081 = CARTESIAN_POINT('',(-61.31,-18.701872,8.863262));
#10082 = DIRECTION('',(-1.,0.,0.));
#10083 = DIRECTION('',(0.,-1.,0.));
#10084 = ORIENTED_EDGE('',*,*,#10085,.F.);
#10085 = EDGE_CURVE('',#8667,#10077,#10086,.T.);
#10086 = LINE('',#10087,#10088);
#10087 = CARTESIAN_POINT('',(-61.81,-20.710025,8.381233));
#10088 = VECTOR('',#10089,1.);
#10089 = DIRECTION('',(1.,0.,0.));
#10090 = ORIENTED_EDGE('',*,*,#8674,.F.);
#10091 = CYLINDRICAL_SURFACE('',#10092,2.065195009739);
#10092 = AXIS2_PLACEMENT_3D('',#10093,#10094,#10095);
#10093 = CARTESIAN_POINT('',(-61.81,-18.701872,8.863262));
#10094 = DIRECTION('',(-1.,0.,0.));
#10095 = DIRECTION('',(0.,-1.,0.));
#10096 = ADVANCED_FACE('',(#10097),#10115,.T.);
#10097 = FACE_BOUND('',#10098,.T.);
#10098 = EDGE_LOOP('',(#10099,#10107,#10113,#10114));
#10099 = ORIENTED_EDGE('',*,*,#10100,.T.);
#10100 = EDGE_CURVE('',#8658,#10101,#10103,.T.);
#10101 = VERTEX_POINT('',#10102);
#10102 = CARTESIAN_POINT('',(-61.31,-20.9152384436,10.43792865912));
#10103 = LINE('',#10104,#10105);
#10104 = CARTESIAN_POINT('',(-61.81,-20.9152384436,10.43792865912));
#10105 = VECTOR('',#10106,1.);
#10106 = DIRECTION('',(1.,0.,0.));
#10107 = ORIENTED_EDGE('',*,*,#10108,.T.);
#10108 = EDGE_CURVE('',#10101,#10077,#10109,.T.);
#10109 = LINE('',#10110,#10111);
#10110 = CARTESIAN_POINT('',(-61.31,-20.9152384436,10.43792865912));
#10111 = VECTOR('',#10112,1.);
#10112 = DIRECTION('',(-0.,9.928522300987E-02,-0.995059015582));
#10113 = ORIENTED_EDGE('',*,*,#10085,.F.);
#10114 = ORIENTED_EDGE('',*,*,#8666,.F.);
#10115 = PLANE('',#10116);
#10116 = AXIS2_PLACEMENT_3D('',#10117,#10118,#10119);
#10117 = CARTESIAN_POINT('',(-61.81,-20.9152384436,10.43792865912));
#10118 = DIRECTION('',(0.,0.995059015582,9.928522300987E-02));
#10119 = DIRECTION('',(0.,9.928522300987E-02,-0.995059015582));
#10120 = ADVANCED_FACE('',(#10121),#10140,.F.);
#10121 = FACE_BOUND('',#10122,.F.);
#10122 = EDGE_LOOP('',(#10123,#10124,#10133,#10139));
#10123 = ORIENTED_EDGE('',*,*,#10100,.T.);
#10124 = ORIENTED_EDGE('',*,*,#10125,.T.);
#10125 = EDGE_CURVE('',#10101,#10126,#10128,.T.);
#10126 = VERTEX_POINT('',#10127);
#10127 = CARTESIAN_POINT('',(-61.31,-20.75331179537,10.629016066275));
#10128 = CIRCLE('',#10129,0.164799831629);
#10129 = AXIS2_PLACEMENT_3D('',#10130,#10131,#10132);
#10130 = CARTESIAN_POINT('',(-61.31,-20.752549,10.464218));
#10131 = DIRECTION('',(-1.,0.,0.));
#10132 = DIRECTION('',(0.,-1.,0.));
#10133 = ORIENTED_EDGE('',*,*,#10134,.F.);
#10134 = EDGE_CURVE('',#8650,#10126,#10135,.T.);
#10135 = LINE('',#10136,#10137);
#10136 = CARTESIAN_POINT('',(-61.81,-20.75331179537,10.629016066275));
#10137 = VECTOR('',#10138,1.);
#10138 = DIRECTION('',(1.,0.,0.));
#10139 = ORIENTED_EDGE('',*,*,#8657,.F.);
#10140 = CYLINDRICAL_SURFACE('',#10141,0.164799831629);
#10141 = AXIS2_PLACEMENT_3D('',#10142,#10143,#10144);
#10142 = CARTESIAN_POINT('',(-61.81,-20.752549,10.464218));
#10143 = DIRECTION('',(-1.,0.,0.));
#10144 = DIRECTION('',(0.,-1.,0.));
#10145 = ADVANCED_FACE('',(#10146),#10157,.T.);
#10146 = FACE_BOUND('',#10147,.T.);
#10147 = EDGE_LOOP('',(#10148,#10149,#10155,#10156));
#10148 = ORIENTED_EDGE('',*,*,#9871,.T.);
#10149 = ORIENTED_EDGE('',*,*,#10150,.T.);
#10150 = EDGE_CURVE('',#9872,#10126,#10151,.T.);
#10151 = LINE('',#10152,#10153);
#10152 = CARTESIAN_POINT('',(-61.31,-17.54051214969,10.629016066275));
#10153 = VECTOR('',#10154,1.);
#10154 = DIRECTION('',(0.,-1.,0.));
#10155 = ORIENTED_EDGE('',*,*,#10134,.F.);
#10156 = ORIENTED_EDGE('',*,*,#8649,.F.);
#10157 = PLANE('',#10158);
#10158 = AXIS2_PLACEMENT_3D('',#10159,#10160,#10161);
#10159 = CARTESIAN_POINT('',(-61.81,-17.54051214969,10.629016066275));
#10160 = DIRECTION('',(0.,0.,-1.));
#10161 = DIRECTION('',(0.,-1.,0.));
#10162 = ADVANCED_FACE('',(#10163),#10189,.F.);
#10163 = FACE_BOUND('',#10164,.F.);
#10164 = EDGE_LOOP('',(#10165,#10173,#10182,#10188));
#10165 = ORIENTED_EDGE('',*,*,#10166,.T.);
#10166 = EDGE_CURVE('',#8744,#10167,#10169,.T.);
#10167 = VERTEX_POINT('',#10168);
#10168 = CARTESIAN_POINT('',(-61.31,-22.03399906143,10.916207153882));
#10169 = LINE('',#10170,#10171);
#10170 = CARTESIAN_POINT('',(-61.81,-22.03399906143,10.916207153882));
#10171 = VECTOR('',#10172,1.);
#10172 = DIRECTION('',(1.,0.,0.));
#10173 = ORIENTED_EDGE('',*,*,#10174,.T.);
#10174 = EDGE_CURVE('',#10167,#10175,#10177,.T.);
#10175 = VERTEX_POINT('',#10176);
#10176 = CARTESIAN_POINT('',(-61.31,-21.791166,10.669150892115));
#10177 = CIRCLE('',#10178,0.262735);
#10178 = AXIS2_PLACEMENT_3D('',#10179,#10180,#10181);
#10179 = CARTESIAN_POINT('',(-61.31,-22.053474981,10.654195));
#10180 = DIRECTION('',(-1.,0.,0.));
#10181 = DIRECTION('',(0.,-1.,0.));
#10182 = ORIENTED_EDGE('',*,*,#10183,.F.);
#10183 = EDGE_CURVE('',#8746,#10175,#10184,.T.);
#10184 = LINE('',#10185,#10186);
#10185 = CARTESIAN_POINT('',(-61.81,-21.791166,10.669150892115));
#10186 = VECTOR('',#10187,1.);
#10187 = DIRECTION('',(1.,0.,0.));
#10188 = ORIENTED_EDGE('',*,*,#8743,.F.);
#10189 = CYLINDRICAL_SURFACE('',#10190,0.262735);
#10190 = AXIS2_PLACEMENT_3D('',#10191,#10192,#10193);
#10191 = CARTESIAN_POINT('',(-61.81,-22.053474981,10.654195));
#10192 = DIRECTION('',(-1.,0.,0.));
#10193 = DIRECTION('',(0.,-1.,0.));
#10194 = ADVANCED_FACE('',(#10195),#10213,.F.);
#10195 = FACE_BOUND('',#10196,.F.);
#10196 = EDGE_LOOP('',(#10197,#10198,#10206,#10212));
#10197 = ORIENTED_EDGE('',*,*,#10183,.T.);
#10198 = ORIENTED_EDGE('',*,*,#10199,.T.);
#10199 = EDGE_CURVE('',#10175,#10200,#10202,.T.);
#10200 = VERTEX_POINT('',#10201);
#10201 = CARTESIAN_POINT('',(-61.31,-21.20807671754,4.8252979016));
#10202 = LINE('',#10203,#10204);
#10203 = CARTESIAN_POINT('',(-61.31,-21.791166,10.669150892115));
#10204 = VECTOR('',#10205,1.);
#10205 = DIRECTION('',(-0.,9.928522300996E-02,-0.995059015582));
#10206 = ORIENTED_EDGE('',*,*,#10207,.F.);
#10207 = EDGE_CURVE('',#8797,#10200,#10208,.T.);
#10208 = LINE('',#10209,#10210);
#10209 = CARTESIAN_POINT('',(-61.81,-21.20807671754,4.8252979016));
#10210 = VECTOR('',#10211,1.);
#10211 = DIRECTION('',(1.,0.,0.));
#10212 = ORIENTED_EDGE('',*,*,#8805,.F.);
#10213 = PLANE('',#10214);
#10214 = AXIS2_PLACEMENT_3D('',#10215,#10216,#10217);
#10215 = CARTESIAN_POINT('',(-61.81,-21.791166,10.669150892115));
#10216 = DIRECTION('',(0.,0.995059015582,9.928522300996E-02));
#10217 = DIRECTION('',(0.,9.928522300996E-02,-0.995059015582));
#10218 = ADVANCED_FACE('',(#10219),#10238,.F.);
#10219 = FACE_BOUND('',#10220,.F.);
#10220 = EDGE_LOOP('',(#10221,#10222,#10231,#10237));
#10221 = ORIENTED_EDGE('',*,*,#10207,.T.);
#10222 = ORIENTED_EDGE('',*,*,#10223,.T.);
#10223 = EDGE_CURVE('',#10200,#10224,#10226,.T.);
#10224 = VERTEX_POINT('',#10225);
#10225 = CARTESIAN_POINT('',(-61.31,-21.48814114546,4.617637679192));
#10226 = CIRCLE('',#10227,0.287432);
#10227 = AXIS2_PLACEMENT_3D('',#10228,#10229,#10230);
#10228 = CARTESIAN_POINT('',(-61.31,-21.484225,4.905043));
#10229 = DIRECTION('',(-1.,0.,0.));
#10230 = DIRECTION('',(0.,-1.,0.));
#10231 = ORIENTED_EDGE('',*,*,#10232,.F.);
#10232 = EDGE_CURVE('',#8789,#10224,#10233,.T.);
#10233 = LINE('',#10234,#10235);
#10234 = CARTESIAN_POINT('',(-61.81,-21.48814114546,4.617637679192));
#10235 = VECTOR('',#10236,1.);
#10236 = DIRECTION('',(1.,0.,0.));
#10237 = ORIENTED_EDGE('',*,*,#8796,.F.);
#10238 = CYLINDRICAL_SURFACE('',#10239,0.287432);
#10239 = AXIS2_PLACEMENT_3D('',#10240,#10241,#10242);
#10240 = CARTESIAN_POINT('',(-61.81,-21.484225,4.905043));
#10241 = DIRECTION('',(-1.,0.,0.));
#10242 = DIRECTION('',(0.,-1.,0.));
#10243 = ADVANCED_FACE('',(#10244),#10262,.F.);
#10244 = FACE_BOUND('',#10245,.F.);
#10245 = EDGE_LOOP('',(#10246,#10247,#10255,#10261));
#10246 = ORIENTED_EDGE('',*,*,#10232,.T.);
#10247 = ORIENTED_EDGE('',*,*,#10248,.T.);
#10248 = EDGE_CURVE('',#10224,#10249,#10251,.T.);
#10249 = VERTEX_POINT('',#10250);
#10250 = CARTESIAN_POINT('',(-61.31,-22.17864073329,4.617637679192));
#10251 = LINE('',#10252,#10253);
#10252 = CARTESIAN_POINT('',(-61.31,-21.48814114546,4.617637679192));
#10253 = VECTOR('',#10254,1.);
#10254 = DIRECTION('',(0.,-1.,0.));
#10255 = ORIENTED_EDGE('',*,*,#10256,.F.);
#10256 = EDGE_CURVE('',#8780,#10249,#10257,.T.);
#10257 = LINE('',#10258,#10259);
#10258 = CARTESIAN_POINT('',(-61.81,-22.17864073329,4.617637679192));
#10259 = VECTOR('',#10260,1.);
#10260 = DIRECTION('',(1.,0.,0.));
#10261 = ORIENTED_EDGE('',*,*,#8788,.F.);
#10262 = PLANE('',#10263);
#10263 = AXIS2_PLACEMENT_3D('',#10264,#10265,#10266);
#10264 = CARTESIAN_POINT('',(-61.81,-21.48814114546,4.617637679192));
#10265 = DIRECTION('',(0.,0.,-1.));
#10266 = DIRECTION('',(0.,-1.,0.));
#10267 = ADVANCED_FACE('',(#10268),#10287,.F.);
#10268 = FACE_BOUND('',#10269,.F.);
#10269 = EDGE_LOOP('',(#10270,#10271,#10280,#10286));
#10270 = ORIENTED_EDGE('',*,*,#10256,.T.);
#10271 = ORIENTED_EDGE('',*,*,#10272,.T.);
#10272 = EDGE_CURVE('',#10249,#10273,#10275,.T.);
#10273 = VERTEX_POINT('',#10274);
#10274 = CARTESIAN_POINT('',(-61.31,-22.34785156624,4.793625936477));
#10275 = CIRCLE('',#10276,0.211484);
#10276 = AXIS2_PLACEMENT_3D('',#10277,#10278,#10279);
#10277 = CARTESIAN_POINT('',(-61.31,-22.138757,4.825326798007));
#10278 = DIRECTION('',(-1.,0.,0.));
#10279 = DIRECTION('',(0.,-1.,0.));
#10280 = ORIENTED_EDGE('',*,*,#10281,.F.);
#10281 = EDGE_CURVE('',#8772,#10273,#10282,.T.);
#10282 = LINE('',#10283,#10284);
#10283 = CARTESIAN_POINT('',(-61.81,-22.34785156624,4.793625936477));
#10284 = VECTOR('',#10285,1.);
#10285 = DIRECTION('',(1.,0.,0.));
#10286 = ORIENTED_EDGE('',*,*,#8779,.F.);
#10287 = CYLINDRICAL_SURFACE('',#10288,0.211484);
#10288 = AXIS2_PLACEMENT_3D('',#10289,#10290,#10291);
#10289 = CARTESIAN_POINT('',(-61.81,-22.138757,4.825326798007));
#10290 = DIRECTION('',(-1.,0.,0.));
#10291 = DIRECTION('',(0.,-1.,0.));
#10292 = ADVANCED_FACE('',(#10293),#10311,.F.);
#10293 = FACE_BOUND('',#10294,.F.);
#10294 = EDGE_LOOP('',(#10295,#10296,#10304,#10310));
#10295 = ORIENTED_EDGE('',*,*,#10281,.T.);
#10296 = ORIENTED_EDGE('',*,*,#10297,.T.);
#10297 = EDGE_CURVE('',#10273,#10298,#10300,.T.);
#10298 = VERTEX_POINT('',#10299);
#10299 = CARTESIAN_POINT('',(-61.31,-22.9493762042,10.822242239539));
#10300 = LINE('',#10301,#10302);
#10301 = CARTESIAN_POINT('',(-61.31,-22.34785156624,4.793625936477));
#10302 = VECTOR('',#10303,1.);
#10303 = DIRECTION('',(0.,-9.928522300997E-02,0.995059015582));
#10304 = ORIENTED_EDGE('',*,*,#10305,.F.);
#10305 = EDGE_CURVE('',#8763,#10298,#10306,.T.);
#10306 = LINE('',#10307,#10308);
#10307 = CARTESIAN_POINT('',(-61.81,-22.9493762042,10.822242239539));
#10308 = VECTOR('',#10309,1.);
#10309 = DIRECTION('',(1.,0.,0.));
#10310 = ORIENTED_EDGE('',*,*,#8771,.F.);
#10311 = PLANE('',#10312);
#10312 = AXIS2_PLACEMENT_3D('',#10313,#10314,#10315);
#10313 = CARTESIAN_POINT('',(-61.81,-22.34785156624,4.793625936477));
#10314 = DIRECTION('',(0.,-0.995059015582,-9.928522300997E-02));
#10315 = DIRECTION('',(0.,-9.928522300997E-02,0.995059015582));
#10316 = ADVANCED_FACE('',(#10317),#10336,.F.);
#10317 = FACE_BOUND('',#10318,.F.);
#10318 = EDGE_LOOP('',(#10319,#10320,#10329,#10335));
#10319 = ORIENTED_EDGE('',*,*,#10305,.T.);
#10320 = ORIENTED_EDGE('',*,*,#10321,.T.);
#10321 = EDGE_CURVE('',#10298,#10322,#10324,.T.);
#10322 = VERTEX_POINT('',#10323);
#10323 = CARTESIAN_POINT('',(-61.31,-22.81001139555,10.916207153882));
#10324 = CIRCLE('',#10325,0.134372667978);
#10325 = AXIS2_PLACEMENT_3D('',#10326,#10327,#10328);
#10326 = CARTESIAN_POINT('',(-61.31,-22.82107997265,10.782291133553));
#10327 = DIRECTION('',(-1.,0.,0.));
#10328 = DIRECTION('',(0.,-1.,0.));
#10329 = ORIENTED_EDGE('',*,*,#10330,.F.);
#10330 = EDGE_CURVE('',#8755,#10322,#10331,.T.);
#10331 = LINE('',#10332,#10333);
#10332 = CARTESIAN_POINT('',(-61.81,-22.81001139555,10.916207153882));
#10333 = VECTOR('',#10334,1.);
#10334 = DIRECTION('',(1.,0.,0.));
#10335 = ORIENTED_EDGE('',*,*,#8762,.F.);
#10336 = CYLINDRICAL_SURFACE('',#10337,0.134372667978);
#10337 = AXIS2_PLACEMENT_3D('',#10338,#10339,#10340);
#10338 = CARTESIAN_POINT('',(-61.81,-22.82107997265,10.782291133553));
#10339 = DIRECTION('',(-1.,0.,0.));
#10340 = DIRECTION('',(0.,-1.,0.));
#10341 = ADVANCED_FACE('',(#10342),#10353,.T.);
#10342 = FACE_BOUND('',#10343,.T.);
#10343 = EDGE_LOOP('',(#10344,#10345,#10351,#10352));
#10344 = ORIENTED_EDGE('',*,*,#10166,.T.);
#10345 = ORIENTED_EDGE('',*,*,#10346,.T.);
#10346 = EDGE_CURVE('',#10167,#10322,#10347,.T.);
#10347 = LINE('',#10348,#10349);
#10348 = CARTESIAN_POINT('',(-61.31,-22.03399906143,10.916207153882));
#10349 = VECTOR('',#10350,1.);
#10350 = DIRECTION('',(0.,-1.,0.));
#10351 = ORIENTED_EDGE('',*,*,#10330,.F.);
#10352 = ORIENTED_EDGE('',*,*,#8754,.F.);
#10353 = PLANE('',#10354);
#10354 = AXIS2_PLACEMENT_3D('',#10355,#10356,#10357);
#10355 = CARTESIAN_POINT('',(-61.81,-22.03399906143,10.916207153882));
#10356 = DIRECTION('',(0.,0.,-1.));
#10357 = DIRECTION('',(0.,-1.,0.));
#10358 = ADVANCED_FACE('',(#10359),#10385,.F.);
#10359 = FACE_BOUND('',#10360,.F.);
#10360 = EDGE_LOOP('',(#10361,#10369,#10378,#10384));
#10361 = ORIENTED_EDGE('',*,*,#10362,.T.);
#10362 = EDGE_CURVE('',#8814,#10363,#10365,.T.);
#10363 = VERTEX_POINT('',#10364);
#10364 = CARTESIAN_POINT('',(-61.31,-11.55403936231,7.864690229998));
#10365 = LINE('',#10366,#10367);
#10366 = CARTESIAN_POINT('',(-61.81,-11.55403936231,7.864690229998));
#10367 = VECTOR('',#10368,1.);
#10368 = DIRECTION('',(1.,0.,0.));
#10369 = ORIENTED_EDGE('',*,*,#10370,.T.);
#10370 = EDGE_CURVE('',#10363,#10371,#10373,.T.);
#10371 = VERTEX_POINT('',#10372);
#10372 = CARTESIAN_POINT('',(-61.31,-11.66149632263,6.896166825419));
#10373 = CIRCLE('',#10374,0.682666387113);
#10374 = AXIS2_PLACEMENT_3D('',#10375,#10376,#10377);
#10375 = CARTESIAN_POINT('',(-61.31,-12.083012,7.433156517899));
#10376 = DIRECTION('',(-1.,0.,0.));
#10377 = DIRECTION('',(0.,-1.,0.));
#10378 = ORIENTED_EDGE('',*,*,#10379,.F.);
#10379 = EDGE_CURVE('',#8816,#10371,#10380,.T.);
#10380 = LINE('',#10381,#10382);
#10381 = CARTESIAN_POINT('',(-61.81,-11.66149632263,6.896166825419));
#10382 = VECTOR('',#10383,1.);
#10383 = DIRECTION('',(1.,0.,0.));
#10384 = ORIENTED_EDGE('',*,*,#8813,.F.);
#10385 = CYLINDRICAL_SURFACE('',#10386,0.682666387113);
#10386 = AXIS2_PLACEMENT_3D('',#10387,#10388,#10389);
#10387 = CARTESIAN_POINT('',(-61.81,-12.083012,7.433156517899));
#10388 = DIRECTION('',(-1.,0.,0.));
#10389 = DIRECTION('',(0.,-1.,0.));
#10390 = ADVANCED_FACE('',(#10391),#10409,.F.);
#10391 = FACE_BOUND('',#10392,.F.);
#10392 = EDGE_LOOP('',(#10393,#10394,#10402,#10408));
#10393 = ORIENTED_EDGE('',*,*,#10379,.T.);
#10394 = ORIENTED_EDGE('',*,*,#10395,.T.);
#10395 = EDGE_CURVE('',#10371,#10396,#10398,.T.);
#10396 = VERTEX_POINT('',#10397);
#10397 = CARTESIAN_POINT('',(-61.31,-17.56700721269,1.009090031622));
#10398 = LINE('',#10399,#10400);
#10399 = CARTESIAN_POINT('',(-61.31,-11.66149632263,6.896166825419));
#10400 = VECTOR('',#10401,1.);
#10401 = DIRECTION('',(0.,-0.708211260618,-0.70600057389));
#10402 = ORIENTED_EDGE('',*,*,#10403,.F.);
#10403 = EDGE_CURVE('',#8941,#10396,#10404,.T.);
#10404 = LINE('',#10405,#10406);
#10405 = CARTESIAN_POINT('',(-61.81,-17.56700721269,1.009090031622));
#10406 = VECTOR('',#10407,1.);
#10407 = DIRECTION('',(1.,0.,0.));
#10408 = ORIENTED_EDGE('',*,*,#8949,.F.);
#10409 = PLANE('',#10410);
#10410 = AXIS2_PLACEMENT_3D('',#10411,#10412,#10413);
#10411 = CARTESIAN_POINT('',(-61.81,-11.66149632263,6.896166825419));
#10412 = DIRECTION('',(0.,0.70600057389,-0.708211260618));
#10413 = DIRECTION('',(0.,-0.708211260618,-0.70600057389));
#10414 = ADVANCED_FACE('',(#10415),#10434,.F.);
#10415 = FACE_BOUND('',#10416,.F.);
#10416 = EDGE_LOOP('',(#10417,#10418,#10427,#10433));
#10417 = ORIENTED_EDGE('',*,*,#10403,.T.);
#10418 = ORIENTED_EDGE('',*,*,#10419,.T.);
#10419 = EDGE_CURVE('',#10396,#10420,#10422,.T.);
#10420 = VERTEX_POINT('',#10421);
#10421 = CARTESIAN_POINT('',(-61.31,-18.59351669152,1.024725));
#10422 = CIRCLE('',#10423,0.682666387113);
#10423 = AXIS2_PLACEMENT_3D('',#10424,#10425,#10426);
#10424 = CARTESIAN_POINT('',(-61.31,-18.073408,1.466901825601));
#10425 = DIRECTION('',(-1.,0.,0.));
#10426 = DIRECTION('',(0.,-1.,0.));
#10427 = ORIENTED_EDGE('',*,*,#10428,.F.);
#10428 = EDGE_CURVE('',#8933,#10420,#10429,.T.);
#10429 = LINE('',#10430,#10431);
#10430 = CARTESIAN_POINT('',(-61.81,-18.59351669152,1.024725));
#10431 = VECTOR('',#10432,1.);
#10432 = DIRECTION('',(1.,0.,0.));
#10433 = ORIENTED_EDGE('',*,*,#8940,.F.);
#10434 = CYLINDRICAL_SURFACE('',#10435,0.682666387113);
#10435 = AXIS2_PLACEMENT_3D('',#10436,#10437,#10438);
#10436 = CARTESIAN_POINT('',(-61.81,-18.073408,1.466901825601));
#10437 = DIRECTION('',(-1.,0.,0.));
#10438 = DIRECTION('',(0.,-1.,0.));
#10439 = ADVANCED_FACE('',(#10440),#10458,.T.);
#10440 = FACE_BOUND('',#10441,.T.);
#10441 = EDGE_LOOP('',(#10442,#10450,#10456,#10457));
#10442 = ORIENTED_EDGE('',*,*,#10443,.T.);
#10443 = EDGE_CURVE('',#8924,#10444,#10446,.T.);
#10444 = VERTEX_POINT('',#10445);
#10445 = CARTESIAN_POINT('',(-61.31,-21.65679762554,4.154742371532));
#10446 = LINE('',#10447,#10448);
#10447 = CARTESIAN_POINT('',(-61.81,-21.65679762554,4.154742371532));
#10448 = VECTOR('',#10449,1.);
#10449 = DIRECTION('',(1.,0.,0.));
#10450 = ORIENTED_EDGE('',*,*,#10451,.T.);
#10451 = EDGE_CURVE('',#10444,#10420,#10452,.T.);
#10452 = LINE('',#10453,#10454);
#10453 = CARTESIAN_POINT('',(-61.31,-21.65679762554,4.154742371532));
#10454 = VECTOR('',#10455,1.);
#10455 = DIRECTION('',(-0.,0.699446682727,-0.71468478228));
#10456 = ORIENTED_EDGE('',*,*,#10428,.F.);
#10457 = ORIENTED_EDGE('',*,*,#8932,.F.);
#10458 = PLANE('',#10459);
#10459 = AXIS2_PLACEMENT_3D('',#10460,#10461,#10462);
#10460 = CARTESIAN_POINT('',(-61.81,-21.65679762554,4.154742371532));
#10461 = DIRECTION('',(0.,0.71468478228,0.699446682727));
#10462 = DIRECTION('',(0.,0.699446682727,-0.71468478228));
#10463 = ADVANCED_FACE('',(#10464),#10483,.T.);
#10464 = FACE_BOUND('',#10465,.T.);
#10465 = EDGE_LOOP('',(#10466,#10474,#10481,#10482));
#10466 = ORIENTED_EDGE('',*,*,#10467,.T.);
#10467 = EDGE_CURVE('',#8915,#10468,#10470,.T.);
#10468 = VERTEX_POINT('',#10469);
#10469 = CARTESIAN_POINT('',(-61.31,-20.79398970947,4.571928934846));
#10470 = LINE('',#10471,#10472);
#10471 = CARTESIAN_POINT('',(-61.81,-20.79398970947,4.571928934846));
#10472 = VECTOR('',#10473,1.);
#10473 = DIRECTION('',(1.,0.,0.));
#10474 = ORIENTED_EDGE('',*,*,#10475,.T.);
#10475 = EDGE_CURVE('',#10468,#10444,#10476,.T.);
#10476 = CIRCLE('',#10477,0.951738);
#10477 = AXIS2_PLACEMENT_3D('',#10478,#10479,#10480);
#10478 = CARTESIAN_POINT('',(-61.31,-21.583348,5.103641930574));
#10479 = DIRECTION('',(-1.,0.,0.));
#10480 = DIRECTION('',(0.,-1.,0.));
#10481 = ORIENTED_EDGE('',*,*,#10443,.F.);
#10482 = ORIENTED_EDGE('',*,*,#8923,.F.);
#10483 = CYLINDRICAL_SURFACE('',#10484,0.951738);
#10484 = AXIS2_PLACEMENT_3D('',#10485,#10486,#10487);
#10485 = CARTESIAN_POINT('',(-61.81,-21.583348,5.103641930574));
#10486 = DIRECTION('',(-1.,0.,0.));
#10487 = DIRECTION('',(0.,-1.,0.));
#10488 = ADVANCED_FACE('',(#10489),#10508,.T.);
#10489 = FACE_BOUND('',#10490,.T.);
#10490 = EDGE_LOOP('',(#10491,#10499,#10506,#10507));
#10491 = ORIENTED_EDGE('',*,*,#10492,.T.);
#10492 = EDGE_CURVE('',#8907,#10493,#10495,.T.);
#10493 = VERTEX_POINT('',#10494);
#10494 = CARTESIAN_POINT('',(-61.31,-19.7882926805,4.096845));
#10495 = LINE('',#10496,#10497);
#10496 = CARTESIAN_POINT('',(-61.81,-19.7882926805,4.096845));
#10497 = VECTOR('',#10498,1.);
#10498 = DIRECTION('',(1.,0.,0.));
#10499 = ORIENTED_EDGE('',*,*,#10500,.T.);
#10500 = EDGE_CURVE('',#10493,#10468,#10501,.T.);
#10501 = CIRCLE('',#10502,1.28143102011);
#10502 = AXIS2_PLACEMENT_3D('',#10503,#10504,#10505);
#10503 = CARTESIAN_POINT('',(-61.31,-19.79803311497,5.378239));
#10504 = DIRECTION('',(-1.,0.,0.));
#10505 = DIRECTION('',(0.,-1.,0.));
#10506 = ORIENTED_EDGE('',*,*,#10467,.F.);
#10507 = ORIENTED_EDGE('',*,*,#8914,.F.);
#10508 = CYLINDRICAL_SURFACE('',#10509,1.28143102011);
#10509 = AXIS2_PLACEMENT_3D('',#10510,#10511,#10512);
#10510 = CARTESIAN_POINT('',(-61.81,-19.79803311497,5.378239));
#10511 = DIRECTION('',(-1.,0.,0.));
#10512 = DIRECTION('',(0.,-1.,0.));
#10513 = ADVANCED_FACE('',(#10514),#10532,.T.);
#10514 = FACE_BOUND('',#10515,.T.);
#10515 = EDGE_LOOP('',(#10516,#10524,#10530,#10531));
#10516 = ORIENTED_EDGE('',*,*,#10517,.T.);
#10517 = EDGE_CURVE('',#8899,#10518,#10520,.T.);
#10518 = VERTEX_POINT('',#10519);
#10519 = CARTESIAN_POINT('',(-61.31,-19.37899030213,4.096845));
#10520 = LINE('',#10521,#10522);
#10521 = CARTESIAN_POINT('',(-61.81,-19.37899030213,4.096845));
#10522 = VECTOR('',#10523,1.);
#10523 = DIRECTION('',(1.,0.,0.));
#10524 = ORIENTED_EDGE('',*,*,#10525,.T.);
#10525 = EDGE_CURVE('',#10518,#10493,#10526,.T.);
#10526 = LINE('',#10527,#10528);
#10527 = CARTESIAN_POINT('',(-61.31,-19.37899030213,4.096845));
#10528 = VECTOR('',#10529,1.);
#10529 = DIRECTION('',(0.,-1.,0.));
#10530 = ORIENTED_EDGE('',*,*,#10492,.F.);
#10531 = ORIENTED_EDGE('',*,*,#8906,.F.);
#10532 = PLANE('',#10533);
#10533 = AXIS2_PLACEMENT_3D('',#10534,#10535,#10536);
#10534 = CARTESIAN_POINT('',(-61.81,-19.37899030213,4.096845));
#10535 = DIRECTION('',(0.,0.,-1.));
#10536 = DIRECTION('',(0.,-1.,0.));
#10537 = ADVANCED_FACE('',(#10538),#10556,.T.);
#10538 = FACE_BOUND('',#10539,.T.);
#10539 = EDGE_LOOP('',(#10540,#10548,#10554,#10555));
#10540 = ORIENTED_EDGE('',*,*,#10541,.T.);
#10541 = EDGE_CURVE('',#8891,#10542,#10544,.T.);
#10542 = VERTEX_POINT('',#10543);
#10543 = CARTESIAN_POINT('',(-61.31,-18.049263,2.738148346076));
#10544 = LINE('',#10545,#10546);
#10545 = CARTESIAN_POINT('',(-61.81,-18.049263,2.738148346076));
#10546 = VECTOR('',#10547,1.);
#10547 = DIRECTION('',(1.,0.,0.));
#10548 = ORIENTED_EDGE('',*,*,#10549,.T.);
#10549 = EDGE_CURVE('',#10542,#10518,#10550,.T.);
#10550 = LINE('',#10551,#10552);
#10551 = CARTESIAN_POINT('',(-61.31,-18.049263,2.738148346076));
#10552 = VECTOR('',#10553,1.);
#10553 = DIRECTION('',(0.,-0.699446682727,0.71468478228));
#10554 = ORIENTED_EDGE('',*,*,#10517,.F.);
#10555 = ORIENTED_EDGE('',*,*,#8898,.F.);
#10556 = PLANE('',#10557);
#10557 = AXIS2_PLACEMENT_3D('',#10558,#10559,#10560);
#10558 = CARTESIAN_POINT('',(-61.81,-18.049263,2.738148346076));
#10559 = DIRECTION('',(0.,-0.71468478228,-0.699446682727));
#10560 = DIRECTION('',(0.,-0.699446682727,0.71468478228));
#10561 = ADVANCED_FACE('',(#10562),#10580,.T.);
#10562 = FACE_BOUND('',#10563,.T.);
#10563 = EDGE_LOOP('',(#10564,#10572,#10578,#10579));
#10564 = ORIENTED_EDGE('',*,*,#10565,.T.);
#10565 = EDGE_CURVE('',#8883,#10566,#10568,.T.);
#10566 = VERTEX_POINT('',#10567);
#10567 = CARTESIAN_POINT('',(-61.31,-13.318425,7.454219));
#10568 = LINE('',#10569,#10570);
#10569 = CARTESIAN_POINT('',(-61.81,-13.318425,7.454219));
#10570 = VECTOR('',#10571,1.);
#10571 = DIRECTION('',(1.,0.,0.));
#10572 = ORIENTED_EDGE('',*,*,#10573,.T.);
#10573 = EDGE_CURVE('',#10566,#10542,#10574,.T.);
#10574 = LINE('',#10575,#10576);
#10575 = CARTESIAN_POINT('',(-61.31,-13.318425,7.454219));
#10576 = VECTOR('',#10577,1.);
#10577 = DIRECTION('',(0.,-0.708211260618,-0.70600057389));
#10578 = ORIENTED_EDGE('',*,*,#10541,.F.);
#10579 = ORIENTED_EDGE('',*,*,#8890,.F.);
#10580 = PLANE('',#10581);
#10581 = AXIS2_PLACEMENT_3D('',#10582,#10583,#10584);
#10582 = CARTESIAN_POINT('',(-61.81,-13.318425,7.454219));
#10583 = DIRECTION('',(0.,0.70600057389,-0.708211260618));
#10584 = DIRECTION('',(0.,-0.708211260618,-0.70600057389));
#10585 = ADVANCED_FACE('',(#10586),#10604,.T.);
#10586 = FACE_BOUND('',#10587,.T.);
#10587 = EDGE_LOOP('',(#10588,#10596,#10602,#10603));
#10588 = ORIENTED_EDGE('',*,*,#10589,.T.);
#10589 = EDGE_CURVE('',#8875,#10590,#10592,.T.);
#10590 = VERTEX_POINT('',#10591);
#10591 = CARTESIAN_POINT('',(-61.31,-18.06020703718,12.299305189634));
#10592 = LINE('',#10593,#10594);
#10593 = CARTESIAN_POINT('',(-61.81,-18.06020703718,12.299305189634));
#10594 = VECTOR('',#10595,1.);
#10595 = DIRECTION('',(1.,0.,0.));
#10596 = ORIENTED_EDGE('',*,*,#10597,.T.);
#10597 = EDGE_CURVE('',#10590,#10566,#10598,.T.);
#10598 = LINE('',#10599,#10600);
#10599 = CARTESIAN_POINT('',(-61.31,-18.06020703718,12.299305189634));
#10600 = VECTOR('',#10601,1.);
#10601 = DIRECTION('',(-0.,0.699446682727,-0.71468478228));
#10602 = ORIENTED_EDGE('',*,*,#10565,.F.);
#10603 = ORIENTED_EDGE('',*,*,#8882,.F.);
#10604 = PLANE('',#10605);
#10605 = AXIS2_PLACEMENT_3D('',#10606,#10607,#10608);
#10606 = CARTESIAN_POINT('',(-61.81,-18.06020703718,12.299305189634));
#10607 = DIRECTION('',(0.,0.71468478228,0.699446682727));
#10608 = DIRECTION('',(0.,0.699446682727,-0.71468478228));
#10609 = ADVANCED_FACE('',(#10610),#10628,.F.);
#10610 = FACE_BOUND('',#10611,.F.);
#10611 = EDGE_LOOP('',(#10612,#10613,#10621,#10627));
#10612 = ORIENTED_EDGE('',*,*,#10589,.T.);
#10613 = ORIENTED_EDGE('',*,*,#10614,.T.);
#10614 = EDGE_CURVE('',#10590,#10615,#10617,.T.);
#10615 = VERTEX_POINT('',#10616);
#10616 = CARTESIAN_POINT('',(-61.31,-19.126928,11.178247));
#10617 = LINE('',#10618,#10619);
#10618 = CARTESIAN_POINT('',(-61.31,-18.06020703718,12.299305189634));
#10619 = VECTOR('',#10620,1.);
#10620 = DIRECTION('',(0.,-0.689331999643,-0.724445577161));
#10621 = ORIENTED_EDGE('',*,*,#10622,.F.);
#10622 = EDGE_CURVE('',#8867,#10615,#10623,.T.);
#10623 = LINE('',#10624,#10625);
#10624 = CARTESIAN_POINT('',(-61.81,-19.126928,11.178247));
#10625 = VECTOR('',#10626,1.);
#10626 = DIRECTION('',(1.,0.,0.));
#10627 = ORIENTED_EDGE('',*,*,#8874,.F.);
#10628 = PLANE('',#10629);
#10629 = AXIS2_PLACEMENT_3D('',#10630,#10631,#10632);
#10630 = CARTESIAN_POINT('',(-61.81,-18.06020703718,12.299305189634));
#10631 = DIRECTION('',(0.,0.724445577161,-0.689331999643));
#10632 = DIRECTION('',(0.,-0.689331999643,-0.724445577161));
#10633 = ADVANCED_FACE('',(#10634),#10652,.F.);
#10634 = FACE_BOUND('',#10635,.F.);
#10635 = EDGE_LOOP('',(#10636,#10637,#10645,#10651));
#10636 = ORIENTED_EDGE('',*,*,#10622,.T.);
#10637 = ORIENTED_EDGE('',*,*,#10638,.T.);
#10638 = EDGE_CURVE('',#10615,#10639,#10641,.T.);
#10639 = VERTEX_POINT('',#10640);
#10640 = CARTESIAN_POINT('',(-61.31,-20.75715285999,11.178247));
#10641 = LINE('',#10642,#10643);
#10642 = CARTESIAN_POINT('',(-61.31,-19.126928,11.178247));
#10643 = VECTOR('',#10644,1.);
#10644 = DIRECTION('',(0.,-1.,0.));
#10645 = ORIENTED_EDGE('',*,*,#10646,.F.);
#10646 = EDGE_CURVE('',#8858,#10639,#10647,.T.);
#10647 = LINE('',#10648,#10649);
#10648 = CARTESIAN_POINT('',(-61.81,-20.75715285999,11.178247));
#10649 = VECTOR('',#10650,1.);
#10650 = DIRECTION('',(1.,0.,0.));
#10651 = ORIENTED_EDGE('',*,*,#8866,.F.);
#10652 = PLANE('',#10653);
#10653 = AXIS2_PLACEMENT_3D('',#10654,#10655,#10656);
#10654 = CARTESIAN_POINT('',(-61.81,-19.126928,11.178247));
#10655 = DIRECTION('',(0.,0.,-1.));
#10656 = DIRECTION('',(0.,-1.,0.));
#10657 = ADVANCED_FACE('',(#10658),#10677,.T.);
#10658 = FACE_BOUND('',#10659,.T.);
#10659 = EDGE_LOOP('',(#10660,#10668,#10675,#10676));
#10660 = ORIENTED_EDGE('',*,*,#10661,.T.);
#10661 = EDGE_CURVE('',#8850,#10662,#10664,.T.);
#10662 = VERTEX_POINT('',#10663);
#10663 = CARTESIAN_POINT('',(-61.31,-21.29760252115,10.853918159533));
#10664 = LINE('',#10665,#10666);
#10665 = CARTESIAN_POINT('',(-61.81,-21.29760252115,10.853918159533));
#10666 = VECTOR('',#10667,1.);
#10667 = DIRECTION('',(1.,0.,0.));
#10668 = ORIENTED_EDGE('',*,*,#10669,.T.);
#10669 = EDGE_CURVE('',#10662,#10639,#10670,.T.);
#10670 = CIRCLE('',#10671,0.625243);
#10671 = AXIS2_PLACEMENT_3D('',#10672,#10673,#10674);
#10672 = CARTESIAN_POINT('',(-61.31,-20.749508,10.553050738683));
#10673 = DIRECTION('',(-1.,0.,0.));
#10674 = DIRECTION('',(0.,-1.,0.));
#10675 = ORIENTED_EDGE('',*,*,#10646,.F.);
#10676 = ORIENTED_EDGE('',*,*,#8857,.F.);
#10677 = CYLINDRICAL_SURFACE('',#10678,0.625243);
#10678 = AXIS2_PLACEMENT_3D('',#10679,#10680,#10681);
#10679 = CARTESIAN_POINT('',(-61.81,-20.749508,10.553050738683));
#10680 = DIRECTION('',(-1.,0.,0.));
#10681 = DIRECTION('',(0.,-1.,0.));
#10682 = ADVANCED_FACE('',(#10683),#10701,.T.);
#10683 = FACE_BOUND('',#10684,.T.);
#10684 = EDGE_LOOP('',(#10685,#10693,#10699,#10700));
#10685 = ORIENTED_EDGE('',*,*,#10686,.T.);
#10686 = EDGE_CURVE('',#8842,#10687,#10689,.T.);
#10687 = VERTEX_POINT('',#10688);
#10688 = CARTESIAN_POINT('',(-61.31,-21.413461,11.073686));
#10689 = LINE('',#10690,#10691);
#10690 = CARTESIAN_POINT('',(-61.81,-21.413461,11.073686));
#10691 = VECTOR('',#10692,1.);
#10692 = DIRECTION('',(1.,0.,0.));
#10693 = ORIENTED_EDGE('',*,*,#10694,.T.);
#10694 = EDGE_CURVE('',#10687,#10662,#10695,.T.);
#10695 = LINE('',#10696,#10697);
#10696 = CARTESIAN_POINT('',(-61.31,-21.413461,11.073686));
#10697 = VECTOR('',#10698,1.);
#10698 = DIRECTION('',(-0.,0.46634897408,-0.884600833356));
#10699 = ORIENTED_EDGE('',*,*,#10661,.F.);
#10700 = ORIENTED_EDGE('',*,*,#8849,.F.);
#10701 = PLANE('',#10702);
#10702 = AXIS2_PLACEMENT_3D('',#10703,#10704,#10705);
#10703 = CARTESIAN_POINT('',(-61.81,-21.413461,11.073686));
#10704 = DIRECTION('',(0.,0.884600833356,0.46634897408));
#10705 = DIRECTION('',(0.,0.46634897408,-0.884600833356));
#10706 = ADVANCED_FACE('',(#10707),#10725,.T.);
#10707 = FACE_BOUND('',#10708,.T.);
#10708 = EDGE_LOOP('',(#10709,#10717,#10723,#10724));
#10709 = ORIENTED_EDGE('',*,*,#10710,.T.);
#10710 = EDGE_CURVE('',#8833,#10711,#10713,.T.);
#10711 = VERTEX_POINT('',#10712);
#10712 = CARTESIAN_POINT('',(-61.31,-18.61642186853,14.013202269349));
#10713 = LINE('',#10714,#10715);
#10714 = CARTESIAN_POINT('',(-61.81,-18.61642186853,14.013202269349));
#10715 = VECTOR('',#10716,1.);
#10716 = DIRECTION('',(1.,0.,0.));
#10717 = ORIENTED_EDGE('',*,*,#10718,.T.);
#10718 = EDGE_CURVE('',#10711,#10687,#10719,.T.);
#10719 = LINE('',#10720,#10721);
#10720 = CARTESIAN_POINT('',(-61.31,-18.61642186853,14.013202269349));
#10721 = VECTOR('',#10722,1.);
#10722 = DIRECTION('',(0.,-0.689331999643,-0.724445577161));
#10723 = ORIENTED_EDGE('',*,*,#10686,.F.);
#10724 = ORIENTED_EDGE('',*,*,#8841,.F.);
#10725 = PLANE('',#10726);
#10726 = AXIS2_PLACEMENT_3D('',#10727,#10728,#10729);
#10727 = CARTESIAN_POINT('',(-61.81,-18.61642186853,14.013202269349));
#10728 = DIRECTION('',(0.,0.724445577161,-0.689331999643));
#10729 = DIRECTION('',(0.,-0.689331999643,-0.724445577161));
#10730 = ADVANCED_FACE('',(#10731),#10750,.F.);
#10731 = FACE_BOUND('',#10732,.F.);
#10732 = EDGE_LOOP('',(#10733,#10734,#10743,#10749));
#10733 = ORIENTED_EDGE('',*,*,#10710,.T.);
#10734 = ORIENTED_EDGE('',*,*,#10735,.T.);
#10735 = EDGE_CURVE('',#10711,#10736,#10738,.T.);
#10736 = VERTEX_POINT('',#10737);
#10737 = CARTESIAN_POINT('',(-61.31,-17.60728355144,14.04981));
#10738 = CIRCLE('',#10739,0.682666387113);
#10739 = AXIS2_PLACEMENT_3D('',#10740,#10741,#10742);
#10740 = CARTESIAN_POINT('',(-61.31,-18.095196,13.572342892608));
#10741 = DIRECTION('',(-1.,0.,0.));
#10742 = DIRECTION('',(0.,-1.,0.));
#10743 = ORIENTED_EDGE('',*,*,#10744,.F.);
#10744 = EDGE_CURVE('',#8825,#10736,#10745,.T.);
#10745 = LINE('',#10746,#10747);
#10746 = CARTESIAN_POINT('',(-61.81,-17.60728355144,14.04981));
#10747 = VECTOR('',#10748,1.);
#10748 = DIRECTION('',(1.,0.,0.));
#10749 = ORIENTED_EDGE('',*,*,#8832,.F.);
#10750 = CYLINDRICAL_SURFACE('',#10751,0.682666387113);
#10751 = AXIS2_PLACEMENT_3D('',#10752,#10753,#10754);
#10752 = CARTESIAN_POINT('',(-61.81,-18.095196,13.572342892608));
#10753 = DIRECTION('',(-1.,0.,0.));
#10754 = DIRECTION('',(0.,-1.,0.));
#10755 = ADVANCED_FACE('',(#10756),#10767,.T.);
#10756 = FACE_BOUND('',#10757,.T.);
#10757 = EDGE_LOOP('',(#10758,#10759,#10765,#10766));
#10758 = ORIENTED_EDGE('',*,*,#10362,.T.);
#10759 = ORIENTED_EDGE('',*,*,#10760,.T.);
#10760 = EDGE_CURVE('',#10363,#10736,#10761,.T.);
#10761 = LINE('',#10762,#10763);
#10762 = CARTESIAN_POINT('',(-61.31,-11.55403936231,7.864690229998));
#10763 = VECTOR('',#10764,1.);
#10764 = DIRECTION('',(0.,-0.699446682727,0.71468478228));
#10765 = ORIENTED_EDGE('',*,*,#10744,.F.);
#10766 = ORIENTED_EDGE('',*,*,#8824,.F.);
#10767 = PLANE('',#10768);
#10768 = AXIS2_PLACEMENT_3D('',#10769,#10770,#10771);
#10769 = CARTESIAN_POINT('',(-61.81,-11.55403936231,7.864690229998));
#10770 = DIRECTION('',(0.,-0.71468478228,-0.699446682727));
#10771 = DIRECTION('',(0.,-0.699446682727,0.71468478228));
#10772 = ADVANCED_FACE('',(#10773),#10799,.F.);
#10773 = FACE_BOUND('',#10774,.F.);
#10774 = EDGE_LOOP('',(#10775,#10783,#10792,#10798));
#10775 = ORIENTED_EDGE('',*,*,#10776,.T.);
#10776 = EDGE_CURVE('',#8958,#10777,#10779,.T.);
#10777 = VERTEX_POINT('',#10778);
#10778 = CARTESIAN_POINT('',(-61.31,-26.83155371342,4.575358637453));
#10779 = LINE('',#10780,#10781);
#10780 = CARTESIAN_POINT('',(-61.81,-26.83155371342,4.575358637453));
#10781 = VECTOR('',#10782,1.);
#10782 = DIRECTION('',(1.,0.,0.));
#10783 = ORIENTED_EDGE('',*,*,#10784,.T.);
#10784 = EDGE_CURVE('',#10777,#10785,#10787,.T.);
#10785 = VERTEX_POINT('',#10786);
#10786 = CARTESIAN_POINT('',(-61.31,-27.058415,4.786233));
#10787 = CIRCLE('',#10788,0.230041);
#10788 = AXIS2_PLACEMENT_3D('',#10789,#10790,#10791);
#10789 = CARTESIAN_POINT('',(-61.31,-26.82917282706,4.805387316232));
#10790 = DIRECTION('',(-1.,0.,0.));
#10791 = DIRECTION('',(0.,-1.,0.));
#10792 = ORIENTED_EDGE('',*,*,#10793,.F.);
#10793 = EDGE_CURVE('',#8960,#10785,#10794,.T.);
#10794 = LINE('',#10795,#10796);
#10795 = CARTESIAN_POINT('',(-61.81,-27.058415,4.786233));
#10796 = VECTOR('',#10797,1.);
#10797 = DIRECTION('',(1.,0.,0.));
#10798 = ORIENTED_EDGE('',*,*,#8957,.F.);
#10799 = CYLINDRICAL_SURFACE('',#10800,0.230041);
#10800 = AXIS2_PLACEMENT_3D('',#10801,#10802,#10803);
#10801 = CARTESIAN_POINT('',(-61.81,-26.82917282706,4.805387316232));
#10802 = DIRECTION('',(-1.,0.,0.));
#10803 = DIRECTION('',(0.,-1.,0.));
#10804 = ADVANCED_FACE('',(#10805),#10823,.T.);
#10805 = FACE_BOUND('',#10806,.T.);
#10806 = EDGE_LOOP('',(#10807,#10815,#10821,#10822));
#10807 = ORIENTED_EDGE('',*,*,#10808,.T.);
#10808 = EDGE_CURVE('',#9079,#10809,#10811,.T.);
#10809 = VERTEX_POINT('',#10810);
#10810 = CARTESIAN_POINT('',(-61.31,-27.50971643915,9.309278345152));
#10811 = LINE('',#10812,#10813);
#10812 = CARTESIAN_POINT('',(-61.81,-27.50971643915,9.309278345152));
#10813 = VECTOR('',#10814,1.);
#10814 = DIRECTION('',(1.,0.,0.));
#10815 = ORIENTED_EDGE('',*,*,#10816,.T.);
#10816 = EDGE_CURVE('',#10809,#10785,#10817,.T.);
#10817 = LINE('',#10818,#10819);
#10818 = CARTESIAN_POINT('',(-61.31,-27.50971643915,9.309278345152));
#10819 = VECTOR('',#10820,1.);
#10820 = DIRECTION('',(-0.,9.928522300994E-02,-0.995059015582));
#10821 = ORIENTED_EDGE('',*,*,#10793,.F.);
#10822 = ORIENTED_EDGE('',*,*,#9087,.F.);
#10823 = PLANE('',#10824);
#10824 = AXIS2_PLACEMENT_3D('',#10825,#10826,#10827);
#10825 = CARTESIAN_POINT('',(-61.81,-27.50971643915,9.309278345152));
#10826 = DIRECTION('',(0.,0.995059015582,9.928522300994E-02));
#10827 = DIRECTION('',(0.,9.928522300994E-02,-0.995059015582));
#10828 = ADVANCED_FACE('',(#10829),#10848,.F.);
#10829 = FACE_BOUND('',#10830,.F.);
#10830 = EDGE_LOOP('',(#10831,#10832,#10841,#10847));
#10831 = ORIENTED_EDGE('',*,*,#10808,.T.);
#10832 = ORIENTED_EDGE('',*,*,#10833,.T.);
#10833 = EDGE_CURVE('',#10809,#10834,#10836,.T.);
#10834 = VERTEX_POINT('',#10835);
#10835 = CARTESIAN_POINT('',(-61.31,-27.36156318081,9.574289564117));
#10836 = CIRCLE('',#10837,0.252284);
#10837 = AXIS2_PLACEMENT_3D('',#10838,#10839,#10840);
#10838 = CARTESIAN_POINT('',(-61.31,-27.25975855893,9.34345837987));
#10839 = DIRECTION('',(-1.,0.,0.));
#10840 = DIRECTION('',(0.,-1.,0.));
#10841 = ORIENTED_EDGE('',*,*,#10842,.F.);
#10842 = EDGE_CURVE('',#9071,#10834,#10843,.T.);
#10843 = LINE('',#10844,#10845);
#10844 = CARTESIAN_POINT('',(-61.81,-27.36156318081,9.574289564117));
#10845 = VECTOR('',#10846,1.);
#10846 = DIRECTION('',(1.,0.,0.));
#10847 = ORIENTED_EDGE('',*,*,#9078,.F.);
#10848 = CYLINDRICAL_SURFACE('',#10849,0.252284);
#10849 = AXIS2_PLACEMENT_3D('',#10850,#10851,#10852);
#10850 = CARTESIAN_POINT('',(-61.81,-27.25975855893,9.34345837987));
#10851 = DIRECTION('',(-1.,0.,0.));
#10852 = DIRECTION('',(0.,-1.,0.));
#10853 = ADVANCED_FACE('',(#10854),#10872,.T.);
#10854 = FACE_BOUND('',#10855,.T.);
#10855 = EDGE_LOOP('',(#10856,#10864,#10870,#10871));
#10856 = ORIENTED_EDGE('',*,*,#10857,.T.);
#10857 = EDGE_CURVE('',#9062,#10858,#10860,.T.);
#10858 = VERTEX_POINT('',#10859);
#10859 = CARTESIAN_POINT('',(-61.31,-26.55809955505,9.574289564117));
#10860 = LINE('',#10861,#10862);
#10861 = CARTESIAN_POINT('',(-61.81,-26.55809955505,9.574289564117));
#10862 = VECTOR('',#10863,1.);
#10863 = DIRECTION('',(1.,0.,0.));
#10864 = ORIENTED_EDGE('',*,*,#10865,.T.);
#10865 = EDGE_CURVE('',#10858,#10834,#10866,.T.);
#10866 = LINE('',#10867,#10868);
#10867 = CARTESIAN_POINT('',(-61.31,-26.55809955505,9.574289564117));
#10868 = VECTOR('',#10869,1.);
#10869 = DIRECTION('',(0.,-1.,0.));
#10870 = ORIENTED_EDGE('',*,*,#10842,.F.);
#10871 = ORIENTED_EDGE('',*,*,#9070,.F.);
#10872 = PLANE('',#10873);
#10873 = AXIS2_PLACEMENT_3D('',#10874,#10875,#10876);
#10874 = CARTESIAN_POINT('',(-61.81,-26.55809955505,9.574289564117));
#10875 = DIRECTION('',(0.,0.,-1.));
#10876 = DIRECTION('',(0.,-1.,0.));
#10877 = ADVANCED_FACE('',(#10878),#10897,.F.);
#10878 = FACE_BOUND('',#10879,.F.);
#10879 = EDGE_LOOP('',(#10880,#10881,#10890,#10896));
#10880 = ORIENTED_EDGE('',*,*,#10857,.T.);
#10881 = ORIENTED_EDGE('',*,*,#10882,.T.);
#10882 = EDGE_CURVE('',#10858,#10883,#10885,.T.);
#10883 = VERTEX_POINT('',#10884);
#10884 = CARTESIAN_POINT('',(-61.31,-26.324763,9.378962517906));
#10885 = CIRCLE('',#10886,0.257494);
#10886 = AXIS2_PLACEMENT_3D('',#10887,#10888,#10889);
#10887 = CARTESIAN_POINT('',(-61.31,-26.57477366442,9.317336));
#10888 = DIRECTION('',(-1.,0.,0.));
#10889 = DIRECTION('',(0.,-1.,0.));
#10890 = ORIENTED_EDGE('',*,*,#10891,.F.);
#10891 = EDGE_CURVE('',#9054,#10883,#10892,.T.);
#10892 = LINE('',#10893,#10894);
#10893 = CARTESIAN_POINT('',(-61.81,-26.324763,9.378962517906));
#10894 = VECTOR('',#10895,1.);
#10895 = DIRECTION('',(1.,0.,0.));
#10896 = ORIENTED_EDGE('',*,*,#9061,.F.);
#10897 = CYLINDRICAL_SURFACE('',#10898,0.257494);
#10898 = AXIS2_PLACEMENT_3D('',#10899,#10900,#10901);
#10899 = CARTESIAN_POINT('',(-61.81,-26.57477366442,9.317336));
#10900 = DIRECTION('',(-1.,0.,0.));
#10901 = DIRECTION('',(0.,-1.,0.));
#10902 = ADVANCED_FACE('',(#10903),#10921,.F.);
#10903 = FACE_BOUND('',#10904,.F.);
#10904 = EDGE_LOOP('',(#10905,#10906,#10914,#10920));
#10905 = ORIENTED_EDGE('',*,*,#10891,.T.);
#10906 = ORIENTED_EDGE('',*,*,#10907,.T.);
#10907 = EDGE_CURVE('',#10883,#10908,#10910,.T.);
#10908 = VERTEX_POINT('',#10909);
#10909 = CARTESIAN_POINT('',(-61.31,-25.96237372094,5.747015));
#10910 = LINE('',#10911,#10912);
#10911 = CARTESIAN_POINT('',(-61.31,-26.324763,9.378962517906));
#10912 = VECTOR('',#10913,1.);
#10913 = DIRECTION('',(-0.,9.928522300997E-02,-0.995059015582));
#10914 = ORIENTED_EDGE('',*,*,#10915,.F.);
#10915 = EDGE_CURVE('',#9045,#10908,#10916,.T.);
#10916 = LINE('',#10917,#10918);
#10917 = CARTESIAN_POINT('',(-61.81,-25.96237372094,5.747015));
#10918 = VECTOR('',#10919,1.);
#10919 = DIRECTION('',(1.,0.,0.));
#10920 = ORIENTED_EDGE('',*,*,#9053,.F.);
#10921 = PLANE('',#10922);
#10922 = AXIS2_PLACEMENT_3D('',#10923,#10924,#10925);
#10923 = CARTESIAN_POINT('',(-61.81,-26.324763,9.378962517906));
#10924 = DIRECTION('',(0.,0.995059015582,9.928522300997E-02));
#10925 = DIRECTION('',(0.,9.928522300997E-02,-0.995059015582));
#10926 = ADVANCED_FACE('',(#10927),#10946,.T.);
#10927 = FACE_BOUND('',#10928,.T.);
#10928 = EDGE_LOOP('',(#10929,#10937,#10944,#10945));
#10929 = ORIENTED_EDGE('',*,*,#10930,.T.);
#10930 = EDGE_CURVE('',#9037,#10931,#10933,.T.);
#10931 = VERTEX_POINT('',#10932);
#10932 = CARTESIAN_POINT('',(-61.31,-25.71134748518,5.577047669926));
#10933 = LINE('',#10934,#10935);
#10934 = CARTESIAN_POINT('',(-61.81,-25.71134748518,5.577047669926));
#10935 = VECTOR('',#10936,1.);
#10936 = DIRECTION('',(1.,0.,0.));
#10937 = ORIENTED_EDGE('',*,*,#10938,.T.);
#10938 = EDGE_CURVE('',#10931,#10908,#10939,.T.);
#10939 = CIRCLE('',#10940,0.18086);
#10940 = AXIS2_PLACEMENT_3D('',#10941,#10942,#10943);
#10941 = CARTESIAN_POINT('',(-61.31,-25.78154356462,5.743729552659));
#10942 = DIRECTION('',(-1.,0.,0.));
#10943 = DIRECTION('',(0.,-1.,0.));
#10944 = ORIENTED_EDGE('',*,*,#10915,.F.);
#10945 = ORIENTED_EDGE('',*,*,#9044,.F.);
#10946 = CYLINDRICAL_SURFACE('',#10947,0.18086);
#10947 = AXIS2_PLACEMENT_3D('',#10948,#10949,#10950);
#10948 = CARTESIAN_POINT('',(-61.81,-25.78154356462,5.743729552659));
#10949 = DIRECTION('',(-1.,0.,0.));
#10950 = DIRECTION('',(0.,-1.,0.));
#10951 = ADVANCED_FACE('',(#10952),#10970,.T.);
#10952 = FACE_BOUND('',#10953,.T.);
#10953 = EDGE_LOOP('',(#10954,#10962,#10968,#10969));
#10954 = ORIENTED_EDGE('',*,*,#10955,.T.);
#10955 = EDGE_CURVE('',#9028,#10956,#10958,.T.);
#10956 = VERTEX_POINT('',#10957);
#10957 = CARTESIAN_POINT('',(-61.31,-24.73684483651,5.577047669926));
#10958 = LINE('',#10959,#10960);
#10959 = CARTESIAN_POINT('',(-61.81,-24.73684483651,5.577047669926));
#10960 = VECTOR('',#10961,1.);
#10961 = DIRECTION('',(1.,0.,0.));
#10962 = ORIENTED_EDGE('',*,*,#10963,.T.);
#10963 = EDGE_CURVE('',#10956,#10931,#10964,.T.);
#10964 = LINE('',#10965,#10966);
#10965 = CARTESIAN_POINT('',(-61.31,-24.73684483651,5.577047669926));
#10966 = VECTOR('',#10967,1.);
#10967 = DIRECTION('',(0.,-1.,0.));
#10968 = ORIENTED_EDGE('',*,*,#10930,.F.);
#10969 = ORIENTED_EDGE('',*,*,#9036,.F.);
#10970 = PLANE('',#10971);
#10971 = AXIS2_PLACEMENT_3D('',#10972,#10973,#10974);
#10972 = CARTESIAN_POINT('',(-61.81,-24.73684483651,5.577047669926));
#10973 = DIRECTION('',(0.,0.,-1.));
#10974 = DIRECTION('',(0.,-1.,0.));
#10975 = ADVANCED_FACE('',(#10976),#10995,.T.);
#10976 = FACE_BOUND('',#10977,.T.);
#10977 = EDGE_LOOP('',(#10978,#10986,#10993,#10994));
#10978 = ORIENTED_EDGE('',*,*,#10979,.T.);
#10979 = EDGE_CURVE('',#9020,#10980,#10982,.T.);
#10980 = VERTEX_POINT('',#10981);
#10981 = CARTESIAN_POINT('',(-61.31,-24.62180056716,5.788188061862));
#10982 = LINE('',#10983,#10984);
#10983 = CARTESIAN_POINT('',(-61.81,-24.62180056716,5.788188061862));
#10984 = VECTOR('',#10985,1.);
#10985 = DIRECTION('',(1.,0.,0.));
#10986 = ORIENTED_EDGE('',*,*,#10987,.T.);
#10987 = EDGE_CURVE('',#10980,#10956,#10988,.T.);
#10988 = CIRCLE('',#10989,0.164283);
#10989 = AXIS2_PLACEMENT_3D('',#10990,#10991,#10992);
#10990 = CARTESIAN_POINT('',(-61.31,-24.777636,5.736185927648));
#10991 = DIRECTION('',(-1.,0.,0.));
#10992 = DIRECTION('',(0.,-1.,0.));
#10993 = ORIENTED_EDGE('',*,*,#10955,.F.);
#10994 = ORIENTED_EDGE('',*,*,#9027,.F.);
#10995 = CYLINDRICAL_SURFACE('',#10996,0.164283);
#10996 = AXIS2_PLACEMENT_3D('',#10997,#10998,#10999);
#10997 = CARTESIAN_POINT('',(-61.81,-24.777636,5.736185927648));
#10998 = DIRECTION('',(-1.,0.,0.));
#10999 = DIRECTION('',(0.,-1.,0.));
#11000 = ADVANCED_FACE('',(#11001),#11019,.T.);
#11001 = FACE_BOUND('',#11002,.T.);
#11002 = EDGE_LOOP('',(#11003,#11011,#11017,#11018));
#11003 = ORIENTED_EDGE('',*,*,#11004,.T.);
#11004 = EDGE_CURVE('',#9011,#11005,#11007,.T.);
#11005 = VERTEX_POINT('',#11006);
#11006 = CARTESIAN_POINT('',(-61.31,-24.98461286478,9.424375167728));
#11007 = LINE('',#11008,#11009);
#11008 = CARTESIAN_POINT('',(-61.81,-24.98461286478,9.424375167728));
#11009 = VECTOR('',#11010,1.);
#11010 = DIRECTION('',(1.,0.,0.));
#11011 = ORIENTED_EDGE('',*,*,#11012,.T.);
#11012 = EDGE_CURVE('',#11005,#10980,#11013,.T.);
#11013 = LINE('',#11014,#11015);
#11014 = CARTESIAN_POINT('',(-61.31,-24.98461286478,9.424375167728));
#11015 = VECTOR('',#11016,1.);
#11016 = DIRECTION('',(-0.,9.928522301003E-02,-0.995059015582));
#11017 = ORIENTED_EDGE('',*,*,#10979,.F.);
#11018 = ORIENTED_EDGE('',*,*,#9019,.F.);
#11019 = PLANE('',#11020);
#11020 = AXIS2_PLACEMENT_3D('',#11021,#11022,#11023);
#11021 = CARTESIAN_POINT('',(-61.81,-24.98461286478,9.424375167728));
#11022 = DIRECTION('',(0.,0.995059015582,9.928522301003E-02));
#11023 = DIRECTION('',(0.,9.928522301003E-02,-0.995059015582));
#11024 = ADVANCED_FACE('',(#11025),#11044,.F.);
#11025 = FACE_BOUND('',#11026,.F.);
#11026 = EDGE_LOOP('',(#11027,#11028,#11037,#11043));
#11027 = ORIENTED_EDGE('',*,*,#11004,.T.);
#11028 = ORIENTED_EDGE('',*,*,#11029,.T.);
#11029 = EDGE_CURVE('',#11005,#11030,#11032,.T.);
#11030 = VERTEX_POINT('',#11031);
#11031 = CARTESIAN_POINT('',(-61.31,-24.79518304836,9.630136648849));
#11032 = CIRCLE('',#11033,0.185350299619);
#11033 = AXIS2_PLACEMENT_3D('',#11034,#11035,#11036);
#11034 = CARTESIAN_POINT('',(-61.31,-24.800398,9.444859726788));
#11035 = DIRECTION('',(-1.,0.,0.));
#11036 = DIRECTION('',(0.,-1.,0.));
#11037 = ORIENTED_EDGE('',*,*,#11038,.F.);
#11038 = EDGE_CURVE('',#9003,#11030,#11039,.T.);
#11039 = LINE('',#11040,#11041);
#11040 = CARTESIAN_POINT('',(-61.81,-24.79518304836,9.630136648849));
#11041 = VECTOR('',#11042,1.);
#11042 = DIRECTION('',(1.,0.,0.));
#11043 = ORIENTED_EDGE('',*,*,#9010,.F.);
#11044 = CYLINDRICAL_SURFACE('',#11045,0.185350299619);
#11045 = AXIS2_PLACEMENT_3D('',#11046,#11047,#11048);
#11046 = CARTESIAN_POINT('',(-61.81,-24.800398,9.444859726788));
#11047 = DIRECTION('',(-1.,0.,0.));
#11048 = DIRECTION('',(0.,-1.,0.));
#11049 = ADVANCED_FACE('',(#11050),#11068,.T.);
#11050 = FACE_BOUND('',#11051,.T.);
#11051 = EDGE_LOOP('',(#11052,#11060,#11066,#11067));
#11052 = ORIENTED_EDGE('',*,*,#11053,.T.);
#11053 = EDGE_CURVE('',#8994,#11054,#11056,.T.);
#11054 = VERTEX_POINT('',#11055);
#11055 = CARTESIAN_POINT('',(-61.31,-23.95133021566,9.630136648849));
#11056 = LINE('',#11057,#11058);
#11057 = CARTESIAN_POINT('',(-61.81,-23.95133021566,9.630136648849));
#11058 = VECTOR('',#11059,1.);
#11059 = DIRECTION('',(1.,0.,0.));
#11060 = ORIENTED_EDGE('',*,*,#11061,.T.);
#11061 = EDGE_CURVE('',#11054,#11030,#11062,.T.);
#11062 = LINE('',#11063,#11064);
#11063 = CARTESIAN_POINT('',(-61.31,-23.95133021566,9.630136648849));
#11064 = VECTOR('',#11065,1.);
#11065 = DIRECTION('',(0.,-1.,0.));
#11066 = ORIENTED_EDGE('',*,*,#11038,.F.);
#11067 = ORIENTED_EDGE('',*,*,#9002,.F.);
#11068 = PLANE('',#11069);
#11069 = AXIS2_PLACEMENT_3D('',#11070,#11071,#11072);
#11070 = CARTESIAN_POINT('',(-61.81,-23.95133021566,9.630136648849));
#11071 = DIRECTION('',(0.,0.,-1.));
#11072 = DIRECTION('',(0.,-1.,0.));
#11073 = ADVANCED_FACE('',(#11074),#11093,.F.);
#11074 = FACE_BOUND('',#11075,.F.);
#11075 = EDGE_LOOP('',(#11076,#11077,#11086,#11092));
#11076 = ORIENTED_EDGE('',*,*,#11053,.T.);
#11077 = ORIENTED_EDGE('',*,*,#11078,.T.);
#11078 = EDGE_CURVE('',#11054,#11079,#11081,.T.);
#11079 = VERTEX_POINT('',#11080);
#11080 = CARTESIAN_POINT('',(-61.31,-23.765507,9.456037195318));
#11081 = CIRCLE('',#11082,0.169413);
#11082 = AXIS2_PLACEMENT_3D('',#11083,#11084,#11085);
#11083 = CARTESIAN_POINT('',(-61.31,-23.9348309636,9.461529));
#11084 = DIRECTION('',(-1.,0.,0.));
#11085 = DIRECTION('',(0.,-1.,0.));
#11086 = ORIENTED_EDGE('',*,*,#11087,.F.);
#11087 = EDGE_CURVE('',#8986,#11079,#11088,.T.);
#11088 = LINE('',#11089,#11090);
#11089 = CARTESIAN_POINT('',(-61.81,-23.765507,9.456037195318));
#11090 = VECTOR('',#11091,1.);
#11091 = DIRECTION('',(1.,0.,0.));
#11092 = ORIENTED_EDGE('',*,*,#8993,.F.);
#11093 = CYLINDRICAL_SURFACE('',#11094,0.169413);
#11094 = AXIS2_PLACEMENT_3D('',#11095,#11096,#11097);
#11095 = CARTESIAN_POINT('',(-61.81,-23.9348309636,9.461529));
#11096 = DIRECTION('',(-1.,0.,0.));
#11097 = DIRECTION('',(0.,-1.,0.));
#11098 = ADVANCED_FACE('',(#11099),#11117,.F.);
#11099 = FACE_BOUND('',#11100,.F.);
#11100 = EDGE_LOOP('',(#11101,#11102,#11110,#11116));
#11101 = ORIENTED_EDGE('',*,*,#11087,.T.);
#11102 = ORIENTED_EDGE('',*,*,#11103,.T.);
#11103 = EDGE_CURVE('',#11079,#11104,#11106,.T.);
#11104 = VERTEX_POINT('',#11105);
#11105 = CARTESIAN_POINT('',(-61.31,-23.30460149646,4.836737739418));
#11106 = LINE('',#11107,#11108);
#11107 = CARTESIAN_POINT('',(-61.31,-23.765507,9.456037195318));
#11108 = VECTOR('',#11109,1.);
#11109 = DIRECTION('',(-0.,9.928522300998E-02,-0.995059015582));
#11110 = ORIENTED_EDGE('',*,*,#11111,.F.);
#11111 = EDGE_CURVE('',#8977,#11104,#11112,.T.);
#11112 = LINE('',#11113,#11114);
#11113 = CARTESIAN_POINT('',(-61.81,-23.30460149646,4.836737739418));
#11114 = VECTOR('',#11115,1.);
#11115 = DIRECTION('',(1.,0.,0.));
#11116 = ORIENTED_EDGE('',*,*,#8985,.F.);
#11117 = PLANE('',#11118);
#11118 = AXIS2_PLACEMENT_3D('',#11119,#11120,#11121);
#11119 = CARTESIAN_POINT('',(-61.81,-23.765507,9.456037195318));
#11120 = DIRECTION('',(0.,0.995059015582,9.928522300998E-02));
#11121 = DIRECTION('',(0.,9.928522300998E-02,-0.995059015582));
#11122 = ADVANCED_FACE('',(#11123),#11142,.F.);
#11123 = FACE_BOUND('',#11124,.F.);
#11124 = EDGE_LOOP('',(#11125,#11126,#11135,#11141));
#11125 = ORIENTED_EDGE('',*,*,#11111,.T.);
#11126 = ORIENTED_EDGE('',*,*,#11127,.T.);
#11127 = EDGE_CURVE('',#11104,#11128,#11130,.T.);
#11128 = VERTEX_POINT('',#11129);
#11129 = CARTESIAN_POINT('',(-61.31,-23.4777344665,4.575358637453));
#11130 = CIRCLE('',#11131,0.193424279074);
#11131 = AXIS2_PLACEMENT_3D('',#11132,#11133,#11134);
#11132 = CARTESIAN_POINT('',(-61.31,-23.485635,4.7686214981));
#11133 = DIRECTION('',(-1.,0.,0.));
#11134 = DIRECTION('',(0.,-1.,0.));
#11135 = ORIENTED_EDGE('',*,*,#11136,.F.);
#11136 = EDGE_CURVE('',#8969,#11128,#11137,.T.);
#11137 = LINE('',#11138,#11139);
#11138 = CARTESIAN_POINT('',(-61.81,-23.4777344665,4.575358637453));
#11139 = VECTOR('',#11140,1.);
#11140 = DIRECTION('',(1.,0.,0.));
#11141 = ORIENTED_EDGE('',*,*,#8976,.F.);
#11142 = CYLINDRICAL_SURFACE('',#11143,0.193424279074);
#11143 = AXIS2_PLACEMENT_3D('',#11144,#11145,#11146);
#11144 = CARTESIAN_POINT('',(-61.81,-23.485635,4.7686214981));
#11145 = DIRECTION('',(-1.,0.,0.));
#11146 = DIRECTION('',(0.,-1.,0.));
#11147 = ADVANCED_FACE('',(#11148),#11159,.T.);
#11148 = FACE_BOUND('',#11149,.T.);
#11149 = EDGE_LOOP('',(#11150,#11151,#11157,#11158));
#11150 = ORIENTED_EDGE('',*,*,#10776,.T.);
#11151 = ORIENTED_EDGE('',*,*,#11152,.T.);
#11152 = EDGE_CURVE('',#10777,#11128,#11153,.T.);
#11153 = LINE('',#11154,#11155);
#11154 = CARTESIAN_POINT('',(-61.31,-26.83155371342,4.575358637453));
#11155 = VECTOR('',#11156,1.);
#11156 = DIRECTION('',(0.,1.,0.));
#11157 = ORIENTED_EDGE('',*,*,#11136,.F.);
#11158 = ORIENTED_EDGE('',*,*,#8968,.F.);
#11159 = PLANE('',#11160);
#11160 = AXIS2_PLACEMENT_3D('',#11161,#11162,#11163);
#11161 = CARTESIAN_POINT('',(-61.81,-26.83155371342,4.575358637453));
#11162 = DIRECTION('',(0.,0.,1.));
#11163 = DIRECTION('',(0.,1.,0.));
#11164 = ADVANCED_FACE('',(#11165),#11191,.F.);
#11165 = FACE_BOUND('',#11166,.F.);
#11166 = EDGE_LOOP('',(#11167,#11175,#11184,#11190));
#11167 = ORIENTED_EDGE('',*,*,#11168,.T.);
#11168 = EDGE_CURVE('',#9096,#11169,#11171,.T.);
#11169 = VERTEX_POINT('',#11170);
#11170 = CARTESIAN_POINT('',(-61.31,-33.03965251486,10.629029558329));
#11171 = LINE('',#11172,#11173);
#11172 = CARTESIAN_POINT('',(-61.81,-33.03965251486,10.629029558329));
#11173 = VECTOR('',#11174,1.);
#11174 = DIRECTION('',(1.,0.,0.));
#11175 = ORIENTED_EDGE('',*,*,#11176,.T.);
#11176 = EDGE_CURVE('',#11169,#11177,#11179,.T.);
#11177 = VERTEX_POINT('',#11178);
#11178 = CARTESIAN_POINT('',(-61.31,-32.84429809496,10.471716));
#11179 = CIRCLE('',#11180,0.158405);
#11180 = AXIS2_PLACEMENT_3D('',#11181,#11182,#11183);
#11181 = CARTESIAN_POINT('',(-61.31,-33.002669,10.475002406005));
#11182 = DIRECTION('',(-1.,0.,0.));
#11183 = DIRECTION('',(0.,-1.,0.));
#11184 = ORIENTED_EDGE('',*,*,#11185,.F.);
#11185 = EDGE_CURVE('',#9098,#11177,#11186,.T.);
#11186 = LINE('',#11187,#11188);
#11187 = CARTESIAN_POINT('',(-61.81,-32.84429809496,10.471716));
#11188 = VECTOR('',#11189,1.);
#11189 = DIRECTION('',(1.,0.,0.));
#11190 = ORIENTED_EDGE('',*,*,#9095,.F.);
#11191 = CYLINDRICAL_SURFACE('',#11192,0.158405);
#11192 = AXIS2_PLACEMENT_3D('',#11193,#11194,#11195);
#11193 = CARTESIAN_POINT('',(-61.81,-33.002669,10.475002406005));
#11194 = DIRECTION('',(-1.,0.,0.));
#11195 = DIRECTION('',(0.,-1.,0.));
#11196 = ADVANCED_FACE('',(#11197),#11215,.T.);
#11197 = FACE_BOUND('',#11198,.T.);
#11198 = EDGE_LOOP('',(#11199,#11207,#11213,#11214));
#11199 = ORIENTED_EDGE('',*,*,#11200,.T.);
#11200 = EDGE_CURVE('',#9285,#11201,#11203,.T.);
#11201 = VERTEX_POINT('',#11202);
#11202 = CARTESIAN_POINT('',(-61.31,-32.54448397367,7.46691090068));
#11203 = LINE('',#11204,#11205);
#11204 = CARTESIAN_POINT('',(-61.81,-32.54448397367,7.46691090068));
#11205 = VECTOR('',#11206,1.);
#11206 = DIRECTION('',(1.,0.,0.));
#11207 = ORIENTED_EDGE('',*,*,#11208,.T.);
#11208 = EDGE_CURVE('',#11201,#11177,#11209,.T.);
#11209 = LINE('',#11210,#11211);
#11210 = CARTESIAN_POINT('',(-61.31,-32.54448397367,7.46691090068));
#11211 = VECTOR('',#11212,1.);
#11212 = DIRECTION('',(0.,-9.928522301E-02,0.995059015582));
#11213 = ORIENTED_EDGE('',*,*,#11185,.F.);
#11214 = ORIENTED_EDGE('',*,*,#9293,.F.);
#11215 = PLANE('',#11216);
#11216 = AXIS2_PLACEMENT_3D('',#11217,#11218,#11219);
#11217 = CARTESIAN_POINT('',(-61.81,-32.54448397367,7.46691090068));
#11218 = DIRECTION('',(0.,-0.995059015582,-9.928522301E-02));
#11219 = DIRECTION('',(0.,-9.928522301E-02,0.995059015582));
#11220 = ADVANCED_FACE('',(#11221),#11240,.F.);
#11221 = FACE_BOUND('',#11222,.F.);
#11222 = EDGE_LOOP('',(#11223,#11224,#11233,#11239));
#11223 = ORIENTED_EDGE('',*,*,#11200,.T.);
#11224 = ORIENTED_EDGE('',*,*,#11225,.T.);
#11225 = EDGE_CURVE('',#11201,#11226,#11228,.T.);
#11226 = VERTEX_POINT('',#11227);
#11227 = CARTESIAN_POINT('',(-61.31,-32.7239695098,7.267361460795));
#11228 = CIRCLE('',#11229,0.171555687278);
#11229 = AXIS2_PLACEMENT_3D('',#11230,#11231,#11232);
#11230 = CARTESIAN_POINT('',(-61.31,-32.71368901874,7.438608841332));
#11231 = DIRECTION('',(-1.,0.,0.));
#11232 = DIRECTION('',(0.,-1.,0.));
#11233 = ORIENTED_EDGE('',*,*,#11234,.F.);
#11234 = EDGE_CURVE('',#9277,#11226,#11235,.T.);
#11235 = LINE('',#11236,#11237);
#11236 = CARTESIAN_POINT('',(-61.81,-32.7239695098,7.267361460795));
#11237 = VECTOR('',#11238,1.);
#11238 = DIRECTION('',(1.,0.,0.));
#11239 = ORIENTED_EDGE('',*,*,#9284,.F.);
#11240 = CYLINDRICAL_SURFACE('',#11241,0.171555687278);
#11241 = AXIS2_PLACEMENT_3D('',#11242,#11243,#11244);
#11242 = CARTESIAN_POINT('',(-61.81,-32.71368901874,7.438608841332));
#11243 = DIRECTION('',(-1.,0.,0.));
#11244 = DIRECTION('',(0.,-1.,0.));
#11245 = ADVANCED_FACE('',(#11246),#11264,.T.);
#11246 = FACE_BOUND('',#11247,.T.);
#11247 = EDGE_LOOP('',(#11248,#11256,#11262,#11263));
#11248 = ORIENTED_EDGE('',*,*,#11249,.T.);
#11249 = EDGE_CURVE('',#9268,#11250,#11252,.T.);
#11250 = VERTEX_POINT('',#11251);
#11251 = CARTESIAN_POINT('',(-61.31,-34.72998987485,7.267361460795));
#11252 = LINE('',#11253,#11254);
#11253 = CARTESIAN_POINT('',(-61.81,-34.72998987485,7.267361460795));
#11254 = VECTOR('',#11255,1.);
#11255 = DIRECTION('',(1.,0.,0.));
#11256 = ORIENTED_EDGE('',*,*,#11257,.T.);
#11257 = EDGE_CURVE('',#11250,#11226,#11258,.T.);
#11258 = LINE('',#11259,#11260);
#11259 = CARTESIAN_POINT('',(-61.31,-34.72998987485,7.267361460795));
#11260 = VECTOR('',#11261,1.);
#11261 = DIRECTION('',(0.,1.,0.));
#11262 = ORIENTED_EDGE('',*,*,#11234,.F.);
#11263 = ORIENTED_EDGE('',*,*,#9276,.F.);
#11264 = PLANE('',#11265);
#11265 = AXIS2_PLACEMENT_3D('',#11266,#11267,#11268);
#11266 = CARTESIAN_POINT('',(-61.81,-34.72998987485,7.267361460795));
#11267 = DIRECTION('',(0.,0.,1.));
#11268 = DIRECTION('',(0.,1.,0.));
#11269 = ADVANCED_FACE('',(#11270),#11289,.T.);
#11270 = FACE_BOUND('',#11271,.T.);
#11271 = EDGE_LOOP('',(#11272,#11280,#11287,#11288));
#11272 = ORIENTED_EDGE('',*,*,#11273,.T.);
#11273 = EDGE_CURVE('',#9260,#11274,#11276,.T.);
#11274 = VERTEX_POINT('',#11275);
#11275 = CARTESIAN_POINT('',(-61.31,-34.89544819581,7.069935865293));
#11276 = LINE('',#11277,#11278);
#11277 = CARTESIAN_POINT('',(-61.81,-34.89544819581,7.069935865293));
#11278 = VECTOR('',#11279,1.);
#11279 = DIRECTION('',(1.,0.,0.));
#11280 = ORIENTED_EDGE('',*,*,#11281,.T.);
#11281 = EDGE_CURVE('',#11274,#11250,#11282,.T.);
#11282 = CIRCLE('',#11283,0.153998451092);
#11283 = AXIS2_PLACEMENT_3D('',#11284,#11285,#11286);
#11284 = CARTESIAN_POINT('',(-61.31,-34.748015,7.114421545135));
#11285 = DIRECTION('',(-1.,0.,0.));
#11286 = DIRECTION('',(0.,-1.,0.));
#11287 = ORIENTED_EDGE('',*,*,#11249,.F.);
#11288 = ORIENTED_EDGE('',*,*,#9267,.F.);
#11289 = CYLINDRICAL_SURFACE('',#11290,0.153998451092);
#11290 = AXIS2_PLACEMENT_3D('',#11291,#11292,#11293);
#11291 = CARTESIAN_POINT('',(-61.81,-34.748015,7.114421545135));
#11292 = DIRECTION('',(-1.,0.,0.));
#11293 = DIRECTION('',(0.,-1.,0.));
#11294 = ADVANCED_FACE('',(#11295),#11313,.T.);
#11295 = FACE_BOUND('',#11296,.T.);
#11296 = EDGE_LOOP('',(#11297,#11305,#11311,#11312));
#11297 = ORIENTED_EDGE('',*,*,#11298,.T.);
#11298 = EDGE_CURVE('',#9251,#11299,#11301,.T.);
#11299 = VERTEX_POINT('',#11300);
#11300 = CARTESIAN_POINT('',(-61.31,-34.759551,5.707943357383));
#11301 = LINE('',#11302,#11303);
#11302 = CARTESIAN_POINT('',(-61.81,-34.759551,5.707943357383));
#11303 = VECTOR('',#11304,1.);
#11304 = DIRECTION('',(1.,0.,0.));
#11305 = ORIENTED_EDGE('',*,*,#11306,.T.);
#11306 = EDGE_CURVE('',#11299,#11274,#11307,.T.);
#11307 = LINE('',#11308,#11309);
#11308 = CARTESIAN_POINT('',(-61.31,-34.759551,5.707943357383));
#11309 = VECTOR('',#11310,1.);
#11310 = DIRECTION('',(0.,-9.92852230103E-02,0.995059015582));
#11311 = ORIENTED_EDGE('',*,*,#11273,.F.);
#11312 = ORIENTED_EDGE('',*,*,#9259,.F.);
#11313 = PLANE('',#11314);
#11314 = AXIS2_PLACEMENT_3D('',#11315,#11316,#11317);
#11315 = CARTESIAN_POINT('',(-61.81,-34.759551,5.707943357383));
#11316 = DIRECTION('',(0.,-0.995059015582,-9.92852230103E-02));
#11317 = DIRECTION('',(0.,-9.92852230103E-02,0.995059015582));
#11318 = ADVANCED_FACE('',(#11319),#11338,.T.);
#11319 = FACE_BOUND('',#11320,.T.);
#11320 = EDGE_LOOP('',(#11321,#11329,#11336,#11337));
#11321 = ORIENTED_EDGE('',*,*,#11322,.T.);
#11322 = EDGE_CURVE('',#9243,#11323,#11325,.T.);
#11323 = VERTEX_POINT('',#11324);
#11324 = CARTESIAN_POINT('',(-61.31,-34.55049966907,5.504177263238));
#11325 = LINE('',#11326,#11327);
#11326 = CARTESIAN_POINT('',(-61.81,-34.55049966907,5.504177263238));
#11327 = VECTOR('',#11328,1.);
#11328 = DIRECTION('',(1.,0.,0.));
#11329 = ORIENTED_EDGE('',*,*,#11330,.T.);
#11330 = EDGE_CURVE('',#11323,#11299,#11331,.T.);
#11331 = CIRCLE('',#11332,0.20878);
#11332 = AXIS2_PLACEMENT_3D('',#11333,#11334,#11335);
#11333 = CARTESIAN_POINT('',(-61.31,-34.55083120748,5.712957));
#11334 = DIRECTION('',(-1.,0.,0.));
#11335 = DIRECTION('',(0.,-1.,0.));
#11336 = ORIENTED_EDGE('',*,*,#11298,.F.);
#11337 = ORIENTED_EDGE('',*,*,#9250,.F.);
#11338 = CYLINDRICAL_SURFACE('',#11339,0.20878);
#11339 = AXIS2_PLACEMENT_3D('',#11340,#11341,#11342);
#11340 = CARTESIAN_POINT('',(-61.81,-34.55083120748,5.712957));
#11341 = DIRECTION('',(-1.,0.,0.));
#11342 = DIRECTION('',(0.,-1.,0.));
#11343 = ADVANCED_FACE('',(#11344),#11362,.T.);
#11344 = FACE_BOUND('',#11345,.T.);
#11345 = EDGE_LOOP('',(#11346,#11354,#11360,#11361));
#11346 = ORIENTED_EDGE('',*,*,#11347,.T.);
#11347 = EDGE_CURVE('',#9234,#11348,#11350,.T.);
#11348 = VERTEX_POINT('',#11349);
#11349 = CARTESIAN_POINT('',(-61.31,-32.54448434466,5.504177263238));
#11350 = LINE('',#11351,#11352);
#11351 = CARTESIAN_POINT('',(-61.81,-32.54448434466,5.504177263238));
#11352 = VECTOR('',#11353,1.);
#11353 = DIRECTION('',(1.,0.,0.));
#11354 = ORIENTED_EDGE('',*,*,#11355,.T.);
#11355 = EDGE_CURVE('',#11348,#11323,#11356,.T.);
#11356 = LINE('',#11357,#11358);
#11357 = CARTESIAN_POINT('',(-61.31,-32.54448434466,5.504177263238));
#11358 = VECTOR('',#11359,1.);
#11359 = DIRECTION('',(0.,-1.,0.));
#11360 = ORIENTED_EDGE('',*,*,#11322,.F.);
#11361 = ORIENTED_EDGE('',*,*,#9242,.F.);
#11362 = PLANE('',#11363);
#11363 = AXIS2_PLACEMENT_3D('',#11364,#11365,#11366);
#11364 = CARTESIAN_POINT('',(-61.81,-32.54448434466,5.504177263238));
#11365 = DIRECTION('',(0.,0.,-1.));
#11366 = DIRECTION('',(0.,-1.,0.));
#11367 = ADVANCED_FACE('',(#11368),#11387,.F.);
#11368 = FACE_BOUND('',#11369,.F.);
#11369 = EDGE_LOOP('',(#11370,#11371,#11380,#11386));
#11370 = ORIENTED_EDGE('',*,*,#11347,.T.);
#11371 = ORIENTED_EDGE('',*,*,#11372,.T.);
#11372 = EDGE_CURVE('',#11348,#11373,#11375,.T.);
#11373 = VERTEX_POINT('',#11374);
#11374 = CARTESIAN_POINT('',(-61.31,-32.316375,5.317305488757));
#11375 = CIRCLE('',#11376,0.213474);
#11376 = AXIS2_PLACEMENT_3D('',#11377,#11378,#11379);
#11377 = CARTESIAN_POINT('',(-61.31,-32.52826160348,5.291320571202));
#11378 = DIRECTION('',(-1.,0.,0.));
#11379 = DIRECTION('',(0.,-1.,0.));
#11380 = ORIENTED_EDGE('',*,*,#11381,.F.);
#11381 = EDGE_CURVE('',#9226,#11373,#11382,.T.);
#11382 = LINE('',#11383,#11384);
#11383 = CARTESIAN_POINT('',(-61.81,-32.316375,5.317305488757));
#11384 = VECTOR('',#11385,1.);
#11385 = DIRECTION('',(1.,0.,0.));
#11386 = ORIENTED_EDGE('',*,*,#9233,.F.);
#11387 = CYLINDRICAL_SURFACE('',#11388,0.213474);
#11388 = AXIS2_PLACEMENT_3D('',#11389,#11390,#11391);
#11389 = CARTESIAN_POINT('',(-61.81,-32.52826160348,5.291320571202));
#11390 = DIRECTION('',(-1.,0.,0.));
#11391 = DIRECTION('',(0.,-1.,0.));
#11392 = ADVANCED_FACE('',(#11393),#11411,.F.);
#11393 = FACE_BOUND('',#11394,.F.);
#11394 = EDGE_LOOP('',(#11395,#11396,#11404,#11410));
#11395 = ORIENTED_EDGE('',*,*,#11381,.T.);
#11396 = ORIENTED_EDGE('',*,*,#11397,.T.);
#11397 = EDGE_CURVE('',#11373,#11398,#11400,.T.);
#11398 = VERTEX_POINT('',#11399);
#11399 = CARTESIAN_POINT('',(-61.31,-32.27149689234,4.867526918798));
#11400 = LINE('',#11401,#11402);
#11401 = CARTESIAN_POINT('',(-61.31,-32.316375,5.317305488757));
#11402 = VECTOR('',#11403,1.);
#11403 = DIRECTION('',(-0.,9.928522301003E-02,-0.995059015582));
#11404 = ORIENTED_EDGE('',*,*,#11405,.F.);
#11405 = EDGE_CURVE('',#9217,#11398,#11406,.T.);
#11406 = LINE('',#11407,#11408);
#11407 = CARTESIAN_POINT('',(-61.81,-32.27149689234,4.867526918798));
#11408 = VECTOR('',#11409,1.);
#11409 = DIRECTION('',(1.,0.,0.));
#11410 = ORIENTED_EDGE('',*,*,#9225,.F.);
#11411 = PLANE('',#11412);
#11412 = AXIS2_PLACEMENT_3D('',#11413,#11414,#11415);
#11413 = CARTESIAN_POINT('',(-61.81,-32.316375,5.317305488757));
#11414 = DIRECTION('',(0.,0.995059015582,9.928522301003E-02));
#11415 = DIRECTION('',(0.,9.928522301003E-02,-0.995059015582));
#11416 = ADVANCED_FACE('',(#11417),#11436,.F.);
#11417 = FACE_BOUND('',#11418,.F.);
#11418 = EDGE_LOOP('',(#11419,#11420,#11429,#11435));
#11419 = ORIENTED_EDGE('',*,*,#11405,.T.);
#11420 = ORIENTED_EDGE('',*,*,#11421,.T.);
#11421 = EDGE_CURVE('',#11398,#11422,#11424,.T.);
#11422 = VERTEX_POINT('',#11423);
#11423 = CARTESIAN_POINT('',(-61.31,-32.43890494101,4.580063969162));
#11424 = CIRCLE('',#11425,0.225281986006);
#11425 = AXIS2_PLACEMENT_3D('',#11426,#11427,#11428);
#11426 = CARTESIAN_POINT('',(-61.31,-32.486502,4.80026045686));
#11427 = DIRECTION('',(-1.,0.,0.));
#11428 = DIRECTION('',(0.,-1.,0.));
#11429 = ORIENTED_EDGE('',*,*,#11430,.F.);
#11430 = EDGE_CURVE('',#9209,#11422,#11431,.T.);
#11431 = LINE('',#11432,#11433);
#11432 = CARTESIAN_POINT('',(-61.81,-32.43890494101,4.580063969162));
#11433 = VECTOR('',#11434,1.);
#11434 = DIRECTION('',(1.,0.,0.));
#11435 = ORIENTED_EDGE('',*,*,#9216,.F.);
#11436 = CYLINDRICAL_SURFACE('',#11437,0.225281986006);
#11437 = AXIS2_PLACEMENT_3D('',#11438,#11439,#11440);
#11438 = CARTESIAN_POINT('',(-61.81,-32.486502,4.80026045686));
#11439 = DIRECTION('',(-1.,0.,0.));
#11440 = DIRECTION('',(0.,-1.,0.));
#11441 = ADVANCED_FACE('',(#11442),#11460,.F.);
#11442 = FACE_BOUND('',#11443,.F.);
#11443 = EDGE_LOOP('',(#11444,#11445,#11453,#11459));
#11444 = ORIENTED_EDGE('',*,*,#11430,.T.);
#11445 = ORIENTED_EDGE('',*,*,#11446,.T.);
#11446 = EDGE_CURVE('',#11422,#11447,#11449,.T.);
#11447 = VERTEX_POINT('',#11448);
#11448 = CARTESIAN_POINT('',(-61.31,-35.60630187188,4.580063969162));
#11449 = LINE('',#11450,#11451);
#11450 = CARTESIAN_POINT('',(-61.31,-32.43890494101,4.580063969162));
#11451 = VECTOR('',#11452,1.);
#11452 = DIRECTION('',(0.,-1.,0.));
#11453 = ORIENTED_EDGE('',*,*,#11454,.F.);
#11454 = EDGE_CURVE('',#9200,#11447,#11455,.T.);
#11455 = LINE('',#11456,#11457);
#11456 = CARTESIAN_POINT('',(-61.81,-35.60630187188,4.580063969162));
#11457 = VECTOR('',#11458,1.);
#11458 = DIRECTION('',(1.,0.,0.));
#11459 = ORIENTED_EDGE('',*,*,#9208,.F.);
#11460 = PLANE('',#11461);
#11461 = AXIS2_PLACEMENT_3D('',#11462,#11463,#11464);
#11462 = CARTESIAN_POINT('',(-61.81,-32.43890494101,4.580063969162));
#11463 = DIRECTION('',(0.,0.,-1.));
#11464 = DIRECTION('',(0.,-1.,0.));
#11465 = ADVANCED_FACE('',(#11466),#11485,.F.);
#11466 = FACE_BOUND('',#11467,.F.);
#11467 = EDGE_LOOP('',(#11468,#11469,#11478,#11484));
#11468 = ORIENTED_EDGE('',*,*,#11454,.T.);
#11469 = ORIENTED_EDGE('',*,*,#11470,.T.);
#11470 = EDGE_CURVE('',#11447,#11471,#11473,.T.);
#11471 = VERTEX_POINT('',#11472);
#11472 = CARTESIAN_POINT('',(-61.31,-35.84744,4.803126));
#11473 = CIRCLE('',#11474,0.257767);
#11474 = AXIS2_PLACEMENT_3D('',#11475,#11476,#11477);
#11475 = CARTESIAN_POINT('',(-61.31,-35.59196608043,4.837432015688));
#11476 = DIRECTION('',(-1.,0.,0.));
#11477 = DIRECTION('',(0.,-1.,0.));
#11478 = ORIENTED_EDGE('',*,*,#11479,.F.);
#11479 = EDGE_CURVE('',#9192,#11471,#11480,.T.);
#11480 = LINE('',#11481,#11482);
#11481 = CARTESIAN_POINT('',(-61.81,-35.84744,4.803126));
#11482 = VECTOR('',#11483,1.);
#11483 = DIRECTION('',(1.,0.,0.));
#11484 = ORIENTED_EDGE('',*,*,#9199,.F.);
#11485 = CYLINDRICAL_SURFACE('',#11486,0.257767);
#11486 = AXIS2_PLACEMENT_3D('',#11487,#11488,#11489);
#11487 = CARTESIAN_POINT('',(-61.81,-35.59196608043,4.837432015688));
#11488 = DIRECTION('',(-1.,0.,0.));
#11489 = DIRECTION('',(0.,-1.,0.));
#11490 = ADVANCED_FACE('',(#11491),#11509,.T.);
#11491 = FACE_BOUND('',#11492,.T.);
#11492 = EDGE_LOOP('',(#11493,#11501,#11507,#11508));
#11493 = ORIENTED_EDGE('',*,*,#11494,.T.);
#11494 = EDGE_CURVE('',#9183,#11495,#11497,.T.);
#11495 = VERTEX_POINT('',#11496);
#11496 = CARTESIAN_POINT('',(-61.31,-36.16850417772,8.020903982822));
#11497 = LINE('',#11498,#11499);
#11498 = CARTESIAN_POINT('',(-61.81,-36.16850417772,8.020903982822));
#11499 = VECTOR('',#11500,1.);
#11500 = DIRECTION('',(1.,0.,0.));
#11501 = ORIENTED_EDGE('',*,*,#11502,.T.);
#11502 = EDGE_CURVE('',#11495,#11471,#11503,.T.);
#11503 = LINE('',#11504,#11505);
#11504 = CARTESIAN_POINT('',(-61.31,-36.16850417772,8.020903982822));
#11505 = VECTOR('',#11506,1.);
#11506 = DIRECTION('',(-0.,9.928522301051E-02,-0.995059015582));
#11507 = ORIENTED_EDGE('',*,*,#11479,.F.);
#11508 = ORIENTED_EDGE('',*,*,#9191,.F.);
#11509 = PLANE('',#11510);
#11510 = AXIS2_PLACEMENT_3D('',#11511,#11512,#11513);
#11511 = CARTESIAN_POINT('',(-61.81,-36.16850417772,8.020903982822));
#11512 = DIRECTION('',(0.,0.995059015582,9.928522301051E-02));
#11513 = DIRECTION('',(0.,9.928522301051E-02,-0.995059015582));
#11514 = ADVANCED_FACE('',(#11515),#11534,.F.);
#11515 = FACE_BOUND('',#11516,.F.);
#11516 = EDGE_LOOP('',(#11517,#11518,#11527,#11533));
#11517 = ORIENTED_EDGE('',*,*,#11494,.T.);
#11518 = ORIENTED_EDGE('',*,*,#11519,.T.);
#11519 = EDGE_CURVE('',#11495,#11520,#11522,.T.);
#11520 = VERTEX_POINT('',#11521);
#11521 = CARTESIAN_POINT('',(-61.31,-36.06590575358,8.196466065155));
#11522 = CIRCLE('',#11523,0.128874897427);
#11523 = AXIS2_PLACEMENT_3D('',#11524,#11525,#11526);
#11524 = CARTESIAN_POINT('',(-61.31,-36.048831,8.068727300573));
#11525 = DIRECTION('',(-1.,0.,0.));
#11526 = DIRECTION('',(0.,-1.,0.));
#11527 = ORIENTED_EDGE('',*,*,#11528,.F.);
#11528 = EDGE_CURVE('',#9175,#11520,#11529,.T.);
#11529 = LINE('',#11530,#11531);
#11530 = CARTESIAN_POINT('',(-61.81,-36.06590575358,8.196466065155));
#11531 = VECTOR('',#11532,1.);
#11532 = DIRECTION('',(1.,0.,0.));
#11533 = ORIENTED_EDGE('',*,*,#9182,.F.);
#11534 = CYLINDRICAL_SURFACE('',#11535,0.128874897427);
#11535 = AXIS2_PLACEMENT_3D('',#11536,#11537,#11538);
#11536 = CARTESIAN_POINT('',(-61.81,-36.048831,8.068727300573));
#11537 = DIRECTION('',(-1.,0.,0.));
#11538 = DIRECTION('',(0.,-1.,0.));
#11539 = ADVANCED_FACE('',(#11540),#11558,.T.);
#11540 = FACE_BOUND('',#11541,.T.);
#11541 = EDGE_LOOP('',(#11542,#11550,#11556,#11557));
#11542 = ORIENTED_EDGE('',*,*,#11543,.T.);
#11543 = EDGE_CURVE('',#9166,#11544,#11546,.T.);
#11544 = VERTEX_POINT('',#11545);
#11545 = CARTESIAN_POINT('',(-61.31,-33.98036947934,8.196466065155));
#11546 = LINE('',#11547,#11548);
#11547 = CARTESIAN_POINT('',(-61.81,-33.98036947934,8.196466065155));
#11548 = VECTOR('',#11549,1.);
#11549 = DIRECTION('',(1.,0.,0.));
#11550 = ORIENTED_EDGE('',*,*,#11551,.T.);
#11551 = EDGE_CURVE('',#11544,#11520,#11552,.T.);
#11552 = LINE('',#11553,#11554);
#11553 = CARTESIAN_POINT('',(-61.31,-33.98036947934,8.196466065155));
#11554 = VECTOR('',#11555,1.);
#11555 = DIRECTION('',(0.,-1.,0.));
#11556 = ORIENTED_EDGE('',*,*,#11528,.F.);
#11557 = ORIENTED_EDGE('',*,*,#9174,.F.);
#11558 = PLANE('',#11559);
#11559 = AXIS2_PLACEMENT_3D('',#11560,#11561,#11562);
#11560 = CARTESIAN_POINT('',(-61.81,-33.98036947934,8.196466065155));
#11561 = DIRECTION('',(0.,0.,-1.));
#11562 = DIRECTION('',(0.,-1.,0.));
#11563 = ADVANCED_FACE('',(#11564),#11583,.T.);
#11564 = FACE_BOUND('',#11565,.T.);
#11565 = EDGE_LOOP('',(#11566,#11574,#11581,#11582));
#11566 = ORIENTED_EDGE('',*,*,#11567,.T.);
#11567 = EDGE_CURVE('',#9158,#11568,#11570,.T.);
#11568 = VERTEX_POINT('',#11569);
#11569 = CARTESIAN_POINT('',(-61.31,-33.79509344551,8.460421865236));
#11570 = LINE('',#11571,#11572);
#11571 = CARTESIAN_POINT('',(-61.81,-33.79509344551,8.460421865236));
#11572 = VECTOR('',#11573,1.);
#11573 = DIRECTION('',(1.,0.,0.));
#11574 = ORIENTED_EDGE('',*,*,#11575,.T.);
#11575 = EDGE_CURVE('',#11568,#11544,#11576,.T.);
#11576 = CIRCLE('',#11577,0.235149810073);
#11577 = AXIS2_PLACEMENT_3D('',#11578,#11579,#11580);
#11578 = CARTESIAN_POINT('',(-61.31,-34.027824,8.426777813981));
#11579 = DIRECTION('',(-1.,0.,0.));
#11580 = DIRECTION('',(0.,-1.,0.));
#11581 = ORIENTED_EDGE('',*,*,#11543,.F.);
#11582 = ORIENTED_EDGE('',*,*,#9165,.F.);
#11583 = CYLINDRICAL_SURFACE('',#11584,0.235149810073);
#11584 = AXIS2_PLACEMENT_3D('',#11585,#11586,#11587);
#11585 = CARTESIAN_POINT('',(-61.81,-34.027824,8.426777813981));
#11586 = DIRECTION('',(-1.,0.,0.));
#11587 = DIRECTION('',(0.,-1.,0.));
#11588 = ADVANCED_FACE('',(#11589),#11607,.T.);
#11589 = FACE_BOUND('',#11590,.T.);
#11590 = EDGE_LOOP('',(#11591,#11599,#11605,#11606));
#11591 = ORIENTED_EDGE('',*,*,#11592,.T.);
#11592 = EDGE_CURVE('',#9149,#11593,#11595,.T.);
#11593 = VERTEX_POINT('',#11594);
#11594 = CARTESIAN_POINT('',(-61.31,-33.899596,9.507770159806));
#11595 = LINE('',#11596,#11597);
#11596 = CARTESIAN_POINT('',(-61.81,-33.899596,9.507770159806));
#11597 = VECTOR('',#11598,1.);
#11598 = DIRECTION('',(1.,0.,0.));
#11599 = ORIENTED_EDGE('',*,*,#11600,.T.);
#11600 = EDGE_CURVE('',#11593,#11568,#11601,.T.);
#11601 = LINE('',#11602,#11603);
#11602 = CARTESIAN_POINT('',(-61.31,-33.899596,9.507770159806));
#11603 = VECTOR('',#11604,1.);
#11604 = DIRECTION('',(-0.,9.928522300999E-02,-0.995059015582));
#11605 = ORIENTED_EDGE('',*,*,#11567,.F.);
#11606 = ORIENTED_EDGE('',*,*,#9157,.F.);
#11607 = PLANE('',#11608);
#11608 = AXIS2_PLACEMENT_3D('',#11609,#11610,#11611);
#11609 = CARTESIAN_POINT('',(-61.81,-33.899596,9.507770159806));
#11610 = DIRECTION('',(0.,0.995059015582,9.928522300999E-02));
#11611 = DIRECTION('',(0.,9.928522300999E-02,-0.995059015582));
#11612 = ADVANCED_FACE('',(#11613),#11632,.T.);
#11613 = FACE_BOUND('',#11614,.T.);
#11614 = EDGE_LOOP('',(#11615,#11623,#11630,#11631));
#11615 = ORIENTED_EDGE('',*,*,#11616,.T.);
#11616 = EDGE_CURVE('',#9141,#11617,#11619,.T.);
#11617 = VERTEX_POINT('',#11618);
#11618 = CARTESIAN_POINT('',(-61.31,-34.12818132902,9.737939349596));
#11619 = LINE('',#11620,#11621);
#11620 = CARTESIAN_POINT('',(-61.81,-34.12818132902,9.737939349596));
#11621 = VECTOR('',#11622,1.);
#11622 = DIRECTION('',(1.,0.,0.));
#11623 = ORIENTED_EDGE('',*,*,#11624,.T.);
#11624 = EDGE_CURVE('',#11617,#11593,#11625,.T.);
#11625 = CIRCLE('',#11626,0.23411);
#11626 = AXIS2_PLACEMENT_3D('',#11627,#11628,#11629);
#11627 = CARTESIAN_POINT('',(-61.31,-34.13367390553,9.503893790562));
#11628 = DIRECTION('',(-1.,0.,0.));
#11629 = DIRECTION('',(0.,-1.,0.));
#11630 = ORIENTED_EDGE('',*,*,#11592,.F.);
#11631 = ORIENTED_EDGE('',*,*,#9148,.F.);
#11632 = CYLINDRICAL_SURFACE('',#11633,0.23411);
#11633 = AXIS2_PLACEMENT_3D('',#11634,#11635,#11636);
#11634 = CARTESIAN_POINT('',(-61.81,-34.13367390553,9.503893790562));
#11635 = DIRECTION('',(-1.,0.,0.));
#11636 = DIRECTION('',(0.,-1.,0.));
#11637 = ADVANCED_FACE('',(#11638),#11656,.T.);
#11638 = FACE_BOUND('',#11639,.T.);
#11639 = EDGE_LOOP('',(#11640,#11648,#11654,#11655));
#11640 = ORIENTED_EDGE('',*,*,#11641,.T.);
#11641 = EDGE_CURVE('',#9132,#11642,#11644,.T.);
#11642 = VERTEX_POINT('',#11643);
#11643 = CARTESIAN_POINT('',(-61.31,-36.13420249032,9.737939349596));
#11644 = LINE('',#11645,#11646);
#11645 = CARTESIAN_POINT('',(-61.81,-36.13420249032,9.737939349596));
#11646 = VECTOR('',#11647,1.);
#11647 = DIRECTION('',(1.,0.,0.));
#11648 = ORIENTED_EDGE('',*,*,#11649,.T.);
#11649 = EDGE_CURVE('',#11642,#11617,#11650,.T.);
#11650 = LINE('',#11651,#11652);
#11651 = CARTESIAN_POINT('',(-61.31,-36.13420249032,9.737939349596));
#11652 = VECTOR('',#11653,1.);
#11653 = DIRECTION('',(0.,1.,0.));
#11654 = ORIENTED_EDGE('',*,*,#11616,.F.);
#11655 = ORIENTED_EDGE('',*,*,#9140,.F.);
#11656 = PLANE('',#11657);
#11657 = AXIS2_PLACEMENT_3D('',#11658,#11659,#11660);
#11658 = CARTESIAN_POINT('',(-61.81,-36.13420249032,9.737939349596));
#11659 = DIRECTION('',(0.,0.,1.));
#11660 = DIRECTION('',(0.,1.,0.));
#11661 = ADVANCED_FACE('',(#11662),#11681,.F.);
#11662 = FACE_BOUND('',#11663,.F.);
#11663 = EDGE_LOOP('',(#11664,#11665,#11674,#11680));
#11664 = ORIENTED_EDGE('',*,*,#11641,.T.);
#11665 = ORIENTED_EDGE('',*,*,#11666,.T.);
#11666 = EDGE_CURVE('',#11642,#11667,#11669,.T.);
#11667 = VERTEX_POINT('',#11668);
#11668 = CARTESIAN_POINT('',(-61.31,-36.37427751405,9.93748));
#11669 = CIRCLE('',#11670,0.214246);
#11670 = AXIS2_PLACEMENT_3D('',#11671,#11672,#11673);
#11671 = CARTESIAN_POINT('',(-61.31,-36.160432,9.950573686752));
#11672 = DIRECTION('',(-1.,0.,0.));
#11673 = DIRECTION('',(0.,-1.,0.));
#11674 = ORIENTED_EDGE('',*,*,#11675,.F.);
#11675 = EDGE_CURVE('',#9124,#11667,#11676,.T.);
#11676 = LINE('',#11677,#11678);
#11677 = CARTESIAN_POINT('',(-61.81,-36.37427751405,9.93748));
#11678 = VECTOR('',#11679,1.);
#11679 = DIRECTION('',(1.,0.,0.));
#11680 = ORIENTED_EDGE('',*,*,#9131,.F.);
#11681 = CYLINDRICAL_SURFACE('',#11682,0.214246);
#11682 = AXIS2_PLACEMENT_3D('',#11683,#11684,#11685);
#11683 = CARTESIAN_POINT('',(-61.81,-36.160432,9.950573686752));
#11684 = DIRECTION('',(-1.,0.,0.));
#11685 = DIRECTION('',(0.,-1.,0.));
#11686 = ADVANCED_FACE('',(#11687),#11705,.T.);
#11687 = FACE_BOUND('',#11688,.T.);
#11688 = EDGE_LOOP('',(#11689,#11697,#11703,#11704));
#11689 = ORIENTED_EDGE('',*,*,#11690,.T.);
#11690 = EDGE_CURVE('',#9115,#11691,#11693,.T.);
#11691 = VERTEX_POINT('',#11692);
#11692 = CARTESIAN_POINT('',(-61.31,-36.42347476012,10.430545954361));
#11693 = LINE('',#11694,#11695);
#11694 = CARTESIAN_POINT('',(-61.81,-36.42347476012,10.430545954361));
#11695 = VECTOR('',#11696,1.);
#11696 = DIRECTION('',(1.,0.,0.));
#11697 = ORIENTED_EDGE('',*,*,#11698,.T.);
#11698 = EDGE_CURVE('',#11691,#11667,#11699,.T.);
#11699 = LINE('',#11700,#11701);
#11700 = CARTESIAN_POINT('',(-61.31,-36.42347476012,10.430545954361));
#11701 = VECTOR('',#11702,1.);
#11702 = DIRECTION('',(-0.,9.928522301005E-02,-0.995059015582));
#11703 = ORIENTED_EDGE('',*,*,#11675,.F.);
#11704 = ORIENTED_EDGE('',*,*,#9123,.F.);
#11705 = PLANE('',#11706);
#11706 = AXIS2_PLACEMENT_3D('',#11707,#11708,#11709);
#11707 = CARTESIAN_POINT('',(-61.81,-36.42347476012,10.430545954361));
#11708 = DIRECTION('',(0.,0.995059015582,9.928522301005E-02));
#11709 = DIRECTION('',(0.,9.928522301005E-02,-0.995059015582));
#11710 = ADVANCED_FACE('',(#11711),#11730,.F.);
#11711 = FACE_BOUND('',#11712,.F.);
#11712 = EDGE_LOOP('',(#11713,#11714,#11723,#11729));
#11713 = ORIENTED_EDGE('',*,*,#11690,.T.);
#11714 = ORIENTED_EDGE('',*,*,#11715,.T.);
#11715 = EDGE_CURVE('',#11691,#11716,#11718,.T.);
#11716 = VERTEX_POINT('',#11717);
#11717 = CARTESIAN_POINT('',(-61.31,-36.2524503374,10.629029558329));
#11718 = CIRCLE('',#11719,0.155017006672);
#11719 = AXIS2_PLACEMENT_3D('',#11720,#11721,#11722);
#11720 = CARTESIAN_POINT('',(-61.31,-36.27517600097,10.475687403092));
#11721 = DIRECTION('',(-1.,0.,0.));
#11722 = DIRECTION('',(0.,-1.,0.));
#11723 = ORIENTED_EDGE('',*,*,#11724,.F.);
#11724 = EDGE_CURVE('',#9107,#11716,#11725,.T.);
#11725 = LINE('',#11726,#11727);
#11726 = CARTESIAN_POINT('',(-61.81,-36.2524503374,10.629029558329));
#11727 = VECTOR('',#11728,1.);
#11728 = DIRECTION('',(1.,0.,0.));
#11729 = ORIENTED_EDGE('',*,*,#9114,.F.);
#11730 = CYLINDRICAL_SURFACE('',#11731,0.155017006672);
#11731 = AXIS2_PLACEMENT_3D('',#11732,#11733,#11734);
#11732 = CARTESIAN_POINT('',(-61.81,-36.27517600097,10.475687403092));
#11733 = DIRECTION('',(-1.,0.,0.));
#11734 = DIRECTION('',(0.,-1.,0.));
#11735 = ADVANCED_FACE('',(#11736),#11747,.T.);
#11736 = FACE_BOUND('',#11737,.T.);
#11737 = EDGE_LOOP('',(#11738,#11739,#11745,#11746));
#11738 = ORIENTED_EDGE('',*,*,#11168,.T.);
#11739 = ORIENTED_EDGE('',*,*,#11740,.T.);
#11740 = EDGE_CURVE('',#11169,#11716,#11741,.T.);
#11741 = LINE('',#11742,#11743);
#11742 = CARTESIAN_POINT('',(-61.31,-33.03965251486,10.629029558329));
#11743 = VECTOR('',#11744,1.);
#11744 = DIRECTION('',(0.,-1.,0.));
#11745 = ORIENTED_EDGE('',*,*,#11724,.F.);
#11746 = ORIENTED_EDGE('',*,*,#9106,.F.);
#11747 = PLANE('',#11748);
#11748 = AXIS2_PLACEMENT_3D('',#11749,#11750,#11751);
#11749 = CARTESIAN_POINT('',(-61.81,-33.03965251486,10.629029558329));
#11750 = DIRECTION('',(0.,0.,-1.));
#11751 = DIRECTION('',(0.,-1.,0.));
#11752 = ADVANCED_FACE('',(#11753),#11779,.F.);
#11753 = FACE_BOUND('',#11754,.F.);
#11754 = EDGE_LOOP('',(#11755,#11763,#11772,#11778));
#11755 = ORIENTED_EDGE('',*,*,#11756,.T.);
#11756 = EDGE_CURVE('',#9302,#11757,#11759,.T.);
#11757 = VERTEX_POINT('',#11758);
#11758 = CARTESIAN_POINT('',(-61.31,-36.70165140402,4.793625961206));
#11759 = LINE('',#11760,#11761);
#11760 = CARTESIAN_POINT('',(-61.81,-36.70165140402,4.793625961206));
#11761 = VECTOR('',#11762,1.);
#11762 = DIRECTION('',(1.,0.,0.));
#11763 = ORIENTED_EDGE('',*,*,#11764,.T.);
#11764 = EDGE_CURVE('',#11757,#11765,#11767,.T.);
#11765 = VERTEX_POINT('',#11766);
#11766 = CARTESIAN_POINT('',(-61.31,-36.9379589727,4.615001050425));
#11767 = CIRCLE('',#11768,0.23777495481);
#11768 = AXIS2_PLACEMENT_3D('',#11769,#11770,#11771);
#11769 = CARTESIAN_POINT('',(-61.31,-36.93197100113,4.852700594663));
#11770 = DIRECTION('',(-1.,0.,0.));
#11771 = DIRECTION('',(0.,-1.,0.));
#11772 = ORIENTED_EDGE('',*,*,#11773,.F.);
#11773 = EDGE_CURVE('',#9304,#11765,#11774,.T.);
#11774 = LINE('',#11775,#11776);
#11775 = CARTESIAN_POINT('',(-61.81,-36.9379589727,4.615001050425));
#11776 = VECTOR('',#11777,1.);
#11777 = DIRECTION('',(1.,0.,0.));
#11778 = ORIENTED_EDGE('',*,*,#9301,.F.);
#11779 = CYLINDRICAL_SURFACE('',#11780,0.23777495481);
#11780 = AXIS2_PLACEMENT_3D('',#11781,#11782,#11783);
#11781 = CARTESIAN_POINT('',(-61.81,-36.93197100113,4.852700594663));
#11782 = DIRECTION('',(-1.,0.,0.));
#11783 = DIRECTION('',(0.,-1.,0.));
#11784 = ADVANCED_FACE('',(#11785),#11803,.T.);
#11785 = FACE_BOUND('',#11786,.T.);
#11786 = EDGE_LOOP('',(#11787,#11795,#11801,#11802));
#11787 = ORIENTED_EDGE('',*,*,#11788,.T.);
#11788 = EDGE_CURVE('',#9423,#11789,#11791,.T.);
#11789 = VERTEX_POINT('',#11790);
#11790 = CARTESIAN_POINT('',(-61.31,-40.04066248839,4.615001050425));
#11791 = LINE('',#11792,#11793);
#11792 = CARTESIAN_POINT('',(-61.81,-40.04066248839,4.615001050425));
#11793 = VECTOR('',#11794,1.);
#11794 = DIRECTION('',(1.,0.,0.));
#11795 = ORIENTED_EDGE('',*,*,#11796,.T.);
#11796 = EDGE_CURVE('',#11789,#11765,#11797,.T.);
#11797 = LINE('',#11798,#11799);
#11798 = CARTESIAN_POINT('',(-61.31,-40.04066248839,4.615001050425));
#11799 = VECTOR('',#11800,1.);
#11800 = DIRECTION('',(0.,1.,0.));
#11801 = ORIENTED_EDGE('',*,*,#11773,.F.);
#11802 = ORIENTED_EDGE('',*,*,#9431,.F.);
#11803 = PLANE('',#11804);
#11804 = AXIS2_PLACEMENT_3D('',#11805,#11806,#11807);
#11805 = CARTESIAN_POINT('',(-61.81,-40.04066248839,4.615001050425));
#11806 = DIRECTION('',(0.,0.,1.));
#11807 = DIRECTION('',(0.,1.,0.));
#11808 = ADVANCED_FACE('',(#11809),#11828,.F.);
#11809 = FACE_BOUND('',#11810,.F.);
#11810 = EDGE_LOOP('',(#11811,#11812,#11821,#11827));
#11811 = ORIENTED_EDGE('',*,*,#11788,.T.);
#11812 = ORIENTED_EDGE('',*,*,#11813,.T.);
#11813 = EDGE_CURVE('',#11789,#11814,#11816,.T.);
#11814 = VERTEX_POINT('',#11815);
#11815 = CARTESIAN_POINT('',(-61.31,-40.251986,4.819997));
#11816 = CIRCLE('',#11817,0.228472);
#11817 = AXIS2_PLACEMENT_3D('',#11818,#11819,#11820);
#11818 = CARTESIAN_POINT('',(-61.31,-40.02466609204,4.842912371091));
#11819 = DIRECTION('',(-1.,0.,0.));
#11820 = DIRECTION('',(0.,-1.,0.));
#11821 = ORIENTED_EDGE('',*,*,#11822,.F.);
#11822 = EDGE_CURVE('',#9415,#11814,#11823,.T.);
#11823 = LINE('',#11824,#11825);
#11824 = CARTESIAN_POINT('',(-61.81,-40.251986,4.819997));
#11825 = VECTOR('',#11826,1.);
#11826 = DIRECTION('',(1.,0.,0.));
#11827 = ORIENTED_EDGE('',*,*,#9422,.F.);
#11828 = CYLINDRICAL_SURFACE('',#11829,0.228472);
#11829 = AXIS2_PLACEMENT_3D('',#11830,#11831,#11832);
#11830 = CARTESIAN_POINT('',(-61.81,-40.02466609204,4.842912371091));
#11831 = DIRECTION('',(-1.,0.,0.));
#11832 = DIRECTION('',(0.,-1.,0.));
#11833 = ADVANCED_FACE('',(#11834),#11852,.T.);
#11834 = FACE_BOUND('',#11835,.T.);
#11835 = EDGE_LOOP('',(#11836,#11844,#11850,#11851));
#11836 = ORIENTED_EDGE('',*,*,#11837,.T.);
#11837 = EDGE_CURVE('',#9406,#11838,#11840,.T.);
#11838 = VERTEX_POINT('',#11839);
#11839 = CARTESIAN_POINT('',(-61.31,-40.2942359651,5.243435729423));
#11840 = LINE('',#11841,#11842);
#11841 = CARTESIAN_POINT('',(-61.81,-40.2942359651,5.243435729423));
#11842 = VECTOR('',#11843,1.);
#11843 = DIRECTION('',(1.,0.,0.));
#11844 = ORIENTED_EDGE('',*,*,#11845,.T.);
#11845 = EDGE_CURVE('',#11838,#11814,#11846,.T.);
#11846 = LINE('',#11847,#11848);
#11847 = CARTESIAN_POINT('',(-61.31,-40.2942359651,5.243435729423));
#11848 = VECTOR('',#11849,1.);
#11849 = DIRECTION('',(-0.,9.928522300983E-02,-0.995059015582));
#11850 = ORIENTED_EDGE('',*,*,#11822,.F.);
#11851 = ORIENTED_EDGE('',*,*,#9414,.F.);
#11852 = PLANE('',#11853);
#11853 = AXIS2_PLACEMENT_3D('',#11854,#11855,#11856);
#11854 = CARTESIAN_POINT('',(-61.81,-40.2942359651,5.243435729423));
#11855 = DIRECTION('',(0.,0.995059015582,9.928522300983E-02));
#11856 = DIRECTION('',(0.,9.928522300983E-02,-0.995059015582));
#11857 = ADVANCED_FACE('',(#11858),#11877,.F.);
#11858 = FACE_BOUND('',#11859,.F.);
#11859 = EDGE_LOOP('',(#11860,#11861,#11870,#11876));
#11860 = ORIENTED_EDGE('',*,*,#11837,.T.);
#11861 = ORIENTED_EDGE('',*,*,#11862,.T.);
#11862 = EDGE_CURVE('',#11838,#11863,#11865,.T.);
#11863 = VERTEX_POINT('',#11864);
#11864 = CARTESIAN_POINT('',(-61.31,-40.12476078003,5.507556080816));
#11865 = CIRCLE('',#11866,0.216205343773);
#11866 = AXIS2_PLACEMENT_3D('',#11867,#11868,#11869);
#11867 = CARTESIAN_POINT('',(-61.31,-40.084311,5.295168308166));
#11868 = DIRECTION('',(-1.,0.,0.));
#11869 = DIRECTION('',(0.,-1.,0.));
#11870 = ORIENTED_EDGE('',*,*,#11871,.F.);
#11871 = EDGE_CURVE('',#9398,#11863,#11872,.T.);
#11872 = LINE('',#11873,#11874);
#11873 = CARTESIAN_POINT('',(-61.81,-40.12476078003,5.507556080816));
#11874 = VECTOR('',#11875,1.);
#11875 = DIRECTION('',(1.,0.,0.));
#11876 = ORIENTED_EDGE('',*,*,#9405,.F.);
#11877 = CYLINDRICAL_SURFACE('',#11878,0.216205343773);
#11878 = AXIS2_PLACEMENT_3D('',#11879,#11880,#11881);
#11879 = CARTESIAN_POINT('',(-61.81,-40.084311,5.295168308166));
#11880 = DIRECTION('',(-1.,0.,0.));
#11881 = DIRECTION('',(0.,-1.,0.));
#11882 = ADVANCED_FACE('',(#11883),#11901,.F.);
#11883 = FACE_BOUND('',#11884,.F.);
#11884 = EDGE_LOOP('',(#11885,#11886,#11894,#11900));
#11885 = ORIENTED_EDGE('',*,*,#11871,.T.);
#11886 = ORIENTED_EDGE('',*,*,#11887,.T.);
#11887 = EDGE_CURVE('',#11863,#11888,#11890,.T.);
#11888 = VERTEX_POINT('',#11889);
#11889 = CARTESIAN_POINT('',(-61.31,-38.10927908822,5.507556080816));
#11890 = LINE('',#11891,#11892);
#11891 = CARTESIAN_POINT('',(-61.31,-40.12476078003,5.507556080816));
#11892 = VECTOR('',#11893,1.);
#11893 = DIRECTION('',(0.,1.,0.));
#11894 = ORIENTED_EDGE('',*,*,#11895,.F.);
#11895 = EDGE_CURVE('',#9389,#11888,#11896,.T.);
#11896 = LINE('',#11897,#11898);
#11897 = CARTESIAN_POINT('',(-61.81,-38.10927908822,5.507556080816));
#11898 = VECTOR('',#11899,1.);
#11899 = DIRECTION('',(1.,0.,0.));
#11900 = ORIENTED_EDGE('',*,*,#9397,.F.);
#11901 = PLANE('',#11902);
#11902 = AXIS2_PLACEMENT_3D('',#11903,#11904,#11905);
#11903 = CARTESIAN_POINT('',(-61.81,-40.12476078003,5.507556080816));
#11904 = DIRECTION('',(0.,0.,1.));
#11905 = DIRECTION('',(0.,1.,0.));
#11906 = ADVANCED_FACE('',(#11907),#11926,.T.);
#11907 = FACE_BOUND('',#11908,.T.);
#11908 = EDGE_LOOP('',(#11909,#11917,#11924,#11925));
#11909 = ORIENTED_EDGE('',*,*,#11910,.T.);
#11910 = EDGE_CURVE('',#9381,#11911,#11913,.T.);
#11911 = VERTEX_POINT('',#11912);
#11912 = CARTESIAN_POINT('',(-61.31,-37.97656544443,5.765012157641));
#11913 = LINE('',#11914,#11915);
#11914 = CARTESIAN_POINT('',(-61.81,-37.97656544443,5.765012157641));
#11915 = VECTOR('',#11916,1.);
#11916 = DIRECTION('',(1.,0.,0.));
#11917 = ORIENTED_EDGE('',*,*,#11918,.T.);
#11918 = EDGE_CURVE('',#11911,#11888,#11919,.T.);
#11919 = CIRCLE('',#11920,0.311639);
#11920 = AXIS2_PLACEMENT_3D('',#11921,#11922,#11923);
#11921 = CARTESIAN_POINT('',(-61.31,-38.288196,5.762718));
#11922 = DIRECTION('',(-1.,0.,0.));
#11923 = DIRECTION('',(0.,-1.,0.));
#11924 = ORIENTED_EDGE('',*,*,#11895,.F.);
#11925 = ORIENTED_EDGE('',*,*,#9388,.F.);
#11926 = CYLINDRICAL_SURFACE('',#11927,0.311639);
#11927 = AXIS2_PLACEMENT_3D('',#11928,#11929,#11930);
#11928 = CARTESIAN_POINT('',(-61.81,-38.288196,5.762718));
#11929 = DIRECTION('',(-1.,0.,0.));
#11930 = DIRECTION('',(0.,-1.,0.));
#11931 = ADVANCED_FACE('',(#11932),#11950,.T.);
#11932 = FACE_BOUND('',#11933,.T.);
#11933 = EDGE_LOOP('',(#11934,#11942,#11948,#11949));
#11934 = ORIENTED_EDGE('',*,*,#11935,.T.);
#11935 = EDGE_CURVE('',#9372,#11936,#11938,.T.);
#11936 = VERTEX_POINT('',#11937);
#11937 = CARTESIAN_POINT('',(-61.31,-38.35001156731,9.507773871219));
#11938 = LINE('',#11939,#11940);
#11939 = CARTESIAN_POINT('',(-61.81,-38.35001156731,9.507773871219));
#11940 = VECTOR('',#11941,1.);
#11941 = DIRECTION('',(1.,0.,0.));
#11942 = ORIENTED_EDGE('',*,*,#11943,.T.);
#11943 = EDGE_CURVE('',#11936,#11911,#11944,.T.);
#11944 = LINE('',#11945,#11946);
#11945 = CARTESIAN_POINT('',(-61.31,-38.35001156731,9.507773871219));
#11946 = VECTOR('',#11947,1.);
#11947 = DIRECTION('',(-0.,9.928522301029E-02,-0.995059015582));
#11948 = ORIENTED_EDGE('',*,*,#11910,.F.);
#11949 = ORIENTED_EDGE('',*,*,#9380,.F.);
#11950 = PLANE('',#11951);
#11951 = AXIS2_PLACEMENT_3D('',#11952,#11953,#11954);
#11952 = CARTESIAN_POINT('',(-61.81,-38.35001156731,9.507773871219));
#11953 = DIRECTION('',(0.,0.995059015582,9.928522301029E-02));
#11954 = DIRECTION('',(0.,9.928522301029E-02,-0.995059015582));
#11955 = ADVANCED_FACE('',(#11956),#11975,.T.);
#11956 = FACE_BOUND('',#11957,.T.);
#11957 = EDGE_LOOP('',(#11958,#11966,#11973,#11974));
#11958 = ORIENTED_EDGE('',*,*,#11959,.T.);
#11959 = EDGE_CURVE('',#9364,#11960,#11962,.T.);
#11960 = VERTEX_POINT('',#11961);
#11961 = CARTESIAN_POINT('',(-61.31,-38.56254220869,9.750808875363));
#11962 = LINE('',#11963,#11964);
#11963 = CARTESIAN_POINT('',(-61.81,-38.56254220869,9.750808875363));
#11964 = VECTOR('',#11965,1.);
#11965 = DIRECTION('',(1.,0.,0.));
#11966 = ORIENTED_EDGE('',*,*,#11967,.T.);
#11967 = EDGE_CURVE('',#11960,#11936,#11968,.T.);
#11968 = CIRCLE('',#11969,0.253461);
#11969 = AXIS2_PLACEMENT_3D('',#11970,#11971,#11972);
#11970 = CARTESIAN_POINT('',(-61.31,-38.6033726653,9.500658216092));
#11971 = DIRECTION('',(-1.,0.,0.));
#11972 = DIRECTION('',(0.,-1.,0.));
#11973 = ORIENTED_EDGE('',*,*,#11935,.F.);
#11974 = ORIENTED_EDGE('',*,*,#9371,.F.);
#11975 = CYLINDRICAL_SURFACE('',#11976,0.253461);
#11976 = AXIS2_PLACEMENT_3D('',#11977,#11978,#11979);
#11977 = CARTESIAN_POINT('',(-61.81,-38.6033726653,9.500658216092));
#11978 = DIRECTION('',(-1.,0.,0.));
#11979 = DIRECTION('',(0.,-1.,0.));
#11980 = ADVANCED_FACE('',(#11981),#11999,.T.);
#11981 = FACE_BOUND('',#11982,.T.);
#11982 = EDGE_LOOP('',(#11983,#11991,#11997,#11998));
#11983 = ORIENTED_EDGE('',*,*,#11984,.T.);
#11984 = EDGE_CURVE('',#9355,#11985,#11987,.T.);
#11985 = VERTEX_POINT('',#11986);
#11986 = CARTESIAN_POINT('',(-61.31,-40.61290581478,9.750808875363));
#11987 = LINE('',#11988,#11989);
#11988 = CARTESIAN_POINT('',(-61.81,-40.61290581478,9.750808875363));
#11989 = VECTOR('',#11990,1.);
#11990 = DIRECTION('',(1.,0.,0.));
#11991 = ORIENTED_EDGE('',*,*,#11992,.T.);
#11992 = EDGE_CURVE('',#11985,#11960,#11993,.T.);
#11993 = LINE('',#11994,#11995);
#11994 = CARTESIAN_POINT('',(-61.31,-40.61290581478,9.750808875363));
#11995 = VECTOR('',#11996,1.);
#11996 = DIRECTION('',(0.,1.,0.));
#11997 = ORIENTED_EDGE('',*,*,#11959,.F.);
#11998 = ORIENTED_EDGE('',*,*,#9363,.F.);
#11999 = PLANE('',#12000);
#12000 = AXIS2_PLACEMENT_3D('',#12001,#12002,#12003);
#12001 = CARTESIAN_POINT('',(-61.81,-40.61290581478,9.750808875363));
#12002 = DIRECTION('',(0.,0.,1.));
#12003 = DIRECTION('',(0.,1.,0.));
#12004 = ADVANCED_FACE('',(#12005),#12024,.F.);
#12005 = FACE_BOUND('',#12006,.F.);
#12006 = EDGE_LOOP('',(#12007,#12008,#12017,#12023));
#12007 = ORIENTED_EDGE('',*,*,#11984,.T.);
#12008 = ORIENTED_EDGE('',*,*,#12009,.T.);
#12009 = EDGE_CURVE('',#11985,#12010,#12012,.T.);
#12010 = VERTEX_POINT('',#12011);
#12011 = CARTESIAN_POINT('',(-61.31,-40.820537,9.979745));
#12012 = CIRCLE('',#12013,0.234872);
#12013 = AXIS2_PLACEMENT_3D('',#12014,#12015,#12016);
#12014 = CARTESIAN_POINT('',(-61.31,-40.58570538842,9.984100523713));
#12015 = DIRECTION('',(-1.,0.,0.));
#12016 = DIRECTION('',(0.,-1.,0.));
#12017 = ORIENTED_EDGE('',*,*,#12018,.F.);
#12018 = EDGE_CURVE('',#9347,#12010,#12019,.T.);
#12019 = LINE('',#12020,#12021);
#12020 = CARTESIAN_POINT('',(-61.81,-40.820537,9.979745));
#12021 = VECTOR('',#12022,1.);
#12022 = DIRECTION('',(1.,0.,0.));
#12023 = ORIENTED_EDGE('',*,*,#9354,.F.);
#12024 = CYLINDRICAL_SURFACE('',#12025,0.234872);
#12025 = AXIS2_PLACEMENT_3D('',#12026,#12027,#12028);
#12026 = CARTESIAN_POINT('',(-61.81,-40.58570538842,9.984100523713));
#12027 = DIRECTION('',(-1.,0.,0.));
#12028 = DIRECTION('',(0.,-1.,0.));
#12029 = ADVANCED_FACE('',(#12030),#12048,.T.);
#12030 = FACE_BOUND('',#12031,.T.);
#12031 = EDGE_LOOP('',(#12032,#12040,#12046,#12047));
#12032 = ORIENTED_EDGE('',*,*,#12033,.T.);
#12033 = EDGE_CURVE('',#9338,#12034,#12036,.T.);
#12034 = VERTEX_POINT('',#12035);
#12035 = CARTESIAN_POINT('',(-61.31,-40.86056280124,10.380892654988));
#12036 = LINE('',#12037,#12038);
#12037 = CARTESIAN_POINT('',(-61.81,-40.86056280124,10.380892654988));
#12038 = VECTOR('',#12039,1.);
#12039 = DIRECTION('',(1.,0.,0.));
#12040 = ORIENTED_EDGE('',*,*,#12041,.T.);
#12041 = EDGE_CURVE('',#12034,#12010,#12042,.T.);
#12042 = LINE('',#12043,#12044);
#12043 = CARTESIAN_POINT('',(-61.31,-40.86056280124,10.380892654988));
#12044 = VECTOR('',#12045,1.);
#12045 = DIRECTION('',(-0.,9.928522301008E-02,-0.995059015582));
#12046 = ORIENTED_EDGE('',*,*,#12018,.F.);
#12047 = ORIENTED_EDGE('',*,*,#9346,.F.);
#12048 = PLANE('',#12049);
#12049 = AXIS2_PLACEMENT_3D('',#12050,#12051,#12052);
#12050 = CARTESIAN_POINT('',(-61.81,-40.86056280124,10.380892654988));
#12051 = DIRECTION('',(0.,0.995059015582,9.928522301008E-02));
#12052 = DIRECTION('',(0.,9.928522301008E-02,-0.995059015582));
#12053 = ADVANCED_FACE('',(#12054),#12073,.F.);
#12054 = FACE_BOUND('',#12055,.F.);
#12055 = EDGE_LOOP('',(#12056,#12057,#12066,#12072));
#12056 = ORIENTED_EDGE('',*,*,#12033,.T.);
#12057 = ORIENTED_EDGE('',*,*,#12058,.T.);
#12058 = EDGE_CURVE('',#12034,#12059,#12061,.T.);
#12059 = VERTEX_POINT('',#12060);
#12060 = CARTESIAN_POINT('',(-61.31,-40.69525537928,10.636418537705));
#12061 = CIRCLE('',#12062,0.205932481633);
#12062 = AXIS2_PLACEMENT_3D('',#12063,#12064,#12065);
#12063 = CARTESIAN_POINT('',(-61.31,-40.661407,10.433286870525));
#12064 = DIRECTION('',(-1.,0.,0.));
#12065 = DIRECTION('',(0.,-1.,0.));
#12066 = ORIENTED_EDGE('',*,*,#12067,.F.);
#12067 = EDGE_CURVE('',#9330,#12059,#12068,.T.);
#12068 = LINE('',#12069,#12070);
#12069 = CARTESIAN_POINT('',(-61.81,-40.69525537928,10.636418537705));
#12070 = VECTOR('',#12071,1.);
#12071 = DIRECTION('',(1.,0.,0.));
#12072 = ORIENTED_EDGE('',*,*,#9337,.F.);
#12073 = CYLINDRICAL_SURFACE('',#12074,0.205932481633);
#12074 = AXIS2_PLACEMENT_3D('',#12075,#12076,#12077);
#12075 = CARTESIAN_POINT('',(-61.81,-40.661407,10.433286870525));
#12076 = DIRECTION('',(-1.,0.,0.));
#12077 = DIRECTION('',(0.,-1.,0.));
#12078 = ADVANCED_FACE('',(#12079),#12097,.T.);
#12079 = FACE_BOUND('',#12080,.T.);
#12080 = EDGE_LOOP('',(#12081,#12089,#12095,#12096));
#12081 = ORIENTED_EDGE('',*,*,#12082,.T.);
#12082 = EDGE_CURVE('',#9321,#12083,#12085,.T.);
#12083 = VERTEX_POINT('',#12084);
#12084 = CARTESIAN_POINT('',(-61.31,-37.48984617232,10.636418537705));
#12085 = LINE('',#12086,#12087);
#12086 = CARTESIAN_POINT('',(-61.81,-37.48984617232,10.636418537705));
#12087 = VECTOR('',#12088,1.);
#12088 = DIRECTION('',(1.,0.,0.));
#12089 = ORIENTED_EDGE('',*,*,#12090,.T.);
#12090 = EDGE_CURVE('',#12083,#12059,#12091,.T.);
#12091 = LINE('',#12092,#12093);
#12092 = CARTESIAN_POINT('',(-61.31,-37.48984617232,10.636418537705));
#12093 = VECTOR('',#12094,1.);
#12094 = DIRECTION('',(0.,-1.,0.));
#12095 = ORIENTED_EDGE('',*,*,#12067,.F.);
#12096 = ORIENTED_EDGE('',*,*,#9329,.F.);
#12097 = PLANE('',#12098);
#12098 = AXIS2_PLACEMENT_3D('',#12099,#12100,#12101);
#12099 = CARTESIAN_POINT('',(-61.81,-37.48984617232,10.636418537705));
#12100 = DIRECTION('',(0.,0.,-1.));
#12101 = DIRECTION('',(0.,-1.,0.));
#12102 = ADVANCED_FACE('',(#12103),#12122,.F.);
#12103 = FACE_BOUND('',#12104,.F.);
#12104 = EDGE_LOOP('',(#12105,#12106,#12115,#12121));
#12105 = ORIENTED_EDGE('',*,*,#12082,.T.);
#12106 = ORIENTED_EDGE('',*,*,#12107,.T.);
#12107 = EDGE_CURVE('',#12083,#12108,#12110,.T.);
#12108 = VERTEX_POINT('',#12109);
#12109 = CARTESIAN_POINT('',(-61.31,-37.25977328566,10.38725));
#12110 = CIRCLE('',#12111,0.252558);
#12111 = AXIS2_PLACEMENT_3D('',#12112,#12113,#12114);
#12112 = CARTESIAN_POINT('',(-61.31,-37.51232,10.38486243972));
#12113 = DIRECTION('',(-1.,0.,0.));
#12114 = DIRECTION('',(0.,-1.,0.));
#12115 = ORIENTED_EDGE('',*,*,#12116,.F.);
#12116 = EDGE_CURVE('',#9313,#12108,#12117,.T.);
#12117 = LINE('',#12118,#12119);
#12118 = CARTESIAN_POINT('',(-61.81,-37.25977328566,10.38725));
#12119 = VECTOR('',#12120,1.);
#12120 = DIRECTION('',(1.,0.,0.));
#12121 = ORIENTED_EDGE('',*,*,#9320,.F.);
#12122 = CYLINDRICAL_SURFACE('',#12123,0.252558);
#12123 = AXIS2_PLACEMENT_3D('',#12124,#12125,#12126);
#12124 = CARTESIAN_POINT('',(-61.81,-37.51232,10.38486243972));
#12125 = DIRECTION('',(-1.,0.,0.));
#12126 = DIRECTION('',(0.,-1.,0.));
#12127 = ADVANCED_FACE('',(#12128),#12139,.T.);
#12128 = FACE_BOUND('',#12129,.T.);
#12129 = EDGE_LOOP('',(#12130,#12131,#12137,#12138));
#12130 = ORIENTED_EDGE('',*,*,#11756,.T.);
#12131 = ORIENTED_EDGE('',*,*,#12132,.T.);
#12132 = EDGE_CURVE('',#11757,#12108,#12133,.T.);
#12133 = LINE('',#12134,#12135);
#12134 = CARTESIAN_POINT('',(-61.31,-36.70165140402,4.793625961206));
#12135 = VECTOR('',#12136,1.);
#12136 = DIRECTION('',(0.,-9.928522301029E-02,0.995059015582));
#12137 = ORIENTED_EDGE('',*,*,#12116,.F.);
#12138 = ORIENTED_EDGE('',*,*,#9312,.F.);
#12139 = PLANE('',#12140);
#12140 = AXIS2_PLACEMENT_3D('',#12141,#12142,#12143);
#12141 = CARTESIAN_POINT('',(-61.81,-36.70165140402,4.793625961206));
#12142 = DIRECTION('',(0.,-0.995059015582,-9.928522301029E-02));
#12143 = DIRECTION('',(0.,-9.928522301029E-02,0.995059015582));
#12144 = ADVANCED_FACE('',(#12145),#12171,.F.);
#12145 = FACE_BOUND('',#12146,.F.);
#12146 = EDGE_LOOP('',(#12147,#12155,#12164,#12170));
#12147 = ORIENTED_EDGE('',*,*,#12148,.T.);
#12148 = EDGE_CURVE('',#9440,#12149,#12151,.T.);
#12149 = VERTEX_POINT('',#12150);
#12150 = CARTESIAN_POINT('',(-61.31,-41.94110052963,10.65119547));
#12151 = LINE('',#12152,#12153);
#12152 = CARTESIAN_POINT('',(-61.81,-41.94110052963,10.65119547));
#12153 = VECTOR('',#12154,1.);
#12154 = DIRECTION('',(1.,0.,0.));
#12155 = ORIENTED_EDGE('',*,*,#12156,.T.);
#12156 = EDGE_CURVE('',#12149,#12157,#12159,.T.);
#12157 = VERTEX_POINT('',#12158);
#12158 = CARTESIAN_POINT('',(-61.31,-41.68620306586,10.450592));
#12159 = CIRCLE('',#12160,0.215668);
#12160 = AXIS2_PLACEMENT_3D('',#12161,#12162,#12163);
#12161 = CARTESIAN_POINT('',(-61.31,-41.901569,10.439181450679));
#12162 = DIRECTION('',(-1.,0.,0.));
#12163 = DIRECTION('',(0.,-1.,0.));
#12164 = ORIENTED_EDGE('',*,*,#12165,.F.);
#12165 = EDGE_CURVE('',#9442,#12157,#12166,.T.);
#12166 = LINE('',#12167,#12168);
#12167 = CARTESIAN_POINT('',(-61.81,-41.68620306586,10.450592));
#12168 = VECTOR('',#12169,1.);
#12169 = DIRECTION('',(1.,0.,0.));
#12170 = ORIENTED_EDGE('',*,*,#9439,.F.);
#12171 = CYLINDRICAL_SURFACE('',#12172,0.215668);
#12172 = AXIS2_PLACEMENT_3D('',#12173,#12174,#12175);
#12173 = CARTESIAN_POINT('',(-61.81,-41.901569,10.439181450679));
#12174 = DIRECTION('',(-1.,0.,0.));
#12175 = DIRECTION('',(0.,-1.,0.));
#12176 = ADVANCED_FACE('',(#12177),#12195,.T.);
#12177 = FACE_BOUND('',#12178,.T.);
#12178 = EDGE_LOOP('',(#12179,#12187,#12193,#12194));
#12179 = ORIENTED_EDGE('',*,*,#12180,.T.);
#12180 = EDGE_CURVE('',#9629,#12181,#12183,.T.);
#12181 = VERTEX_POINT('',#12182);
#12182 = CARTESIAN_POINT('',(-61.31,-41.39102526215,7.492253126712));
#12183 = LINE('',#12184,#12185);
#12184 = CARTESIAN_POINT('',(-61.81,-41.39102526215,7.492253126712));
#12185 = VECTOR('',#12186,1.);
#12186 = DIRECTION('',(1.,0.,0.));
#12187 = ORIENTED_EDGE('',*,*,#12188,.T.);
#12188 = EDGE_CURVE('',#12181,#12157,#12189,.T.);
#12189 = LINE('',#12190,#12191);
#12190 = CARTESIAN_POINT('',(-61.31,-41.39102526215,7.492253126712));
#12191 = VECTOR('',#12192,1.);
#12192 = DIRECTION('',(0.,-9.928522300937E-02,0.995059015582));
#12193 = ORIENTED_EDGE('',*,*,#12165,.F.);
#12194 = ORIENTED_EDGE('',*,*,#9637,.F.);
#12195 = PLANE('',#12196);
#12196 = AXIS2_PLACEMENT_3D('',#12197,#12198,#12199);
#12197 = CARTESIAN_POINT('',(-61.81,-41.39102526215,7.492253126712));
#12198 = DIRECTION('',(0.,-0.995059015582,-9.928522300937E-02));
#12199 = DIRECTION('',(0.,-9.928522300937E-02,0.995059015582));
#12200 = ADVANCED_FACE('',(#12201),#12220,.F.);
#12201 = FACE_BOUND('',#12202,.F.);
#12202 = EDGE_LOOP('',(#12203,#12204,#12213,#12219));
#12203 = ORIENTED_EDGE('',*,*,#12180,.T.);
#12204 = ORIENTED_EDGE('',*,*,#12205,.T.);
#12205 = EDGE_CURVE('',#12181,#12206,#12208,.T.);
#12206 = VERTEX_POINT('',#12207);
#12207 = CARTESIAN_POINT('',(-61.31,-41.58212878375,7.252585140601));
#12208 = CIRCLE('',#12209,0.197774336641);
#12209 = AXIS2_PLACEMENT_3D('',#12210,#12211,#12212);
#12210 = CARTESIAN_POINT('',(-61.31,-41.584309,7.45034745979));
#12211 = DIRECTION('',(-1.,0.,0.));
#12212 = DIRECTION('',(0.,-1.,0.));
#12213 = ORIENTED_EDGE('',*,*,#12214,.F.);
#12214 = EDGE_CURVE('',#9621,#12206,#12215,.T.);
#12215 = LINE('',#12216,#12217);
#12216 = CARTESIAN_POINT('',(-61.81,-41.58212878375,7.252585140601));
#12217 = VECTOR('',#12218,1.);
#12218 = DIRECTION('',(1.,0.,0.));
#12219 = ORIENTED_EDGE('',*,*,#9628,.F.);
#12220 = CYLINDRICAL_SURFACE('',#12221,0.197774336641);
#12221 = AXIS2_PLACEMENT_3D('',#12222,#12223,#12224);
#12222 = CARTESIAN_POINT('',(-61.81,-41.584309,7.45034745979));
#12223 = DIRECTION('',(-1.,0.,0.));
#12224 = DIRECTION('',(0.,-1.,0.));
#12225 = ADVANCED_FACE('',(#12226),#12244,.T.);
#12226 = FACE_BOUND('',#12227,.T.);
#12227 = EDGE_LOOP('',(#12228,#12236,#12242,#12243));
#12228 = ORIENTED_EDGE('',*,*,#12229,.T.);
#12229 = EDGE_CURVE('',#9612,#12230,#12232,.T.);
#12230 = VERTEX_POINT('',#12231);
#12231 = CARTESIAN_POINT('',(-61.31,-43.61454128682,7.252585140601));
#12232 = LINE('',#12233,#12234);
#12233 = CARTESIAN_POINT('',(-61.81,-43.61454128682,7.252585140601));
#12234 = VECTOR('',#12235,1.);
#12235 = DIRECTION('',(1.,0.,0.));
#12236 = ORIENTED_EDGE('',*,*,#12237,.T.);
#12237 = EDGE_CURVE('',#12230,#12206,#12238,.T.);
#12238 = LINE('',#12239,#12240);
#12239 = CARTESIAN_POINT('',(-61.31,-43.61454128682,7.252585140601));
#12240 = VECTOR('',#12241,1.);
#12241 = DIRECTION('',(0.,1.,0.));
#12242 = ORIENTED_EDGE('',*,*,#12214,.F.);
#12243 = ORIENTED_EDGE('',*,*,#9620,.F.);
#12244 = PLANE('',#12245);
#12245 = AXIS2_PLACEMENT_3D('',#12246,#12247,#12248);
#12246 = CARTESIAN_POINT('',(-61.81,-43.61454128682,7.252585140601));
#12247 = DIRECTION('',(0.,0.,1.));
#12248 = DIRECTION('',(0.,1.,0.));
#12249 = ADVANCED_FACE('',(#12250),#12269,.T.);
#12250 = FACE_BOUND('',#12251,.T.);
#12251 = EDGE_LOOP('',(#12252,#12260,#12267,#12268));
#12252 = ORIENTED_EDGE('',*,*,#12253,.T.);
#12253 = EDGE_CURVE('',#9604,#12254,#12256,.T.);
#12254 = VERTEX_POINT('',#12255);
#12255 = CARTESIAN_POINT('',(-61.31,-43.74316926827,7.004473032473));
#12256 = LINE('',#12257,#12258);
#12257 = CARTESIAN_POINT('',(-61.81,-43.74316926827,7.004473032473));
#12258 = VECTOR('',#12259,1.);
#12259 = DIRECTION('',(1.,0.,0.));
#12260 = ORIENTED_EDGE('',*,*,#12261,.T.);
#12261 = EDGE_CURVE('',#12254,#12230,#12262,.T.);
#12262 = CIRCLE('',#12263,0.180725990269);
#12263 = AXIS2_PLACEMENT_3D('',#12264,#12265,#12266);
#12264 = CARTESIAN_POINT('',(-61.31,-43.577105,7.07577900952));
#12265 = DIRECTION('',(-1.,0.,0.));
#12266 = DIRECTION('',(0.,-1.,0.));
#12267 = ORIENTED_EDGE('',*,*,#12229,.F.);
#12268 = ORIENTED_EDGE('',*,*,#9611,.F.);
#12269 = CYLINDRICAL_SURFACE('',#12270,0.180725990269);
#12270 = AXIS2_PLACEMENT_3D('',#12271,#12272,#12273);
#12271 = CARTESIAN_POINT('',(-61.81,-43.577105,7.07577900952));
#12272 = DIRECTION('',(-1.,0.,0.));
#12273 = DIRECTION('',(0.,-1.,0.));
#12274 = ADVANCED_FACE('',(#12275),#12293,.T.);
#12275 = FACE_BOUND('',#12276,.T.);
#12276 = EDGE_LOOP('',(#12277,#12285,#12291,#12292));
#12277 = ORIENTED_EDGE('',*,*,#12278,.T.);
#12278 = EDGE_CURVE('',#9595,#12279,#12281,.T.);
#12279 = VERTEX_POINT('',#12280);
#12280 = CARTESIAN_POINT('',(-61.31,-43.613488,5.704777959698));
#12281 = LINE('',#12282,#12283);
#12282 = CARTESIAN_POINT('',(-61.81,-43.613488,5.704777959698));
#12283 = VECTOR('',#12284,1.);
#12284 = DIRECTION('',(1.,0.,0.));
#12285 = ORIENTED_EDGE('',*,*,#12286,.T.);
#12286 = EDGE_CURVE('',#12279,#12254,#12287,.T.);
#12287 = LINE('',#12288,#12289);
#12288 = CARTESIAN_POINT('',(-61.31,-43.613488,5.704777959698));
#12289 = VECTOR('',#12290,1.);
#12290 = DIRECTION('',(0.,-9.928522300937E-02,0.995059015582));
#12291 = ORIENTED_EDGE('',*,*,#12253,.F.);
#12292 = ORIENTED_EDGE('',*,*,#9603,.F.);
#12293 = PLANE('',#12294);
#12294 = AXIS2_PLACEMENT_3D('',#12295,#12296,#12297);
#12295 = CARTESIAN_POINT('',(-61.81,-43.613488,5.704777959698));
#12296 = DIRECTION('',(0.,-0.995059015582,-9.928522300937E-02));
#12297 = DIRECTION('',(0.,-9.928522300937E-02,0.995059015582));
#12298 = ADVANCED_FACE('',(#12299),#12318,.T.);
#12299 = FACE_BOUND('',#12300,.T.);
#12300 = EDGE_LOOP('',(#12301,#12309,#12316,#12317));
#12301 = ORIENTED_EDGE('',*,*,#12302,.T.);
#12302 = EDGE_CURVE('',#9587,#12303,#12305,.T.);
#12303 = VERTEX_POINT('',#12304);
#12304 = CARTESIAN_POINT('',(-61.31,-43.44772700854,5.50417848911));
#12305 = LINE('',#12306,#12307);
#12306 = CARTESIAN_POINT('',(-61.81,-43.44772700854,5.50417848911));
#12307 = VECTOR('',#12308,1.);
#12308 = DIRECTION('',(1.,0.,0.));
#12309 = ORIENTED_EDGE('',*,*,#12310,.T.);
#12310 = EDGE_CURVE('',#12303,#12279,#12311,.T.);
#12311 = CIRCLE('',#12312,0.207618);
#12312 = AXIS2_PLACEMENT_3D('',#12313,#12314,#12315);
#12313 = CARTESIAN_POINT('',(-61.31,-43.40588833574,5.707537185464));
#12314 = DIRECTION('',(-1.,0.,0.));
#12315 = DIRECTION('',(0.,-1.,0.));
#12316 = ORIENTED_EDGE('',*,*,#12278,.F.);
#12317 = ORIENTED_EDGE('',*,*,#9594,.F.);
#12318 = CYLINDRICAL_SURFACE('',#12319,0.207618);
#12319 = AXIS2_PLACEMENT_3D('',#12320,#12321,#12322);
#12320 = CARTESIAN_POINT('',(-61.81,-43.40588833574,5.707537185464));
#12321 = DIRECTION('',(-1.,0.,0.));
#12322 = DIRECTION('',(0.,-1.,0.));
#12323 = ADVANCED_FACE('',(#12324),#12342,.T.);
#12324 = FACE_BOUND('',#12325,.T.);
#12325 = EDGE_LOOP('',(#12326,#12334,#12340,#12341));
#12326 = ORIENTED_EDGE('',*,*,#12327,.T.);
#12327 = EDGE_CURVE('',#9578,#12328,#12330,.T.);
#12328 = VERTEX_POINT('',#12329);
#12329 = CARTESIAN_POINT('',(-61.31,-41.39208483346,5.50417848911));
#12330 = LINE('',#12331,#12332);
#12331 = CARTESIAN_POINT('',(-61.81,-41.39208483346,5.50417848911));
#12332 = VECTOR('',#12333,1.);
#12333 = DIRECTION('',(1.,0.,0.));
#12334 = ORIENTED_EDGE('',*,*,#12335,.T.);
#12335 = EDGE_CURVE('',#12328,#12303,#12336,.T.);
#12336 = LINE('',#12337,#12338);
#12337 = CARTESIAN_POINT('',(-61.31,-41.39208483346,5.50417848911));
#12338 = VECTOR('',#12339,1.);
#12339 = DIRECTION('',(0.,-1.,0.));
#12340 = ORIENTED_EDGE('',*,*,#12302,.F.);
#12341 = ORIENTED_EDGE('',*,*,#9586,.F.);
#12342 = PLANE('',#12343);
#12343 = AXIS2_PLACEMENT_3D('',#12344,#12345,#12346);
#12344 = CARTESIAN_POINT('',(-61.81,-41.39208483346,5.50417848911));
#12345 = DIRECTION('',(0.,0.,-1.));
#12346 = DIRECTION('',(0.,-1.,0.));
#12347 = ADVANCED_FACE('',(#12348),#12367,.F.);
#12348 = FACE_BOUND('',#12349,.F.);
#12349 = EDGE_LOOP('',(#12350,#12351,#12360,#12366));
#12350 = ORIENTED_EDGE('',*,*,#12327,.T.);
#12351 = ORIENTED_EDGE('',*,*,#12352,.T.);
#12352 = EDGE_CURVE('',#12328,#12353,#12355,.T.);
#12353 = VERTEX_POINT('',#12354);
#12354 = CARTESIAN_POINT('',(-61.31,-41.16418054944,5.303551));
#12355 = CIRCLE('',#12356,0.211073);
#12356 = AXIS2_PLACEMENT_3D('',#12357,#12358,#12359);
#12357 = CARTESIAN_POINT('',(-61.31,-41.375028,5.293795800275));
#12358 = DIRECTION('',(-1.,0.,0.));
#12359 = DIRECTION('',(0.,-1.,0.));
#12360 = ORIENTED_EDGE('',*,*,#12361,.F.);
#12361 = EDGE_CURVE('',#9570,#12353,#12362,.T.);
#12362 = LINE('',#12363,#12364);
#12363 = CARTESIAN_POINT('',(-61.81,-41.16418054944,5.303551));
#12364 = VECTOR('',#12365,1.);
#12365 = DIRECTION('',(1.,0.,0.));
#12366 = ORIENTED_EDGE('',*,*,#9577,.F.);
#12367 = CYLINDRICAL_SURFACE('',#12368,0.211073);
#12368 = AXIS2_PLACEMENT_3D('',#12369,#12370,#12371);
#12369 = CARTESIAN_POINT('',(-61.81,-41.375028,5.293795800275));
#12370 = DIRECTION('',(-1.,0.,0.));
#12371 = DIRECTION('',(0.,-1.,0.));
#12372 = ADVANCED_FACE('',(#12373),#12391,.T.);
#12373 = FACE_BOUND('',#12374,.T.);
#12374 = EDGE_LOOP('',(#12375,#12383,#12389,#12390));
#12375 = ORIENTED_EDGE('',*,*,#12376,.T.);
#12376 = EDGE_CURVE('',#9561,#12377,#12379,.T.);
#12377 = VERTEX_POINT('',#12378);
#12378 = CARTESIAN_POINT('',(-61.31,-41.11161820164,4.77675923309));
#12379 = LINE('',#12380,#12381);
#12380 = CARTESIAN_POINT('',(-61.81,-41.11161820164,4.77675923309));
#12381 = VECTOR('',#12382,1.);
#12382 = DIRECTION('',(1.,0.,0.));
#12383 = ORIENTED_EDGE('',*,*,#12384,.T.);
#12384 = EDGE_CURVE('',#12377,#12353,#12385,.T.);
#12385 = LINE('',#12386,#12387);
#12386 = CARTESIAN_POINT('',(-61.31,-41.11161820164,4.77675923309));
#12387 = VECTOR('',#12388,1.);
#12388 = DIRECTION('',(0.,-9.928522300939E-02,0.995059015582));
#12389 = ORIENTED_EDGE('',*,*,#12361,.F.);
#12390 = ORIENTED_EDGE('',*,*,#9569,.F.);
#12391 = PLANE('',#12392);
#12392 = AXIS2_PLACEMENT_3D('',#12393,#12394,#12395);
#12393 = CARTESIAN_POINT('',(-61.81,-41.11161820164,4.77675923309));
#12394 = DIRECTION('',(0.,-0.995059015582,-9.928522300939E-02));
#12395 = DIRECTION('',(0.,-9.928522300939E-02,0.995059015582));
#12396 = ADVANCED_FACE('',(#12397),#12416,.F.);
#12397 = FACE_BOUND('',#12398,.F.);
#12398 = EDGE_LOOP('',(#12399,#12400,#12409,#12415));
#12399 = ORIENTED_EDGE('',*,*,#12376,.T.);
#12400 = ORIENTED_EDGE('',*,*,#12401,.T.);
#12401 = EDGE_CURVE('',#12377,#12402,#12404,.T.);
#12402 = VERTEX_POINT('',#12403);
#12403 = CARTESIAN_POINT('',(-61.31,-41.36430468516,4.590912357994));
#12404 = CIRCLE('',#12405,0.230278851432);
#12405 = AXIS2_PLACEMENT_3D('',#12406,#12407,#12408);
#12406 = CARTESIAN_POINT('',(-61.31,-41.33786401705,4.819668211443));
#12407 = DIRECTION('',(-1.,0.,0.));
#12408 = DIRECTION('',(0.,-1.,0.));
#12409 = ORIENTED_EDGE('',*,*,#12410,.F.);
#12410 = EDGE_CURVE('',#9553,#12402,#12411,.T.);
#12411 = LINE('',#12412,#12413);
#12412 = CARTESIAN_POINT('',(-61.81,-41.36430468516,4.590912357994));
#12413 = VECTOR('',#12414,1.);
#12414 = DIRECTION('',(1.,0.,0.));
#12415 = ORIENTED_EDGE('',*,*,#9560,.F.);
#12416 = CYLINDRICAL_SURFACE('',#12417,0.230278851432);
#12417 = AXIS2_PLACEMENT_3D('',#12418,#12419,#12420);
#12418 = CARTESIAN_POINT('',(-61.81,-41.33786401705,4.819668211443));
#12419 = DIRECTION('',(-1.,0.,0.));
#12420 = DIRECTION('',(0.,-1.,0.));
#12421 = ADVANCED_FACE('',(#12422),#12440,.T.);
#12422 = FACE_BOUND('',#12423,.T.);
#12423 = EDGE_LOOP('',(#12424,#12432,#12438,#12439));
#12424 = ORIENTED_EDGE('',*,*,#12425,.T.);
#12425 = EDGE_CURVE('',#9544,#12426,#12428,.T.);
#12426 = VERTEX_POINT('',#12427);
#12427 = CARTESIAN_POINT('',(-61.31,-44.42645412744,4.590912357994));
#12428 = LINE('',#12429,#12430);
#12429 = CARTESIAN_POINT('',(-61.81,-44.42645412744,4.590912357994));
#12430 = VECTOR('',#12431,1.);
#12431 = DIRECTION('',(1.,0.,0.));
#12432 = ORIENTED_EDGE('',*,*,#12433,.T.);
#12433 = EDGE_CURVE('',#12426,#12402,#12434,.T.);
#12434 = LINE('',#12435,#12436);
#12435 = CARTESIAN_POINT('',(-61.31,-44.42645412744,4.590912357994));
#12436 = VECTOR('',#12437,1.);
#12437 = DIRECTION('',(0.,1.,0.));
#12438 = ORIENTED_EDGE('',*,*,#12410,.F.);
#12439 = ORIENTED_EDGE('',*,*,#9552,.F.);
#12440 = PLANE('',#12441);
#12441 = AXIS2_PLACEMENT_3D('',#12442,#12443,#12444);
#12442 = CARTESIAN_POINT('',(-61.81,-44.42645412744,4.590912357994));
#12443 = DIRECTION('',(0.,0.,1.));
#12444 = DIRECTION('',(0.,1.,0.));
#12445 = ADVANCED_FACE('',(#12446),#12465,.F.);
#12446 = FACE_BOUND('',#12447,.F.);
#12447 = EDGE_LOOP('',(#12448,#12449,#12458,#12464));
#12448 = ORIENTED_EDGE('',*,*,#12425,.T.);
#12449 = ORIENTED_EDGE('',*,*,#12450,.T.);
#12450 = EDGE_CURVE('',#12426,#12451,#12453,.T.);
#12451 = VERTEX_POINT('',#12452);
#12452 = CARTESIAN_POINT('',(-61.31,-44.68090209376,4.794682));
#12453 = CIRCLE('',#12454,0.252744);
#12454 = AXIS2_PLACEMENT_3D('',#12455,#12456,#12457);
#12455 = CARTESIAN_POINT('',(-61.31,-44.432932,4.843573329858));
#12456 = DIRECTION('',(-1.,0.,0.));
#12457 = DIRECTION('',(0.,-1.,0.));
#12458 = ORIENTED_EDGE('',*,*,#12459,.F.);
#12459 = EDGE_CURVE('',#9536,#12451,#12460,.T.);
#12460 = LINE('',#12461,#12462);
#12461 = CARTESIAN_POINT('',(-61.81,-44.68090209376,4.794682));
#12462 = VECTOR('',#12463,1.);
#12463 = DIRECTION('',(1.,0.,0.));
#12464 = ORIENTED_EDGE('',*,*,#9543,.F.);
#12465 = CYLINDRICAL_SURFACE('',#12466,0.252744);
#12466 = AXIS2_PLACEMENT_3D('',#12467,#12468,#12469);
#12467 = CARTESIAN_POINT('',(-61.81,-44.432932,4.843573329858));
#12468 = DIRECTION('',(-1.,0.,0.));
#12469 = DIRECTION('',(0.,-1.,0.));
#12470 = ADVANCED_FACE('',(#12471),#12489,.T.);
#12471 = FACE_BOUND('',#12472,.T.);
#12472 = EDGE_LOOP('',(#12473,#12481,#12487,#12488));
#12473 = ORIENTED_EDGE('',*,*,#12474,.T.);
#12474 = EDGE_CURVE('',#9527,#12475,#12477,.T.);
#12475 = VERTEX_POINT('',#12476);
#12476 = CARTESIAN_POINT('',(-61.31,-44.99999478811,7.992701329574));
#12477 = LINE('',#12478,#12479);
#12478 = CARTESIAN_POINT('',(-61.81,-44.99999478811,7.992701329574));
#12479 = VECTOR('',#12480,1.);
#12480 = DIRECTION('',(1.,0.,0.));
#12481 = ORIENTED_EDGE('',*,*,#12482,.T.);
#12482 = EDGE_CURVE('',#12475,#12451,#12483,.T.);
#12483 = LINE('',#12484,#12485);
#12484 = CARTESIAN_POINT('',(-61.31,-44.99999478811,7.992701329574));
#12485 = VECTOR('',#12486,1.);
#12486 = DIRECTION('',(-0.,9.928522300936E-02,-0.995059015582));
#12487 = ORIENTED_EDGE('',*,*,#12459,.F.);
#12488 = ORIENTED_EDGE('',*,*,#9535,.F.);
#12489 = PLANE('',#12490);
#12490 = AXIS2_PLACEMENT_3D('',#12491,#12492,#12493);
#12491 = CARTESIAN_POINT('',(-61.81,-44.99999478811,7.992701329574));
#12492 = DIRECTION('',(0.,0.995059015582,9.928522300936E-02));
#12493 = DIRECTION('',(0.,9.928522300936E-02,-0.995059015582));
#12494 = ADVANCED_FACE('',(#12495),#12514,.F.);
#12495 = FACE_BOUND('',#12496,.F.);
#12496 = EDGE_LOOP('',(#12497,#12498,#12507,#12513));
#12497 = ORIENTED_EDGE('',*,*,#12474,.T.);
#12498 = ORIENTED_EDGE('',*,*,#12499,.T.);
#12499 = EDGE_CURVE('',#12475,#12500,#12502,.T.);
#12500 = VERTEX_POINT('',#12501);
#12501 = CARTESIAN_POINT('',(-61.31,-44.77090856143,8.254246892349));
#12502 = CIRCLE('',#12503,0.213538760478);
#12503 = AXIS2_PLACEMENT_3D('',#12504,#12505,#12506);
#12504 = CARTESIAN_POINT('',(-61.31,-44.79217,8.041769238332));
#12505 = DIRECTION('',(-1.,0.,0.));
#12506 = DIRECTION('',(0.,-1.,0.));
#12507 = ORIENTED_EDGE('',*,*,#12508,.F.);
#12508 = EDGE_CURVE('',#9519,#12500,#12509,.T.);
#12509 = LINE('',#12510,#12511);
#12510 = CARTESIAN_POINT('',(-61.81,-44.77090856143,8.254246892349));
#12511 = VECTOR('',#12512,1.);
#12512 = DIRECTION('',(1.,0.,0.));
#12513 = ORIENTED_EDGE('',*,*,#9526,.F.);
#12514 = CYLINDRICAL_SURFACE('',#12515,0.213538760478);
#12515 = AXIS2_PLACEMENT_3D('',#12516,#12517,#12518);
#12516 = CARTESIAN_POINT('',(-61.81,-44.79217,8.041769238332));
#12517 = DIRECTION('',(-1.,0.,0.));
#12518 = DIRECTION('',(0.,-1.,0.));
#12519 = ADVANCED_FACE('',(#12520),#12538,.T.);
#12520 = FACE_BOUND('',#12521,.T.);
#12521 = EDGE_LOOP('',(#12522,#12530,#12536,#12537));
#12522 = ORIENTED_EDGE('',*,*,#12523,.T.);
#12523 = EDGE_CURVE('',#9510,#12524,#12526,.T.);
#12524 = VERTEX_POINT('',#12525);
#12525 = CARTESIAN_POINT('',(-61.31,-42.74139679865,8.254246892349));
#12526 = LINE('',#12527,#12528);
#12527 = CARTESIAN_POINT('',(-61.81,-42.74139679865,8.254246892349));
#12528 = VECTOR('',#12529,1.);
#12529 = DIRECTION('',(1.,0.,0.));
#12530 = ORIENTED_EDGE('',*,*,#12531,.T.);
#12531 = EDGE_CURVE('',#12524,#12500,#12532,.T.);
#12532 = LINE('',#12533,#12534);
#12533 = CARTESIAN_POINT('',(-61.31,-42.74139679865,8.254246892349));
#12534 = VECTOR('',#12535,1.);
#12535 = DIRECTION('',(0.,-1.,0.));
#12536 = ORIENTED_EDGE('',*,*,#12508,.F.);
#12537 = ORIENTED_EDGE('',*,*,#9518,.F.);
#12538 = PLANE('',#12539);
#12539 = AXIS2_PLACEMENT_3D('',#12540,#12541,#12542);
#12540 = CARTESIAN_POINT('',(-61.81,-42.74139679865,8.254246892349));
#12541 = DIRECTION('',(0.,0.,-1.));
#12542 = DIRECTION('',(0.,-1.,0.));
#12543 = ADVANCED_FACE('',(#12544),#12563,.T.);
#12544 = FACE_BOUND('',#12545,.T.);
#12545 = EDGE_LOOP('',(#12546,#12554,#12561,#12562));
#12546 = ORIENTED_EDGE('',*,*,#12547,.T.);
#12547 = EDGE_CURVE('',#9502,#12548,#12550,.T.);
#12548 = VERTEX_POINT('',#12549);
#12549 = CARTESIAN_POINT('',(-61.31,-42.66868636319,8.419244270042));
#12550 = LINE('',#12551,#12552);
#12551 = CARTESIAN_POINT('',(-61.81,-42.66868636319,8.419244270042));
#12552 = VECTOR('',#12553,1.);
#12553 = DIRECTION('',(1.,0.,0.));
#12554 = ORIENTED_EDGE('',*,*,#12555,.T.);
#12555 = EDGE_CURVE('',#12548,#12524,#12556,.T.);
#12556 = CIRCLE('',#12557,0.125800617511);
#12557 = AXIS2_PLACEMENT_3D('',#12558,#12559,#12560);
#12558 = CARTESIAN_POINT('',(-61.31,-42.78533,8.372126785401));
#12559 = DIRECTION('',(-1.,0.,0.));
#12560 = DIRECTION('',(0.,-1.,0.));
#12561 = ORIENTED_EDGE('',*,*,#12523,.F.);
#12562 = ORIENTED_EDGE('',*,*,#9509,.F.);
#12563 = CYLINDRICAL_SURFACE('',#12564,0.125800617511);
#12564 = AXIS2_PLACEMENT_3D('',#12565,#12566,#12567);
#12565 = CARTESIAN_POINT('',(-61.81,-42.78533,8.372126785401));
#12566 = DIRECTION('',(-1.,0.,0.));
#12567 = DIRECTION('',(0.,-1.,0.));
#12568 = ADVANCED_FACE('',(#12569),#12587,.T.);
#12569 = FACE_BOUND('',#12570,.T.);
#12570 = EDGE_LOOP('',(#12571,#12579,#12585,#12586));
#12571 = ORIENTED_EDGE('',*,*,#12572,.T.);
#12572 = EDGE_CURVE('',#9493,#12573,#12575,.T.);
#12573 = VERTEX_POINT('',#12574);
#12574 = CARTESIAN_POINT('',(-61.31,-42.781511,9.549998360435));
#12575 = LINE('',#12576,#12577);
#12576 = CARTESIAN_POINT('',(-61.81,-42.781511,9.549998360435));
#12577 = VECTOR('',#12578,1.);
#12578 = DIRECTION('',(1.,0.,0.));
#12579 = ORIENTED_EDGE('',*,*,#12580,.T.);
#12580 = EDGE_CURVE('',#12573,#12548,#12581,.T.);
#12581 = LINE('',#12582,#12583);
#12582 = CARTESIAN_POINT('',(-61.31,-42.781511,9.549998360435));
#12583 = VECTOR('',#12584,1.);
#12584 = DIRECTION('',(-0.,9.928522300931E-02,-0.995059015582));
#12585 = ORIENTED_EDGE('',*,*,#12547,.F.);
#12586 = ORIENTED_EDGE('',*,*,#9501,.F.);
#12587 = PLANE('',#12588);
#12588 = AXIS2_PLACEMENT_3D('',#12589,#12590,#12591);
#12589 = CARTESIAN_POINT('',(-61.81,-42.781511,9.549998360435));
#12590 = DIRECTION('',(0.,0.995059015582,9.928522300931E-02));
#12591 = DIRECTION('',(0.,9.928522300931E-02,-0.995059015582));
#12592 = ADVANCED_FACE('',(#12593),#12612,.T.);
#12593 = FACE_BOUND('',#12594,.T.);
#12594 = EDGE_LOOP('',(#12595,#12603,#12610,#12611));
#12595 = ORIENTED_EDGE('',*,*,#12596,.T.);
#12596 = EDGE_CURVE('',#9485,#12597,#12599,.T.);
#12597 = VERTEX_POINT('',#12598);
#12598 = CARTESIAN_POINT('',(-61.31,-42.93882891745,9.737939747951));
#12599 = LINE('',#12600,#12601);
#12600 = CARTESIAN_POINT('',(-61.81,-42.93882891745,9.737939747951));
#12601 = VECTOR('',#12602,1.);
#12602 = DIRECTION('',(1.,0.,0.));
#12603 = ORIENTED_EDGE('',*,*,#12604,.T.);
#12604 = EDGE_CURVE('',#12597,#12573,#12605,.T.);
#12605 = CIRCLE('',#12606,0.190452);
#12606 = AXIS2_PLACEMENT_3D('',#12607,#12608,#12609);
#12607 = CARTESIAN_POINT('',(-61.31,-42.97196259301,9.550392090413));
#12608 = DIRECTION('',(-1.,0.,0.));
#12609 = DIRECTION('',(0.,-1.,0.));
#12610 = ORIENTED_EDGE('',*,*,#12572,.F.);
#12611 = ORIENTED_EDGE('',*,*,#9492,.F.);
#12612 = CYLINDRICAL_SURFACE('',#12613,0.190452);
#12613 = AXIS2_PLACEMENT_3D('',#12614,#12615,#12616);
#12614 = CARTESIAN_POINT('',(-61.81,-42.97196259301,9.550392090413));
#12615 = DIRECTION('',(-1.,0.,0.));
#12616 = DIRECTION('',(0.,-1.,0.));
#12617 = ADVANCED_FACE('',(#12618),#12636,.T.);
#12618 = FACE_BOUND('',#12619,.T.);
#12619 = EDGE_LOOP('',(#12620,#12628,#12634,#12635));
#12620 = ORIENTED_EDGE('',*,*,#12621,.T.);
#12621 = EDGE_CURVE('',#9476,#12622,#12624,.T.);
#12622 = VERTEX_POINT('',#12623);
#12623 = CARTESIAN_POINT('',(-61.31,-44.98180111747,9.737939747951));
#12624 = LINE('',#12625,#12626);
#12625 = CARTESIAN_POINT('',(-61.81,-44.98180111747,9.737939747951));
#12626 = VECTOR('',#12627,1.);
#12627 = DIRECTION('',(1.,0.,0.));
#12628 = ORIENTED_EDGE('',*,*,#12629,.T.);
#12629 = EDGE_CURVE('',#12622,#12597,#12630,.T.);
#12630 = LINE('',#12631,#12632);
#12631 = CARTESIAN_POINT('',(-61.31,-44.98180111747,9.737939747951));
#12632 = VECTOR('',#12633,1.);
#12633 = DIRECTION('',(0.,1.,0.));
#12634 = ORIENTED_EDGE('',*,*,#12596,.F.);
#12635 = ORIENTED_EDGE('',*,*,#9484,.F.);
#12636 = PLANE('',#12637);
#12637 = AXIS2_PLACEMENT_3D('',#12638,#12639,#12640);
#12638 = CARTESIAN_POINT('',(-61.81,-44.98180111747,9.737939747951));
#12639 = DIRECTION('',(0.,0.,1.));
#12640 = DIRECTION('',(0.,1.,0.));
#12641 = ADVANCED_FACE('',(#12642),#12661,.F.);
#12642 = FACE_BOUND('',#12643,.F.);
#12643 = EDGE_LOOP('',(#12644,#12645,#12654,#12660));
#12644 = ORIENTED_EDGE('',*,*,#12621,.T.);
#12645 = ORIENTED_EDGE('',*,*,#12646,.T.);
#12646 = EDGE_CURVE('',#12622,#12647,#12649,.T.);
#12647 = VERTEX_POINT('',#12648);
#12648 = CARTESIAN_POINT('',(-61.31,-45.195688,9.843507));
#12649 = CIRCLE('',#12650,0.162538);
#12650 = AXIS2_PLACEMENT_3D('',#12651,#12652,#12653);
#12651 = CARTESIAN_POINT('',(-61.31,-45.03986752174,9.889751783505));
#12652 = DIRECTION('',(-1.,0.,0.));
#12653 = DIRECTION('',(0.,-1.,0.));
#12654 = ORIENTED_EDGE('',*,*,#12655,.F.);
#12655 = EDGE_CURVE('',#9468,#12647,#12656,.T.);
#12656 = LINE('',#12657,#12658);
#12657 = CARTESIAN_POINT('',(-61.81,-45.195688,9.843507));
#12658 = VECTOR('',#12659,1.);
#12659 = DIRECTION('',(1.,0.,0.));
#12660 = ORIENTED_EDGE('',*,*,#9475,.F.);
#12661 = CYLINDRICAL_SURFACE('',#12662,0.162538);
#12662 = AXIS2_PLACEMENT_3D('',#12663,#12664,#12665);
#12663 = CARTESIAN_POINT('',(-61.81,-45.03986752174,9.889751783505));
#12664 = DIRECTION('',(-1.,0.,0.));
#12665 = DIRECTION('',(0.,-1.,0.));
#12666 = ADVANCED_FACE('',(#12667),#12685,.T.);
#12667 = FACE_BOUND('',#12668,.T.);
#12668 = EDGE_LOOP('',(#12669,#12677,#12683,#12684));
#12669 = ORIENTED_EDGE('',*,*,#12670,.T.);
#12670 = EDGE_CURVE('',#9459,#12671,#12673,.T.);
#12671 = VERTEX_POINT('',#12672);
#12672 = CARTESIAN_POINT('',(-61.31,-45.26047689633,10.492836008441));
#12673 = LINE('',#12674,#12675);
#12674 = CARTESIAN_POINT('',(-61.81,-45.26047689633,10.492836008441));
#12675 = VECTOR('',#12676,1.);
#12676 = DIRECTION('',(1.,0.,0.));
#12677 = ORIENTED_EDGE('',*,*,#12678,.T.);
#12678 = EDGE_CURVE('',#12671,#12647,#12679,.T.);
#12679 = LINE('',#12680,#12681);
#12680 = CARTESIAN_POINT('',(-61.31,-45.26047689633,10.492836008441));
#12681 = VECTOR('',#12682,1.);
#12682 = DIRECTION('',(-0.,9.928522300996E-02,-0.995059015582));
#12683 = ORIENTED_EDGE('',*,*,#12655,.F.);
#12684 = ORIENTED_EDGE('',*,*,#9467,.F.);
#12685 = PLANE('',#12686);
#12686 = AXIS2_PLACEMENT_3D('',#12687,#12688,#12689);
#12687 = CARTESIAN_POINT('',(-61.81,-45.26047689633,10.492836008441));
#12688 = DIRECTION('',(0.,0.995059015582,9.928522300996E-02));
#12689 = DIRECTION('',(0.,9.928522300996E-02,-0.995059015582));
#12690 = ADVANCED_FACE('',(#12691),#12710,.F.);
#12691 = FACE_BOUND('',#12692,.F.);
#12692 = EDGE_LOOP('',(#12693,#12694,#12703,#12709));
#12693 = ORIENTED_EDGE('',*,*,#12670,.T.);
#12694 = ORIENTED_EDGE('',*,*,#12695,.T.);
#12695 = EDGE_CURVE('',#12671,#12696,#12698,.T.);
#12696 = VERTEX_POINT('',#12697);
#12697 = CARTESIAN_POINT('',(-61.31,-45.07682653391,10.65119547));
#12698 = CIRCLE('',#12699,0.159929147057);
#12699 = AXIS2_PLACEMENT_3D('',#12700,#12701,#12702);
#12700 = CARTESIAN_POINT('',(-61.31,-45.10054787348,10.493035329233));
#12701 = DIRECTION('',(-1.,0.,0.));
#12702 = DIRECTION('',(0.,-1.,0.));
#12703 = ORIENTED_EDGE('',*,*,#12704,.F.);
#12704 = EDGE_CURVE('',#9451,#12696,#12705,.T.);
#12705 = LINE('',#12706,#12707);
#12706 = CARTESIAN_POINT('',(-61.81,-45.07682653391,10.65119547));
#12707 = VECTOR('',#12708,1.);
#12708 = DIRECTION('',(1.,0.,0.));
#12709 = ORIENTED_EDGE('',*,*,#9458,.F.);
#12710 = CYLINDRICAL_SURFACE('',#12711,0.159929147057);
#12711 = AXIS2_PLACEMENT_3D('',#12712,#12713,#12714);
#12712 = CARTESIAN_POINT('',(-61.81,-45.10054787348,10.493035329233));
#12713 = DIRECTION('',(-1.,0.,0.));
#12714 = DIRECTION('',(0.,-1.,0.));
#12715 = ADVANCED_FACE('',(#12716),#12727,.T.);
#12716 = FACE_BOUND('',#12717,.T.);
#12717 = EDGE_LOOP('',(#12718,#12719,#12725,#12726));
#12718 = ORIENTED_EDGE('',*,*,#12148,.T.);
#12719 = ORIENTED_EDGE('',*,*,#12720,.T.);
#12720 = EDGE_CURVE('',#12149,#12696,#12721,.T.);
#12721 = LINE('',#12722,#12723);
#12722 = CARTESIAN_POINT('',(-61.31,-41.94110052963,10.65119547));
#12723 = VECTOR('',#12724,1.);
#12724 = DIRECTION('',(0.,-1.,0.));
#12725 = ORIENTED_EDGE('',*,*,#12704,.F.);
#12726 = ORIENTED_EDGE('',*,*,#9450,.F.);
#12727 = PLANE('',#12728);
#12728 = AXIS2_PLACEMENT_3D('',#12729,#12730,#12731);
#12729 = CARTESIAN_POINT('',(-61.81,-41.94110052963,10.65119547));
#12730 = DIRECTION('',(0.,0.,-1.));
#12731 = DIRECTION('',(0.,-1.,0.));
#12732 = ADVANCED_FACE('',(#12733),#12759,.F.);
#12733 = FACE_BOUND('',#12734,.F.);
#12734 = EDGE_LOOP('',(#12735,#12743,#12752,#12758));
#12735 = ORIENTED_EDGE('',*,*,#12736,.T.);
#12736 = EDGE_CURVE('',#9646,#12737,#12739,.T.);
#12737 = VERTEX_POINT('',#12738);
#12738 = CARTESIAN_POINT('',(-61.31,-46.32161235573,10.639588876673));
#12739 = LINE('',#12740,#12741);
#12740 = CARTESIAN_POINT('',(-61.81,-46.32161235573,10.639588876673));
#12741 = VECTOR('',#12742,1.);
#12742 = DIRECTION('',(1.,0.,0.));
#12743 = ORIENTED_EDGE('',*,*,#12744,.T.);
#12744 = EDGE_CURVE('',#12737,#12745,#12747,.T.);
#12745 = VERTEX_POINT('',#12746);
#12746 = CARTESIAN_POINT('',(-61.31,-46.11361914999,10.426316724949));
#12747 = CIRCLE('',#12748,0.230598656989);
#12748 = AXIS2_PLACEMENT_3D('',#12749,#12750,#12751);
#12749 = CARTESIAN_POINT('',(-61.31,-46.343643,10.410045));
#12750 = DIRECTION('',(-1.,0.,0.));
#12751 = DIRECTION('',(0.,-1.,0.));
#12752 = ORIENTED_EDGE('',*,*,#12753,.F.);
#12753 = EDGE_CURVE('',#9648,#12745,#12754,.T.);
#12754 = LINE('',#12755,#12756);
#12755 = CARTESIAN_POINT('',(-61.81,-46.11361914999,10.426316724949));
#12756 = VECTOR('',#12757,1.);
#12757 = DIRECTION('',(1.,0.,0.));
#12758 = ORIENTED_EDGE('',*,*,#9645,.F.);
#12759 = CYLINDRICAL_SURFACE('',#12760,0.230598656989);
#12760 = AXIS2_PLACEMENT_3D('',#12761,#12762,#12763);
#12761 = CARTESIAN_POINT('',(-61.81,-46.343643,10.410045));
#12762 = DIRECTION('',(-1.,0.,0.));
#12763 = DIRECTION('',(0.,-1.,0.));
#12764 = ADVANCED_FACE('',(#12765),#12783,.F.);
#12765 = FACE_BOUND('',#12766,.F.);
#12766 = EDGE_LOOP('',(#12767,#12768,#12776,#12782));
#12767 = ORIENTED_EDGE('',*,*,#12753,.T.);
#12768 = ORIENTED_EDGE('',*,*,#12769,.T.);
#12769 = EDGE_CURVE('',#12745,#12770,#12772,.T.);
#12770 = VERTEX_POINT('',#12771);
#12771 = CARTESIAN_POINT('',(-61.31,-45.5592891754,4.870696038398));
#12772 = LINE('',#12773,#12774);
#12773 = CARTESIAN_POINT('',(-61.31,-46.11361914999,10.426316724949));
#12774 = VECTOR('',#12775,1.);
#12775 = DIRECTION('',(-0.,9.928522300935E-02,-0.995059015582));
#12776 = ORIENTED_EDGE('',*,*,#12777,.F.);
#12777 = EDGE_CURVE('',#9699,#12770,#12778,.T.);
#12778 = LINE('',#12779,#12780);
#12779 = CARTESIAN_POINT('',(-61.81,-45.5592891754,4.870696038398));
#12780 = VECTOR('',#12781,1.);
#12781 = DIRECTION('',(1.,0.,0.));
#12782 = ORIENTED_EDGE('',*,*,#9707,.F.);
#12783 = PLANE('',#12784);
#12784 = AXIS2_PLACEMENT_3D('',#12785,#12786,#12787);
#12785 = CARTESIAN_POINT('',(-61.81,-46.11361914999,10.426316724949));
#12786 = DIRECTION('',(0.,0.995059015582,9.928522300935E-02));
#12787 = DIRECTION('',(0.,9.928522300935E-02,-0.995059015582));
#12788 = ADVANCED_FACE('',(#12789),#12808,.F.);
#12789 = FACE_BOUND('',#12790,.F.);
#12790 = EDGE_LOOP('',(#12791,#12792,#12801,#12807));
#12791 = ORIENTED_EDGE('',*,*,#12777,.T.);
#12792 = ORIENTED_EDGE('',*,*,#12793,.T.);
#12793 = EDGE_CURVE('',#12770,#12794,#12796,.T.);
#12794 = VERTEX_POINT('',#12795);
#12795 = CARTESIAN_POINT('',(-61.31,-45.68918844401,4.605240319411));
#12796 = CIRCLE('',#12797,0.236372);
#12797 = AXIS2_PLACEMENT_3D('',#12798,#12799,#12800);
#12798 = CARTESIAN_POINT('',(-61.31,-45.789952,4.819059));
#12799 = DIRECTION('',(-1.,0.,0.));
#12800 = DIRECTION('',(0.,-1.,0.));
#12801 = ORIENTED_EDGE('',*,*,#12802,.F.);
#12802 = EDGE_CURVE('',#9691,#12794,#12803,.T.);
#12803 = LINE('',#12804,#12805);
#12804 = CARTESIAN_POINT('',(-61.81,-45.68918844401,4.605240319411));
#12805 = VECTOR('',#12806,1.);
#12806 = DIRECTION('',(1.,0.,0.));
#12807 = ORIENTED_EDGE('',*,*,#9698,.F.);
#12808 = CYLINDRICAL_SURFACE('',#12809,0.236372);
#12809 = AXIS2_PLACEMENT_3D('',#12810,#12811,#12812);
#12810 = CARTESIAN_POINT('',(-61.81,-45.789952,4.819059));
#12811 = DIRECTION('',(-1.,0.,0.));
#12812 = DIRECTION('',(0.,-1.,0.));
#12813 = ADVANCED_FACE('',(#12814),#12832,.F.);
#12814 = FACE_BOUND('',#12815,.F.);
#12815 = EDGE_LOOP('',(#12816,#12817,#12825,#12831));
#12816 = ORIENTED_EDGE('',*,*,#12802,.T.);
#12817 = ORIENTED_EDGE('',*,*,#12818,.T.);
#12818 = EDGE_CURVE('',#12794,#12819,#12821,.T.);
#12819 = VERTEX_POINT('',#12820);
#12820 = CARTESIAN_POINT('',(-61.31,-46.47259441412,4.605240319411));
#12821 = LINE('',#12822,#12823);
#12822 = CARTESIAN_POINT('',(-61.31,-45.68918844401,4.605240319411));
#12823 = VECTOR('',#12824,1.);
#12824 = DIRECTION('',(0.,-1.,0.));
#12825 = ORIENTED_EDGE('',*,*,#12826,.F.);
#12826 = EDGE_CURVE('',#9682,#12819,#12827,.T.);
#12827 = LINE('',#12828,#12829);
#12828 = CARTESIAN_POINT('',(-61.81,-46.47259441412,4.605240319411));
#12829 = VECTOR('',#12830,1.);
#12830 = DIRECTION('',(1.,0.,0.));
#12831 = ORIENTED_EDGE('',*,*,#9690,.F.);
#12832 = PLANE('',#12833);
#12833 = AXIS2_PLACEMENT_3D('',#12834,#12835,#12836);
#12834 = CARTESIAN_POINT('',(-61.81,-45.68918844401,4.605240319411));
#12835 = DIRECTION('',(0.,0.,-1.));
#12836 = DIRECTION('',(0.,-1.,0.));
#12837 = ADVANCED_FACE('',(#12838),#12857,.F.);
#12838 = FACE_BOUND('',#12839,.F.);
#12839 = EDGE_LOOP('',(#12840,#12841,#12850,#12856));
#12840 = ORIENTED_EDGE('',*,*,#12826,.T.);
#12841 = ORIENTED_EDGE('',*,*,#12842,.T.);
#12842 = EDGE_CURVE('',#12819,#12843,#12845,.T.);
#12843 = VERTEX_POINT('',#12844);
#12844 = CARTESIAN_POINT('',(-61.31,-46.70188297372,4.881255640282));
#12845 = CIRCLE('',#12846,0.294133);
#12846 = AXIS2_PLACEMENT_3D('',#12847,#12848,#12849);
#12847 = CARTESIAN_POINT('',(-61.31,-46.407953,4.892182315762));
#12848 = DIRECTION('',(-1.,0.,0.));
#12849 = DIRECTION('',(0.,-1.,0.));
#12850 = ORIENTED_EDGE('',*,*,#12851,.F.);
#12851 = EDGE_CURVE('',#9674,#12843,#12852,.T.);
#12852 = LINE('',#12853,#12854);
#12853 = CARTESIAN_POINT('',(-61.81,-46.70188297372,4.881255640282));
#12854 = VECTOR('',#12855,1.);
#12855 = DIRECTION('',(1.,0.,0.));
#12856 = ORIENTED_EDGE('',*,*,#9681,.F.);
#12857 = CYLINDRICAL_SURFACE('',#12858,0.294133);
#12858 = AXIS2_PLACEMENT_3D('',#12859,#12860,#12861);
#12859 = CARTESIAN_POINT('',(-61.81,-46.407953,4.892182315762));
#12860 = DIRECTION('',(-1.,0.,0.));
#12861 = DIRECTION('',(0.,-1.,0.));
#12862 = ADVANCED_FACE('',(#12863),#12881,.F.);
#12863 = FACE_BOUND('',#12864,.F.);
#12864 = EDGE_LOOP('',(#12865,#12866,#12874,#12880));
#12865 = ORIENTED_EDGE('',*,*,#12851,.T.);
#12866 = ORIENTED_EDGE('',*,*,#12867,.T.);
#12867 = EDGE_CURVE('',#12843,#12868,#12870,.T.);
#12868 = VERTEX_POINT('',#12869);
#12869 = CARTESIAN_POINT('',(-61.31,-47.25305245993,10.4052011958));
#12870 = LINE('',#12871,#12872);
#12871 = CARTESIAN_POINT('',(-61.31,-46.70188297372,4.881255640282));
#12872 = VECTOR('',#12873,1.);
#12873 = DIRECTION('',(0.,-9.928522300937E-02,0.995059015582));
#12874 = ORIENTED_EDGE('',*,*,#12875,.F.);
#12875 = EDGE_CURVE('',#9665,#12868,#12876,.T.);
#12876 = LINE('',#12877,#12878);
#12877 = CARTESIAN_POINT('',(-61.81,-47.25305245993,10.4052011958));
#12878 = VECTOR('',#12879,1.);
#12879 = DIRECTION('',(1.,0.,0.));
#12880 = ORIENTED_EDGE('',*,*,#9673,.F.);
#12881 = PLANE('',#12882);
#12882 = AXIS2_PLACEMENT_3D('',#12883,#12884,#12885);
#12883 = CARTESIAN_POINT('',(-61.81,-46.70188297372,4.881255640282));
#12884 = DIRECTION('',(0.,-0.995059015582,-9.928522300937E-02));
#12885 = DIRECTION('',(0.,-9.928522300937E-02,0.995059015582));
#12886 = ADVANCED_FACE('',(#12887),#12906,.F.);
#12887 = FACE_BOUND('',#12888,.F.);
#12888 = EDGE_LOOP('',(#12889,#12890,#12899,#12905));
#12889 = ORIENTED_EDGE('',*,*,#12875,.T.);
#12890 = ORIENTED_EDGE('',*,*,#12891,.T.);
#12891 = EDGE_CURVE('',#12868,#12892,#12894,.T.);
#12892 = VERTEX_POINT('',#12893);
#12893 = CARTESIAN_POINT('',(-61.31,-47.1145199721,10.639588876673));
#12894 = CIRCLE('',#12895,0.194797);
#12895 = AXIS2_PLACEMENT_3D('',#12896,#12897,#12898);
#12896 = CARTESIAN_POINT('',(-61.31,-47.06383768573,10.451500660515));
#12897 = DIRECTION('',(-1.,0.,0.));
#12898 = DIRECTION('',(0.,-1.,0.));
#12899 = ORIENTED_EDGE('',*,*,#12900,.F.);
#12900 = EDGE_CURVE('',#9657,#12892,#12901,.T.);
#12901 = LINE('',#12902,#12903);
#12902 = CARTESIAN_POINT('',(-61.81,-47.1145199721,10.639588876673));
#12903 = VECTOR('',#12904,1.);
#12904 = DIRECTION('',(1.,0.,0.));
#12905 = ORIENTED_EDGE('',*,*,#9664,.F.);
#12906 = CYLINDRICAL_SURFACE('',#12907,0.194797);
#12907 = AXIS2_PLACEMENT_3D('',#12908,#12909,#12910);
#12908 = CARTESIAN_POINT('',(-61.81,-47.06383768573,10.451500660515));
#12909 = DIRECTION('',(-1.,0.,0.));
#12910 = DIRECTION('',(0.,-1.,0.));
#12911 = ADVANCED_FACE('',(#12912),#12923,.T.);
#12912 = FACE_BOUND('',#12913,.T.);
#12913 = EDGE_LOOP('',(#12914,#12915,#12921,#12922));
#12914 = ORIENTED_EDGE('',*,*,#12736,.T.);
#12915 = ORIENTED_EDGE('',*,*,#12916,.T.);
#12916 = EDGE_CURVE('',#12737,#12892,#12917,.T.);
#12917 = LINE('',#12918,#12919);
#12918 = CARTESIAN_POINT('',(-61.31,-46.32161235573,10.639588876673));
#12919 = VECTOR('',#12920,1.);
#12920 = DIRECTION('',(0.,-1.,0.));
#12921 = ORIENTED_EDGE('',*,*,#12900,.F.);
#12922 = ORIENTED_EDGE('',*,*,#9656,.F.);
#12923 = PLANE('',#12924);
#12924 = AXIS2_PLACEMENT_3D('',#12925,#12926,#12927);
#12925 = CARTESIAN_POINT('',(-61.81,-46.32161235573,10.639588876673));
#12926 = DIRECTION('',(0.,0.,-1.));
#12927 = DIRECTION('',(0.,-1.,0.));
#12928 = ADVANCED_FACE('',(#12929),#12955,.F.);
#12929 = FACE_BOUND('',#12930,.F.);
#12930 = EDGE_LOOP('',(#12931,#12939,#12948,#12954));
#12931 = ORIENTED_EDGE('',*,*,#12932,.T.);
#12932 = EDGE_CURVE('',#9716,#12933,#12935,.T.);
#12933 = VERTEX_POINT('',#12934);
#12934 = CARTESIAN_POINT('',(-61.31,-28.4796520853,9.553172441315));
#12935 = LINE('',#12936,#12937);
#12936 = CARTESIAN_POINT('',(-61.81,-28.4796520853,9.553172441315));
#12937 = VECTOR('',#12938,1.);
#12938 = DIRECTION('',(1.,0.,0.));
#12939 = ORIENTED_EDGE('',*,*,#12940,.T.);
#12940 = EDGE_CURVE('',#12933,#12941,#12943,.T.);
#12941 = VERTEX_POINT('',#12942);
#12942 = CARTESIAN_POINT('',(-61.31,-28.24630742054,9.357847535601));
#12943 = CIRCLE('',#12944,0.216142);
#12944 = AXIS2_PLACEMENT_3D('',#12945,#12946,#12947);
#12945 = CARTESIAN_POINT('',(-61.31,-28.461517,9.337792584214));
#12946 = DIRECTION('',(-1.,0.,0.));
#12947 = DIRECTION('',(0.,-1.,0.));
#12948 = ORIENTED_EDGE('',*,*,#12949,.F.);
#12949 = EDGE_CURVE('',#9718,#12941,#12950,.T.);
#12950 = LINE('',#12951,#12952);
#12951 = CARTESIAN_POINT('',(-61.81,-28.24630742054,9.357847535601));
#12952 = VECTOR('',#12953,1.);
#12953 = DIRECTION('',(1.,0.,0.));
#12954 = ORIENTED_EDGE('',*,*,#9715,.F.);
#12955 = CYLINDRICAL_SURFACE('',#12956,0.216142);
#12956 = AXIS2_PLACEMENT_3D('',#12957,#12958,#12959);
#12957 = CARTESIAN_POINT('',(-61.81,-28.461517,9.337792584214));
#12958 = DIRECTION('',(-1.,0.,0.));
#12959 = DIRECTION('',(0.,-1.,0.));
#12960 = ADVANCED_FACE('',(#12961),#12979,.F.);
#12961 = FACE_BOUND('',#12962,.F.);
#12962 = EDGE_LOOP('',(#12963,#12964,#12972,#12978));
#12963 = ORIENTED_EDGE('',*,*,#12949,.T.);
#12964 = ORIENTED_EDGE('',*,*,#12965,.T.);
#12965 = EDGE_CURVE('',#12941,#12966,#12968,.T.);
#12966 = VERTEX_POINT('',#12967);
#12967 = CARTESIAN_POINT('',(-61.31,-27.78994904051,4.784120382506));
#12968 = LINE('',#12969,#12970);
#12969 = CARTESIAN_POINT('',(-61.31,-28.24630742054,9.357847535601));
#12970 = VECTOR('',#12971,1.);
#12971 = DIRECTION('',(-0.,9.928522300997E-02,-0.995059015582));
#12972 = ORIENTED_EDGE('',*,*,#12973,.F.);
#12973 = EDGE_CURVE('',#9837,#12966,#12974,.T.);
#12974 = LINE('',#12975,#12976);
#12975 = CARTESIAN_POINT('',(-61.81,-27.78994904051,4.784120382506));
#12976 = VECTOR('',#12977,1.);
#12977 = DIRECTION('',(1.,0.,0.));
#12978 = ORIENTED_EDGE('',*,*,#9845,.F.);
#12979 = PLANE('',#12980);
#12980 = AXIS2_PLACEMENT_3D('',#12981,#12982,#12983);
#12981 = CARTESIAN_POINT('',(-61.81,-28.24630742054,9.357847535601));
#12982 = DIRECTION('',(0.,0.995059015582,9.928522300997E-02));
#12983 = DIRECTION('',(0.,9.928522300997E-02,-0.995059015582));
#12984 = ADVANCED_FACE('',(#12985),#13004,.F.);
#12985 = FACE_BOUND('',#12986,.F.);
#12986 = EDGE_LOOP('',(#12987,#12988,#12997,#13003));
#12987 = ORIENTED_EDGE('',*,*,#12973,.T.);
#12988 = ORIENTED_EDGE('',*,*,#12989,.T.);
#12989 = EDGE_CURVE('',#12966,#12990,#12992,.T.);
#12990 = VERTEX_POINT('',#12991);
#12991 = CARTESIAN_POINT('',(-61.31,-27.95069677632,4.596190175853));
#12992 = CIRCLE('',#12993,0.140695955616);
#12993 = AXIS2_PLACEMENT_3D('',#12994,#12995,#12996);
#12994 = CARTESIAN_POINT('',(-61.31,-27.92133400926,4.733788067686));
#12995 = DIRECTION('',(-1.,0.,0.));
#12996 = DIRECTION('',(0.,-1.,0.));
#12997 = ORIENTED_EDGE('',*,*,#12998,.F.);
#12998 = EDGE_CURVE('',#9829,#12990,#12999,.T.);
#12999 = LINE('',#13000,#13001);
#13000 = CARTESIAN_POINT('',(-61.81,-27.95069677632,4.596190175853));
#13001 = VECTOR('',#13002,1.);
#13002 = DIRECTION('',(1.,0.,0.));
#13003 = ORIENTED_EDGE('',*,*,#9836,.F.);
#13004 = CYLINDRICAL_SURFACE('',#13005,0.140695955616);
#13005 = AXIS2_PLACEMENT_3D('',#13006,#13007,#13008);
#13006 = CARTESIAN_POINT('',(-61.81,-27.92133400926,4.733788067686));
#13007 = DIRECTION('',(-1.,0.,0.));
#13008 = DIRECTION('',(0.,-1.,0.));
#13009 = ADVANCED_FACE('',(#13010),#13028,.F.);
#13010 = FACE_BOUND('',#13011,.F.);
#13011 = EDGE_LOOP('',(#13012,#13013,#13021,#13027));
#13012 = ORIENTED_EDGE('',*,*,#12998,.T.);
#13013 = ORIENTED_EDGE('',*,*,#13014,.T.);
#13014 = EDGE_CURVE('',#12990,#13015,#13017,.T.);
#13015 = VERTEX_POINT('',#13016);
#13016 = CARTESIAN_POINT('',(-61.31,-31.29863995738,4.596190175853));
#13017 = LINE('',#13018,#13019);
#13018 = CARTESIAN_POINT('',(-61.31,-27.95069677632,4.596190175853));
#13019 = VECTOR('',#13020,1.);
#13020 = DIRECTION('',(0.,-1.,0.));
#13021 = ORIENTED_EDGE('',*,*,#13022,.F.);
#13022 = EDGE_CURVE('',#9820,#13015,#13023,.T.);
#13023 = LINE('',#13024,#13025);
#13024 = CARTESIAN_POINT('',(-61.81,-31.29863995738,4.596190175853));
#13025 = VECTOR('',#13026,1.);
#13026 = DIRECTION('',(1.,0.,0.));
#13027 = ORIENTED_EDGE('',*,*,#9828,.F.);
#13028 = PLANE('',#13029);
#13029 = AXIS2_PLACEMENT_3D('',#13030,#13031,#13032);
#13030 = CARTESIAN_POINT('',(-61.81,-27.95069677632,4.596190175853));
#13031 = DIRECTION('',(0.,0.,-1.));
#13032 = DIRECTION('',(0.,-1.,0.));
#13033 = ADVANCED_FACE('',(#13034),#13053,.F.);
#13034 = FACE_BOUND('',#13035,.F.);
#13035 = EDGE_LOOP('',(#13036,#13037,#13046,#13052));
#13036 = ORIENTED_EDGE('',*,*,#13022,.T.);
#13037 = ORIENTED_EDGE('',*,*,#13038,.T.);
#13038 = EDGE_CURVE('',#13015,#13039,#13041,.T.);
#13039 = VERTEX_POINT('',#13040);
#13040 = CARTESIAN_POINT('',(-61.31,-31.51080240454,4.784131943011));
#13041 = CIRCLE('',#13042,0.204171);
#13042 = AXIS2_PLACEMENT_3D('',#13043,#13044,#13045);
#13043 = CARTESIAN_POINT('',(-61.31,-31.307263,4.800179));
#13044 = DIRECTION('',(-1.,0.,0.));
#13045 = DIRECTION('',(0.,-1.,0.));
#13046 = ORIENTED_EDGE('',*,*,#13047,.F.);
#13047 = EDGE_CURVE('',#9812,#13039,#13048,.T.);
#13048 = LINE('',#13049,#13050);
#13049 = CARTESIAN_POINT('',(-61.81,-31.51080240454,4.784131943011));
#13050 = VECTOR('',#13051,1.);
#13051 = DIRECTION('',(1.,0.,0.));
#13052 = ORIENTED_EDGE('',*,*,#9819,.F.);
#13053 = CYLINDRICAL_SURFACE('',#13054,0.204171);
#13054 = AXIS2_PLACEMENT_3D('',#13055,#13056,#13057);
#13055 = CARTESIAN_POINT('',(-61.81,-31.307263,4.800179));
#13056 = DIRECTION('',(-1.,0.,0.));
#13057 = DIRECTION('',(0.,-1.,0.));
#13058 = ADVANCED_FACE('',(#13059),#13077,.F.);
#13059 = FACE_BOUND('',#13060,.F.);
#13060 = EDGE_LOOP('',(#13061,#13062,#13070,#13076));
#13061 = ORIENTED_EDGE('',*,*,#13047,.T.);
#13062 = ORIENTED_EDGE('',*,*,#13063,.T.);
#13063 = EDGE_CURVE('',#13039,#13064,#13066,.T.);
#13064 = VERTEX_POINT('',#13065);
#13065 = CARTESIAN_POINT('',(-61.31,-31.56958339651,5.373248371711));
#13066 = LINE('',#13067,#13068);
#13067 = CARTESIAN_POINT('',(-61.31,-31.51080240454,4.784131943011));
#13068 = VECTOR('',#13069,1.);
#13069 = DIRECTION('',(0.,-9.928522300989E-02,0.995059015582));
#13070 = ORIENTED_EDGE('',*,*,#13071,.F.);
#13071 = EDGE_CURVE('',#9803,#13064,#13072,.T.);
#13072 = LINE('',#13073,#13074);
#13073 = CARTESIAN_POINT('',(-61.81,-31.56958339651,5.373248371711));
#13074 = VECTOR('',#13075,1.);
#13075 = DIRECTION('',(1.,0.,0.));
#13076 = ORIENTED_EDGE('',*,*,#9811,.F.);
#13077 = PLANE('',#13078);
#13078 = AXIS2_PLACEMENT_3D('',#13079,#13080,#13081);
#13079 = CARTESIAN_POINT('',(-61.81,-31.51080240454,4.784131943011));
#13080 = DIRECTION('',(0.,-0.995059015582,-9.928522300989E-02));
#13081 = DIRECTION('',(0.,-9.928522300989E-02,0.995059015582));
#13082 = ADVANCED_FACE('',(#13083),#13102,.F.);
#13083 = FACE_BOUND('',#13084,.F.);
#13084 = EDGE_LOOP('',(#13085,#13086,#13095,#13101));
#13085 = ORIENTED_EDGE('',*,*,#13071,.T.);
#13086 = ORIENTED_EDGE('',*,*,#13087,.T.);
#13087 = EDGE_CURVE('',#13064,#13088,#13090,.T.);
#13088 = VERTEX_POINT('',#13089);
#13089 = CARTESIAN_POINT('',(-61.31,-31.39366367406,5.546407337528));
#13090 = CIRCLE('',#13091,0.165134732903);
#13091 = AXIS2_PLACEMENT_3D('',#13092,#13093,#13094);
#13092 = CARTESIAN_POINT('',(-61.31,-31.40466198221,5.381639266503));
#13093 = DIRECTION('',(-1.,0.,0.));
#13094 = DIRECTION('',(0.,-1.,0.));
#13095 = ORIENTED_EDGE('',*,*,#13096,.F.);
#13096 = EDGE_CURVE('',#9795,#13088,#13097,.T.);
#13097 = LINE('',#13098,#13099);
#13098 = CARTESIAN_POINT('',(-61.81,-31.39366367406,5.546407337528));
#13099 = VECTOR('',#13100,1.);
#13100 = DIRECTION('',(1.,0.,0.));
#13101 = ORIENTED_EDGE('',*,*,#9802,.F.);
#13102 = CYLINDRICAL_SURFACE('',#13103,0.165134732903);
#13103 = AXIS2_PLACEMENT_3D('',#13104,#13105,#13106);
#13104 = CARTESIAN_POINT('',(-61.81,-31.40466198221,5.381639266503));
#13105 = DIRECTION('',(-1.,0.,0.));
#13106 = DIRECTION('',(0.,-1.,0.));
#13107 = ADVANCED_FACE('',(#13108),#13126,.F.);
#13108 = FACE_BOUND('',#13109,.F.);
#13109 = EDGE_LOOP('',(#13110,#13111,#13119,#13125));
#13110 = ORIENTED_EDGE('',*,*,#13096,.T.);
#13111 = ORIENTED_EDGE('',*,*,#13112,.T.);
#13112 = EDGE_CURVE('',#13088,#13113,#13115,.T.);
#13113 = VERTEX_POINT('',#13114);
#13114 = CARTESIAN_POINT('',(-61.31,-29.27044807294,5.546407337528));
#13115 = LINE('',#13116,#13117);
#13116 = CARTESIAN_POINT('',(-61.31,-31.39366367406,5.546407337528));
#13117 = VECTOR('',#13118,1.);
#13118 = DIRECTION('',(0.,1.,0.));
#13119 = ORIENTED_EDGE('',*,*,#13120,.F.);
#13120 = EDGE_CURVE('',#9786,#13113,#13121,.T.);
#13121 = LINE('',#13122,#13123);
#13122 = CARTESIAN_POINT('',(-61.81,-29.27044807294,5.546407337528));
#13123 = VECTOR('',#13124,1.);
#13124 = DIRECTION('',(1.,0.,0.));
#13125 = ORIENTED_EDGE('',*,*,#9794,.F.);
#13126 = PLANE('',#13127);
#13127 = AXIS2_PLACEMENT_3D('',#13128,#13129,#13130);
#13128 = CARTESIAN_POINT('',(-61.81,-31.39366367406,5.546407337528));
#13129 = DIRECTION('',(0.,0.,1.));
#13130 = DIRECTION('',(0.,1.,0.));
#13131 = ADVANCED_FACE('',(#13132),#13151,.T.);
#13132 = FACE_BOUND('',#13133,.T.);
#13133 = EDGE_LOOP('',(#13134,#13142,#13149,#13150));
#13134 = ORIENTED_EDGE('',*,*,#13135,.T.);
#13135 = EDGE_CURVE('',#9778,#13136,#13138,.T.);
#13136 = VERTEX_POINT('',#13137);
#13137 = CARTESIAN_POINT('',(-61.31,-29.1200157604,5.754416615744));
#13138 = LINE('',#13139,#13140);
#13139 = CARTESIAN_POINT('',(-61.81,-29.1200157604,5.754416615744));
#13140 = VECTOR('',#13141,1.);
#13141 = DIRECTION('',(1.,0.,0.));
#13142 = ORIENTED_EDGE('',*,*,#13143,.T.);
#13143 = EDGE_CURVE('',#13136,#13113,#13144,.T.);
#13144 = CIRCLE('',#13145,0.145023986193);
#13145 = AXIS2_PLACEMENT_3D('',#13146,#13147,#13148);
#13146 = CARTESIAN_POINT('',(-61.31,-29.249935,5.689973247163));
#13147 = DIRECTION('',(-1.,0.,0.));
#13148 = DIRECTION('',(0.,-1.,0.));
#13149 = ORIENTED_EDGE('',*,*,#13120,.F.);
#13150 = ORIENTED_EDGE('',*,*,#9785,.F.);
#13151 = CYLINDRICAL_SURFACE('',#13152,0.145023986193);
#13152 = AXIS2_PLACEMENT_3D('',#13153,#13154,#13155);
#13153 = CARTESIAN_POINT('',(-61.81,-29.249935,5.689973247163));
#13154 = DIRECTION('',(-1.,0.,0.));
#13155 = DIRECTION('',(0.,-1.,0.));
#13156 = ADVANCED_FACE('',(#13157),#13175,.F.);
#13157 = FACE_BOUND('',#13158,.F.);
#13158 = EDGE_LOOP('',(#13159,#13160,#13168,#13174));
#13159 = ORIENTED_EDGE('',*,*,#13135,.T.);
#13160 = ORIENTED_EDGE('',*,*,#13161,.T.);
#13161 = EDGE_CURVE('',#13136,#13162,#13164,.T.);
#13162 = VERTEX_POINT('',#13163);
#13163 = CARTESIAN_POINT('',(-61.31,-29.23019340998,6.858642));
#13164 = LINE('',#13165,#13166);
#13165 = CARTESIAN_POINT('',(-61.31,-29.1200157604,5.754416615744));
#13166 = VECTOR('',#13167,1.);
#13167 = DIRECTION('',(0.,-9.928522301E-02,0.995059015582));
#13168 = ORIENTED_EDGE('',*,*,#13169,.F.);
#13169 = EDGE_CURVE('',#9769,#13162,#13170,.T.);
#13170 = LINE('',#13171,#13172);
#13171 = CARTESIAN_POINT('',(-61.81,-29.23019340998,6.858642));
#13172 = VECTOR('',#13173,1.);
#13173 = DIRECTION('',(1.,0.,0.));
#13174 = ORIENTED_EDGE('',*,*,#9777,.F.);
#13175 = PLANE('',#13176);
#13176 = AXIS2_PLACEMENT_3D('',#13177,#13178,#13179);
#13177 = CARTESIAN_POINT('',(-61.81,-29.1200157604,5.754416615744));
#13178 = DIRECTION('',(0.,-0.995059015582,-9.928522301E-02));
#13179 = DIRECTION('',(0.,-9.928522301E-02,0.995059015582));
#13180 = ADVANCED_FACE('',(#13181),#13200,.T.);
#13181 = FACE_BOUND('',#13182,.T.);
#13182 = EDGE_LOOP('',(#13183,#13191,#13198,#13199));
#13183 = ORIENTED_EDGE('',*,*,#13184,.T.);
#13184 = EDGE_CURVE('',#9761,#13185,#13187,.T.);
#13185 = VERTEX_POINT('',#13186);
#13186 = CARTESIAN_POINT('',(-61.31,-29.40876251003,6.95058005501));
#13187 = LINE('',#13188,#13189);
#13188 = CARTESIAN_POINT('',(-61.81,-29.40876251003,6.95058005501));
#13189 = VECTOR('',#13190,1.);
#13190 = DIRECTION('',(1.,0.,0.));
#13191 = ORIENTED_EDGE('',*,*,#13192,.T.);
#13192 = EDGE_CURVE('',#13185,#13162,#13193,.T.);
#13193 = CIRCLE('',#13194,0.147723);
#13194 = AXIS2_PLACEMENT_3D('',#13195,#13196,#13197);
#13195 = CARTESIAN_POINT('',(-61.31,-29.36907002518,6.808289537493));
#13196 = DIRECTION('',(-1.,0.,0.));
#13197 = DIRECTION('',(0.,-1.,0.));
#13198 = ORIENTED_EDGE('',*,*,#13169,.F.);
#13199 = ORIENTED_EDGE('',*,*,#9768,.F.);
#13200 = CYLINDRICAL_SURFACE('',#13201,0.147723);
#13201 = AXIS2_PLACEMENT_3D('',#13202,#13203,#13204);
#13202 = CARTESIAN_POINT('',(-61.81,-29.36907002518,6.808289537493));
#13203 = DIRECTION('',(-1.,0.,0.));
#13204 = DIRECTION('',(0.,-1.,0.));
#13205 = ADVANCED_FACE('',(#13206),#13224,.F.);
#13206 = FACE_BOUND('',#13207,.F.);
#13207 = EDGE_LOOP('',(#13208,#13209,#13217,#13223));
#13208 = ORIENTED_EDGE('',*,*,#13184,.T.);
#13209 = ORIENTED_EDGE('',*,*,#13210,.T.);
#13210 = EDGE_CURVE('',#13185,#13211,#13213,.T.);
#13211 = VERTEX_POINT('',#13212);
#13212 = CARTESIAN_POINT('',(-61.31,-31.53091689002,6.95058005501));
#13213 = LINE('',#13214,#13215);
#13214 = CARTESIAN_POINT('',(-61.31,-29.40876251003,6.95058005501));
#13215 = VECTOR('',#13216,1.);
#13216 = DIRECTION('',(0.,-1.,0.));
#13217 = ORIENTED_EDGE('',*,*,#13218,.F.);
#13218 = EDGE_CURVE('',#9752,#13211,#13219,.T.);
#13219 = LINE('',#13220,#13221);
#13220 = CARTESIAN_POINT('',(-61.81,-31.53091689002,6.95058005501));
#13221 = VECTOR('',#13222,1.);
#13222 = DIRECTION('',(1.,0.,0.));
#13223 = ORIENTED_EDGE('',*,*,#9760,.F.);
#13224 = PLANE('',#13225);
#13225 = AXIS2_PLACEMENT_3D('',#13226,#13227,#13228);
#13226 = CARTESIAN_POINT('',(-61.81,-29.40876251003,6.95058005501));
#13227 = DIRECTION('',(0.,0.,-1.));
#13228 = DIRECTION('',(0.,-1.,0.));
#13229 = ADVANCED_FACE('',(#13230),#13249,.F.);
#13230 = FACE_BOUND('',#13231,.F.);
#13231 = EDGE_LOOP('',(#13232,#13233,#13242,#13248));
#13232 = ORIENTED_EDGE('',*,*,#13218,.T.);
#13233 = ORIENTED_EDGE('',*,*,#13234,.T.);
#13234 = EDGE_CURVE('',#13211,#13235,#13237,.T.);
#13235 = VERTEX_POINT('',#13236);
#13236 = CARTESIAN_POINT('',(-61.31,-31.77008012484,7.203984357137));
#13237 = CIRCLE('',#13238,0.268545);
#13238 = AXIS2_PLACEMENT_3D('',#13239,#13240,#13241);
#13239 = CARTESIAN_POINT('',(-61.31,-31.501878,7.217550390237));
#13240 = DIRECTION('',(-1.,0.,0.));
#13241 = DIRECTION('',(0.,-1.,0.));
#13242 = ORIENTED_EDGE('',*,*,#13243,.F.);
#13243 = EDGE_CURVE('',#9744,#13235,#13244,.T.);
#13244 = LINE('',#13245,#13246);
#13245 = CARTESIAN_POINT('',(-61.81,-31.77008012484,7.203984357137));
#13246 = VECTOR('',#13247,1.);
#13247 = DIRECTION('',(1.,0.,0.));
#13248 = ORIENTED_EDGE('',*,*,#9751,.F.);
#13249 = CYLINDRICAL_SURFACE('',#13250,0.268545);
#13250 = AXIS2_PLACEMENT_3D('',#13251,#13252,#13253);
#13251 = CARTESIAN_POINT('',(-61.81,-31.501878,7.217550390237));
#13252 = DIRECTION('',(-1.,0.,0.));
#13253 = DIRECTION('',(0.,-1.,0.));
#13254 = ADVANCED_FACE('',(#13255),#13273,.F.);
#13255 = FACE_BOUND('',#13256,.F.);
#13256 = EDGE_LOOP('',(#13257,#13258,#13266,#13272));
#13257 = ORIENTED_EDGE('',*,*,#13243,.T.);
#13258 = ORIENTED_EDGE('',*,*,#13259,.T.);
#13259 = EDGE_CURVE('',#13235,#13260,#13262,.T.);
#13260 = VERTEX_POINT('',#13261);
#13261 = CARTESIAN_POINT('',(-61.31,-31.97771969319,9.28499518852));
#13262 = LINE('',#13263,#13264);
#13263 = CARTESIAN_POINT('',(-61.31,-31.77008012484,7.203984357137));
#13264 = VECTOR('',#13265,1.);
#13265 = DIRECTION('',(0.,-9.928522301007E-02,0.995059015582));
#13266 = ORIENTED_EDGE('',*,*,#13267,.F.);
#13267 = EDGE_CURVE('',#9735,#13260,#13268,.T.);
#13268 = LINE('',#13269,#13270);
#13269 = CARTESIAN_POINT('',(-61.81,-31.97771969319,9.28499518852));
#13270 = VECTOR('',#13271,1.);
#13271 = DIRECTION('',(1.,0.,0.));
#13272 = ORIENTED_EDGE('',*,*,#9743,.F.);
#13273 = PLANE('',#13274);
#13274 = AXIS2_PLACEMENT_3D('',#13275,#13276,#13277);
#13275 = CARTESIAN_POINT('',(-61.81,-31.77008012484,7.203984357137));
#13276 = DIRECTION('',(0.,-0.995059015582,-9.928522301007E-02));
#13277 = DIRECTION('',(0.,-9.928522301007E-02,0.995059015582));
#13278 = ADVANCED_FACE('',(#13279),#13298,.F.);
#13279 = FACE_BOUND('',#13280,.F.);
#13280 = EDGE_LOOP('',(#13281,#13282,#13291,#13297));
#13281 = ORIENTED_EDGE('',*,*,#13267,.T.);
#13282 = ORIENTED_EDGE('',*,*,#13283,.T.);
#13283 = EDGE_CURVE('',#13260,#13284,#13286,.T.);
#13284 = VERTEX_POINT('',#13285);
#13285 = CARTESIAN_POINT('',(-61.31,-31.79486712735,9.553172441315));
#13286 = CIRCLE('',#13287,0.201338);
#13287 = AXIS2_PLACEMENT_3D('',#13288,#13289,#13290);
#13288 = CARTESIAN_POINT('',(-61.31,-31.78784313843,9.351957));
#13289 = DIRECTION('',(-1.,0.,0.));
#13290 = DIRECTION('',(0.,-1.,0.));
#13291 = ORIENTED_EDGE('',*,*,#13292,.F.);
#13292 = EDGE_CURVE('',#9727,#13284,#13293,.T.);
#13293 = LINE('',#13294,#13295);
#13294 = CARTESIAN_POINT('',(-61.81,-31.79486712735,9.553172441315));
#13295 = VECTOR('',#13296,1.);
#13296 = DIRECTION('',(1.,0.,0.));
#13297 = ORIENTED_EDGE('',*,*,#9734,.F.);
#13298 = CYLINDRICAL_SURFACE('',#13299,0.201338);
#13299 = AXIS2_PLACEMENT_3D('',#13300,#13301,#13302);
#13300 = CARTESIAN_POINT('',(-61.81,-31.78784313843,9.351957));
#13301 = DIRECTION('',(-1.,0.,0.));
#13302 = DIRECTION('',(0.,-1.,0.));
#13303 = ADVANCED_FACE('',(#13304),#13315,.T.);
#13304 = FACE_BOUND('',#13305,.T.);
#13305 = EDGE_LOOP('',(#13306,#13307,#13313,#13314));
#13306 = ORIENTED_EDGE('',*,*,#12932,.T.);
#13307 = ORIENTED_EDGE('',*,*,#13308,.T.);
#13308 = EDGE_CURVE('',#12933,#13284,#13309,.T.);
#13309 = LINE('',#13310,#13311);
#13310 = CARTESIAN_POINT('',(-61.31,-28.4796520853,9.553172441315));
#13311 = VECTOR('',#13312,1.);
#13312 = DIRECTION('',(0.,-1.,0.));
#13313 = ORIENTED_EDGE('',*,*,#13292,.F.);
#13314 = ORIENTED_EDGE('',*,*,#9726,.F.);
#13315 = PLANE('',#13316);
#13316 = AXIS2_PLACEMENT_3D('',#13317,#13318,#13319);
#13317 = CARTESIAN_POINT('',(-61.81,-28.4796520853,9.553172441315));
#13318 = DIRECTION('',(0.,0.,-1.));
#13319 = DIRECTION('',(0.,-1.,0.));
#13320 = ADVANCED_FACE('',(#13321,#13335,#13405),#13475,.F.);
#13321 = FACE_BOUND('',#13322,.T.);
#13322 = EDGE_LOOP('',(#13323,#13324,#13325,#13326,#13327,#13328,#13329,
    #13330,#13331,#13332,#13333,#13334));
#13323 = ORIENTED_EDGE('',*,*,#9879,.T.);
#13324 = ORIENTED_EDGE('',*,*,#9904,.T.);
#13325 = ORIENTED_EDGE('',*,*,#9928,.T.);
#13326 = ORIENTED_EDGE('',*,*,#9953,.T.);
#13327 = ORIENTED_EDGE('',*,*,#9977,.T.);
#13328 = ORIENTED_EDGE('',*,*,#10002,.T.);
#13329 = ORIENTED_EDGE('',*,*,#10026,.T.);
#13330 = ORIENTED_EDGE('',*,*,#10058,.F.);
#13331 = ORIENTED_EDGE('',*,*,#10076,.T.);
#13332 = ORIENTED_EDGE('',*,*,#10108,.F.);
#13333 = ORIENTED_EDGE('',*,*,#10125,.T.);
#13334 = ORIENTED_EDGE('',*,*,#10150,.F.);
#13335 = FACE_BOUND('',#13336,.F.);
#13336 = EDGE_LOOP('',(#13337,#13348,#13356,#13365,#13373,#13382,#13390,
    #13399));
#13337 = ORIENTED_EDGE('',*,*,#13338,.T.);
#13338 = EDGE_CURVE('',#13339,#13341,#13343,.T.);
#13339 = VERTEX_POINT('',#13340);
#13340 = CARTESIAN_POINT('',(-61.31,-18.39684862858,7.284460044833));
#13341 = VERTEX_POINT('',#13342);
#13342 = CARTESIAN_POINT('',(-61.31,-18.16456320395,7.078094555492));
#13343 = CIRCLE('',#13344,0.248059);
#13344 = AXIS2_PLACEMENT_3D('',#13345,#13346,#13347);
#13345 = CARTESIAN_POINT('',(-61.31,-18.409145,7.036706));
#13346 = DIRECTION('',(-1.,0.,0.));
#13347 = DIRECTION('',(0.,-1.,0.));
#13348 = ORIENTED_EDGE('',*,*,#13349,.T.);
#13349 = EDGE_CURVE('',#13341,#13350,#13352,.T.);
#13350 = VERTEX_POINT('',#13351);
#13351 = CARTESIAN_POINT('',(-61.31,-18.00973900784,5.773198239109));
#13352 = LINE('',#13353,#13354);
#13353 = CARTESIAN_POINT('',(-61.31,-18.16456320395,7.078094555492));
#13354 = VECTOR('',#13355,1.);
#13355 = DIRECTION('',(-0.,0.117822234341,-0.993034702865));
#13356 = ORIENTED_EDGE('',*,*,#13357,.T.);
#13357 = EDGE_CURVE('',#13350,#13358,#13360,.T.);
#13358 = VERTEX_POINT('',#13359);
#13359 = CARTESIAN_POINT('',(-61.31,-18.29124252036,5.513695075181));
#13360 = CIRCLE('',#13361,0.248059);
#13361 = AXIS2_PLACEMENT_3D('',#13362,#13363,#13364);
#13362 = CARTESIAN_POINT('',(-61.31,-18.257416,5.759436878708));
#13363 = DIRECTION('',(-1.,0.,0.));
#13364 = DIRECTION('',(0.,-1.,0.));
#13365 = ORIENTED_EDGE('',*,*,#13366,.T.);
#13366 = EDGE_CURVE('',#13358,#13367,#13369,.T.);
#13367 = VERTEX_POINT('',#13368);
#13368 = CARTESIAN_POINT('',(-61.31,-19.05116253092,5.513695075181));
#13369 = LINE('',#13370,#13371);
#13370 = CARTESIAN_POINT('',(-61.31,-18.29124252036,5.513695075181));
#13371 = VECTOR('',#13372,1.);
#13372 = DIRECTION('',(0.,-1.,0.));
#13373 = ORIENTED_EDGE('',*,*,#13374,.T.);
#13374 = EDGE_CURVE('',#13367,#13375,#13377,.T.);
#13375 = VERTEX_POINT('',#13376);
#13376 = CARTESIAN_POINT('',(-61.31,-19.26705178657,5.727214552933));
#13377 = CIRCLE('',#13378,0.248059);
#13378 = AXIS2_PLACEMENT_3D('',#13379,#13380,#13381);
#13379 = CARTESIAN_POINT('',(-61.31,-19.02116,5.759933));
#13380 = DIRECTION('',(-1.,0.,0.));
#13381 = DIRECTION('',(0.,-1.,0.));
#13382 = ORIENTED_EDGE('',*,*,#13383,.T.);
#13383 = EDGE_CURVE('',#13375,#13384,#13386,.T.);
#13384 = VERTEX_POINT('',#13385);
#13385 = CARTESIAN_POINT('',(-61.31,-19.42313044995,7.040224046151));
#13386 = LINE('',#13387,#13388);
#13387 = CARTESIAN_POINT('',(-61.31,-19.26705178657,5.727214552933));
#13388 = VECTOR('',#13389,1.);
#13389 = DIRECTION('',(0.,-0.118039888898,0.993008854255));
#13390 = ORIENTED_EDGE('',*,*,#13391,.T.);
#13391 = EDGE_CURVE('',#13384,#13392,#13394,.T.);
#13392 = VERTEX_POINT('',#13393);
#13393 = CARTESIAN_POINT('',(-61.31,-19.25962360444,7.284460044833));
#13394 = CIRCLE('',#13395,0.248059);
#13395 = AXIS2_PLACEMENT_3D('',#13396,#13397,#13398);
#13396 = CARTESIAN_POINT('',(-61.31,-19.175313,7.051168404477));
#13397 = DIRECTION('',(-1.,0.,0.));
#13398 = DIRECTION('',(0.,-1.,0.));
#13399 = ORIENTED_EDGE('',*,*,#13400,.F.);
#13400 = EDGE_CURVE('',#13339,#13392,#13401,.T.);
#13401 = LINE('',#13402,#13403);
#13402 = CARTESIAN_POINT('',(-61.31,-18.39684862858,7.284460044833));
#13403 = VECTOR('',#13404,1.);
#13404 = DIRECTION('',(0.,-1.,0.));
#13405 = FACE_BOUND('',#13406,.F.);
#13406 = EDGE_LOOP('',(#13407,#13418,#13426,#13435,#13443,#13452,#13460,
    #13469));
#13407 = ORIENTED_EDGE('',*,*,#13408,.T.);
#13408 = EDGE_CURVE('',#13409,#13411,#13413,.T.);
#13409 = VERTEX_POINT('',#13410);
#13410 = CARTESIAN_POINT('',(-61.31,-18.65075449381,9.736684805793));
#13411 = VERTEX_POINT('',#13412);
#13412 = CARTESIAN_POINT('',(-61.31,-18.42050976241,9.548371867869));
#13413 = CIRCLE('',#13414,0.248059);
#13414 = AXIS2_PLACEMENT_3D('',#13415,#13416,#13417);
#13415 = CARTESIAN_POINT('',(-61.31,-18.661322,9.488851));
#13416 = DIRECTION('',(-1.,0.,0.));
#13417 = DIRECTION('',(0.,-1.,0.));
#13418 = ORIENTED_EDGE('',*,*,#13419,.T.);
#13419 = EDGE_CURVE('',#13411,#13420,#13422,.T.);
#13420 = VERTEX_POINT('',#13421);
#13421 = CARTESIAN_POINT('',(-61.31,-18.31279806203,8.468860785563));
#13422 = LINE('',#13423,#13424);
#13423 = CARTESIAN_POINT('',(-61.31,-18.42050976241,9.548371867869));
#13424 = VECTOR('',#13425,1.);
#13425 = DIRECTION('',(-0.,9.928522301E-02,-0.995059015582));
#13426 = ORIENTED_EDGE('',*,*,#13427,.T.);
#13427 = EDGE_CURVE('',#13420,#13428,#13430,.T.);
#13428 = VERTEX_POINT('',#13429);
#13429 = CARTESIAN_POINT('',(-61.31,-18.55622016653,8.199011766942));
#13430 = CIRCLE('',#13431,0.248059);
#13431 = AXIS2_PLACEMENT_3D('',#13432,#13433,#13434);
#13432 = CARTESIAN_POINT('',(-61.31,-18.55989576541,8.447043533968));
#13433 = DIRECTION('',(-1.,0.,0.));
#13434 = DIRECTION('',(0.,-1.,0.));
#13435 = ORIENTED_EDGE('',*,*,#13436,.T.);
#13436 = EDGE_CURVE('',#13428,#13437,#13439,.T.);
#13437 = VERTEX_POINT('',#13438);
#13438 = CARTESIAN_POINT('',(-61.31,-19.32576249939,8.199011766942));
#13439 = LINE('',#13440,#13441);
#13440 = CARTESIAN_POINT('',(-61.31,-18.55622016653,8.199011766942));
#13441 = VECTOR('',#13442,1.);
#13442 = DIRECTION('',(0.,-1.,0.));
#13443 = ORIENTED_EDGE('',*,*,#13444,.T.);
#13444 = EDGE_CURVE('',#13437,#13445,#13447,.T.);
#13445 = VERTEX_POINT('',#13446);
#13446 = CARTESIAN_POINT('',(-61.31,-19.56055988088,8.428848));
#13447 = CIRCLE('',#13448,0.248059);
#13448 = AXIS2_PLACEMENT_3D('',#13449,#13450,#13451);
#13449 = CARTESIAN_POINT('',(-61.31,-19.31314768845,8.446749802024));
#13450 = DIRECTION('',(-1.,0.,0.));
#13451 = DIRECTION('',(0.,-1.,0.));
#13452 = ORIENTED_EDGE('',*,*,#13453,.F.);
#13453 = EDGE_CURVE('',#13454,#13445,#13456,.T.);
#13454 = VERTEX_POINT('',#13455);
#13455 = CARTESIAN_POINT('',(-61.31,-19.66432528614,9.468808417897));
#13456 = LINE('',#13457,#13458);
#13457 = CARTESIAN_POINT('',(-61.31,-19.66432528614,9.468808417897));
#13458 = VECTOR('',#13459,1.);
#13459 = DIRECTION('',(-0.,9.928522300992E-02,-0.995059015582));
#13460 = ORIENTED_EDGE('',*,*,#13461,.T.);
#13461 = EDGE_CURVE('',#13454,#13462,#13464,.T.);
#13462 = VERTEX_POINT('',#13463);
#13463 = CARTESIAN_POINT('',(-61.31,-19.52086954096,9.736684805793));
#13464 = CIRCLE('',#13465,0.248059);
#13465 = AXIS2_PLACEMENT_3D('',#13466,#13467,#13468);
#13466 = CARTESIAN_POINT('',(-61.31,-19.41974,9.510176343645));
#13467 = DIRECTION('',(-1.,0.,0.));
#13468 = DIRECTION('',(0.,-1.,0.));
#13469 = ORIENTED_EDGE('',*,*,#13470,.F.);
#13470 = EDGE_CURVE('',#13409,#13462,#13471,.T.);
#13471 = LINE('',#13472,#13473);
#13472 = CARTESIAN_POINT('',(-61.31,-18.65075449381,9.736684805793));
#13473 = VECTOR('',#13474,1.);
#13474 = DIRECTION('',(0.,-1.,0.));
#13475 = PLANE('',#13476);
#13476 = AXIS2_PLACEMENT_3D('',#13477,#13478,#13479);
#13477 = CARTESIAN_POINT('',(-61.31,-28.64518185031,7.489031528405));
#13478 = DIRECTION('',(1.,0.,0.));
#13479 = DIRECTION('',(0.,0.,1.));
#13480 = ADVANCED_FACE('',(#13481),#13491,.F.);
#13481 = FACE_BOUND('',#13482,.T.);
#13482 = EDGE_LOOP('',(#13483,#13484,#13485,#13486,#13487,#13488,#13489,
    #13490));
#13483 = ORIENTED_EDGE('',*,*,#10174,.T.);
#13484 = ORIENTED_EDGE('',*,*,#10199,.T.);
#13485 = ORIENTED_EDGE('',*,*,#10223,.T.);
#13486 = ORIENTED_EDGE('',*,*,#10248,.T.);
#13487 = ORIENTED_EDGE('',*,*,#10272,.T.);
#13488 = ORIENTED_EDGE('',*,*,#10297,.T.);
#13489 = ORIENTED_EDGE('',*,*,#10321,.T.);
#13490 = ORIENTED_EDGE('',*,*,#10346,.F.);
#13491 = PLANE('',#13492);
#13492 = AXIS2_PLACEMENT_3D('',#13493,#13494,#13495);
#13493 = CARTESIAN_POINT('',(-61.31,-28.64518185031,7.489031528405));
#13494 = DIRECTION('',(1.,0.,0.));
#13495 = DIRECTION('',(0.,0.,1.));
#13496 = ADVANCED_FACE('',(#13497),#13516,.F.);
#13497 = FACE_BOUND('',#13498,.F.);
#13498 = EDGE_LOOP('',(#13499,#13500,#13501,#13502,#13503,#13504,#13505,
    #13506,#13507,#13508,#13509,#13510,#13511,#13512,#13513,#13514,
    #13515));
#13499 = ORIENTED_EDGE('',*,*,#10370,.F.);
#13500 = ORIENTED_EDGE('',*,*,#10760,.T.);
#13501 = ORIENTED_EDGE('',*,*,#10735,.F.);
#13502 = ORIENTED_EDGE('',*,*,#10718,.T.);
#13503 = ORIENTED_EDGE('',*,*,#10694,.T.);
#13504 = ORIENTED_EDGE('',*,*,#10669,.T.);
#13505 = ORIENTED_EDGE('',*,*,#10638,.F.);
#13506 = ORIENTED_EDGE('',*,*,#10614,.F.);
#13507 = ORIENTED_EDGE('',*,*,#10597,.T.);
#13508 = ORIENTED_EDGE('',*,*,#10573,.T.);
#13509 = ORIENTED_EDGE('',*,*,#10549,.T.);
#13510 = ORIENTED_EDGE('',*,*,#10525,.T.);
#13511 = ORIENTED_EDGE('',*,*,#10500,.T.);
#13512 = ORIENTED_EDGE('',*,*,#10475,.T.);
#13513 = ORIENTED_EDGE('',*,*,#10451,.T.);
#13514 = ORIENTED_EDGE('',*,*,#10419,.F.);
#13515 = ORIENTED_EDGE('',*,*,#10395,.F.);
#13516 = PLANE('',#13517);
#13517 = AXIS2_PLACEMENT_3D('',#13518,#13519,#13520);
#13518 = CARTESIAN_POINT('',(-61.31,-28.64518185031,7.489031528405));
#13519 = DIRECTION('',(1.,0.,0.));
#13520 = DIRECTION('',(0.,0.,1.));
#13521 = ADVANCED_FACE('',(#13522),#13540,.F.);
#13522 = FACE_BOUND('',#13523,.F.);
#13523 = EDGE_LOOP('',(#13524,#13525,#13526,#13527,#13528,#13529,#13530,
    #13531,#13532,#13533,#13534,#13535,#13536,#13537,#13538,#13539));
#13524 = ORIENTED_EDGE('',*,*,#11152,.T.);
#13525 = ORIENTED_EDGE('',*,*,#11127,.F.);
#13526 = ORIENTED_EDGE('',*,*,#11103,.F.);
#13527 = ORIENTED_EDGE('',*,*,#11078,.F.);
#13528 = ORIENTED_EDGE('',*,*,#11061,.T.);
#13529 = ORIENTED_EDGE('',*,*,#11029,.F.);
#13530 = ORIENTED_EDGE('',*,*,#11012,.T.);
#13531 = ORIENTED_EDGE('',*,*,#10987,.T.);
#13532 = ORIENTED_EDGE('',*,*,#10963,.T.);
#13533 = ORIENTED_EDGE('',*,*,#10938,.T.);
#13534 = ORIENTED_EDGE('',*,*,#10907,.F.);
#13535 = ORIENTED_EDGE('',*,*,#10882,.F.);
#13536 = ORIENTED_EDGE('',*,*,#10865,.T.);
#13537 = ORIENTED_EDGE('',*,*,#10833,.F.);
#13538 = ORIENTED_EDGE('',*,*,#10816,.T.);
#13539 = ORIENTED_EDGE('',*,*,#10784,.F.);
#13540 = PLANE('',#13541);
#13541 = AXIS2_PLACEMENT_3D('',#13542,#13543,#13544);
#13542 = CARTESIAN_POINT('',(-61.31,-28.64518185031,7.489031528405));
#13543 = DIRECTION('',(1.,0.,0.));
#13544 = DIRECTION('',(0.,0.,1.));
#13545 = ADVANCED_FACE('',(#13546),#13572,.F.);
#13546 = FACE_BOUND('',#13547,.F.);
#13547 = EDGE_LOOP('',(#13548,#13549,#13550,#13551,#13552,#13553,#13554,
    #13555,#13556,#13557,#13558,#13559,#13560,#13561,#13562,#13563,
    #13564,#13565,#13566,#13567,#13568,#13569,#13570,#13571));
#13548 = ORIENTED_EDGE('',*,*,#11740,.T.);
#13549 = ORIENTED_EDGE('',*,*,#11715,.F.);
#13550 = ORIENTED_EDGE('',*,*,#11698,.T.);
#13551 = ORIENTED_EDGE('',*,*,#11666,.F.);
#13552 = ORIENTED_EDGE('',*,*,#11649,.T.);
#13553 = ORIENTED_EDGE('',*,*,#11624,.T.);
#13554 = ORIENTED_EDGE('',*,*,#11600,.T.);
#13555 = ORIENTED_EDGE('',*,*,#11575,.T.);
#13556 = ORIENTED_EDGE('',*,*,#11551,.T.);
#13557 = ORIENTED_EDGE('',*,*,#11519,.F.);
#13558 = ORIENTED_EDGE('',*,*,#11502,.T.);
#13559 = ORIENTED_EDGE('',*,*,#11470,.F.);
#13560 = ORIENTED_EDGE('',*,*,#11446,.F.);
#13561 = ORIENTED_EDGE('',*,*,#11421,.F.);
#13562 = ORIENTED_EDGE('',*,*,#11397,.F.);
#13563 = ORIENTED_EDGE('',*,*,#11372,.F.);
#13564 = ORIENTED_EDGE('',*,*,#11355,.T.);
#13565 = ORIENTED_EDGE('',*,*,#11330,.T.);
#13566 = ORIENTED_EDGE('',*,*,#11306,.T.);
#13567 = ORIENTED_EDGE('',*,*,#11281,.T.);
#13568 = ORIENTED_EDGE('',*,*,#11257,.T.);
#13569 = ORIENTED_EDGE('',*,*,#11225,.F.);
#13570 = ORIENTED_EDGE('',*,*,#11208,.T.);
#13571 = ORIENTED_EDGE('',*,*,#11176,.F.);
#13572 = PLANE('',#13573);
#13573 = AXIS2_PLACEMENT_3D('',#13574,#13575,#13576);
#13574 = CARTESIAN_POINT('',(-61.31,-28.64518185031,7.489031528405));
#13575 = DIRECTION('',(1.,0.,0.));
#13576 = DIRECTION('',(0.,0.,1.));
#13577 = ADVANCED_FACE('',(#13578),#13596,.F.);
#13578 = FACE_BOUND('',#13579,.F.);
#13579 = EDGE_LOOP('',(#13580,#13581,#13582,#13583,#13584,#13585,#13586,
    #13587,#13588,#13589,#13590,#13591,#13592,#13593,#13594,#13595));
#13580 = ORIENTED_EDGE('',*,*,#12132,.T.);
#13581 = ORIENTED_EDGE('',*,*,#12107,.F.);
#13582 = ORIENTED_EDGE('',*,*,#12090,.T.);
#13583 = ORIENTED_EDGE('',*,*,#12058,.F.);
#13584 = ORIENTED_EDGE('',*,*,#12041,.T.);
#13585 = ORIENTED_EDGE('',*,*,#12009,.F.);
#13586 = ORIENTED_EDGE('',*,*,#11992,.T.);
#13587 = ORIENTED_EDGE('',*,*,#11967,.T.);
#13588 = ORIENTED_EDGE('',*,*,#11943,.T.);
#13589 = ORIENTED_EDGE('',*,*,#11918,.T.);
#13590 = ORIENTED_EDGE('',*,*,#11887,.F.);
#13591 = ORIENTED_EDGE('',*,*,#11862,.F.);
#13592 = ORIENTED_EDGE('',*,*,#11845,.T.);
#13593 = ORIENTED_EDGE('',*,*,#11813,.F.);
#13594 = ORIENTED_EDGE('',*,*,#11796,.T.);
#13595 = ORIENTED_EDGE('',*,*,#11764,.F.);
#13596 = PLANE('',#13597);
#13597 = AXIS2_PLACEMENT_3D('',#13598,#13599,#13600);
#13598 = CARTESIAN_POINT('',(-61.31,-28.64518185031,7.489031528405));
#13599 = DIRECTION('',(1.,0.,0.));
#13600 = DIRECTION('',(0.,0.,1.));
#13601 = ADVANCED_FACE('',(#13602),#13628,.F.);
#13602 = FACE_BOUND('',#13603,.F.);
#13603 = EDGE_LOOP('',(#13604,#13605,#13606,#13607,#13608,#13609,#13610,
    #13611,#13612,#13613,#13614,#13615,#13616,#13617,#13618,#13619,
    #13620,#13621,#13622,#13623,#13624,#13625,#13626,#13627));
#13604 = ORIENTED_EDGE('',*,*,#12720,.T.);
#13605 = ORIENTED_EDGE('',*,*,#12695,.F.);
#13606 = ORIENTED_EDGE('',*,*,#12678,.T.);
#13607 = ORIENTED_EDGE('',*,*,#12646,.F.);
#13608 = ORIENTED_EDGE('',*,*,#12629,.T.);
#13609 = ORIENTED_EDGE('',*,*,#12604,.T.);
#13610 = ORIENTED_EDGE('',*,*,#12580,.T.);
#13611 = ORIENTED_EDGE('',*,*,#12555,.T.);
#13612 = ORIENTED_EDGE('',*,*,#12531,.T.);
#13613 = ORIENTED_EDGE('',*,*,#12499,.F.);
#13614 = ORIENTED_EDGE('',*,*,#12482,.T.);
#13615 = ORIENTED_EDGE('',*,*,#12450,.F.);
#13616 = ORIENTED_EDGE('',*,*,#12433,.T.);
#13617 = ORIENTED_EDGE('',*,*,#12401,.F.);
#13618 = ORIENTED_EDGE('',*,*,#12384,.T.);
#13619 = ORIENTED_EDGE('',*,*,#12352,.F.);
#13620 = ORIENTED_EDGE('',*,*,#12335,.T.);
#13621 = ORIENTED_EDGE('',*,*,#12310,.T.);
#13622 = ORIENTED_EDGE('',*,*,#12286,.T.);
#13623 = ORIENTED_EDGE('',*,*,#12261,.T.);
#13624 = ORIENTED_EDGE('',*,*,#12237,.T.);
#13625 = ORIENTED_EDGE('',*,*,#12205,.F.);
#13626 = ORIENTED_EDGE('',*,*,#12188,.T.);
#13627 = ORIENTED_EDGE('',*,*,#12156,.F.);
#13628 = PLANE('',#13629);
#13629 = AXIS2_PLACEMENT_3D('',#13630,#13631,#13632);
#13630 = CARTESIAN_POINT('',(-61.31,-28.64518185031,7.489031528405));
#13631 = DIRECTION('',(1.,0.,0.));
#13632 = DIRECTION('',(0.,0.,1.));
#13633 = ADVANCED_FACE('',(#13634),#13644,.F.);
#13634 = FACE_BOUND('',#13635,.F.);
#13635 = EDGE_LOOP('',(#13636,#13637,#13638,#13639,#13640,#13641,#13642,
    #13643));
#13636 = ORIENTED_EDGE('',*,*,#12916,.T.);
#13637 = ORIENTED_EDGE('',*,*,#12891,.F.);
#13638 = ORIENTED_EDGE('',*,*,#12867,.F.);
#13639 = ORIENTED_EDGE('',*,*,#12842,.F.);
#13640 = ORIENTED_EDGE('',*,*,#12818,.F.);
#13641 = ORIENTED_EDGE('',*,*,#12793,.F.);
#13642 = ORIENTED_EDGE('',*,*,#12769,.F.);
#13643 = ORIENTED_EDGE('',*,*,#12744,.F.);
#13644 = PLANE('',#13645);
#13645 = AXIS2_PLACEMENT_3D('',#13646,#13647,#13648);
#13646 = CARTESIAN_POINT('',(-61.31,-28.64518185031,7.489031528405));
#13647 = DIRECTION('',(1.,0.,0.));
#13648 = DIRECTION('',(0.,0.,1.));
#13649 = ADVANCED_FACE('',(#13650,#13668),#13738,.F.);
#13650 = FACE_BOUND('',#13651,.F.);
#13651 = EDGE_LOOP('',(#13652,#13653,#13654,#13655,#13656,#13657,#13658,
    #13659,#13660,#13661,#13662,#13663,#13664,#13665,#13666,#13667));
#13652 = ORIENTED_EDGE('',*,*,#12940,.F.);
#13653 = ORIENTED_EDGE('',*,*,#13308,.T.);
#13654 = ORIENTED_EDGE('',*,*,#13283,.F.);
#13655 = ORIENTED_EDGE('',*,*,#13259,.F.);
#13656 = ORIENTED_EDGE('',*,*,#13234,.F.);
#13657 = ORIENTED_EDGE('',*,*,#13210,.F.);
#13658 = ORIENTED_EDGE('',*,*,#13192,.T.);
#13659 = ORIENTED_EDGE('',*,*,#13161,.F.);
#13660 = ORIENTED_EDGE('',*,*,#13143,.T.);
#13661 = ORIENTED_EDGE('',*,*,#13112,.F.);
#13662 = ORIENTED_EDGE('',*,*,#13087,.F.);
#13663 = ORIENTED_EDGE('',*,*,#13063,.F.);
#13664 = ORIENTED_EDGE('',*,*,#13038,.F.);
#13665 = ORIENTED_EDGE('',*,*,#13014,.F.);
#13666 = ORIENTED_EDGE('',*,*,#12989,.F.);
#13667 = ORIENTED_EDGE('',*,*,#12965,.F.);
#13668 = FACE_BOUND('',#13669,.T.);
#13669 = EDGE_LOOP('',(#13670,#13680,#13689,#13697,#13706,#13714,#13723,
    #13731));
#13670 = ORIENTED_EDGE('',*,*,#13671,.T.);
#13671 = EDGE_CURVE('',#13672,#13674,#13676,.T.);
#13672 = VERTEX_POINT('',#13673);
#13673 = CARTESIAN_POINT('',(-61.31,-29.35201635514,8.079579176916));
#13674 = VERTEX_POINT('',#13675);
#13675 = CARTESIAN_POINT('',(-61.31,-29.392525,8.485566));
#13676 = LINE('',#13677,#13678);
#13677 = CARTESIAN_POINT('',(-61.31,-29.35201635514,8.079579176916));
#13678 = VECTOR('',#13679,1.);
#13679 = DIRECTION('',(0.,-9.928522300934E-02,0.995059015582));
#13680 = ORIENTED_EDGE('',*,*,#13681,.F.);
#13681 = EDGE_CURVE('',#13682,#13674,#13684,.T.);
#13682 = VERTEX_POINT('',#13683);
#13683 = CARTESIAN_POINT('',(-61.31,-29.59880421899,8.592392206303));
#13684 = CIRCLE('',#13685,0.169758);
#13685 = AXIS2_PLACEMENT_3D('',#13686,#13687,#13688);
#13686 = CARTESIAN_POINT('',(-61.31,-29.55259695681,8.429043905161));
#13687 = DIRECTION('',(-1.,0.,0.));
#13688 = DIRECTION('',(0.,-1.,0.));
#13689 = ORIENTED_EDGE('',*,*,#13690,.T.);
#13690 = EDGE_CURVE('',#13682,#13691,#13693,.T.);
#13691 = VERTEX_POINT('',#13692);
#13692 = CARTESIAN_POINT('',(-61.31,-30.52790487355,8.592392206303));
#13693 = LINE('',#13694,#13695);
#13694 = CARTESIAN_POINT('',(-61.31,-29.59880421899,8.592392206303));
#13695 = VECTOR('',#13696,1.);
#13696 = DIRECTION('',(0.,-1.,0.));
#13697 = ORIENTED_EDGE('',*,*,#13698,.F.);
#13698 = EDGE_CURVE('',#13699,#13691,#13701,.T.);
#13699 = VERTEX_POINT('',#13700);
#13700 = CARTESIAN_POINT('',(-61.31,-30.66083936142,8.41923977102));
#13701 = CIRCLE('',#13702,0.132323385701);
#13702 = AXIS2_PLACEMENT_3D('',#13703,#13704,#13705);
#13703 = CARTESIAN_POINT('',(-61.31,-30.53503502078,8.460261061587));
#13704 = DIRECTION('',(-1.,0.,0.));
#13705 = DIRECTION('',(0.,-1.,0.));
#13706 = ORIENTED_EDGE('',*,*,#13707,.F.);
#13707 = EDGE_CURVE('',#13708,#13699,#13710,.T.);
#13708 = VERTEX_POINT('',#13709);
#13709 = CARTESIAN_POINT('',(-61.31,-30.62764547779,8.086563143332));
#13710 = LINE('',#13711,#13712);
#13711 = CARTESIAN_POINT('',(-61.31,-30.62764547779,8.086563143332));
#13712 = VECTOR('',#13713,1.);
#13713 = DIRECTION('',(0.,-9.928522300631E-02,0.995059015583));
#13714 = ORIENTED_EDGE('',*,*,#13715,.F.);
#13715 = EDGE_CURVE('',#13716,#13708,#13718,.T.);
#13716 = VERTEX_POINT('',#13717);
#13717 = CARTESIAN_POINT('',(-61.31,-30.41176766207,7.921954672845));
#13718 = CIRCLE('',#13719,0.197235);
#13719 = AXIS2_PLACEMENT_3D('',#13720,#13721,#13722);
#13720 = CARTESIAN_POINT('',(-61.31,-30.43294,8.11805));
#13721 = DIRECTION('',(-1.,0.,0.));
#13722 = DIRECTION('',(0.,-1.,0.));
#13723 = ORIENTED_EDGE('',*,*,#13724,.F.);
#13724 = EDGE_CURVE('',#13725,#13716,#13727,.T.);
#13725 = VERTEX_POINT('',#13726);
#13726 = CARTESIAN_POINT('',(-61.31,-29.52489590845,7.921954672845));
#13727 = LINE('',#13728,#13729);
#13728 = CARTESIAN_POINT('',(-61.31,-29.52489590845,7.921954672845));
#13729 = VECTOR('',#13730,1.);
#13730 = DIRECTION('',(0.,-1.,0.));
#13731 = ORIENTED_EDGE('',*,*,#13732,.F.);
#13732 = EDGE_CURVE('',#13672,#13725,#13733,.T.);
#13733 = CIRCLE('',#13734,0.155420375979);
#13734 = AXIS2_PLACEMENT_3D('',#13735,#13736,#13737);
#13735 = CARTESIAN_POINT('',(-61.31,-29.50740395768,8.076387586849));
#13736 = DIRECTION('',(-1.,0.,0.));
#13737 = DIRECTION('',(0.,-1.,0.));
#13738 = PLANE('',#13739);
#13739 = AXIS2_PLACEMENT_3D('',#13740,#13741,#13742);
#13740 = CARTESIAN_POINT('',(-61.31,-28.64518185031,7.489031528405));
#13741 = DIRECTION('',(1.,0.,0.));
#13742 = DIRECTION('',(0.,0.,1.));
#13743 = ADVANCED_FACE('',(#13744),#13770,.T.);
#13744 = FACE_BOUND('',#13745,.T.);
#13745 = EDGE_LOOP('',(#13746,#13754,#13755,#13763));
#13746 = ORIENTED_EDGE('',*,*,#13747,.T.);
#13747 = EDGE_CURVE('',#13748,#13339,#13750,.T.);
#13748 = VERTEX_POINT('',#13749);
#13749 = CARTESIAN_POINT('',(-61.81,-18.39684862858,7.284460044833));
#13750 = LINE('',#13751,#13752);
#13751 = CARTESIAN_POINT('',(-61.81,-18.39684862858,7.284460044833));
#13752 = VECTOR('',#13753,1.);
#13753 = DIRECTION('',(1.,0.,0.));
#13754 = ORIENTED_EDGE('',*,*,#13338,.T.);
#13755 = ORIENTED_EDGE('',*,*,#13756,.F.);
#13756 = EDGE_CURVE('',#13757,#13341,#13759,.T.);
#13757 = VERTEX_POINT('',#13758);
#13758 = CARTESIAN_POINT('',(-61.81,-18.16456320395,7.078094555492));
#13759 = LINE('',#13760,#13761);
#13760 = CARTESIAN_POINT('',(-61.81,-18.16456320395,7.078094555492));
#13761 = VECTOR('',#13762,1.);
#13762 = DIRECTION('',(1.,0.,0.));
#13763 = ORIENTED_EDGE('',*,*,#13764,.F.);
#13764 = EDGE_CURVE('',#13748,#13757,#13765,.T.);
#13765 = CIRCLE('',#13766,0.248059);
#13766 = AXIS2_PLACEMENT_3D('',#13767,#13768,#13769);
#13767 = CARTESIAN_POINT('',(-61.81,-18.409145,7.036706));
#13768 = DIRECTION('',(-1.,0.,0.));
#13769 = DIRECTION('',(0.,-1.,0.));
#13770 = CYLINDRICAL_SURFACE('',#13771,0.248059);
#13771 = AXIS2_PLACEMENT_3D('',#13772,#13773,#13774);
#13772 = CARTESIAN_POINT('',(-61.81,-18.409145,7.036706));
#13773 = DIRECTION('',(-1.,0.,0.));
#13774 = DIRECTION('',(0.,-1.,0.));
#13775 = ADVANCED_FACE('',(#13776),#13794,.T.);
#13776 = FACE_BOUND('',#13777,.T.);
#13777 = EDGE_LOOP('',(#13778,#13779,#13780,#13788));
#13778 = ORIENTED_EDGE('',*,*,#13756,.T.);
#13779 = ORIENTED_EDGE('',*,*,#13349,.T.);
#13780 = ORIENTED_EDGE('',*,*,#13781,.F.);
#13781 = EDGE_CURVE('',#13782,#13350,#13784,.T.);
#13782 = VERTEX_POINT('',#13783);
#13783 = CARTESIAN_POINT('',(-61.81,-18.00973900784,5.773198239109));
#13784 = LINE('',#13785,#13786);
#13785 = CARTESIAN_POINT('',(-61.81,-18.00973900784,5.773198239109));
#13786 = VECTOR('',#13787,1.);
#13787 = DIRECTION('',(1.,0.,0.));
#13788 = ORIENTED_EDGE('',*,*,#13789,.F.);
#13789 = EDGE_CURVE('',#13757,#13782,#13790,.T.);
#13790 = LINE('',#13791,#13792);
#13791 = CARTESIAN_POINT('',(-61.81,-18.16456320395,7.078094555492));
#13792 = VECTOR('',#13793,1.);
#13793 = DIRECTION('',(-0.,0.117822234341,-0.993034702865));
#13794 = PLANE('',#13795);
#13795 = AXIS2_PLACEMENT_3D('',#13796,#13797,#13798);
#13796 = CARTESIAN_POINT('',(-61.81,-18.16456320395,7.078094555492));
#13797 = DIRECTION('',(0.,0.993034702865,0.117822234341));
#13798 = DIRECTION('',(0.,0.117822234341,-0.993034702865));
#13799 = ADVANCED_FACE('',(#13800),#13819,.T.);
#13800 = FACE_BOUND('',#13801,.T.);
#13801 = EDGE_LOOP('',(#13802,#13803,#13804,#13812));
#13802 = ORIENTED_EDGE('',*,*,#13781,.T.);
#13803 = ORIENTED_EDGE('',*,*,#13357,.T.);
#13804 = ORIENTED_EDGE('',*,*,#13805,.F.);
#13805 = EDGE_CURVE('',#13806,#13358,#13808,.T.);
#13806 = VERTEX_POINT('',#13807);
#13807 = CARTESIAN_POINT('',(-61.81,-18.29124252036,5.513695075181));
#13808 = LINE('',#13809,#13810);
#13809 = CARTESIAN_POINT('',(-61.81,-18.29124252036,5.513695075181));
#13810 = VECTOR('',#13811,1.);
#13811 = DIRECTION('',(1.,0.,0.));
#13812 = ORIENTED_EDGE('',*,*,#13813,.F.);
#13813 = EDGE_CURVE('',#13782,#13806,#13814,.T.);
#13814 = CIRCLE('',#13815,0.248059);
#13815 = AXIS2_PLACEMENT_3D('',#13816,#13817,#13818);
#13816 = CARTESIAN_POINT('',(-61.81,-18.257416,5.759436878708));
#13817 = DIRECTION('',(-1.,0.,0.));
#13818 = DIRECTION('',(0.,-1.,0.));
#13819 = CYLINDRICAL_SURFACE('',#13820,0.248059);
#13820 = AXIS2_PLACEMENT_3D('',#13821,#13822,#13823);
#13821 = CARTESIAN_POINT('',(-61.81,-18.257416,5.759436878708));
#13822 = DIRECTION('',(-1.,0.,0.));
#13823 = DIRECTION('',(0.,-1.,0.));
#13824 = ADVANCED_FACE('',(#13825),#13843,.T.);
#13825 = FACE_BOUND('',#13826,.T.);
#13826 = EDGE_LOOP('',(#13827,#13828,#13829,#13837));
#13827 = ORIENTED_EDGE('',*,*,#13805,.T.);
#13828 = ORIENTED_EDGE('',*,*,#13366,.T.);
#13829 = ORIENTED_EDGE('',*,*,#13830,.F.);
#13830 = EDGE_CURVE('',#13831,#13367,#13833,.T.);
#13831 = VERTEX_POINT('',#13832);
#13832 = CARTESIAN_POINT('',(-61.81,-19.05116253092,5.513695075181));
#13833 = LINE('',#13834,#13835);
#13834 = CARTESIAN_POINT('',(-61.81,-19.05116253092,5.513695075181));
#13835 = VECTOR('',#13836,1.);
#13836 = DIRECTION('',(1.,0.,0.));
#13837 = ORIENTED_EDGE('',*,*,#13838,.F.);
#13838 = EDGE_CURVE('',#13806,#13831,#13839,.T.);
#13839 = LINE('',#13840,#13841);
#13840 = CARTESIAN_POINT('',(-61.81,-18.29124252036,5.513695075181));
#13841 = VECTOR('',#13842,1.);
#13842 = DIRECTION('',(0.,-1.,0.));
#13843 = PLANE('',#13844);
#13844 = AXIS2_PLACEMENT_3D('',#13845,#13846,#13847);
#13845 = CARTESIAN_POINT('',(-61.81,-18.29124252036,5.513695075181));
#13846 = DIRECTION('',(0.,0.,-1.));
#13847 = DIRECTION('',(0.,-1.,0.));
#13848 = ADVANCED_FACE('',(#13849),#13868,.T.);
#13849 = FACE_BOUND('',#13850,.T.);
#13850 = EDGE_LOOP('',(#13851,#13852,#13853,#13861));
#13851 = ORIENTED_EDGE('',*,*,#13830,.T.);
#13852 = ORIENTED_EDGE('',*,*,#13374,.T.);
#13853 = ORIENTED_EDGE('',*,*,#13854,.F.);
#13854 = EDGE_CURVE('',#13855,#13375,#13857,.T.);
#13855 = VERTEX_POINT('',#13856);
#13856 = CARTESIAN_POINT('',(-61.81,-19.26705178657,5.727214552933));
#13857 = LINE('',#13858,#13859);
#13858 = CARTESIAN_POINT('',(-61.81,-19.26705178657,5.727214552933));
#13859 = VECTOR('',#13860,1.);
#13860 = DIRECTION('',(1.,0.,0.));
#13861 = ORIENTED_EDGE('',*,*,#13862,.F.);
#13862 = EDGE_CURVE('',#13831,#13855,#13863,.T.);
#13863 = CIRCLE('',#13864,0.248059);
#13864 = AXIS2_PLACEMENT_3D('',#13865,#13866,#13867);
#13865 = CARTESIAN_POINT('',(-61.81,-19.02116,5.759933));
#13866 = DIRECTION('',(-1.,0.,0.));
#13867 = DIRECTION('',(0.,-1.,0.));
#13868 = CYLINDRICAL_SURFACE('',#13869,0.248059);
#13869 = AXIS2_PLACEMENT_3D('',#13870,#13871,#13872);
#13870 = CARTESIAN_POINT('',(-61.81,-19.02116,5.759933));
#13871 = DIRECTION('',(-1.,0.,0.));
#13872 = DIRECTION('',(0.,-1.,0.));
#13873 = ADVANCED_FACE('',(#13874),#13892,.T.);
#13874 = FACE_BOUND('',#13875,.T.);
#13875 = EDGE_LOOP('',(#13876,#13877,#13878,#13886));
#13876 = ORIENTED_EDGE('',*,*,#13854,.T.);
#13877 = ORIENTED_EDGE('',*,*,#13383,.T.);
#13878 = ORIENTED_EDGE('',*,*,#13879,.F.);
#13879 = EDGE_CURVE('',#13880,#13384,#13882,.T.);
#13880 = VERTEX_POINT('',#13881);
#13881 = CARTESIAN_POINT('',(-61.81,-19.42313044995,7.040224046151));
#13882 = LINE('',#13883,#13884);
#13883 = CARTESIAN_POINT('',(-61.81,-19.42313044995,7.040224046151));
#13884 = VECTOR('',#13885,1.);
#13885 = DIRECTION('',(1.,0.,0.));
#13886 = ORIENTED_EDGE('',*,*,#13887,.F.);
#13887 = EDGE_CURVE('',#13855,#13880,#13888,.T.);
#13888 = LINE('',#13889,#13890);
#13889 = CARTESIAN_POINT('',(-61.81,-19.26705178657,5.727214552933));
#13890 = VECTOR('',#13891,1.);
#13891 = DIRECTION('',(0.,-0.118039888898,0.993008854255));
#13892 = PLANE('',#13893);
#13893 = AXIS2_PLACEMENT_3D('',#13894,#13895,#13896);
#13894 = CARTESIAN_POINT('',(-61.81,-19.26705178657,5.727214552933));
#13895 = DIRECTION('',(0.,-0.993008854255,-0.118039888898));
#13896 = DIRECTION('',(0.,-0.118039888898,0.993008854255));
#13897 = ADVANCED_FACE('',(#13898),#13917,.T.);
#13898 = FACE_BOUND('',#13899,.T.);
#13899 = EDGE_LOOP('',(#13900,#13901,#13902,#13910));
#13900 = ORIENTED_EDGE('',*,*,#13879,.T.);
#13901 = ORIENTED_EDGE('',*,*,#13391,.T.);
#13902 = ORIENTED_EDGE('',*,*,#13903,.F.);
#13903 = EDGE_CURVE('',#13904,#13392,#13906,.T.);
#13904 = VERTEX_POINT('',#13905);
#13905 = CARTESIAN_POINT('',(-61.81,-19.25962360444,7.284460044833));
#13906 = LINE('',#13907,#13908);
#13907 = CARTESIAN_POINT('',(-61.81,-19.25962360444,7.284460044833));
#13908 = VECTOR('',#13909,1.);
#13909 = DIRECTION('',(1.,0.,0.));
#13910 = ORIENTED_EDGE('',*,*,#13911,.F.);
#13911 = EDGE_CURVE('',#13880,#13904,#13912,.T.);
#13912 = CIRCLE('',#13913,0.248059);
#13913 = AXIS2_PLACEMENT_3D('',#13914,#13915,#13916);
#13914 = CARTESIAN_POINT('',(-61.81,-19.175313,7.051168404477));
#13915 = DIRECTION('',(-1.,0.,0.));
#13916 = DIRECTION('',(0.,-1.,0.));
#13917 = CYLINDRICAL_SURFACE('',#13918,0.248059);
#13918 = AXIS2_PLACEMENT_3D('',#13919,#13920,#13921);
#13919 = CARTESIAN_POINT('',(-61.81,-19.175313,7.051168404477));
#13920 = DIRECTION('',(-1.,0.,0.));
#13921 = DIRECTION('',(0.,-1.,0.));
#13922 = ADVANCED_FACE('',(#13923),#13934,.F.);
#13923 = FACE_BOUND('',#13924,.F.);
#13924 = EDGE_LOOP('',(#13925,#13926,#13927,#13928));
#13925 = ORIENTED_EDGE('',*,*,#13747,.T.);
#13926 = ORIENTED_EDGE('',*,*,#13400,.T.);
#13927 = ORIENTED_EDGE('',*,*,#13903,.F.);
#13928 = ORIENTED_EDGE('',*,*,#13929,.F.);
#13929 = EDGE_CURVE('',#13748,#13904,#13930,.T.);
#13930 = LINE('',#13931,#13932);
#13931 = CARTESIAN_POINT('',(-61.81,-18.39684862858,7.284460044833));
#13932 = VECTOR('',#13933,1.);
#13933 = DIRECTION('',(0.,-1.,0.));
#13934 = PLANE('',#13935);
#13935 = AXIS2_PLACEMENT_3D('',#13936,#13937,#13938);
#13936 = CARTESIAN_POINT('',(-61.81,-18.39684862858,7.284460044833));
#13937 = DIRECTION('',(0.,0.,-1.));
#13938 = DIRECTION('',(0.,-1.,0.));
#13939 = ADVANCED_FACE('',(#13940),#13966,.T.);
#13940 = FACE_BOUND('',#13941,.T.);
#13941 = EDGE_LOOP('',(#13942,#13950,#13951,#13959));
#13942 = ORIENTED_EDGE('',*,*,#13943,.T.);
#13943 = EDGE_CURVE('',#13944,#13409,#13946,.T.);
#13944 = VERTEX_POINT('',#13945);
#13945 = CARTESIAN_POINT('',(-61.81,-18.65075449381,9.736684805793));
#13946 = LINE('',#13947,#13948);
#13947 = CARTESIAN_POINT('',(-61.81,-18.65075449381,9.736684805793));
#13948 = VECTOR('',#13949,1.);
#13949 = DIRECTION('',(1.,0.,0.));
#13950 = ORIENTED_EDGE('',*,*,#13408,.T.);
#13951 = ORIENTED_EDGE('',*,*,#13952,.F.);
#13952 = EDGE_CURVE('',#13953,#13411,#13955,.T.);
#13953 = VERTEX_POINT('',#13954);
#13954 = CARTESIAN_POINT('',(-61.81,-18.42050976241,9.548371867869));
#13955 = LINE('',#13956,#13957);
#13956 = CARTESIAN_POINT('',(-61.81,-18.42050976241,9.548371867869));
#13957 = VECTOR('',#13958,1.);
#13958 = DIRECTION('',(1.,0.,0.));
#13959 = ORIENTED_EDGE('',*,*,#13960,.F.);
#13960 = EDGE_CURVE('',#13944,#13953,#13961,.T.);
#13961 = CIRCLE('',#13962,0.248059);
#13962 = AXIS2_PLACEMENT_3D('',#13963,#13964,#13965);
#13963 = CARTESIAN_POINT('',(-61.81,-18.661322,9.488851));
#13964 = DIRECTION('',(-1.,0.,0.));
#13965 = DIRECTION('',(0.,-1.,0.));
#13966 = CYLINDRICAL_SURFACE('',#13967,0.248059);
#13967 = AXIS2_PLACEMENT_3D('',#13968,#13969,#13970);
#13968 = CARTESIAN_POINT('',(-61.81,-18.661322,9.488851));
#13969 = DIRECTION('',(-1.,0.,0.));
#13970 = DIRECTION('',(0.,-1.,0.));
#13971 = ADVANCED_FACE('',(#13972),#13990,.T.);
#13972 = FACE_BOUND('',#13973,.T.);
#13973 = EDGE_LOOP('',(#13974,#13975,#13976,#13984));
#13974 = ORIENTED_EDGE('',*,*,#13952,.T.);
#13975 = ORIENTED_EDGE('',*,*,#13419,.T.);
#13976 = ORIENTED_EDGE('',*,*,#13977,.F.);
#13977 = EDGE_CURVE('',#13978,#13420,#13980,.T.);
#13978 = VERTEX_POINT('',#13979);
#13979 = CARTESIAN_POINT('',(-61.81,-18.31279806203,8.468860785563));
#13980 = LINE('',#13981,#13982);
#13981 = CARTESIAN_POINT('',(-61.81,-18.31279806203,8.468860785563));
#13982 = VECTOR('',#13983,1.);
#13983 = DIRECTION('',(1.,0.,0.));
#13984 = ORIENTED_EDGE('',*,*,#13985,.F.);
#13985 = EDGE_CURVE('',#13953,#13978,#13986,.T.);
#13986 = LINE('',#13987,#13988);
#13987 = CARTESIAN_POINT('',(-61.81,-18.42050976241,9.548371867869));
#13988 = VECTOR('',#13989,1.);
#13989 = DIRECTION('',(-0.,9.928522301E-02,-0.995059015582));
#13990 = PLANE('',#13991);
#13991 = AXIS2_PLACEMENT_3D('',#13992,#13993,#13994);
#13992 = CARTESIAN_POINT('',(-61.81,-18.42050976241,9.548371867869));
#13993 = DIRECTION('',(0.,0.995059015582,9.928522301E-02));
#13994 = DIRECTION('',(0.,9.928522301E-02,-0.995059015582));
#13995 = ADVANCED_FACE('',(#13996),#14015,.T.);
#13996 = FACE_BOUND('',#13997,.T.);
#13997 = EDGE_LOOP('',(#13998,#13999,#14000,#14008));
#13998 = ORIENTED_EDGE('',*,*,#13977,.T.);
#13999 = ORIENTED_EDGE('',*,*,#13427,.T.);
#14000 = ORIENTED_EDGE('',*,*,#14001,.F.);
#14001 = EDGE_CURVE('',#14002,#13428,#14004,.T.);
#14002 = VERTEX_POINT('',#14003);
#14003 = CARTESIAN_POINT('',(-61.81,-18.55622016653,8.199011766942));
#14004 = LINE('',#14005,#14006);
#14005 = CARTESIAN_POINT('',(-61.81,-18.55622016653,8.199011766942));
#14006 = VECTOR('',#14007,1.);
#14007 = DIRECTION('',(1.,0.,0.));
#14008 = ORIENTED_EDGE('',*,*,#14009,.F.);
#14009 = EDGE_CURVE('',#13978,#14002,#14010,.T.);
#14010 = CIRCLE('',#14011,0.248059);
#14011 = AXIS2_PLACEMENT_3D('',#14012,#14013,#14014);
#14012 = CARTESIAN_POINT('',(-61.81,-18.55989576541,8.447043533968));
#14013 = DIRECTION('',(-1.,0.,0.));
#14014 = DIRECTION('',(0.,-1.,0.));
#14015 = CYLINDRICAL_SURFACE('',#14016,0.248059);
#14016 = AXIS2_PLACEMENT_3D('',#14017,#14018,#14019);
#14017 = CARTESIAN_POINT('',(-61.81,-18.55989576541,8.447043533968));
#14018 = DIRECTION('',(-1.,0.,0.));
#14019 = DIRECTION('',(0.,-1.,0.));
#14020 = ADVANCED_FACE('',(#14021),#14039,.T.);
#14021 = FACE_BOUND('',#14022,.T.);
#14022 = EDGE_LOOP('',(#14023,#14024,#14025,#14033));
#14023 = ORIENTED_EDGE('',*,*,#14001,.T.);
#14024 = ORIENTED_EDGE('',*,*,#13436,.T.);
#14025 = ORIENTED_EDGE('',*,*,#14026,.F.);
#14026 = EDGE_CURVE('',#14027,#13437,#14029,.T.);
#14027 = VERTEX_POINT('',#14028);
#14028 = CARTESIAN_POINT('',(-61.81,-19.32576249939,8.199011766942));
#14029 = LINE('',#14030,#14031);
#14030 = CARTESIAN_POINT('',(-61.81,-19.32576249939,8.199011766942));
#14031 = VECTOR('',#14032,1.);
#14032 = DIRECTION('',(1.,0.,0.));
#14033 = ORIENTED_EDGE('',*,*,#14034,.F.);
#14034 = EDGE_CURVE('',#14002,#14027,#14035,.T.);
#14035 = LINE('',#14036,#14037);
#14036 = CARTESIAN_POINT('',(-61.81,-18.55622016653,8.199011766942));
#14037 = VECTOR('',#14038,1.);
#14038 = DIRECTION('',(0.,-1.,0.));
#14039 = PLANE('',#14040);
#14040 = AXIS2_PLACEMENT_3D('',#14041,#14042,#14043);
#14041 = CARTESIAN_POINT('',(-61.81,-18.55622016653,8.199011766942));
#14042 = DIRECTION('',(0.,0.,-1.));
#14043 = DIRECTION('',(0.,-1.,0.));
#14044 = ADVANCED_FACE('',(#14045),#14064,.T.);
#14045 = FACE_BOUND('',#14046,.T.);
#14046 = EDGE_LOOP('',(#14047,#14048,#14049,#14057));
#14047 = ORIENTED_EDGE('',*,*,#14026,.T.);
#14048 = ORIENTED_EDGE('',*,*,#13444,.T.);
#14049 = ORIENTED_EDGE('',*,*,#14050,.F.);
#14050 = EDGE_CURVE('',#14051,#13445,#14053,.T.);
#14051 = VERTEX_POINT('',#14052);
#14052 = CARTESIAN_POINT('',(-61.81,-19.56055988088,8.428848));
#14053 = LINE('',#14054,#14055);
#14054 = CARTESIAN_POINT('',(-61.81,-19.56055988088,8.428848));
#14055 = VECTOR('',#14056,1.);
#14056 = DIRECTION('',(1.,0.,0.));
#14057 = ORIENTED_EDGE('',*,*,#14058,.F.);
#14058 = EDGE_CURVE('',#14027,#14051,#14059,.T.);
#14059 = CIRCLE('',#14060,0.248059);
#14060 = AXIS2_PLACEMENT_3D('',#14061,#14062,#14063);
#14061 = CARTESIAN_POINT('',(-61.81,-19.31314768845,8.446749802024));
#14062 = DIRECTION('',(-1.,0.,0.));
#14063 = DIRECTION('',(0.,-1.,0.));
#14064 = CYLINDRICAL_SURFACE('',#14065,0.248059);
#14065 = AXIS2_PLACEMENT_3D('',#14066,#14067,#14068);
#14066 = CARTESIAN_POINT('',(-61.81,-19.31314768845,8.446749802024));
#14067 = DIRECTION('',(-1.,0.,0.));
#14068 = DIRECTION('',(0.,-1.,0.));
#14069 = ADVANCED_FACE('',(#14070),#14088,.F.);
#14070 = FACE_BOUND('',#14071,.F.);
#14071 = EDGE_LOOP('',(#14072,#14080,#14081,#14082));
#14072 = ORIENTED_EDGE('',*,*,#14073,.T.);
#14073 = EDGE_CURVE('',#14074,#13454,#14076,.T.);
#14074 = VERTEX_POINT('',#14075);
#14075 = CARTESIAN_POINT('',(-61.81,-19.66432528614,9.468808417897));
#14076 = LINE('',#14077,#14078);
#14077 = CARTESIAN_POINT('',(-61.81,-19.66432528614,9.468808417897));
#14078 = VECTOR('',#14079,1.);
#14079 = DIRECTION('',(1.,0.,0.));
#14080 = ORIENTED_EDGE('',*,*,#13453,.T.);
#14081 = ORIENTED_EDGE('',*,*,#14050,.F.);
#14082 = ORIENTED_EDGE('',*,*,#14083,.F.);
#14083 = EDGE_CURVE('',#14074,#14051,#14084,.T.);
#14084 = LINE('',#14085,#14086);
#14085 = CARTESIAN_POINT('',(-61.81,-19.66432528614,9.468808417897));
#14086 = VECTOR('',#14087,1.);
#14087 = DIRECTION('',(-0.,9.928522300992E-02,-0.995059015582));
#14088 = PLANE('',#14089);
#14089 = AXIS2_PLACEMENT_3D('',#14090,#14091,#14092);
#14090 = CARTESIAN_POINT('',(-61.81,-19.66432528614,9.468808417897));
#14091 = DIRECTION('',(0.,0.995059015582,9.928522300992E-02));
#14092 = DIRECTION('',(0.,9.928522300992E-02,-0.995059015582));
#14093 = ADVANCED_FACE('',(#14094),#14113,.T.);
#14094 = FACE_BOUND('',#14095,.T.);
#14095 = EDGE_LOOP('',(#14096,#14097,#14098,#14106));
#14096 = ORIENTED_EDGE('',*,*,#14073,.T.);
#14097 = ORIENTED_EDGE('',*,*,#13461,.T.);
#14098 = ORIENTED_EDGE('',*,*,#14099,.F.);
#14099 = EDGE_CURVE('',#14100,#13462,#14102,.T.);
#14100 = VERTEX_POINT('',#14101);
#14101 = CARTESIAN_POINT('',(-61.81,-19.52086954096,9.736684805793));
#14102 = LINE('',#14103,#14104);
#14103 = CARTESIAN_POINT('',(-61.81,-19.52086954096,9.736684805793));
#14104 = VECTOR('',#14105,1.);
#14105 = DIRECTION('',(1.,0.,0.));
#14106 = ORIENTED_EDGE('',*,*,#14107,.F.);
#14107 = EDGE_CURVE('',#14074,#14100,#14108,.T.);
#14108 = CIRCLE('',#14109,0.248059);
#14109 = AXIS2_PLACEMENT_3D('',#14110,#14111,#14112);
#14110 = CARTESIAN_POINT('',(-61.81,-19.41974,9.510176343645));
#14111 = DIRECTION('',(-1.,0.,0.));
#14112 = DIRECTION('',(0.,-1.,0.));
#14113 = CYLINDRICAL_SURFACE('',#14114,0.248059);
#14114 = AXIS2_PLACEMENT_3D('',#14115,#14116,#14117);
#14115 = CARTESIAN_POINT('',(-61.81,-19.41974,9.510176343645));
#14116 = DIRECTION('',(-1.,0.,0.));
#14117 = DIRECTION('',(0.,-1.,0.));
#14118 = ADVANCED_FACE('',(#14119),#14130,.F.);
#14119 = FACE_BOUND('',#14120,.F.);
#14120 = EDGE_LOOP('',(#14121,#14122,#14123,#14124));
#14121 = ORIENTED_EDGE('',*,*,#13943,.T.);
#14122 = ORIENTED_EDGE('',*,*,#13470,.T.);
#14123 = ORIENTED_EDGE('',*,*,#14099,.F.);
#14124 = ORIENTED_EDGE('',*,*,#14125,.F.);
#14125 = EDGE_CURVE('',#13944,#14100,#14126,.T.);
#14126 = LINE('',#14127,#14128);
#14127 = CARTESIAN_POINT('',(-61.81,-18.65075449381,9.736684805793));
#14128 = VECTOR('',#14129,1.);
#14129 = DIRECTION('',(0.,-1.,0.));
#14130 = PLANE('',#14131);
#14131 = AXIS2_PLACEMENT_3D('',#14132,#14133,#14134);
#14132 = CARTESIAN_POINT('',(-61.81,-18.65075449381,9.736684805793));
#14133 = DIRECTION('',(0.,0.,-1.));
#14134 = DIRECTION('',(0.,-1.,0.));
#14135 = ADVANCED_FACE('',(#14136),#14161,.F.);
#14136 = FACE_BOUND('',#14137,.F.);
#14137 = EDGE_LOOP('',(#14138,#14146,#14147,#14155));
#14138 = ORIENTED_EDGE('',*,*,#14139,.T.);
#14139 = EDGE_CURVE('',#14140,#13672,#14142,.T.);
#14140 = VERTEX_POINT('',#14141);
#14141 = CARTESIAN_POINT('',(-61.81,-29.35201635514,8.079579176916));
#14142 = LINE('',#14143,#14144);
#14143 = CARTESIAN_POINT('',(-61.81,-29.35201635514,8.079579176916));
#14144 = VECTOR('',#14145,1.);
#14145 = DIRECTION('',(1.,0.,0.));
#14146 = ORIENTED_EDGE('',*,*,#13671,.T.);
#14147 = ORIENTED_EDGE('',*,*,#14148,.F.);
#14148 = EDGE_CURVE('',#14149,#13674,#14151,.T.);
#14149 = VERTEX_POINT('',#14150);
#14150 = CARTESIAN_POINT('',(-61.81,-29.392525,8.485566));
#14151 = LINE('',#14152,#14153);
#14152 = CARTESIAN_POINT('',(-61.81,-29.392525,8.485566));
#14153 = VECTOR('',#14154,1.);
#14154 = DIRECTION('',(1.,0.,0.));
#14155 = ORIENTED_EDGE('',*,*,#14156,.F.);
#14156 = EDGE_CURVE('',#14140,#14149,#14157,.T.);
#14157 = LINE('',#14158,#14159);
#14158 = CARTESIAN_POINT('',(-61.81,-29.35201635514,8.079579176916));
#14159 = VECTOR('',#14160,1.);
#14160 = DIRECTION('',(0.,-9.928522300934E-02,0.995059015582));
#14161 = PLANE('',#14162);
#14162 = AXIS2_PLACEMENT_3D('',#14163,#14164,#14165);
#14163 = CARTESIAN_POINT('',(-61.81,-29.35201635514,8.079579176916));
#14164 = DIRECTION('',(0.,-0.995059015582,-9.928522300934E-02));
#14165 = DIRECTION('',(0.,-9.928522300934E-02,0.995059015582));
#14166 = ADVANCED_FACE('',(#14167),#14186,.T.);
#14167 = FACE_BOUND('',#14168,.T.);
#14168 = EDGE_LOOP('',(#14169,#14177,#14178,#14179));
#14169 = ORIENTED_EDGE('',*,*,#14170,.T.);
#14170 = EDGE_CURVE('',#14171,#13682,#14173,.T.);
#14171 = VERTEX_POINT('',#14172);
#14172 = CARTESIAN_POINT('',(-61.81,-29.59880421899,8.592392206303));
#14173 = LINE('',#14174,#14175);
#14174 = CARTESIAN_POINT('',(-61.81,-29.59880421899,8.592392206303));
#14175 = VECTOR('',#14176,1.);
#14176 = DIRECTION('',(1.,0.,0.));
#14177 = ORIENTED_EDGE('',*,*,#13681,.T.);
#14178 = ORIENTED_EDGE('',*,*,#14148,.F.);
#14179 = ORIENTED_EDGE('',*,*,#14180,.F.);
#14180 = EDGE_CURVE('',#14171,#14149,#14181,.T.);
#14181 = CIRCLE('',#14182,0.169758);
#14182 = AXIS2_PLACEMENT_3D('',#14183,#14184,#14185);
#14183 = CARTESIAN_POINT('',(-61.81,-29.55259695681,8.429043905161));
#14184 = DIRECTION('',(-1.,0.,0.));
#14185 = DIRECTION('',(0.,-1.,0.));
#14186 = CYLINDRICAL_SURFACE('',#14187,0.169758);
#14187 = AXIS2_PLACEMENT_3D('',#14188,#14189,#14190);
#14188 = CARTESIAN_POINT('',(-61.81,-29.55259695681,8.429043905161));
#14189 = DIRECTION('',(-1.,0.,0.));
#14190 = DIRECTION('',(0.,-1.,0.));
#14191 = ADVANCED_FACE('',(#14192),#14210,.F.);
#14192 = FACE_BOUND('',#14193,.F.);
#14193 = EDGE_LOOP('',(#14194,#14195,#14196,#14204));
#14194 = ORIENTED_EDGE('',*,*,#14170,.T.);
#14195 = ORIENTED_EDGE('',*,*,#13690,.T.);
#14196 = ORIENTED_EDGE('',*,*,#14197,.F.);
#14197 = EDGE_CURVE('',#14198,#13691,#14200,.T.);
#14198 = VERTEX_POINT('',#14199);
#14199 = CARTESIAN_POINT('',(-61.81,-30.52790487355,8.592392206303));
#14200 = LINE('',#14201,#14202);
#14201 = CARTESIAN_POINT('',(-61.81,-30.52790487355,8.592392206303));
#14202 = VECTOR('',#14203,1.);
#14203 = DIRECTION('',(1.,0.,0.));
#14204 = ORIENTED_EDGE('',*,*,#14205,.F.);
#14205 = EDGE_CURVE('',#14171,#14198,#14206,.T.);
#14206 = LINE('',#14207,#14208);
#14207 = CARTESIAN_POINT('',(-61.81,-29.59880421899,8.592392206303));
#14208 = VECTOR('',#14209,1.);
#14209 = DIRECTION('',(0.,-1.,0.));
#14210 = PLANE('',#14211);
#14211 = AXIS2_PLACEMENT_3D('',#14212,#14213,#14214);
#14212 = CARTESIAN_POINT('',(-61.81,-29.59880421899,8.592392206303));
#14213 = DIRECTION('',(0.,0.,-1.));
#14214 = DIRECTION('',(0.,-1.,0.));
#14215 = ADVANCED_FACE('',(#14216),#14235,.T.);
#14216 = FACE_BOUND('',#14217,.T.);
#14217 = EDGE_LOOP('',(#14218,#14226,#14227,#14228));
#14218 = ORIENTED_EDGE('',*,*,#14219,.T.);
#14219 = EDGE_CURVE('',#14220,#13699,#14222,.T.);
#14220 = VERTEX_POINT('',#14221);
#14221 = CARTESIAN_POINT('',(-61.81,-30.66083936142,8.41923977102));
#14222 = LINE('',#14223,#14224);
#14223 = CARTESIAN_POINT('',(-61.81,-30.66083936142,8.41923977102));
#14224 = VECTOR('',#14225,1.);
#14225 = DIRECTION('',(1.,0.,0.));
#14226 = ORIENTED_EDGE('',*,*,#13698,.T.);
#14227 = ORIENTED_EDGE('',*,*,#14197,.F.);
#14228 = ORIENTED_EDGE('',*,*,#14229,.F.);
#14229 = EDGE_CURVE('',#14220,#14198,#14230,.T.);
#14230 = CIRCLE('',#14231,0.132323385701);
#14231 = AXIS2_PLACEMENT_3D('',#14232,#14233,#14234);
#14232 = CARTESIAN_POINT('',(-61.81,-30.53503502078,8.460261061587));
#14233 = DIRECTION('',(-1.,0.,0.));
#14234 = DIRECTION('',(0.,-1.,0.));
#14235 = CYLINDRICAL_SURFACE('',#14236,0.132323385701);
#14236 = AXIS2_PLACEMENT_3D('',#14237,#14238,#14239);
#14237 = CARTESIAN_POINT('',(-61.81,-30.53503502078,8.460261061587));
#14238 = DIRECTION('',(-1.,0.,0.));
#14239 = DIRECTION('',(0.,-1.,0.));
#14240 = ADVANCED_FACE('',(#14241),#14259,.T.);
#14241 = FACE_BOUND('',#14242,.T.);
#14242 = EDGE_LOOP('',(#14243,#14251,#14252,#14253));
#14243 = ORIENTED_EDGE('',*,*,#14244,.T.);
#14244 = EDGE_CURVE('',#14245,#13708,#14247,.T.);
#14245 = VERTEX_POINT('',#14246);
#14246 = CARTESIAN_POINT('',(-61.81,-30.62764547779,8.086563143332));
#14247 = LINE('',#14248,#14249);
#14248 = CARTESIAN_POINT('',(-61.81,-30.62764547779,8.086563143332));
#14249 = VECTOR('',#14250,1.);
#14250 = DIRECTION('',(1.,0.,0.));
#14251 = ORIENTED_EDGE('',*,*,#13707,.T.);
#14252 = ORIENTED_EDGE('',*,*,#14219,.F.);
#14253 = ORIENTED_EDGE('',*,*,#14254,.F.);
#14254 = EDGE_CURVE('',#14245,#14220,#14255,.T.);
#14255 = LINE('',#14256,#14257);
#14256 = CARTESIAN_POINT('',(-61.81,-30.62764547779,8.086563143332));
#14257 = VECTOR('',#14258,1.);
#14258 = DIRECTION('',(0.,-9.928522300631E-02,0.995059015583));
#14259 = PLANE('',#14260);
#14260 = AXIS2_PLACEMENT_3D('',#14261,#14262,#14263);
#14261 = CARTESIAN_POINT('',(-61.81,-30.62764547779,8.086563143332));
#14262 = DIRECTION('',(0.,-0.995059015583,-9.928522300631E-02));
#14263 = DIRECTION('',(0.,-9.928522300631E-02,0.995059015583));
#14264 = ADVANCED_FACE('',(#14265),#14284,.T.);
#14265 = FACE_BOUND('',#14266,.T.);
#14266 = EDGE_LOOP('',(#14267,#14275,#14276,#14277));
#14267 = ORIENTED_EDGE('',*,*,#14268,.T.);
#14268 = EDGE_CURVE('',#14269,#13716,#14271,.T.);
#14269 = VERTEX_POINT('',#14270);
#14270 = CARTESIAN_POINT('',(-61.81,-30.41176766207,7.921954672845));
#14271 = LINE('',#14272,#14273);
#14272 = CARTESIAN_POINT('',(-61.81,-30.41176766207,7.921954672845));
#14273 = VECTOR('',#14274,1.);
#14274 = DIRECTION('',(1.,0.,0.));
#14275 = ORIENTED_EDGE('',*,*,#13715,.T.);
#14276 = ORIENTED_EDGE('',*,*,#14244,.F.);
#14277 = ORIENTED_EDGE('',*,*,#14278,.F.);
#14278 = EDGE_CURVE('',#14269,#14245,#14279,.T.);
#14279 = CIRCLE('',#14280,0.197235);
#14280 = AXIS2_PLACEMENT_3D('',#14281,#14282,#14283);
#14281 = CARTESIAN_POINT('',(-61.81,-30.43294,8.11805));
#14282 = DIRECTION('',(-1.,0.,0.));
#14283 = DIRECTION('',(0.,-1.,0.));
#14284 = CYLINDRICAL_SURFACE('',#14285,0.197235);
#14285 = AXIS2_PLACEMENT_3D('',#14286,#14287,#14288);
#14286 = CARTESIAN_POINT('',(-61.81,-30.43294,8.11805));
#14287 = DIRECTION('',(-1.,0.,0.));
#14288 = DIRECTION('',(0.,-1.,0.));
#14289 = ADVANCED_FACE('',(#14290),#14308,.T.);
#14290 = FACE_BOUND('',#14291,.T.);
#14291 = EDGE_LOOP('',(#14292,#14300,#14301,#14302));
#14292 = ORIENTED_EDGE('',*,*,#14293,.T.);
#14293 = EDGE_CURVE('',#14294,#13725,#14296,.T.);
#14294 = VERTEX_POINT('',#14295);
#14295 = CARTESIAN_POINT('',(-61.81,-29.52489590845,7.921954672845));
#14296 = LINE('',#14297,#14298);
#14297 = CARTESIAN_POINT('',(-61.81,-29.52489590845,7.921954672845));
#14298 = VECTOR('',#14299,1.);
#14299 = DIRECTION('',(1.,0.,0.));
#14300 = ORIENTED_EDGE('',*,*,#13724,.T.);
#14301 = ORIENTED_EDGE('',*,*,#14268,.F.);
#14302 = ORIENTED_EDGE('',*,*,#14303,.F.);
#14303 = EDGE_CURVE('',#14294,#14269,#14304,.T.);
#14304 = LINE('',#14305,#14306);
#14305 = CARTESIAN_POINT('',(-61.81,-29.52489590845,7.921954672845));
#14306 = VECTOR('',#14307,1.);
#14307 = DIRECTION('',(0.,-1.,0.));
#14308 = PLANE('',#14309);
#14309 = AXIS2_PLACEMENT_3D('',#14310,#14311,#14312);
#14310 = CARTESIAN_POINT('',(-61.81,-29.52489590845,7.921954672845));
#14311 = DIRECTION('',(0.,0.,-1.));
#14312 = DIRECTION('',(0.,-1.,0.));
#14313 = ADVANCED_FACE('',(#14314),#14326,.T.);
#14314 = FACE_BOUND('',#14315,.T.);
#14315 = EDGE_LOOP('',(#14316,#14317,#14318,#14319));
#14316 = ORIENTED_EDGE('',*,*,#14139,.T.);
#14317 = ORIENTED_EDGE('',*,*,#13732,.T.);
#14318 = ORIENTED_EDGE('',*,*,#14293,.F.);
#14319 = ORIENTED_EDGE('',*,*,#14320,.F.);
#14320 = EDGE_CURVE('',#14140,#14294,#14321,.T.);
#14321 = CIRCLE('',#14322,0.155420375979);
#14322 = AXIS2_PLACEMENT_3D('',#14323,#14324,#14325);
#14323 = CARTESIAN_POINT('',(-61.81,-29.50740395768,8.076387586849));
#14324 = DIRECTION('',(-1.,0.,0.));
#14325 = DIRECTION('',(0.,-1.,0.));
#14326 = CYLINDRICAL_SURFACE('',#14327,0.155420375979);
#14327 = AXIS2_PLACEMENT_3D('',#14328,#14329,#14330);
#14328 = CARTESIAN_POINT('',(-61.81,-29.50740395768,8.076387586849));
#14329 = DIRECTION('',(-1.,0.,0.));
#14330 = DIRECTION('',(0.,-1.,0.));
#14331 = ADVANCED_FACE('',(#14332),#14342,.T.);
#14332 = FACE_BOUND('',#14333,.T.);
#14333 = EDGE_LOOP('',(#14334,#14335,#14336,#14337,#14338,#14339,#14340,
    #14341));
#14334 = ORIENTED_EDGE('',*,*,#13929,.F.);
#14335 = ORIENTED_EDGE('',*,*,#13764,.T.);
#14336 = ORIENTED_EDGE('',*,*,#13789,.T.);
#14337 = ORIENTED_EDGE('',*,*,#13813,.T.);
#14338 = ORIENTED_EDGE('',*,*,#13838,.T.);
#14339 = ORIENTED_EDGE('',*,*,#13862,.T.);
#14340 = ORIENTED_EDGE('',*,*,#13887,.T.);
#14341 = ORIENTED_EDGE('',*,*,#13911,.T.);
#14342 = PLANE('',#14343);
#14343 = AXIS2_PLACEMENT_3D('',#14344,#14345,#14346);
#14344 = CARTESIAN_POINT('',(-61.81,-29.5,7.5));
#14345 = DIRECTION('',(-1.,-0.,-0.));
#14346 = DIRECTION('',(0.,0.,-1.));
#14347 = ADVANCED_FACE('',(#14348),#14358,.T.);
#14348 = FACE_BOUND('',#14349,.T.);
#14349 = EDGE_LOOP('',(#14350,#14351,#14352,#14353,#14354,#14355,#14356,
    #14357));
#14350 = ORIENTED_EDGE('',*,*,#14125,.F.);
#14351 = ORIENTED_EDGE('',*,*,#13960,.T.);
#14352 = ORIENTED_EDGE('',*,*,#13985,.T.);
#14353 = ORIENTED_EDGE('',*,*,#14009,.T.);
#14354 = ORIENTED_EDGE('',*,*,#14034,.T.);
#14355 = ORIENTED_EDGE('',*,*,#14058,.T.);
#14356 = ORIENTED_EDGE('',*,*,#14083,.F.);
#14357 = ORIENTED_EDGE('',*,*,#14107,.T.);
#14358 = PLANE('',#14359);
#14359 = AXIS2_PLACEMENT_3D('',#14360,#14361,#14362);
#14360 = CARTESIAN_POINT('',(-61.81,-29.5,7.5));
#14361 = DIRECTION('',(-1.,-0.,-0.));
#14362 = DIRECTION('',(0.,0.,-1.));
#14363 = ADVANCED_FACE('',(#14364),#14374,.T.);
#14364 = FACE_BOUND('',#14365,.T.);
#14365 = EDGE_LOOP('',(#14366,#14367,#14368,#14369,#14370,#14371,#14372,
    #14373));
#14366 = ORIENTED_EDGE('',*,*,#14156,.F.);
#14367 = ORIENTED_EDGE('',*,*,#14320,.T.);
#14368 = ORIENTED_EDGE('',*,*,#14303,.T.);
#14369 = ORIENTED_EDGE('',*,*,#14278,.T.);
#14370 = ORIENTED_EDGE('',*,*,#14254,.T.);
#14371 = ORIENTED_EDGE('',*,*,#14229,.T.);
#14372 = ORIENTED_EDGE('',*,*,#14205,.F.);
#14373 = ORIENTED_EDGE('',*,*,#14180,.T.);
#14374 = PLANE('',#14375);
#14375 = AXIS2_PLACEMENT_3D('',#14376,#14377,#14378);
#14376 = CARTESIAN_POINT('',(-61.81,-29.5,7.5));
#14377 = DIRECTION('',(-1.,-0.,-0.));
#14378 = DIRECTION('',(0.,0.,-1.));
#14379 = ( GEOMETRIC_REPRESENTATION_CONTEXT(3) 
GLOBAL_UNCERTAINTY_ASSIGNED_CONTEXT((#14383)) 
GLOBAL_UNIT_ASSIGNED_CONTEXT((#14380,#14381,#14382)) 
REPRESENTATION_CONTEXT('Context #1',
  '3D Context with UNIT and UNCERTAINTY') );
#14380 = ( LENGTH_UNIT() NAMED_UNIT(*) SI_UNIT(.MILLI.,.METRE.) );
#14381 = ( NAMED_UNIT(*) PLANE_ANGLE_UNIT() SI_UNIT($,.RADIAN.) );
#14382 = ( NAMED_UNIT(*) SI_UNIT($,.STERADIAN.) SOLID_ANGLE_UNIT() );
#14383 = UNCERTAINTY_MEASURE_WITH_UNIT(LENGTH_MEASURE(1.E-07),#14380,
  'distance_accuracy_value','confusion accuracy');
#14384 = CONTEXT_DEPENDENT_SHAPE_REPRESENTATION(#14385,#14387);
#14385 = ( REPRESENTATION_RELATIONSHIP('','',#8501,#10) 
REPRESENTATION_RELATIONSHIP_WITH_TRANSFORMATION(#14386) 
SHAPE_REPRESENTATION_RELATIONSHIP() );
#14386 = ITEM_DEFINED_TRANSFORMATION('','',#11,#19);
#14387 = PRODUCT_DEFINITION_SHAPE('Placement','Placement of an item',
  #14388);
#14388 = NEXT_ASSEMBLY_USAGE_OCCURRENCE('4','BlueSCSI Logo','',#5,#8496,
  $);
#14389 = PRODUCT_RELATED_PRODUCT_CATEGORY('part',$,(#8498));
#14390 = MECHANICAL_DESIGN_GEOMETRIC_PRESENTATION_REPRESENTATION('',(
    #14391),#8483);
#14391 = STYLED_ITEM('color',(#14392),#37);
#14392 = PRESENTATION_STYLE_ASSIGNMENT((#14393,#14399));
#14393 = SURFACE_STYLE_USAGE(.BOTH.,#14394);
#14394 = SURFACE_SIDE_STYLE('',(#14395));
#14395 = SURFACE_STYLE_FILL_AREA(#14396);
#14396 = FILL_AREA_STYLE('',(#14397));
#14397 = FILL_AREA_STYLE_COLOUR('',#14398);
#14398 = COLOUR_RGB('',0.741176476869,0.741176476869,0.654901979974);
#14399 = CURVE_STYLE('',#14400,POSITIVE_LENGTH_MEASURE(0.1),#14401);
#14400 = DRAUGHTING_PRE_DEFINED_CURVE_FONT('continuous');
#14401 = COLOUR_RGB('',9.803921802644E-02,9.803921802644E-02,
  9.803921802644E-02);
#14402 = MECHANICAL_DESIGN_GEOMETRIC_PRESENTATION_REPRESENTATION('',(
    #14403),#14379);
#14403 = STYLED_ITEM('color',(#14404),#8502);
#14404 = PRESENTATION_STYLE_ASSIGNMENT((#14405,#14410));
#14405 = SURFACE_STYLE_USAGE(.BOTH.,#14406);
#14406 = SURFACE_SIDE_STYLE('',(#14407));
#14407 = SURFACE_STYLE_FILL_AREA(#14408);
#14408 = FILL_AREA_STYLE('',(#14409));
#14409 = FILL_AREA_STYLE_COLOUR('',#14398);
#14410 = CURVE_STYLE('',#14411,POSITIVE_LENGTH_MEASURE(0.1),#14401);
#14411 = DRAUGHTING_PRE_DEFINED_CURVE_FONT('continuous');
ENDSEC;
END-ISO-10303-21;
