ISO-10303-21;
HEADER;
FILE_DESCRIPTION(('FreeCAD Model'),'2;1');
FILE_NAME('Open CASCADE Shape Model','2026-06-10T17:48:54',(''),(''),
  'Open CASCADE STEP processor 7.8','FreeCAD','Unknown');
FILE_SCHEMA(('AUTOMOTIVE_DESIGN { 1 0 10303 214 1 1 1 1 }'));
ENDSEC;
DATA;
#1 = APPLICATION_PROTOCOL_DEFINITION('international standard',
  'automotive_design',2000,#2);
#2 = APPLICATION_CONTEXT(
  'core data for automotive mechanical design processes');
#3 = SHAPE_DEFINITION_REPRESENTATION(#4,#10);
#4 = PRODUCT_DEFINITION_SHAPE('','',#5);
#5 = PRODUCT_DEFINITION('design','',#6,#9);
#6 = PRODUCT_DEFINITION_FORMATION('','',#7);
#7 = PRODUCT('PicoIDE_3_5_Enclosure','PicoIDE_3_5_Enclosure','',(#8));
#8 = PRODUCT_CONTEXT('',#2,'mechanical');
#9 = PRODUCT_DEFINITION_CONTEXT('part definition',#2,'design');
#10 = SHAPE_REPRESENTATION('',(#11,#15,#19),#23);
#11 = AXIS2_PLACEMENT_3D('',#12,#13,#14);
#12 = CARTESIAN_POINT('',(0.,0.,0.));
#13 = DIRECTION('',(0.,0.,1.));
#14 = DIRECTION('',(1.,0.,-0.));
#15 = AXIS2_PLACEMENT_3D('',#16,#17,#18);
#16 = CARTESIAN_POINT('',(0.,0.,0.));
#17 = DIRECTION('',(0.,0.,1.));
#18 = DIRECTION('',(1.,0.,0.));
#19 = AXIS2_PLACEMENT_3D('',#20,#21,#22);
#20 = CARTESIAN_POINT('',(0.,0.,0.));
#21 = DIRECTION('',(0.,0.,1.));
#22 = DIRECTION('',(1.,0.,0.));
#23 = ( GEOMETRIC_REPRESENTATION_CONTEXT(3) 
GLOBAL_UNCERTAINTY_ASSIGNED_CONTEXT((#27)) GLOBAL_UNIT_ASSIGNED_CONTEXT(
(#24,#25,#26)) REPRESENTATION_CONTEXT('Context #1',
  '3D Context with UNIT and UNCERTAINTY') );
#24 = ( LENGTH_UNIT() NAMED_UNIT(*) SI_UNIT(.MILLI.,.METRE.) );
#25 = ( NAMED_UNIT(*) PLANE_ANGLE_UNIT() SI_UNIT($,.RADIAN.) );
#26 = ( NAMED_UNIT(*) SI_UNIT($,.STERADIAN.) SOLID_ANGLE_UNIT() );
#27 = UNCERTAINTY_MEASURE_WITH_UNIT(LENGTH_MEASURE(1.E-04),#24,
  'distance_accuracy_value','confusion accuracy');
#28 = PRODUCT_RELATED_PRODUCT_CATEGORY('part',$,(#7));
#29 = SHAPE_DEFINITION_REPRESENTATION(#30,#36);
#30 = PRODUCT_DEFINITION_SHAPE('','',#31);
#31 = PRODUCT_DEFINITION('design','',#32,#35);
#32 = PRODUCT_DEFINITION_FORMATION('','',#33);
#33 = PRODUCT('PicoIDE Enclosure','PicoIDE Enclosure','',(#34));
#34 = PRODUCT_CONTEXT('',#2,'mechanical');
#35 = PRODUCT_DEFINITION_CONTEXT('part definition',#2,'design');
#36 = ADVANCED_BREP_SHAPE_REPRESENTATION('',(#11,#37),#8483);
#37 = MANIFOLD_SOLID_BREP('',#38);
#38 = CLOSED_SHELL('',(#39,#79,#411,#435,#487,#504,#530,#554,#590,#614,
    #1286,#1310,#1335,#1359,#1383,#1405,#1429,#1454,#1478,#1502,#1519,
    #1543,#1579,#1596,#1620,#1645,#1669,#1693,#1715,#1739,#1764,#1788,
    #1812,#1829,#2524,#2548,#2604,#2628,#2645,#2657,#2690,#2703,#2727,
    #3017,#3041,#3093,#3152,#3169,#3193,#3218,#3235,#3259,#3311,#3370,
    #3387,#3411,#3445,#3504,#3521,#3546,#3571,#3583,#3608,#3633,#3675,
    #3691,#3707,#3724,#3766,#3790,#3815,#3840,#3856,#3881,#3905,#3929,
    #3945,#3963,#4005,#4021,#4037,#4054,#4086,#4110,#4126,#4151,#4173,
    #4184,#4226,#4242,#4258,#4275,#4317,#4333,#4357,#4381,#4404,#4415,
    #4457,#4473,#4489,#4506,#4530,#4585,#4601,#4632,#4655,#4703,#4727,
    #4744,#4768,#4785,#4816,#4840,#4864,#4881,#4912,#4936,#4960,#5000,
    #5025,#5072,#5096,#5120,#5137,#5162,#5209,#5233,#5257,#5274,#5292,
    #5323,#5347,#5437,#5461,#5485,#5502,#5526,#5550,#5567,#5584,#5609,
    #5634,#5665,#5689,#5713,#5753,#5778,#5825,#5849,#5873,#5890,#5915,
    #5962,#5986,#6010,#6027,#6045,#6076,#6100,#6124,#6215,#6239,#6263,
    #6280,#6304,#6328,#6345,#6376,#6400,#6424,#6441,#6542,#6610,#6677,
    #6694,#6711,#6728,#6745,#6762,#6779,#6796,#6808,#6831,#6848,#6865,
    #6882,#6899,#6916,#6933,#6950,#6962,#6990,#7007,#7025,#7042,#7059,
    #7071,#7117,#7133,#7149,#7165,#7181,#7197,#7214,#7231,#7248,#7265,
    #7287,#7326,#7348,#7371,#7393,#7417,#7439,#7456,#7592,#7609,#7621,
    #7638,#7650,#7662,#7674,#7686,#7698,#7710,#7730,#7750,#7762,#7774,
    #7786,#7798,#7810,#7823,#7869,#7881,#7897,#7913,#7944,#7968,#7992,
    #8009,#8034,#8059,#8084,#8109,#8134,#8159,#8184,#8209,#8231,#8248,
    #8265,#8277,#8299,#8316,#8333,#8345,#8369,#8393,#8402,#8411,#8420,
    #8429,#8438,#8447,#8456,#8465,#8474));
#39 = ADVANCED_FACE('',(#40),#74,.T.);
#40 = FACE_BOUND('',#41,.T.);
#41 = EDGE_LOOP('',(#42,#52,#60,#68));
#42 = ORIENTED_EDGE('',*,*,#43,.F.);
#43 = EDGE_CURVE('',#44,#46,#48,.T.);
#44 = VERTEX_POINT('',#45);
#45 = CARTESIAN_POINT('',(49.815,-48.75,-1.44));
#46 = VERTEX_POINT('',#47);
#47 = CARTESIAN_POINT('',(49.815,-48.75,-1.45));
#48 = LINE('',#49,#50);
#49 = CARTESIAN_POINT('',(49.815,-48.75,-1.44));
#50 = VECTOR('',#51,1.);
#51 = DIRECTION('',(0.,-2.2E-16,-1.));
#52 = ORIENTED_EDGE('',*,*,#53,.T.);
#53 = EDGE_CURVE('',#44,#54,#56,.T.);
#54 = VERTEX_POINT('',#55);
#55 = CARTESIAN_POINT('',(49.815,-46.95,-1.44));
#56 = LINE('',#57,#58);
#57 = CARTESIAN_POINT('',(49.815,-48.75,-1.44));
#58 = VECTOR('',#59,1.);
#59 = DIRECTION('',(0.,1.,-2.2E-16));
#60 = ORIENTED_EDGE('',*,*,#61,.T.);
#61 = EDGE_CURVE('',#54,#62,#64,.T.);
#62 = VERTEX_POINT('',#63);
#63 = CARTESIAN_POINT('',(49.815,-46.95,-1.45));
#64 = LINE('',#65,#66);
#65 = CARTESIAN_POINT('',(49.815,-46.95,-1.44));
#66 = VECTOR('',#67,1.);
#67 = DIRECTION('',(0.,-2.2E-16,-1.));
#68 = ORIENTED_EDGE('',*,*,#69,.F.);
#69 = EDGE_CURVE('',#46,#62,#70,.T.);
#70 = LINE('',#71,#72);
#71 = CARTESIAN_POINT('',(49.815,-48.75,-1.45));
#72 = VECTOR('',#73,1.);
#73 = DIRECTION('',(0.,1.,0.));
#74 = PLANE('',#75);
#75 = AXIS2_PLACEMENT_3D('',#76,#77,#78);
#76 = CARTESIAN_POINT('',(49.815,-47.85,-3.47));
#77 = DIRECTION('',(-1.,-0.,-0.));
#78 = DIRECTION('',(0.,0.,-1.));
#79 = ADVANCED_FACE('',(#80),#406,.T.);
#80 = FACE_BOUND('',#81,.T.);
#81 = EDGE_LOOP('',(#82,#90,#98,#106,#114,#122,#130,#138,#147,#155,#163,
    #171,#179,#188,#196,#204,#212,#220,#228,#236,#244,#252,#260,#269,
    #277,#285,#293,#301,#310,#318,#326,#334,#342,#350,#358,#366,#374,
    #382,#390,#398,#405));
#82 = ORIENTED_EDGE('',*,*,#83,.F.);
#83 = EDGE_CURVE('',#84,#46,#86,.T.);
#84 = VERTEX_POINT('',#85);
#85 = CARTESIAN_POINT('',(49.8023046875,-48.75,-1.45));
#86 = LINE('',#87,#88);
#87 = CARTESIAN_POINT('',(46.565,-48.75,-1.45));
#88 = VECTOR('',#89,1.);
#89 = DIRECTION('',(1.,0.,0.));
#90 = ORIENTED_EDGE('',*,*,#91,.F.);
#91 = EDGE_CURVE('',#92,#84,#94,.T.);
#92 = VERTEX_POINT('',#93);
#93 = CARTESIAN_POINT('',(46.565,-48.75,-4.));
#94 = LINE('',#95,#96);
#95 = CARTESIAN_POINT('',(36.233471033263,-48.75,-12.13806589379));
#96 = VECTOR('',#97,1.);
#97 = DIRECTION('',(0.785562879526,0.,0.618781837411));
#98 = ORIENTED_EDGE('',*,*,#99,.F.);
#99 = EDGE_CURVE('',#100,#92,#102,.T.);
#100 = VERTEX_POINT('',#101);
#101 = CARTESIAN_POINT('',(46.565,-48.75,-3.));
#102 = LINE('',#103,#104);
#103 = CARTESIAN_POINT('',(46.565,-48.75,0.357713610975));
#104 = VECTOR('',#105,1.);
#105 = DIRECTION('',(0.,0.,-1.));
#106 = ORIENTED_EDGE('',*,*,#107,.F.);
#107 = EDGE_CURVE('',#108,#100,#110,.T.);
#108 = VERTEX_POINT('',#109);
#109 = CARTESIAN_POINT('',(39.815,-48.75,-3.));
#110 = LINE('',#111,#112);
#111 = CARTESIAN_POINT('',(39.815,-48.75,-3.));
#112 = VECTOR('',#113,1.);
#113 = DIRECTION('',(1.,0.,0.));
#114 = ORIENTED_EDGE('',*,*,#115,.F.);
#115 = EDGE_CURVE('',#116,#108,#118,.T.);
#116 = VERTEX_POINT('',#117);
#117 = CARTESIAN_POINT('',(39.815,-48.75,-4.));
#118 = LINE('',#119,#120);
#119 = CARTESIAN_POINT('',(39.815,-48.75,-5.5));
#120 = VECTOR('',#121,1.);
#121 = DIRECTION('',(0.,0.,1.));
#122 = ORIENTED_EDGE('',*,*,#123,.F.);
#123 = EDGE_CURVE('',#124,#116,#126,.T.);
#124 = VERTEX_POINT('',#125);
#125 = CARTESIAN_POINT('',(26.565,-48.75,-4.));
#126 = LINE('',#127,#128);
#127 = CARTESIAN_POINT('',(-57.81,-48.75,-4.));
#128 = VECTOR('',#129,1.);
#129 = DIRECTION('',(1.,0.,0.));
#130 = ORIENTED_EDGE('',*,*,#131,.F.);
#131 = EDGE_CURVE('',#132,#124,#134,.T.);
#132 = VERTEX_POINT('',#133);
#133 = CARTESIAN_POINT('',(26.565,-48.75,-1.44));
#134 = LINE('',#135,#136);
#135 = CARTESIAN_POINT('',(26.565,-48.75,-4.));
#136 = VECTOR('',#137,1.);
#137 = DIRECTION('',(-0.,-0.,-1.));
#138 = ORIENTED_EDGE('',*,*,#139,.F.);
#139 = EDGE_CURVE('',#140,#132,#142,.T.);
#140 = VERTEX_POINT('',#141);
#141 = CARTESIAN_POINT('',(19.815,-48.75,-1.44));
#142 = CIRCLE('',#143,3.375);
#143 = AXIS2_PLACEMENT_3D('',#144,#145,#146);
#144 = CARTESIAN_POINT('',(23.19,-48.75,-1.44));
#145 = DIRECTION('',(0.,1.,-0.));
#146 = DIRECTION('',(-1.,0.,0.));
#147 = ORIENTED_EDGE('',*,*,#148,.T.);
#148 = EDGE_CURVE('',#140,#149,#151,.T.);
#149 = VERTEX_POINT('',#150);
#150 = CARTESIAN_POINT('',(19.815,-48.75,-1.45));
#151 = LINE('',#152,#153);
#152 = CARTESIAN_POINT('',(19.815,-48.75,-1.44));
#153 = VECTOR('',#154,1.);
#154 = DIRECTION('',(0.,-2.2E-16,-1.));
#155 = ORIENTED_EDGE('',*,*,#156,.F.);
#156 = EDGE_CURVE('',#157,#149,#159,.T.);
#157 = VERTEX_POINT('',#158);
#158 = CARTESIAN_POINT('',(19.79921875,-48.75,-1.45));
#159 = LINE('',#160,#161);
#160 = CARTESIAN_POINT('',(15.775,-48.75,-1.45));
#161 = VECTOR('',#162,1.);
#162 = DIRECTION('',(1.,0.,0.));
#163 = ORIENTED_EDGE('',*,*,#164,.T.);
#164 = EDGE_CURVE('',#157,#165,#167,.T.);
#165 = VERTEX_POINT('',#166);
#166 = CARTESIAN_POINT('',(15.775,-48.75,-4.));
#167 = LINE('',#168,#169);
#168 = CARTESIAN_POINT('',(12.456281536174,-48.75,-6.102950313712));
#169 = VECTOR('',#170,1.);
#170 = DIRECTION('',(-0.84469303892,0.,-0.535251034563));
#171 = ORIENTED_EDGE('',*,*,#172,.T.);
#172 = EDGE_CURVE('',#165,#173,#175,.T.);
#173 = VERTEX_POINT('',#174);
#174 = CARTESIAN_POINT('',(15.775,-48.75,-1.44));
#175 = LINE('',#176,#177);
#176 = CARTESIAN_POINT('',(15.775,-48.75,1.637713610975));
#177 = VECTOR('',#178,1.);
#178 = DIRECTION('',(0.,0.,1.));
#179 = ORIENTED_EDGE('',*,*,#180,.F.);
#180 = EDGE_CURVE('',#181,#173,#183,.T.);
#181 = VERTEX_POINT('',#182);
#182 = CARTESIAN_POINT('',(9.025,-48.75,-1.44));
#183 = CIRCLE('',#184,3.375);
#184 = AXIS2_PLACEMENT_3D('',#185,#186,#187);
#185 = CARTESIAN_POINT('',(12.4,-48.75,-1.44));
#186 = DIRECTION('',(0.,1.,-0.));
#187 = DIRECTION('',(-1.,0.,0.));
#188 = ORIENTED_EDGE('',*,*,#189,.F.);
#189 = EDGE_CURVE('',#190,#181,#192,.T.);
#190 = VERTEX_POINT('',#191);
#191 = CARTESIAN_POINT('',(9.025,-48.75,-1.45));
#192 = LINE('',#193,#194);
#193 = CARTESIAN_POINT('',(9.025,-48.75,-4.));
#194 = VECTOR('',#195,1.);
#195 = DIRECTION('',(0.,2.2E-16,1.));
#196 = ORIENTED_EDGE('',*,*,#197,.F.);
#197 = EDGE_CURVE('',#198,#190,#200,.T.);
#198 = VERTEX_POINT('',#199);
#199 = CARTESIAN_POINT('',(9.00921875,-48.75,-1.45));
#200 = LINE('',#201,#202);
#201 = CARTESIAN_POINT('',(4.985,-48.75,-1.45));
#202 = VECTOR('',#203,1.);
#203 = DIRECTION('',(1.,0.,0.));
#204 = ORIENTED_EDGE('',*,*,#205,.T.);
#205 = EDGE_CURVE('',#198,#206,#208,.T.);
#206 = VERTEX_POINT('',#207);
#207 = CARTESIAN_POINT('',(4.985,-48.75,-4.));
#208 = LINE('',#209,#210);
#209 = CARTESIAN_POINT('',(5.51564818652,-48.75,-3.663747683789));
#210 = VECTOR('',#211,1.);
#211 = DIRECTION('',(-0.84469303892,0.,-0.535251034563));
#212 = ORIENTED_EDGE('',*,*,#213,.F.);
#213 = EDGE_CURVE('',#214,#206,#216,.T.);
#214 = VERTEX_POINT('',#215);
#215 = CARTESIAN_POINT('',(-23.435,-48.75,-4.));
#216 = LINE('',#217,#218);
#217 = CARTESIAN_POINT('',(-57.81,-48.75,-4.));
#218 = VECTOR('',#219,1.);
#219 = DIRECTION('',(1.,0.,0.));
#220 = ORIENTED_EDGE('',*,*,#221,.T.);
#221 = EDGE_CURVE('',#214,#222,#224,.T.);
#222 = VERTEX_POINT('',#223);
#223 = CARTESIAN_POINT('',(-23.435,-48.75,-3.));
#224 = LINE('',#225,#226);
#225 = CARTESIAN_POINT('',(-23.435,-48.75,-5.5));
#226 = VECTOR('',#227,1.);
#227 = DIRECTION('',(0.,0.,1.));
#228 = ORIENTED_EDGE('',*,*,#229,.F.);
#229 = EDGE_CURVE('',#230,#222,#232,.T.);
#230 = VERTEX_POINT('',#231);
#231 = CARTESIAN_POINT('',(-30.185,-48.75,-3.));
#232 = LINE('',#233,#234);
#233 = CARTESIAN_POINT('',(-30.185,-48.75,-3.));
#234 = VECTOR('',#235,1.);
#235 = DIRECTION('',(1.,0.,0.));
#236 = ORIENTED_EDGE('',*,*,#237,.F.);
#237 = EDGE_CURVE('',#238,#230,#240,.T.);
#238 = VERTEX_POINT('',#239);
#239 = CARTESIAN_POINT('',(-30.185,-48.75,-4.));
#240 = LINE('',#241,#242);
#241 = CARTESIAN_POINT('',(-30.185,-48.75,-5.5));
#242 = VECTOR('',#243,1.);
#243 = DIRECTION('',(0.,0.,1.));
#244 = ORIENTED_EDGE('',*,*,#245,.F.);
#245 = EDGE_CURVE('',#246,#238,#248,.T.);
#246 = VERTEX_POINT('',#247);
#247 = CARTESIAN_POINT('',(-33.435,-48.75,-4.));
#248 = LINE('',#249,#250);
#249 = CARTESIAN_POINT('',(-57.81,-48.75,-4.));
#250 = VECTOR('',#251,1.);
#251 = DIRECTION('',(1.,0.,0.));
#252 = ORIENTED_EDGE('',*,*,#253,.F.);
#253 = EDGE_CURVE('',#254,#246,#256,.T.);
#254 = VERTEX_POINT('',#255);
#255 = CARTESIAN_POINT('',(-33.435,-48.75,-1.44));
#256 = LINE('',#257,#258);
#257 = CARTESIAN_POINT('',(-33.435,-48.75,-4.));
#258 = VECTOR('',#259,1.);
#259 = DIRECTION('',(-0.,-0.,-1.));
#260 = ORIENTED_EDGE('',*,*,#261,.F.);
#261 = EDGE_CURVE('',#262,#254,#264,.T.);
#262 = VERTEX_POINT('',#263);
#263 = CARTESIAN_POINT('',(-40.185,-48.75,-1.44));
#264 = CIRCLE('',#265,3.375);
#265 = AXIS2_PLACEMENT_3D('',#266,#267,#268);
#266 = CARTESIAN_POINT('',(-36.81,-48.75,-1.44));
#267 = DIRECTION('',(0.,1.,-0.));
#268 = DIRECTION('',(-1.,0.,0.));
#269 = ORIENTED_EDGE('',*,*,#270,.T.);
#270 = EDGE_CURVE('',#262,#271,#273,.T.);
#271 = VERTEX_POINT('',#272);
#272 = CARTESIAN_POINT('',(-40.185,-48.75,-1.45));
#273 = LINE('',#274,#275);
#274 = CARTESIAN_POINT('',(-40.185,-48.75,-1.44));
#275 = VECTOR('',#276,1.);
#276 = DIRECTION('',(0.,-2.2E-16,-1.));
#277 = ORIENTED_EDGE('',*,*,#278,.F.);
#278 = EDGE_CURVE('',#279,#271,#281,.T.);
#279 = VERTEX_POINT('',#280);
#280 = CARTESIAN_POINT('',(-40.20078125,-48.75,-1.45));
#281 = LINE('',#282,#283);
#282 = CARTESIAN_POINT('',(-44.225,-48.75,-1.45));
#283 = VECTOR('',#284,1.);
#284 = DIRECTION('',(1.,0.,0.));
#285 = ORIENTED_EDGE('',*,*,#286,.T.);
#286 = EDGE_CURVE('',#279,#287,#289,.T.);
#287 = VERTEX_POINT('',#288);
#288 = CARTESIAN_POINT('',(-44.225,-48.75,-4.));
#289 = LINE('',#290,#291);
#290 = CARTESIAN_POINT('',(-26.13852856384,-48.75,7.460734375384));
#291 = VECTOR('',#292,1.);
#292 = DIRECTION('',(-0.84469303892,0.,-0.535251034563));
#293 = ORIENTED_EDGE('',*,*,#294,.T.);
#294 = EDGE_CURVE('',#287,#295,#297,.T.);
#295 = VERTEX_POINT('',#296);
#296 = CARTESIAN_POINT('',(-44.225,-48.75,-1.44));
#297 = LINE('',#298,#299);
#298 = CARTESIAN_POINT('',(-44.225,-48.75,1.637713610975));
#299 = VECTOR('',#300,1.);
#300 = DIRECTION('',(0.,0.,1.));
#301 = ORIENTED_EDGE('',*,*,#302,.F.);
#302 = EDGE_CURVE('',#303,#295,#305,.T.);
#303 = VERTEX_POINT('',#304);
#304 = CARTESIAN_POINT('',(-50.975,-48.75,-1.44));
#305 = CIRCLE('',#306,3.375);
#306 = AXIS2_PLACEMENT_3D('',#307,#308,#309);
#307 = CARTESIAN_POINT('',(-47.6,-48.75,-1.44));
#308 = DIRECTION('',(0.,1.,-0.));
#309 = DIRECTION('',(-1.,0.,0.));
#310 = ORIENTED_EDGE('',*,*,#311,.F.);
#311 = EDGE_CURVE('',#312,#303,#314,.T.);
#312 = VERTEX_POINT('',#313);
#313 = CARTESIAN_POINT('',(-50.975,-48.75,-1.45));
#314 = LINE('',#315,#316);
#315 = CARTESIAN_POINT('',(-50.975,-48.75,-4.));
#316 = VECTOR('',#317,1.);
#317 = DIRECTION('',(0.,2.2E-16,1.));
#318 = ORIENTED_EDGE('',*,*,#319,.F.);
#319 = EDGE_CURVE('',#320,#312,#322,.T.);
#320 = VERTEX_POINT('',#321);
#321 = CARTESIAN_POINT('',(-50.99078125,-48.75,-1.45));
#322 = LINE('',#323,#324);
#323 = CARTESIAN_POINT('',(-55.015,-48.75,-1.45));
#324 = VECTOR('',#325,1.);
#325 = DIRECTION('',(1.,0.,0.));
#326 = ORIENTED_EDGE('',*,*,#327,.T.);
#327 = EDGE_CURVE('',#320,#328,#330,.T.);
#328 = VERTEX_POINT('',#329);
#329 = CARTESIAN_POINT('',(-55.015,-48.75,-4.));
#330 = LINE('',#331,#332);
#331 = CARTESIAN_POINT('',(-33.0791619135,-48.75,9.899937005306));
#332 = VECTOR('',#333,1.);
#333 = DIRECTION('',(-0.84469303892,0.,-0.535251034563));
#334 = ORIENTED_EDGE('',*,*,#335,.F.);
#335 = EDGE_CURVE('',#336,#328,#338,.T.);
#336 = VERTEX_POINT('',#337);
#337 = CARTESIAN_POINT('',(-57.81,-48.75,-4.));
#338 = LINE('',#339,#340);
#339 = CARTESIAN_POINT('',(-57.81,-48.75,-4.));
#340 = VECTOR('',#341,1.);
#341 = DIRECTION('',(1.,0.,0.));
#342 = ORIENTED_EDGE('',*,*,#343,.F.);
#343 = EDGE_CURVE('',#344,#336,#346,.T.);
#344 = VERTEX_POINT('',#345);
#345 = CARTESIAN_POINT('',(-57.81,-48.75,16.31));
#346 = LINE('',#347,#348);
#347 = CARTESIAN_POINT('',(-57.81,-48.75,-4.));
#348 = VECTOR('',#349,1.);
#349 = DIRECTION('',(-0.,-0.,-1.));
#350 = ORIENTED_EDGE('',*,*,#351,.T.);
#351 = EDGE_CURVE('',#344,#352,#354,.T.);
#352 = VERTEX_POINT('',#353);
#353 = CARTESIAN_POINT('',(59.8,-48.75,16.31));
#354 = LINE('',#355,#356);
#355 = CARTESIAN_POINT('',(-57.81,-48.75,16.31));
#356 = VECTOR('',#357,1.);
#357 = DIRECTION('',(1.,0.,0.));
#358 = ORIENTED_EDGE('',*,*,#359,.F.);
#359 = EDGE_CURVE('',#360,#352,#362,.T.);
#360 = VERTEX_POINT('',#361);
#361 = CARTESIAN_POINT('',(59.8,-48.75,0.));
#362 = LINE('',#363,#364);
#363 = CARTESIAN_POINT('',(59.8,-48.75,-4.));
#364 = VECTOR('',#365,1.);
#365 = DIRECTION('',(0.,0.,1.));
#366 = ORIENTED_EDGE('',*,*,#367,.F.);
#367 = EDGE_CURVE('',#368,#360,#370,.T.);
#368 = VERTEX_POINT('',#369);
#369 = CARTESIAN_POINT('',(58.3,-48.75,0.));
#370 = LINE('',#371,#372);
#371 = CARTESIAN_POINT('',(29.15,-48.75,0.));
#372 = VECTOR('',#373,1.);
#373 = DIRECTION('',(1.,0.,0.));
#374 = ORIENTED_EDGE('',*,*,#375,.F.);
#375 = EDGE_CURVE('',#376,#368,#378,.T.);
#376 = VERTEX_POINT('',#377);
#377 = CARTESIAN_POINT('',(58.3,-48.75,-4.));
#378 = LINE('',#379,#380);
#379 = CARTESIAN_POINT('',(58.3,-48.75,-4.));
#380 = VECTOR('',#381,1.);
#381 = DIRECTION('',(0.,0.,1.));
#382 = ORIENTED_EDGE('',*,*,#383,.F.);
#383 = EDGE_CURVE('',#384,#376,#386,.T.);
#384 = VERTEX_POINT('',#385);
#385 = CARTESIAN_POINT('',(56.565,-48.75,-4.));
#386 = LINE('',#387,#388);
#387 = CARTESIAN_POINT('',(-57.81,-48.75,-4.));
#388 = VECTOR('',#389,1.);
#389 = DIRECTION('',(1.,0.,0.));
#390 = ORIENTED_EDGE('',*,*,#391,.F.);
#391 = EDGE_CURVE('',#392,#384,#394,.T.);
#392 = VERTEX_POINT('',#393);
#393 = CARTESIAN_POINT('',(56.565,-48.75,-1.44));
#394 = LINE('',#395,#396);
#395 = CARTESIAN_POINT('',(56.565,-48.75,-4.));
#396 = VECTOR('',#397,1.);
#397 = DIRECTION('',(-0.,-0.,-1.));
#398 = ORIENTED_EDGE('',*,*,#399,.F.);
#399 = EDGE_CURVE('',#44,#392,#400,.T.);
#400 = CIRCLE('',#401,3.375);
#401 = AXIS2_PLACEMENT_3D('',#402,#403,#404);
#402 = CARTESIAN_POINT('',(53.19,-48.75,-1.44));
#403 = DIRECTION('',(0.,1.,-0.));
#404 = DIRECTION('',(-1.,0.,0.));
#405 = ORIENTED_EDGE('',*,*,#43,.T.);
#406 = PLANE('',#407);
#407 = AXIS2_PLACEMENT_3D('',#408,#409,#410);
#408 = CARTESIAN_POINT('',(1.15089163922,-48.75,5.88218018286));
#409 = DIRECTION('',(0.,1.,0.));
#410 = DIRECTION('',(0.,0.,1.));
#411 = ADVANCED_FACE('',(#412),#430,.T.);
#412 = FACE_BOUND('',#413,.T.);
#413 = EDGE_LOOP('',(#414,#422,#423,#424));
#414 = ORIENTED_EDGE('',*,*,#415,.F.);
#415 = EDGE_CURVE('',#84,#416,#418,.T.);
#416 = VERTEX_POINT('',#417);
#417 = CARTESIAN_POINT('',(49.8023046875,-46.95,-1.45));
#418 = LINE('',#419,#420);
#419 = CARTESIAN_POINT('',(49.8023046875,-23.47499999999,-1.45));
#420 = VECTOR('',#421,1.);
#421 = DIRECTION('',(2.818925648462E-16,1.,0.));
#422 = ORIENTED_EDGE('',*,*,#83,.T.);
#423 = ORIENTED_EDGE('',*,*,#69,.T.);
#424 = ORIENTED_EDGE('',*,*,#425,.F.);
#425 = EDGE_CURVE('',#416,#62,#426,.T.);
#426 = LINE('',#427,#428);
#427 = CARTESIAN_POINT('',(46.565,-46.95,-1.45));
#428 = VECTOR('',#429,1.);
#429 = DIRECTION('',(1.,0.,0.));
#430 = PLANE('',#431);
#431 = AXIS2_PLACEMENT_3D('',#432,#433,#434);
#432 = CARTESIAN_POINT('',(-5.905543822566,1.334874953739E-11,-1.45));
#433 = DIRECTION('',(0.,0.,1.));
#434 = DIRECTION('',(1.,0.,0.));
#435 = ADVANCED_FACE('',(#436,#471),#482,.T.);
#436 = FACE_BOUND('',#437,.T.);
#437 = EDGE_LOOP('',(#438,#439,#448,#456,#464,#470));
#438 = ORIENTED_EDGE('',*,*,#61,.F.);
#439 = ORIENTED_EDGE('',*,*,#440,.T.);
#440 = EDGE_CURVE('',#54,#441,#443,.T.);
#441 = VERTEX_POINT('',#442);
#442 = CARTESIAN_POINT('',(56.565,-46.95,-1.44));
#443 = CIRCLE('',#444,3.375);
#444 = AXIS2_PLACEMENT_3D('',#445,#446,#447);
#445 = CARTESIAN_POINT('',(53.19,-46.95,-1.44));
#446 = DIRECTION('',(0.,1.,-0.));
#447 = DIRECTION('',(-1.,0.,0.));
#448 = ORIENTED_EDGE('',*,*,#449,.T.);
#449 = EDGE_CURVE('',#441,#450,#452,.T.);
#450 = VERTEX_POINT('',#451);
#451 = CARTESIAN_POINT('',(56.565,-46.95,-4.));
#452 = LINE('',#453,#454);
#453 = CARTESIAN_POINT('',(56.565,-46.95,-4.));
#454 = VECTOR('',#455,1.);
#455 = DIRECTION('',(-0.,-0.,-1.));
#456 = ORIENTED_EDGE('',*,*,#457,.F.);
#457 = EDGE_CURVE('',#458,#450,#460,.T.);
#458 = VERTEX_POINT('',#459);
#459 = CARTESIAN_POINT('',(46.565,-46.95,-4.));
#460 = LINE('',#461,#462);
#461 = CARTESIAN_POINT('',(46.565,-46.95,-4.));
#462 = VECTOR('',#463,1.);
#463 = DIRECTION('',(1.,0.,0.));
#464 = ORIENTED_EDGE('',*,*,#465,.F.);
#465 = EDGE_CURVE('',#416,#458,#466,.T.);
#466 = LINE('',#467,#468);
#467 = CARTESIAN_POINT('',(49.815,-46.95,-1.44));
#468 = VECTOR('',#469,1.);
#469 = DIRECTION('',(-0.785562879526,-1.373971686228E-16,-0.618781837411
    ));
#470 = ORIENTED_EDGE('',*,*,#425,.T.);
#471 = FACE_BOUND('',#472,.T.);
#472 = EDGE_LOOP('',(#473));
#473 = ORIENTED_EDGE('',*,*,#474,.F.);
#474 = EDGE_CURVE('',#475,#475,#477,.T.);
#475 = VERTEX_POINT('',#476);
#476 = CARTESIAN_POINT('',(51.815,-46.95,-1.44));
#477 = CIRCLE('',#478,1.375);
#478 = AXIS2_PLACEMENT_3D('',#479,#480,#481);
#479 = CARTESIAN_POINT('',(53.19,-46.95,-1.44));
#480 = DIRECTION('',(0.,1.,-2.2E-16));
#481 = DIRECTION('',(-1.,0.,0.));
#482 = PLANE('',#483);
#483 = AXIS2_PLACEMENT_3D('',#484,#485,#486);
#484 = CARTESIAN_POINT('',(51.758608527812,-46.95,-1.87716296789));
#485 = DIRECTION('',(0.,1.,0.));
#486 = DIRECTION('',(0.,0.,1.));
#487 = ADVANCED_FACE('',(#488),#499,.T.);
#488 = FACE_BOUND('',#489,.F.);
#489 = EDGE_LOOP('',(#490,#491,#492,#498));
#490 = ORIENTED_EDGE('',*,*,#53,.T.);
#491 = ORIENTED_EDGE('',*,*,#440,.T.);
#492 = ORIENTED_EDGE('',*,*,#493,.F.);
#493 = EDGE_CURVE('',#392,#441,#494,.T.);
#494 = LINE('',#495,#496);
#495 = CARTESIAN_POINT('',(56.565,-48.75,-1.44));
#496 = VECTOR('',#497,1.);
#497 = DIRECTION('',(0.,1.,-2.2E-16));
#498 = ORIENTED_EDGE('',*,*,#399,.F.);
#499 = CYLINDRICAL_SURFACE('',#500,3.375);
#500 = AXIS2_PLACEMENT_3D('',#501,#502,#503);
#501 = CARTESIAN_POINT('',(53.19,-48.75,-1.44));
#502 = DIRECTION('',(0.,-1.,2.2E-16));
#503 = DIRECTION('',(-1.,0.,0.));
#504 = ADVANCED_FACE('',(#505),#525,.F.);
#505 = FACE_BOUND('',#506,.F.);
#506 = EDGE_LOOP('',(#507,#508,#509,#510,#518));
#507 = ORIENTED_EDGE('',*,*,#465,.F.);
#508 = ORIENTED_EDGE('',*,*,#415,.F.);
#509 = ORIENTED_EDGE('',*,*,#91,.F.);
#510 = ORIENTED_EDGE('',*,*,#511,.F.);
#511 = EDGE_CURVE('',#512,#92,#514,.T.);
#512 = VERTEX_POINT('',#513);
#513 = CARTESIAN_POINT('',(46.565,-47.,-4.));
#514 = LINE('',#515,#516);
#515 = CARTESIAN_POINT('',(46.565,-46.95,-4.));
#516 = VECTOR('',#517,1.);
#517 = DIRECTION('',(0.,-1.,2.22044604925E-16));
#518 = ORIENTED_EDGE('',*,*,#519,.T.);
#519 = EDGE_CURVE('',#512,#458,#520,.T.);
#520 = CIRCLE('',#521,3.375);
#521 = AXIS2_PLACEMENT_3D('',#522,#523,#524);
#522 = CARTESIAN_POINT('',(43.19,-47.,-4.));
#523 = DIRECTION('',(0.,0.,1.));
#524 = DIRECTION('',(1.,0.,0.));
#525 = PLANE('',#526);
#526 = AXIS2_PLACEMENT_3D('',#527,#528,#529);
#527 = CARTESIAN_POINT('',(49.815,-46.95,-1.44));
#528 = DIRECTION('',(0.618781837411,-1.744299992282E-16,-0.785562879526)
  );
#529 = DIRECTION('',(-0.785562879526,-1.373971686228E-16,-0.618781837411
    ));
#530 = ADVANCED_FACE('',(#531),#549,.F.);
#531 = FACE_BOUND('',#532,.F.);
#532 = EDGE_LOOP('',(#533,#541,#542,#543));
#533 = ORIENTED_EDGE('',*,*,#534,.F.);
#534 = EDGE_CURVE('',#512,#535,#537,.T.);
#535 = VERTEX_POINT('',#536);
#536 = CARTESIAN_POINT('',(46.565,-47.,-3.));
#537 = LINE('',#538,#539);
#538 = CARTESIAN_POINT('',(46.565,-47.,-5.5));
#539 = VECTOR('',#540,1.);
#540 = DIRECTION('',(0.,0.,1.));
#541 = ORIENTED_EDGE('',*,*,#511,.T.);
#542 = ORIENTED_EDGE('',*,*,#99,.F.);
#543 = ORIENTED_EDGE('',*,*,#544,.F.);
#544 = EDGE_CURVE('',#535,#100,#545,.T.);
#545 = LINE('',#546,#547);
#546 = CARTESIAN_POINT('',(46.565,-47.,-3.));
#547 = VECTOR('',#548,1.);
#548 = DIRECTION('',(0.,-1.,0.));
#549 = PLANE('',#550);
#550 = AXIS2_PLACEMENT_3D('',#551,#552,#553);
#551 = CARTESIAN_POINT('',(46.565,-46.95,-4.));
#552 = DIRECTION('',(-1.,0.,0.));
#553 = DIRECTION('',(0.,2.22044604925E-16,1.));
#554 = ADVANCED_FACE('',(#555,#574),#585,.T.);
#555 = FACE_BOUND('',#556,.F.);
#556 = EDGE_LOOP('',(#557,#558,#559,#567));
#557 = ORIENTED_EDGE('',*,*,#544,.T.);
#558 = ORIENTED_EDGE('',*,*,#107,.F.);
#559 = ORIENTED_EDGE('',*,*,#560,.F.);
#560 = EDGE_CURVE('',#561,#108,#563,.T.);
#561 = VERTEX_POINT('',#562);
#562 = CARTESIAN_POINT('',(39.815,-47.,-3.));
#563 = LINE('',#564,#565);
#564 = CARTESIAN_POINT('',(39.815,-47.,-3.));
#565 = VECTOR('',#566,1.);
#566 = DIRECTION('',(0.,-1.,0.));
#567 = ORIENTED_EDGE('',*,*,#568,.F.);
#568 = EDGE_CURVE('',#535,#561,#569,.T.);
#569 = CIRCLE('',#570,3.375);
#570 = AXIS2_PLACEMENT_3D('',#571,#572,#573);
#571 = CARTESIAN_POINT('',(43.19,-47.,-3.));
#572 = DIRECTION('',(0.,0.,1.));
#573 = DIRECTION('',(1.,0.,0.));
#574 = FACE_BOUND('',#575,.F.);
#575 = EDGE_LOOP('',(#576));
#576 = ORIENTED_EDGE('',*,*,#577,.T.);
#577 = EDGE_CURVE('',#578,#578,#580,.T.);
#578 = VERTEX_POINT('',#579);
#579 = CARTESIAN_POINT('',(44.565,-47.,-3.));
#580 = CIRCLE('',#581,1.375);
#581 = AXIS2_PLACEMENT_3D('',#582,#583,#584);
#582 = CARTESIAN_POINT('',(43.19,-47.,-3.));
#583 = DIRECTION('',(0.,0.,1.));
#584 = DIRECTION('',(1.,0.,0.));
#585 = PLANE('',#586);
#586 = AXIS2_PLACEMENT_3D('',#587,#588,#589);
#587 = CARTESIAN_POINT('',(8.189999999958,-4.809027E-11,-3.));
#588 = DIRECTION('',(0.,0.,1.));
#589 = DIRECTION('',(1.,0.,0.));
#590 = ADVANCED_FACE('',(#591),#609,.F.);
#591 = FACE_BOUND('',#592,.F.);
#592 = EDGE_LOOP('',(#593,#601,#607,#608));
#593 = ORIENTED_EDGE('',*,*,#594,.F.);
#594 = EDGE_CURVE('',#595,#116,#597,.T.);
#595 = VERTEX_POINT('',#596);
#596 = CARTESIAN_POINT('',(39.815,-47.,-4.));
#597 = LINE('',#598,#599);
#598 = CARTESIAN_POINT('',(39.815,-47.,-4.));
#599 = VECTOR('',#600,1.);
#600 = DIRECTION('',(0.,-1.,0.));
#601 = ORIENTED_EDGE('',*,*,#602,.T.);
#602 = EDGE_CURVE('',#595,#561,#603,.T.);
#603 = LINE('',#604,#605);
#604 = CARTESIAN_POINT('',(39.815,-47.,-5.5));
#605 = VECTOR('',#606,1.);
#606 = DIRECTION('',(0.,0.,1.));
#607 = ORIENTED_EDGE('',*,*,#560,.T.);
#608 = ORIENTED_EDGE('',*,*,#115,.F.);
#609 = PLANE('',#610);
#610 = AXIS2_PLACEMENT_3D('',#611,#612,#613);
#611 = CARTESIAN_POINT('',(39.815,-47.,-5.5));
#612 = DIRECTION('',(1.,0.,0.));
#613 = DIRECTION('',(0.,-1.,0.));
#614 = ADVANCED_FACE('',(#615,#896,#940,#1036,#1080,#1132,#1176,#1237),
  #1281,.T.);
#615 = FACE_BOUND('',#616,.T.);
#616 = EDGE_LOOP('',(#617,#625,#626,#634,#642,#650,#656,#657,#665,#674,
    #680,#681,#689,#697,#705,#711,#712,#713,#720,#721,#727,#728,#736,
    #744,#752,#760,#769,#777,#785,#793,#801,#809,#817,#825,#833,#842,
    #850,#858,#866,#874,#882,#890));
#617 = ORIENTED_EDGE('',*,*,#618,.F.);
#618 = EDGE_CURVE('',#336,#619,#621,.T.);
#619 = VERTEX_POINT('',#620);
#620 = CARTESIAN_POINT('',(-57.81,48.75,-4.));
#621 = LINE('',#622,#623);
#622 = CARTESIAN_POINT('',(-57.81,-50.25,-4.));
#623 = VECTOR('',#624,1.);
#624 = DIRECTION('',(0.,1.,0.));
#625 = ORIENTED_EDGE('',*,*,#335,.T.);
#626 = ORIENTED_EDGE('',*,*,#627,.F.);
#627 = EDGE_CURVE('',#628,#328,#630,.T.);
#628 = VERTEX_POINT('',#629);
#629 = CARTESIAN_POINT('',(-55.015,-46.95,-4.));
#630 = LINE('',#631,#632);
#631 = CARTESIAN_POINT('',(-55.015,-46.95,-4.));
#632 = VECTOR('',#633,1.);
#633 = DIRECTION('',(0.,-1.,0.));
#634 = ORIENTED_EDGE('',*,*,#635,.F.);
#635 = EDGE_CURVE('',#636,#628,#638,.T.);
#636 = VERTEX_POINT('',#637);
#637 = CARTESIAN_POINT('',(-44.225,-46.95,-4.));
#638 = LINE('',#639,#640);
#639 = CARTESIAN_POINT('',(-50.975,-46.95,-4.));
#640 = VECTOR('',#641,1.);
#641 = DIRECTION('',(-1.,0.,0.));
#642 = ORIENTED_EDGE('',*,*,#643,.F.);
#643 = EDGE_CURVE('',#644,#636,#646,.T.);
#644 = VERTEX_POINT('',#645);
#645 = CARTESIAN_POINT('',(-33.435,-46.95,-4.));
#646 = LINE('',#647,#648);
#647 = CARTESIAN_POINT('',(-50.975,-46.95,-4.));
#648 = VECTOR('',#649,1.);
#649 = DIRECTION('',(-1.,0.,0.));
#650 = ORIENTED_EDGE('',*,*,#651,.F.);
#651 = EDGE_CURVE('',#246,#644,#652,.T.);
#652 = LINE('',#653,#654);
#653 = CARTESIAN_POINT('',(-33.435,-48.75,-4.));
#654 = VECTOR('',#655,1.);
#655 = DIRECTION('',(0.,1.,-2.2E-16));
#656 = ORIENTED_EDGE('',*,*,#245,.T.);
#657 = ORIENTED_EDGE('',*,*,#658,.F.);
#658 = EDGE_CURVE('',#659,#238,#661,.T.);
#659 = VERTEX_POINT('',#660);
#660 = CARTESIAN_POINT('',(-30.185,-47.,-4.));
#661 = LINE('',#662,#663);
#662 = CARTESIAN_POINT('',(-30.185,-47.,-4.));
#663 = VECTOR('',#664,1.);
#664 = DIRECTION('',(0.,-1.,0.));
#665 = ORIENTED_EDGE('',*,*,#666,.F.);
#666 = EDGE_CURVE('',#667,#659,#669,.T.);
#667 = VERTEX_POINT('',#668);
#668 = CARTESIAN_POINT('',(-23.435,-47.,-4.));
#669 = CIRCLE('',#670,3.375);
#670 = AXIS2_PLACEMENT_3D('',#671,#672,#673);
#671 = CARTESIAN_POINT('',(-26.81,-47.,-4.));
#672 = DIRECTION('',(0.,0.,1.));
#673 = DIRECTION('',(1.,0.,0.));
#674 = ORIENTED_EDGE('',*,*,#675,.T.);
#675 = EDGE_CURVE('',#667,#214,#676,.T.);
#676 = LINE('',#677,#678);
#677 = CARTESIAN_POINT('',(-23.435,-47.,-4.));
#678 = VECTOR('',#679,1.);
#679 = DIRECTION('',(0.,-1.,0.));
#680 = ORIENTED_EDGE('',*,*,#213,.T.);
#681 = ORIENTED_EDGE('',*,*,#682,.F.);
#682 = EDGE_CURVE('',#683,#206,#685,.T.);
#683 = VERTEX_POINT('',#684);
#684 = CARTESIAN_POINT('',(4.985,-46.95,-4.));
#685 = LINE('',#686,#687);
#686 = CARTESIAN_POINT('',(4.985,-46.95,-4.));
#687 = VECTOR('',#688,1.);
#688 = DIRECTION('',(0.,-1.,0.));
#689 = ORIENTED_EDGE('',*,*,#690,.F.);
#690 = EDGE_CURVE('',#691,#683,#693,.T.);
#691 = VERTEX_POINT('',#692);
#692 = CARTESIAN_POINT('',(15.775,-46.95,-4.));
#693 = LINE('',#694,#695);
#694 = CARTESIAN_POINT('',(9.025,-46.95,-4.));
#695 = VECTOR('',#696,1.);
#696 = DIRECTION('',(-1.,0.,0.));
#697 = ORIENTED_EDGE('',*,*,#698,.F.);
#698 = EDGE_CURVE('',#699,#691,#701,.T.);
#699 = VERTEX_POINT('',#700);
#700 = CARTESIAN_POINT('',(26.565,-46.95,-4.));
#701 = LINE('',#702,#703);
#702 = CARTESIAN_POINT('',(9.025,-46.95,-4.));
#703 = VECTOR('',#704,1.);
#704 = DIRECTION('',(-1.,0.,0.));
#705 = ORIENTED_EDGE('',*,*,#706,.F.);
#706 = EDGE_CURVE('',#124,#699,#707,.T.);
#707 = LINE('',#708,#709);
#708 = CARTESIAN_POINT('',(26.565,-48.75,-4.));
#709 = VECTOR('',#710,1.);
#710 = DIRECTION('',(0.,1.,-2.2E-16));
#711 = ORIENTED_EDGE('',*,*,#123,.T.);
#712 = ORIENTED_EDGE('',*,*,#594,.F.);
#713 = ORIENTED_EDGE('',*,*,#714,.F.);
#714 = EDGE_CURVE('',#458,#595,#715,.T.);
#715 = CIRCLE('',#716,3.375);
#716 = AXIS2_PLACEMENT_3D('',#717,#718,#719);
#717 = CARTESIAN_POINT('',(43.19,-47.,-4.));
#718 = DIRECTION('',(0.,0.,1.));
#719 = DIRECTION('',(1.,0.,0.));
#720 = ORIENTED_EDGE('',*,*,#457,.T.);
#721 = ORIENTED_EDGE('',*,*,#722,.F.);
#722 = EDGE_CURVE('',#384,#450,#723,.T.);
#723 = LINE('',#724,#725);
#724 = CARTESIAN_POINT('',(56.565,-48.75,-4.));
#725 = VECTOR('',#726,1.);
#726 = DIRECTION('',(0.,1.,-2.2E-16));
#727 = ORIENTED_EDGE('',*,*,#383,.T.);
#728 = ORIENTED_EDGE('',*,*,#729,.F.);
#729 = EDGE_CURVE('',#730,#376,#732,.T.);
#730 = VERTEX_POINT('',#731);
#731 = CARTESIAN_POINT('',(58.3,48.75,-4.));
#732 = LINE('',#733,#734);
#733 = CARTESIAN_POINT('',(58.3,48.75,-4.));
#734 = VECTOR('',#735,1.);
#735 = DIRECTION('',(0.,-1.,0.));
#736 = ORIENTED_EDGE('',*,*,#737,.T.);
#737 = EDGE_CURVE('',#730,#738,#740,.T.);
#738 = VERTEX_POINT('',#739);
#739 = CARTESIAN_POINT('',(56.565,48.75,-4.));
#740 = LINE('',#741,#742);
#741 = CARTESIAN_POINT('',(59.8,48.75,-4.));
#742 = VECTOR('',#743,1.);
#743 = DIRECTION('',(-1.,0.,0.));
#744 = ORIENTED_EDGE('',*,*,#745,.T.);
#745 = EDGE_CURVE('',#738,#746,#748,.T.);
#746 = VERTEX_POINT('',#747);
#747 = CARTESIAN_POINT('',(56.565,46.95,-4.));
#748 = LINE('',#749,#750);
#749 = CARTESIAN_POINT('',(56.565,48.75,-4.));
#750 = VECTOR('',#751,1.);
#751 = DIRECTION('',(0.,-1.,2.2E-16));
#752 = ORIENTED_EDGE('',*,*,#753,.F.);
#753 = EDGE_CURVE('',#754,#746,#756,.T.);
#754 = VERTEX_POINT('',#755);
#755 = CARTESIAN_POINT('',(46.564999999984,46.95,-4.));
#756 = LINE('',#757,#758);
#757 = CARTESIAN_POINT('',(49.815,46.95,-4.));
#758 = VECTOR('',#759,1.);
#759 = DIRECTION('',(1.,0.,0.));
#760 = ORIENTED_EDGE('',*,*,#761,.F.);
#761 = EDGE_CURVE('',#762,#754,#764,.T.);
#762 = VERTEX_POINT('',#763);
#763 = CARTESIAN_POINT('',(39.815000000016,47.000000000061,-4.));
#764 = CIRCLE('',#765,3.374999999984);
#765 = AXIS2_PLACEMENT_3D('',#766,#767,#768);
#766 = CARTESIAN_POINT('',(43.19,47.000000000049,-4.));
#767 = DIRECTION('',(0.,0.,1.));
#768 = DIRECTION('',(1.,0.,0.));
#769 = ORIENTED_EDGE('',*,*,#770,.T.);
#770 = EDGE_CURVE('',#762,#771,#773,.T.);
#771 = VERTEX_POINT('',#772);
#772 = CARTESIAN_POINT('',(39.815000000016,48.75,-4.));
#773 = LINE('',#774,#775);
#774 = CARTESIAN_POINT('',(39.815000000016,47.000000000049,-4.));
#775 = VECTOR('',#776,1.);
#776 = DIRECTION('',(0.,1.,0.));
#777 = ORIENTED_EDGE('',*,*,#778,.T.);
#778 = EDGE_CURVE('',#771,#779,#781,.T.);
#779 = VERTEX_POINT('',#780);
#780 = CARTESIAN_POINT('',(26.565,48.75,-4.));
#781 = LINE('',#782,#783);
#782 = CARTESIAN_POINT('',(59.8,48.75,-4.));
#783 = VECTOR('',#784,1.);
#784 = DIRECTION('',(-1.,0.,0.));
#785 = ORIENTED_EDGE('',*,*,#786,.T.);
#786 = EDGE_CURVE('',#779,#787,#789,.T.);
#787 = VERTEX_POINT('',#788);
#788 = CARTESIAN_POINT('',(26.565,46.95,-4.));
#789 = LINE('',#790,#791);
#790 = CARTESIAN_POINT('',(26.565,48.75,-4.));
#791 = VECTOR('',#792,1.);
#792 = DIRECTION('',(0.,-1.,2.2E-16));
#793 = ORIENTED_EDGE('',*,*,#794,.F.);
#794 = EDGE_CURVE('',#795,#787,#797,.T.);
#795 = VERTEX_POINT('',#796);
#796 = CARTESIAN_POINT('',(15.775,46.95,-4.));
#797 = LINE('',#798,#799);
#798 = CARTESIAN_POINT('',(19.815,46.95,-4.));
#799 = VECTOR('',#800,1.);
#800 = DIRECTION('',(1.,0.,0.));
#801 = ORIENTED_EDGE('',*,*,#802,.F.);
#802 = EDGE_CURVE('',#803,#795,#805,.T.);
#803 = VERTEX_POINT('',#804);
#804 = CARTESIAN_POINT('',(4.985000000058,46.95,-4.));
#805 = LINE('',#806,#807);
#806 = CARTESIAN_POINT('',(19.815,46.95,-4.));
#807 = VECTOR('',#808,1.);
#808 = DIRECTION('',(1.,0.,0.));
#809 = ORIENTED_EDGE('',*,*,#810,.F.);
#810 = EDGE_CURVE('',#811,#803,#813,.T.);
#811 = VERTEX_POINT('',#812);
#812 = CARTESIAN_POINT('',(4.985000000087,48.75,-4.));
#813 = LINE('',#814,#815);
#814 = CARTESIAN_POINT('',(4.985000000087,48.75,-4.));
#815 = VECTOR('',#816,1.);
#816 = DIRECTION('',(0.,-1.,0.));
#817 = ORIENTED_EDGE('',*,*,#818,.T.);
#818 = EDGE_CURVE('',#811,#819,#821,.T.);
#819 = VERTEX_POINT('',#820);
#820 = CARTESIAN_POINT('',(-23.435,48.75,-4.));
#821 = LINE('',#822,#823);
#822 = CARTESIAN_POINT('',(59.8,48.75,-4.));
#823 = VECTOR('',#824,1.);
#824 = DIRECTION('',(-1.,0.,0.));
#825 = ORIENTED_EDGE('',*,*,#826,.F.);
#826 = EDGE_CURVE('',#827,#819,#829,.T.);
#827 = VERTEX_POINT('',#828);
#828 = CARTESIAN_POINT('',(-23.435,47.,-4.));
#829 = LINE('',#830,#831);
#830 = CARTESIAN_POINT('',(-23.435,47.,-4.));
#831 = VECTOR('',#832,1.);
#832 = DIRECTION('',(0.,1.,0.));
#833 = ORIENTED_EDGE('',*,*,#834,.F.);
#834 = EDGE_CURVE('',#835,#827,#837,.T.);
#835 = VERTEX_POINT('',#836);
#836 = CARTESIAN_POINT('',(-30.185,47.,-4.));
#837 = CIRCLE('',#838,3.375);
#838 = AXIS2_PLACEMENT_3D('',#839,#840,#841);
#839 = CARTESIAN_POINT('',(-26.81,47.,-4.));
#840 = DIRECTION('',(0.,0.,1.));
#841 = DIRECTION('',(1.,0.,0.));
#842 = ORIENTED_EDGE('',*,*,#843,.T.);
#843 = EDGE_CURVE('',#835,#844,#846,.T.);
#844 = VERTEX_POINT('',#845);
#845 = CARTESIAN_POINT('',(-30.185,48.75,-4.));
#846 = LINE('',#847,#848);
#847 = CARTESIAN_POINT('',(-30.185,47.,-4.));
#848 = VECTOR('',#849,1.);
#849 = DIRECTION('',(0.,1.,0.));
#850 = ORIENTED_EDGE('',*,*,#851,.T.);
#851 = EDGE_CURVE('',#844,#852,#854,.T.);
#852 = VERTEX_POINT('',#853);
#853 = CARTESIAN_POINT('',(-33.435,48.75,-4.));
#854 = LINE('',#855,#856);
#855 = CARTESIAN_POINT('',(59.8,48.75,-4.));
#856 = VECTOR('',#857,1.);
#857 = DIRECTION('',(-1.,0.,0.));
#858 = ORIENTED_EDGE('',*,*,#859,.T.);
#859 = EDGE_CURVE('',#852,#860,#862,.T.);
#860 = VERTEX_POINT('',#861);
#861 = CARTESIAN_POINT('',(-33.435,46.95,-4.));
#862 = LINE('',#863,#864);
#863 = CARTESIAN_POINT('',(-33.435,48.75,-4.));
#864 = VECTOR('',#865,1.);
#865 = DIRECTION('',(0.,-1.,2.2E-16));
#866 = ORIENTED_EDGE('',*,*,#867,.F.);
#867 = EDGE_CURVE('',#868,#860,#870,.T.);
#868 = VERTEX_POINT('',#869);
#869 = CARTESIAN_POINT('',(-44.225,46.95,-4.));
#870 = LINE('',#871,#872);
#871 = CARTESIAN_POINT('',(-40.185,46.95,-4.));
#872 = VECTOR('',#873,1.);
#873 = DIRECTION('',(1.,0.,0.));
#874 = ORIENTED_EDGE('',*,*,#875,.F.);
#875 = EDGE_CURVE('',#876,#868,#878,.T.);
#876 = VERTEX_POINT('',#877);
#877 = CARTESIAN_POINT('',(-55.01499999991,46.95,-4.));
#878 = LINE('',#879,#880);
#879 = CARTESIAN_POINT('',(-40.185,46.95,-4.));
#880 = VECTOR('',#881,1.);
#881 = DIRECTION('',(1.,0.,0.));
#882 = ORIENTED_EDGE('',*,*,#883,.F.);
#883 = EDGE_CURVE('',#884,#876,#886,.T.);
#884 = VERTEX_POINT('',#885);
#885 = CARTESIAN_POINT('',(-55.01499999991,48.75,-4.));
#886 = LINE('',#887,#888);
#887 = CARTESIAN_POINT('',(-55.01499999991,48.75,-4.));
#888 = VECTOR('',#889,1.);
#889 = DIRECTION('',(0.,-1.,0.));
#890 = ORIENTED_EDGE('',*,*,#891,.T.);
#891 = EDGE_CURVE('',#884,#619,#892,.T.);
#892 = LINE('',#893,#894);
#893 = CARTESIAN_POINT('',(59.8,48.75,-4.));
#894 = VECTOR('',#895,1.);
#895 = DIRECTION('',(-1.,0.,0.));
#896 = FACE_BOUND('',#897,.T.);
#897 = EDGE_LOOP('',(#898,#909,#918,#926,#934));
#898 = ORIENTED_EDGE('',*,*,#899,.F.);
#899 = EDGE_CURVE('',#900,#902,#904,.T.);
#900 = VERTEX_POINT('',#901);
#901 = CARTESIAN_POINT('',(-35.8526,-33.1274,-4.));
#902 = VERTEX_POINT('',#903);
#903 = CARTESIAN_POINT('',(-42.25354325633,-32.6274,-4.));
#904 = CIRCLE('',#905,3.22);
#905 = AXIS2_PLACEMENT_3D('',#906,#907,#908);
#906 = CARTESIAN_POINT('',(-39.0726,-33.1274,-4.));
#907 = DIRECTION('',(0.,0.,1.));
#908 = DIRECTION('',(1.,0.,0.));
#909 = ORIENTED_EDGE('',*,*,#910,.F.);
#910 = EDGE_CURVE('',#911,#900,#913,.T.);
#911 = VERTEX_POINT('',#912);
#912 = CARTESIAN_POINT('',(-42.25354325633,-33.6274,-4.));
#913 = CIRCLE('',#914,3.22);
#914 = AXIS2_PLACEMENT_3D('',#915,#916,#917);
#915 = CARTESIAN_POINT('',(-39.0726,-33.1274,-4.));
#916 = DIRECTION('',(0.,0.,1.));
#917 = DIRECTION('',(1.,0.,0.));
#918 = ORIENTED_EDGE('',*,*,#919,.F.);
#919 = EDGE_CURVE('',#920,#911,#922,.T.);
#920 = VERTEX_POINT('',#921);
#921 = CARTESIAN_POINT('',(-46.2926,-33.6274,-4.));
#922 = LINE('',#923,#924);
#923 = CARTESIAN_POINT('',(-46.2926,-33.6274,-4.));
#924 = VECTOR('',#925,1.);
#925 = DIRECTION('',(1.,0.,0.));
#926 = ORIENTED_EDGE('',*,*,#927,.F.);
#927 = EDGE_CURVE('',#928,#920,#930,.T.);
#928 = VERTEX_POINT('',#929);
#929 = CARTESIAN_POINT('',(-46.2926,-32.6274,-4.));
#930 = LINE('',#931,#932);
#931 = CARTESIAN_POINT('',(-46.2926,-32.6274,-4.));
#932 = VECTOR('',#933,1.);
#933 = DIRECTION('',(0.,-1.,0.));
#934 = ORIENTED_EDGE('',*,*,#935,.F.);
#935 = EDGE_CURVE('',#902,#928,#936,.T.);
#936 = LINE('',#937,#938);
#937 = CARTESIAN_POINT('',(-42.25354325633,-32.6274,-4.));
#938 = VECTOR('',#939,1.);
#939 = DIRECTION('',(-1.,0.,0.));
#940 = FACE_BOUND('',#941,.T.);
#941 = EDGE_LOOP('',(#942,#953,#962,#971,#979,#987,#995,#1004,#1012,
    #1021,#1030));
#942 = ORIENTED_EDGE('',*,*,#943,.F.);
#943 = EDGE_CURVE('',#944,#946,#948,.T.);
#944 = VERTEX_POINT('',#945);
#945 = CARTESIAN_POINT('',(14.1496,-40.8524,-4.));
#946 = VERTEX_POINT('',#947);
#947 = CARTESIAN_POINT('',(13.019073617924,-38.4024,-4.));
#948 = CIRCLE('',#949,3.22);
#949 = AXIS2_PLACEMENT_3D('',#950,#951,#952);
#950 = CARTESIAN_POINT('',(10.9296,-40.8524,-4.));
#951 = DIRECTION('',(0.,0.,1.));
#952 = DIRECTION('',(1.,0.,0.));
#953 = ORIENTED_EDGE('',*,*,#954,.F.);
#954 = EDGE_CURVE('',#955,#944,#957,.T.);
#955 = VERTEX_POINT('',#956);
#956 = CARTESIAN_POINT('',(7.950917882236,-42.07545062908,-4.));
#957 = CIRCLE('',#958,3.22);
#958 = AXIS2_PLACEMENT_3D('',#959,#960,#961);
#959 = CARTESIAN_POINT('',(10.9296,-40.8524,-4.));
#960 = DIRECTION('',(0.,0.,1.));
#961 = DIRECTION('',(1.,0.,0.));
#962 = ORIENTED_EDGE('',*,*,#963,.F.);
#963 = EDGE_CURVE('',#964,#955,#966,.T.);
#964 = VERTEX_POINT('',#965);
#965 = CARTESIAN_POINT('',(1.809056743669,-41.31,-4.));
#966 = CIRCLE('',#967,3.22);
#967 = AXIS2_PLACEMENT_3D('',#968,#969,#970);
#968 = CARTESIAN_POINT('',(4.99,-40.81,-4.));
#969 = DIRECTION('',(0.,0.,1.));
#970 = DIRECTION('',(1.,0.,0.));
#971 = ORIENTED_EDGE('',*,*,#972,.F.);
#972 = EDGE_CURVE('',#973,#964,#975,.T.);
#973 = VERTEX_POINT('',#974);
#974 = CARTESIAN_POINT('',(-2.23,-41.31,-4.));
#975 = LINE('',#976,#977);
#976 = CARTESIAN_POINT('',(-2.23,-41.31,-4.));
#977 = VECTOR('',#978,1.);
#978 = DIRECTION('',(1.,0.,0.));
#979 = ORIENTED_EDGE('',*,*,#980,.F.);
#980 = EDGE_CURVE('',#981,#973,#983,.T.);
#981 = VERTEX_POINT('',#982);
#982 = CARTESIAN_POINT('',(-2.23,-40.31,-4.));
#983 = LINE('',#984,#985);
#984 = CARTESIAN_POINT('',(-2.23,-40.31,-4.));
#985 = VECTOR('',#986,1.);
#986 = DIRECTION('',(0.,-1.,0.));
#987 = ORIENTED_EDGE('',*,*,#988,.F.);
#988 = EDGE_CURVE('',#989,#981,#991,.T.);
#989 = VERTEX_POINT('',#990);
#990 = CARTESIAN_POINT('',(1.809056743669,-40.31,-4.));
#991 = LINE('',#992,#993);
#992 = CARTESIAN_POINT('',(1.809056743669,-40.31,-4.));
#993 = VECTOR('',#994,1.);
#994 = DIRECTION('',(-1.,0.,0.));
#995 = ORIENTED_EDGE('',*,*,#996,.F.);
#996 = EDGE_CURVE('',#997,#989,#999,.T.);
#997 = VERTEX_POINT('',#998);
#998 = CARTESIAN_POINT('',(2.851808652155,-38.4024,-4.));
#999 = CIRCLE('',#1000,3.22);
#1000 = AXIS2_PLACEMENT_3D('',#1001,#1002,#1003);
#1001 = CARTESIAN_POINT('',(4.99,-40.81,-4.));
#1002 = DIRECTION('',(0.,0.,1.));
#1003 = DIRECTION('',(1.,0.,0.));
#1004 = ORIENTED_EDGE('',*,*,#1005,.F.);
#1005 = EDGE_CURVE('',#1006,#997,#1008,.T.);
#1006 = VERTEX_POINT('',#1007);
#1007 = CARTESIAN_POINT('',(7.128191347845,-38.4024,-4.));
#1008 = LINE('',#1009,#1010);
#1009 = CARTESIAN_POINT('',(1.794095860962,-38.4024,-4.));
#1010 = VECTOR('',#1011,1.);
#1011 = DIRECTION('',(-1.,-1.66E-15,0.));
#1012 = ORIENTED_EDGE('',*,*,#1013,.F.);
#1013 = EDGE_CURVE('',#1014,#1006,#1016,.T.);
#1014 = VERTEX_POINT('',#1015);
#1015 = CARTESIAN_POINT('',(7.968682117764,-39.58694937091,-4.));
#1016 = CIRCLE('',#1017,3.22);
#1017 = AXIS2_PLACEMENT_3D('',#1018,#1019,#1020);
#1018 = CARTESIAN_POINT('',(4.99,-40.81,-4.));
#1019 = DIRECTION('',(0.,0.,1.));
#1020 = DIRECTION('',(1.,0.,0.));
#1021 = ORIENTED_EDGE('',*,*,#1022,.F.);
#1022 = EDGE_CURVE('',#1023,#1014,#1025,.T.);
#1023 = VERTEX_POINT('',#1024);
#1024 = CARTESIAN_POINT('',(8.840126382076,-38.4024,-4.));
#1025 = CIRCLE('',#1026,3.22);
#1026 = AXIS2_PLACEMENT_3D('',#1027,#1028,#1029);
#1027 = CARTESIAN_POINT('',(10.9296,-40.8524,-4.));
#1028 = DIRECTION('',(0.,0.,1.));
#1029 = DIRECTION('',(1.,0.,0.));
#1030 = ORIENTED_EDGE('',*,*,#1031,.F.);
#1031 = EDGE_CURVE('',#946,#1023,#1032,.T.);
#1032 = LINE('',#1033,#1034);
#1033 = CARTESIAN_POINT('',(4.567005140868,-38.4024,-4.));
#1034 = VECTOR('',#1035,1.);
#1035 = DIRECTION('',(-1.,0.,0.));
#1036 = FACE_BOUND('',#1037,.T.);
#1037 = EDGE_LOOP('',(#1038,#1049,#1058,#1066,#1074));
#1038 = ORIENTED_EDGE('',*,*,#1039,.F.);
#1039 = EDGE_CURVE('',#1040,#1042,#1044,.T.);
#1040 = VERTEX_POINT('',#1041);
#1041 = CARTESIAN_POINT('',(42.385,-33.1274,-4.));
#1042 = VERTEX_POINT('',#1043);
#1043 = CARTESIAN_POINT('',(35.984056743669,-32.6274,-4.));
#1044 = CIRCLE('',#1045,3.22);
#1045 = AXIS2_PLACEMENT_3D('',#1046,#1047,#1048);
#1046 = CARTESIAN_POINT('',(39.165,-33.1274,-4.));
#1047 = DIRECTION('',(0.,0.,1.));
#1048 = DIRECTION('',(1.,0.,0.));
#1049 = ORIENTED_EDGE('',*,*,#1050,.F.);
#1050 = EDGE_CURVE('',#1051,#1040,#1053,.T.);
#1051 = VERTEX_POINT('',#1052);
#1052 = CARTESIAN_POINT('',(35.984056743669,-33.6274,-4.));
#1053 = CIRCLE('',#1054,3.22);
#1054 = AXIS2_PLACEMENT_3D('',#1055,#1056,#1057);
#1055 = CARTESIAN_POINT('',(39.165,-33.1274,-4.));
#1056 = DIRECTION('',(0.,0.,1.));
#1057 = DIRECTION('',(1.,0.,0.));
#1058 = ORIENTED_EDGE('',*,*,#1059,.F.);
#1059 = EDGE_CURVE('',#1060,#1051,#1062,.T.);
#1060 = VERTEX_POINT('',#1061);
#1061 = CARTESIAN_POINT('',(31.945,-33.6274,-4.));
#1062 = LINE('',#1063,#1064);
#1063 = CARTESIAN_POINT('',(31.945,-33.6274,-4.));
#1064 = VECTOR('',#1065,1.);
#1065 = DIRECTION('',(1.,0.,0.));
#1066 = ORIENTED_EDGE('',*,*,#1067,.F.);
#1067 = EDGE_CURVE('',#1068,#1060,#1070,.T.);
#1068 = VERTEX_POINT('',#1069);
#1069 = CARTESIAN_POINT('',(31.945,-32.6274,-4.));
#1070 = LINE('',#1071,#1072);
#1071 = CARTESIAN_POINT('',(31.945,-32.6274,-4.));
#1072 = VECTOR('',#1073,1.);
#1073 = DIRECTION('',(0.,-1.,0.));
#1074 = ORIENTED_EDGE('',*,*,#1075,.F.);
#1075 = EDGE_CURVE('',#1042,#1068,#1076,.T.);
#1076 = LINE('',#1077,#1078);
#1077 = CARTESIAN_POINT('',(35.984056743669,-32.6274,-4.));
#1078 = VECTOR('',#1079,1.);
#1079 = DIRECTION('',(-1.,0.,0.));
#1080 = FACE_BOUND('',#1081,.T.);
#1081 = EDGE_LOOP('',(#1082,#1093,#1101,#1110,#1118,#1126));
#1082 = ORIENTED_EDGE('',*,*,#1083,.F.);
#1083 = EDGE_CURVE('',#1084,#1086,#1088,.T.);
#1084 = VERTEX_POINT('',#1085);
#1085 = CARTESIAN_POINT('',(34.4208,1.560491026118,-4.));
#1086 = VERTEX_POINT('',#1087);
#1087 = CARTESIAN_POINT('',(28.779856743669,-1.72E-02,-4.));
#1088 = CIRCLE('',#1089,3.22);
#1089 = AXIS2_PLACEMENT_3D('',#1090,#1091,#1092);
#1090 = CARTESIAN_POINT('',(31.9608,-0.5172,-4.));
#1091 = DIRECTION('',(0.,0.,1.));
#1092 = DIRECTION('',(1.,0.,0.));
#1093 = ORIENTED_EDGE('',*,*,#1094,.F.);
#1094 = EDGE_CURVE('',#1095,#1084,#1097,.T.);
#1095 = VERTEX_POINT('',#1096);
#1096 = CARTESIAN_POINT('',(34.4208,-2.594891026118,-4.));
#1097 = LINE('',#1098,#1099);
#1098 = CARTESIAN_POINT('',(34.4208,0.780245513059,-4.));
#1099 = VECTOR('',#1100,1.);
#1100 = DIRECTION('',(0.,1.,0.));
#1101 = ORIENTED_EDGE('',*,*,#1102,.F.);
#1102 = EDGE_CURVE('',#1103,#1095,#1105,.T.);
#1103 = VERTEX_POINT('',#1104);
#1104 = CARTESIAN_POINT('',(28.779856743669,-1.0172,-4.));
#1105 = CIRCLE('',#1106,3.22);
#1106 = AXIS2_PLACEMENT_3D('',#1107,#1108,#1109);
#1107 = CARTESIAN_POINT('',(31.9608,-0.5172,-4.));
#1108 = DIRECTION('',(0.,0.,1.));
#1109 = DIRECTION('',(1.,0.,0.));
#1110 = ORIENTED_EDGE('',*,*,#1111,.F.);
#1111 = EDGE_CURVE('',#1112,#1103,#1114,.T.);
#1112 = VERTEX_POINT('',#1113);
#1113 = CARTESIAN_POINT('',(24.7408,-1.0172,-4.));
#1114 = LINE('',#1115,#1116);
#1115 = CARTESIAN_POINT('',(24.7408,-1.0172,-4.));
#1116 = VECTOR('',#1117,1.);
#1117 = DIRECTION('',(1.,0.,0.));
#1118 = ORIENTED_EDGE('',*,*,#1119,.F.);
#1119 = EDGE_CURVE('',#1120,#1112,#1122,.T.);
#1120 = VERTEX_POINT('',#1121);
#1121 = CARTESIAN_POINT('',(24.7408,-1.72E-02,-4.));
#1122 = LINE('',#1123,#1124);
#1123 = CARTESIAN_POINT('',(24.7408,-1.72E-02,-4.));
#1124 = VECTOR('',#1125,1.);
#1125 = DIRECTION('',(0.,-1.,0.));
#1126 = ORIENTED_EDGE('',*,*,#1127,.F.);
#1127 = EDGE_CURVE('',#1086,#1120,#1128,.T.);
#1128 = LINE('',#1129,#1130);
#1129 = CARTESIAN_POINT('',(28.779856743669,-1.72E-02,-4.));
#1130 = VECTOR('',#1131,1.);
#1131 = DIRECTION('',(-1.,0.,0.));
#1132 = FACE_BOUND('',#1133,.T.);
#1133 = EDGE_LOOP('',(#1134,#1145,#1154,#1162,#1170));
#1134 = ORIENTED_EDGE('',*,*,#1135,.F.);
#1135 = EDGE_CURVE('',#1136,#1138,#1140,.T.);
#1136 = VERTEX_POINT('',#1137);
#1137 = CARTESIAN_POINT('',(8.21,26.51,-4.));
#1138 = VERTEX_POINT('',#1139);
#1139 = CARTESIAN_POINT('',(1.809056743669,27.01,-4.));
#1140 = CIRCLE('',#1141,3.22);
#1141 = AXIS2_PLACEMENT_3D('',#1142,#1143,#1144);
#1142 = CARTESIAN_POINT('',(4.99,26.51,-4.));
#1143 = DIRECTION('',(0.,0.,1.));
#1144 = DIRECTION('',(1.,0.,0.));
#1145 = ORIENTED_EDGE('',*,*,#1146,.F.);
#1146 = EDGE_CURVE('',#1147,#1136,#1149,.T.);
#1147 = VERTEX_POINT('',#1148);
#1148 = CARTESIAN_POINT('',(1.809056743669,26.01,-4.));
#1149 = CIRCLE('',#1150,3.22);
#1150 = AXIS2_PLACEMENT_3D('',#1151,#1152,#1153);
#1151 = CARTESIAN_POINT('',(4.99,26.51,-4.));
#1152 = DIRECTION('',(0.,0.,1.));
#1153 = DIRECTION('',(1.,0.,0.));
#1154 = ORIENTED_EDGE('',*,*,#1155,.F.);
#1155 = EDGE_CURVE('',#1156,#1147,#1158,.T.);
#1156 = VERTEX_POINT('',#1157);
#1157 = CARTESIAN_POINT('',(-2.23,26.01,-4.));
#1158 = LINE('',#1159,#1160);
#1159 = CARTESIAN_POINT('',(-2.23,26.01,-4.));
#1160 = VECTOR('',#1161,1.);
#1161 = DIRECTION('',(1.,0.,0.));
#1162 = ORIENTED_EDGE('',*,*,#1163,.F.);
#1163 = EDGE_CURVE('',#1164,#1156,#1166,.T.);
#1164 = VERTEX_POINT('',#1165);
#1165 = CARTESIAN_POINT('',(-2.23,27.01,-4.));
#1166 = LINE('',#1167,#1168);
#1167 = CARTESIAN_POINT('',(-2.23,27.01,-4.));
#1168 = VECTOR('',#1169,1.);
#1169 = DIRECTION('',(0.,-1.,0.));
#1170 = ORIENTED_EDGE('',*,*,#1171,.F.);
#1171 = EDGE_CURVE('',#1138,#1164,#1172,.T.);
#1172 = LINE('',#1173,#1174);
#1173 = CARTESIAN_POINT('',(1.809056743669,27.01,-4.));
#1174 = VECTOR('',#1175,1.);
#1175 = DIRECTION('',(-1.,0.,0.));
#1176 = FACE_BOUND('',#1177,.T.);
#1177 = EDGE_LOOP('',(#1178,#1189,#1198,#1206,#1215,#1223,#1231));
#1178 = ORIENTED_EDGE('',*,*,#1179,.F.);
#1179 = EDGE_CURVE('',#1180,#1182,#1184,.T.);
#1180 = VERTEX_POINT('',#1181);
#1181 = CARTESIAN_POINT('',(22.2268,32.0964,-4.));
#1182 = VERTEX_POINT('',#1183);
#1183 = CARTESIAN_POINT('',(15.825856743669,32.5964,-4.));
#1184 = CIRCLE('',#1185,3.22);
#1185 = AXIS2_PLACEMENT_3D('',#1186,#1187,#1188);
#1186 = CARTESIAN_POINT('',(19.0068,32.0964,-4.));
#1187 = DIRECTION('',(0.,0.,1.));
#1188 = DIRECTION('',(1.,0.,0.));
#1189 = ORIENTED_EDGE('',*,*,#1190,.F.);
#1190 = EDGE_CURVE('',#1191,#1180,#1193,.T.);
#1191 = VERTEX_POINT('',#1192);
#1192 = CARTESIAN_POINT('',(20.761336975997,29.3964,-4.));
#1193 = CIRCLE('',#1194,3.22);
#1194 = AXIS2_PLACEMENT_3D('',#1195,#1196,#1197);
#1195 = CARTESIAN_POINT('',(19.0068,32.0964,-4.));
#1196 = DIRECTION('',(0.,0.,1.));
#1197 = DIRECTION('',(1.,0.,0.));
#1198 = ORIENTED_EDGE('',*,*,#1199,.T.);
#1199 = EDGE_CURVE('',#1191,#1200,#1202,.T.);
#1200 = VERTEX_POINT('',#1201);
#1201 = CARTESIAN_POINT('',(17.252263024003,29.3964,-4.));
#1202 = LINE('',#1203,#1204);
#1203 = CARTESIAN_POINT('',(8.773073461831,29.3964,-4.));
#1204 = VECTOR('',#1205,1.);
#1205 = DIRECTION('',(-1.,0.,0.));
#1206 = ORIENTED_EDGE('',*,*,#1207,.F.);
#1207 = EDGE_CURVE('',#1208,#1200,#1210,.T.);
#1208 = VERTEX_POINT('',#1209);
#1209 = CARTESIAN_POINT('',(15.825856743669,31.5964,-4.));
#1210 = CIRCLE('',#1211,3.22);
#1211 = AXIS2_PLACEMENT_3D('',#1212,#1213,#1214);
#1212 = CARTESIAN_POINT('',(19.0068,32.0964,-4.));
#1213 = DIRECTION('',(0.,0.,1.));
#1214 = DIRECTION('',(1.,0.,0.));
#1215 = ORIENTED_EDGE('',*,*,#1216,.F.);
#1216 = EDGE_CURVE('',#1217,#1208,#1219,.T.);
#1217 = VERTEX_POINT('',#1218);
#1218 = CARTESIAN_POINT('',(11.7868,31.5964,-4.));
#1219 = LINE('',#1220,#1221);
#1220 = CARTESIAN_POINT('',(11.7868,31.5964,-4.));
#1221 = VECTOR('',#1222,1.);
#1222 = DIRECTION('',(1.,0.,0.));
#1223 = ORIENTED_EDGE('',*,*,#1224,.F.);
#1224 = EDGE_CURVE('',#1225,#1217,#1227,.T.);
#1225 = VERTEX_POINT('',#1226);
#1226 = CARTESIAN_POINT('',(11.7868,32.5964,-4.));
#1227 = LINE('',#1228,#1229);
#1228 = CARTESIAN_POINT('',(11.7868,32.5964,-4.));
#1229 = VECTOR('',#1230,1.);
#1230 = DIRECTION('',(0.,-1.,0.));
#1231 = ORIENTED_EDGE('',*,*,#1232,.F.);
#1232 = EDGE_CURVE('',#1182,#1225,#1233,.T.);
#1233 = LINE('',#1234,#1235);
#1234 = CARTESIAN_POINT('',(15.825856743669,32.5964,-4.));
#1235 = VECTOR('',#1236,1.);
#1236 = DIRECTION('',(-1.,0.,0.));
#1237 = FACE_BOUND('',#1238,.T.);
#1238 = EDGE_LOOP('',(#1239,#1250,#1259,#1267,#1275));
#1239 = ORIENTED_EDGE('',*,*,#1240,.F.);
#1240 = EDGE_CURVE('',#1241,#1243,#1245,.T.);
#1241 = VERTEX_POINT('',#1242);
#1242 = CARTESIAN_POINT('',(42.385,31.5156,-4.));
#1243 = VERTEX_POINT('',#1244);
#1244 = CARTESIAN_POINT('',(35.984056743669,32.0156,-4.));
#1245 = CIRCLE('',#1246,3.22);
#1246 = AXIS2_PLACEMENT_3D('',#1247,#1248,#1249);
#1247 = CARTESIAN_POINT('',(39.165,31.5156,-4.));
#1248 = DIRECTION('',(0.,0.,1.));
#1249 = DIRECTION('',(1.,0.,0.));
#1250 = ORIENTED_EDGE('',*,*,#1251,.F.);
#1251 = EDGE_CURVE('',#1252,#1241,#1254,.T.);
#1252 = VERTEX_POINT('',#1253);
#1253 = CARTESIAN_POINT('',(35.984056743669,31.0156,-4.));
#1254 = CIRCLE('',#1255,3.22);
#1255 = AXIS2_PLACEMENT_3D('',#1256,#1257,#1258);
#1256 = CARTESIAN_POINT('',(39.165,31.5156,-4.));
#1257 = DIRECTION('',(0.,0.,1.));
#1258 = DIRECTION('',(1.,0.,0.));
#1259 = ORIENTED_EDGE('',*,*,#1260,.F.);
#1260 = EDGE_CURVE('',#1261,#1252,#1263,.T.);
#1261 = VERTEX_POINT('',#1262);
#1262 = CARTESIAN_POINT('',(31.945,31.0156,-4.));
#1263 = LINE('',#1264,#1265);
#1264 = CARTESIAN_POINT('',(31.945,31.0156,-4.));
#1265 = VECTOR('',#1266,1.);
#1266 = DIRECTION('',(1.,0.,0.));
#1267 = ORIENTED_EDGE('',*,*,#1268,.F.);
#1268 = EDGE_CURVE('',#1269,#1261,#1271,.T.);
#1269 = VERTEX_POINT('',#1270);
#1270 = CARTESIAN_POINT('',(31.945,32.0156,-4.));
#1271 = LINE('',#1272,#1273);
#1272 = CARTESIAN_POINT('',(31.945,32.0156,-4.));
#1273 = VECTOR('',#1274,1.);
#1274 = DIRECTION('',(0.,-1.,0.));
#1275 = ORIENTED_EDGE('',*,*,#1276,.F.);
#1276 = EDGE_CURVE('',#1243,#1269,#1277,.T.);
#1277 = LINE('',#1278,#1279);
#1278 = CARTESIAN_POINT('',(35.984056743669,32.0156,-4.));
#1279 = VECTOR('',#1280,1.);
#1280 = DIRECTION('',(-1.,0.,0.));
#1281 = PLANE('',#1282);
#1282 = AXIS2_PLACEMENT_3D('',#1283,#1284,#1285);
#1283 = CARTESIAN_POINT('',(0.73638306977,-4.65884E-12,-4.));
#1284 = DIRECTION('',(0.,0.,1.));
#1285 = DIRECTION('',(1.,0.,0.));
#1286 = ADVANCED_FACE('',(#1287),#1305,.T.);
#1287 = FACE_BOUND('',#1288,.T.);
#1288 = EDGE_LOOP('',(#1289,#1297,#1298,#1299));
#1289 = ORIENTED_EDGE('',*,*,#1290,.F.);
#1290 = EDGE_CURVE('',#132,#1291,#1293,.T.);
#1291 = VERTEX_POINT('',#1292);
#1292 = CARTESIAN_POINT('',(26.565,-46.95,-1.44));
#1293 = LINE('',#1294,#1295);
#1294 = CARTESIAN_POINT('',(26.565,-48.75,-1.44));
#1295 = VECTOR('',#1296,1.);
#1296 = DIRECTION('',(0.,1.,-2.2E-16));
#1297 = ORIENTED_EDGE('',*,*,#131,.T.);
#1298 = ORIENTED_EDGE('',*,*,#706,.T.);
#1299 = ORIENTED_EDGE('',*,*,#1300,.F.);
#1300 = EDGE_CURVE('',#1291,#699,#1301,.T.);
#1301 = LINE('',#1302,#1303);
#1302 = CARTESIAN_POINT('',(26.565,-46.95,-4.));
#1303 = VECTOR('',#1304,1.);
#1304 = DIRECTION('',(-0.,-0.,-1.));
#1305 = PLANE('',#1306);
#1306 = AXIS2_PLACEMENT_3D('',#1307,#1308,#1309);
#1307 = CARTESIAN_POINT('',(26.565,-47.85,-3.47));
#1308 = DIRECTION('',(1.,0.,0.));
#1309 = DIRECTION('',(0.,0.,1.));
#1310 = ADVANCED_FACE('',(#1311),#1330,.T.);
#1311 = FACE_BOUND('',#1312,.F.);
#1312 = EDGE_LOOP('',(#1313,#1321,#1328,#1329));
#1313 = ORIENTED_EDGE('',*,*,#1314,.T.);
#1314 = EDGE_CURVE('',#140,#1315,#1317,.T.);
#1315 = VERTEX_POINT('',#1316);
#1316 = CARTESIAN_POINT('',(19.815,-46.95,-1.44));
#1317 = LINE('',#1318,#1319);
#1318 = CARTESIAN_POINT('',(19.815,-48.75,-1.44));
#1319 = VECTOR('',#1320,1.);
#1320 = DIRECTION('',(0.,1.,-2.2E-16));
#1321 = ORIENTED_EDGE('',*,*,#1322,.T.);
#1322 = EDGE_CURVE('',#1315,#1291,#1323,.T.);
#1323 = CIRCLE('',#1324,3.375);
#1324 = AXIS2_PLACEMENT_3D('',#1325,#1326,#1327);
#1325 = CARTESIAN_POINT('',(23.19,-46.95,-1.44));
#1326 = DIRECTION('',(0.,1.,-0.));
#1327 = DIRECTION('',(-1.,0.,0.));
#1328 = ORIENTED_EDGE('',*,*,#1290,.F.);
#1329 = ORIENTED_EDGE('',*,*,#139,.F.);
#1330 = CYLINDRICAL_SURFACE('',#1331,3.375);
#1331 = AXIS2_PLACEMENT_3D('',#1332,#1333,#1334);
#1332 = CARTESIAN_POINT('',(23.19,-48.75,-1.44));
#1333 = DIRECTION('',(0.,-1.,2.2E-16));
#1334 = DIRECTION('',(-1.,0.,0.));
#1335 = ADVANCED_FACE('',(#1336),#1354,.T.);
#1336 = FACE_BOUND('',#1337,.T.);
#1337 = EDGE_LOOP('',(#1338,#1339,#1340,#1348));
#1338 = ORIENTED_EDGE('',*,*,#148,.F.);
#1339 = ORIENTED_EDGE('',*,*,#1314,.T.);
#1340 = ORIENTED_EDGE('',*,*,#1341,.T.);
#1341 = EDGE_CURVE('',#1315,#1342,#1344,.T.);
#1342 = VERTEX_POINT('',#1343);
#1343 = CARTESIAN_POINT('',(19.815,-46.95,-1.45));
#1344 = LINE('',#1345,#1346);
#1345 = CARTESIAN_POINT('',(19.815,-46.95,-1.44));
#1346 = VECTOR('',#1347,1.);
#1347 = DIRECTION('',(0.,-2.2E-16,-1.));
#1348 = ORIENTED_EDGE('',*,*,#1349,.F.);
#1349 = EDGE_CURVE('',#149,#1342,#1350,.T.);
#1350 = LINE('',#1351,#1352);
#1351 = CARTESIAN_POINT('',(19.815,-48.75,-1.45));
#1352 = VECTOR('',#1353,1.);
#1353 = DIRECTION('',(0.,1.,0.));
#1354 = PLANE('',#1355);
#1355 = AXIS2_PLACEMENT_3D('',#1356,#1357,#1358);
#1356 = CARTESIAN_POINT('',(19.815,-47.85,-3.47));
#1357 = DIRECTION('',(-1.,-0.,-0.));
#1358 = DIRECTION('',(0.,0.,-1.));
#1359 = ADVANCED_FACE('',(#1360),#1378,.T.);
#1360 = FACE_BOUND('',#1361,.T.);
#1361 = EDGE_LOOP('',(#1362,#1363,#1371,#1377));
#1362 = ORIENTED_EDGE('',*,*,#1349,.T.);
#1363 = ORIENTED_EDGE('',*,*,#1364,.T.);
#1364 = EDGE_CURVE('',#1342,#1365,#1367,.T.);
#1365 = VERTEX_POINT('',#1366);
#1366 = CARTESIAN_POINT('',(19.79921875,-46.95,-1.45));
#1367 = LINE('',#1368,#1369);
#1368 = CARTESIAN_POINT('',(19.815,-46.95,-1.45));
#1369 = VECTOR('',#1370,1.);
#1370 = DIRECTION('',(-1.,0.,0.));
#1371 = ORIENTED_EDGE('',*,*,#1372,.T.);
#1372 = EDGE_CURVE('',#1365,#157,#1373,.T.);
#1373 = LINE('',#1374,#1375);
#1374 = CARTESIAN_POINT('',(19.79921875,-23.47499999999,-1.45));
#1375 = VECTOR('',#1376,1.);
#1376 = DIRECTION('',(-3.504141421473E-16,-1.,0.));
#1377 = ORIENTED_EDGE('',*,*,#156,.T.);
#1378 = PLANE('',#1379);
#1379 = AXIS2_PLACEMENT_3D('',#1380,#1381,#1382);
#1380 = CARTESIAN_POINT('',(-5.905543822566,1.334874953739E-11,-1.45));
#1381 = DIRECTION('',(0.,0.,1.));
#1382 = DIRECTION('',(1.,0.,0.));
#1383 = ADVANCED_FACE('',(#1384),#1400,.T.);
#1384 = FACE_BOUND('',#1385,.T.);
#1385 = EDGE_LOOP('',(#1386,#1392,#1398,#1399));
#1386 = ORIENTED_EDGE('',*,*,#1387,.F.);
#1387 = EDGE_CURVE('',#691,#1365,#1388,.T.);
#1388 = LINE('',#1389,#1390);
#1389 = CARTESIAN_POINT('',(15.775,-46.95,-4.));
#1390 = VECTOR('',#1391,1.);
#1391 = DIRECTION('',(0.84469303892,1.188496045052E-16,0.535251034563));
#1392 = ORIENTED_EDGE('',*,*,#1393,.T.);
#1393 = EDGE_CURVE('',#691,#165,#1394,.T.);
#1394 = LINE('',#1395,#1396);
#1395 = CARTESIAN_POINT('',(15.775,-46.95,-4.));
#1396 = VECTOR('',#1397,1.);
#1397 = DIRECTION('',(0.,-1.,2.22044604925E-16));
#1398 = ORIENTED_EDGE('',*,*,#164,.F.);
#1399 = ORIENTED_EDGE('',*,*,#1372,.F.);
#1400 = PLANE('',#1401);
#1401 = AXIS2_PLACEMENT_3D('',#1402,#1403,#1404);
#1402 = CARTESIAN_POINT('',(15.775,-46.95,-4.));
#1403 = DIRECTION('',(-0.535251034563,1.875595321098E-16,0.84469303892)
  );
#1404 = DIRECTION('',(0.84469303892,1.188496045052E-16,0.535251034563));
#1405 = ADVANCED_FACE('',(#1406),#1424,.T.);
#1406 = FACE_BOUND('',#1407,.T.);
#1407 = EDGE_LOOP('',(#1408,#1416,#1417,#1418));
#1408 = ORIENTED_EDGE('',*,*,#1409,.F.);
#1409 = EDGE_CURVE('',#173,#1410,#1412,.T.);
#1410 = VERTEX_POINT('',#1411);
#1411 = CARTESIAN_POINT('',(15.775,-46.95,-1.44));
#1412 = LINE('',#1413,#1414);
#1413 = CARTESIAN_POINT('',(15.775,-48.75,-1.44));
#1414 = VECTOR('',#1415,1.);
#1415 = DIRECTION('',(0.,1.,-2.2E-16));
#1416 = ORIENTED_EDGE('',*,*,#172,.F.);
#1417 = ORIENTED_EDGE('',*,*,#1393,.F.);
#1418 = ORIENTED_EDGE('',*,*,#1419,.F.);
#1419 = EDGE_CURVE('',#1410,#691,#1420,.T.);
#1420 = LINE('',#1421,#1422);
#1421 = CARTESIAN_POINT('',(15.775,-46.95,-4.));
#1422 = VECTOR('',#1423,1.);
#1423 = DIRECTION('',(-0.,-0.,-1.));
#1424 = PLANE('',#1425);
#1425 = AXIS2_PLACEMENT_3D('',#1426,#1427,#1428);
#1426 = CARTESIAN_POINT('',(15.775,-47.85,-2.72));
#1427 = DIRECTION('',(1.,0.,0.));
#1428 = DIRECTION('',(0.,0.,1.));
#1429 = ADVANCED_FACE('',(#1430),#1449,.T.);
#1430 = FACE_BOUND('',#1431,.F.);
#1431 = EDGE_LOOP('',(#1432,#1440,#1447,#1448));
#1432 = ORIENTED_EDGE('',*,*,#1433,.T.);
#1433 = EDGE_CURVE('',#181,#1434,#1436,.T.);
#1434 = VERTEX_POINT('',#1435);
#1435 = CARTESIAN_POINT('',(9.025,-46.95,-1.44));
#1436 = LINE('',#1437,#1438);
#1437 = CARTESIAN_POINT('',(9.025,-48.75,-1.44));
#1438 = VECTOR('',#1439,1.);
#1439 = DIRECTION('',(0.,1.,-2.2E-16));
#1440 = ORIENTED_EDGE('',*,*,#1441,.T.);
#1441 = EDGE_CURVE('',#1434,#1410,#1442,.T.);
#1442 = CIRCLE('',#1443,3.375);
#1443 = AXIS2_PLACEMENT_3D('',#1444,#1445,#1446);
#1444 = CARTESIAN_POINT('',(12.4,-46.95,-1.44));
#1445 = DIRECTION('',(0.,1.,-0.));
#1446 = DIRECTION('',(-1.,0.,0.));
#1447 = ORIENTED_EDGE('',*,*,#1409,.F.);
#1448 = ORIENTED_EDGE('',*,*,#180,.F.);
#1449 = CYLINDRICAL_SURFACE('',#1450,3.375);
#1450 = AXIS2_PLACEMENT_3D('',#1451,#1452,#1453);
#1451 = CARTESIAN_POINT('',(12.4,-48.75,-1.44));
#1452 = DIRECTION('',(0.,-1.,2.2E-16));
#1453 = DIRECTION('',(-1.,0.,0.));
#1454 = ADVANCED_FACE('',(#1455),#1473,.T.);
#1455 = FACE_BOUND('',#1456,.T.);
#1456 = EDGE_LOOP('',(#1457,#1465,#1466,#1467));
#1457 = ORIENTED_EDGE('',*,*,#1458,.F.);
#1458 = EDGE_CURVE('',#190,#1459,#1461,.T.);
#1459 = VERTEX_POINT('',#1460);
#1460 = CARTESIAN_POINT('',(9.025,-46.95,-1.45));
#1461 = LINE('',#1462,#1463);
#1462 = CARTESIAN_POINT('',(9.025,-48.75,-1.45));
#1463 = VECTOR('',#1464,1.);
#1464 = DIRECTION('',(0.,1.,0.));
#1465 = ORIENTED_EDGE('',*,*,#189,.T.);
#1466 = ORIENTED_EDGE('',*,*,#1433,.T.);
#1467 = ORIENTED_EDGE('',*,*,#1468,.F.);
#1468 = EDGE_CURVE('',#1459,#1434,#1469,.T.);
#1469 = LINE('',#1470,#1471);
#1470 = CARTESIAN_POINT('',(9.025,-46.95,-4.));
#1471 = VECTOR('',#1472,1.);
#1472 = DIRECTION('',(0.,2.2E-16,1.));
#1473 = PLANE('',#1474);
#1474 = AXIS2_PLACEMENT_3D('',#1475,#1476,#1477);
#1475 = CARTESIAN_POINT('',(9.025,-47.85,-3.47));
#1476 = DIRECTION('',(-1.,-0.,-0.));
#1477 = DIRECTION('',(0.,0.,-1.));
#1478 = ADVANCED_FACE('',(#1479),#1497,.T.);
#1479 = FACE_BOUND('',#1480,.T.);
#1480 = EDGE_LOOP('',(#1481,#1482,#1490,#1496));
#1481 = ORIENTED_EDGE('',*,*,#1458,.T.);
#1482 = ORIENTED_EDGE('',*,*,#1483,.T.);
#1483 = EDGE_CURVE('',#1459,#1484,#1486,.T.);
#1484 = VERTEX_POINT('',#1485);
#1485 = CARTESIAN_POINT('',(9.00921875,-46.95,-1.45));
#1486 = LINE('',#1487,#1488);
#1487 = CARTESIAN_POINT('',(9.025,-46.95,-1.45));
#1488 = VECTOR('',#1489,1.);
#1489 = DIRECTION('',(-1.,0.,0.));
#1490 = ORIENTED_EDGE('',*,*,#1491,.T.);
#1491 = EDGE_CURVE('',#1484,#198,#1492,.T.);
#1492 = LINE('',#1493,#1494);
#1493 = CARTESIAN_POINT('',(9.00921875,-23.47499999999,-1.45));
#1494 = VECTOR('',#1495,1.);
#1495 = DIRECTION('',(-3.504141421473E-16,-1.,0.));
#1496 = ORIENTED_EDGE('',*,*,#197,.T.);
#1497 = PLANE('',#1498);
#1498 = AXIS2_PLACEMENT_3D('',#1499,#1500,#1501);
#1499 = CARTESIAN_POINT('',(-5.905543822566,1.334874953739E-11,-1.45));
#1500 = DIRECTION('',(0.,0.,1.));
#1501 = DIRECTION('',(1.,0.,0.));
#1502 = ADVANCED_FACE('',(#1503),#1514,.T.);
#1503 = FACE_BOUND('',#1504,.T.);
#1504 = EDGE_LOOP('',(#1505,#1511,#1512,#1513));
#1505 = ORIENTED_EDGE('',*,*,#1506,.F.);
#1506 = EDGE_CURVE('',#683,#1484,#1507,.T.);
#1507 = LINE('',#1508,#1509);
#1508 = CARTESIAN_POINT('',(4.985,-46.95,-4.));
#1509 = VECTOR('',#1510,1.);
#1510 = DIRECTION('',(0.84469303892,1.188496045052E-16,0.535251034563));
#1511 = ORIENTED_EDGE('',*,*,#682,.T.);
#1512 = ORIENTED_EDGE('',*,*,#205,.F.);
#1513 = ORIENTED_EDGE('',*,*,#1491,.F.);
#1514 = PLANE('',#1515);
#1515 = AXIS2_PLACEMENT_3D('',#1516,#1517,#1518);
#1516 = CARTESIAN_POINT('',(4.985,-46.95,-4.));
#1517 = DIRECTION('',(-0.535251034563,1.875595321098E-16,0.84469303892)
  );
#1518 = DIRECTION('',(0.84469303892,1.188496045052E-16,0.535251034563));
#1519 = ADVANCED_FACE('',(#1520),#1538,.T.);
#1520 = FACE_BOUND('',#1521,.T.);
#1521 = EDGE_LOOP('',(#1522,#1523,#1531,#1537));
#1522 = ORIENTED_EDGE('',*,*,#675,.F.);
#1523 = ORIENTED_EDGE('',*,*,#1524,.T.);
#1524 = EDGE_CURVE('',#667,#1525,#1527,.T.);
#1525 = VERTEX_POINT('',#1526);
#1526 = CARTESIAN_POINT('',(-23.435,-47.,-3.));
#1527 = LINE('',#1528,#1529);
#1528 = CARTESIAN_POINT('',(-23.435,-47.,-5.5));
#1529 = VECTOR('',#1530,1.);
#1530 = DIRECTION('',(0.,0.,1.));
#1531 = ORIENTED_EDGE('',*,*,#1532,.T.);
#1532 = EDGE_CURVE('',#1525,#222,#1533,.T.);
#1533 = LINE('',#1534,#1535);
#1534 = CARTESIAN_POINT('',(-23.435,-47.,-3.));
#1535 = VECTOR('',#1536,1.);
#1536 = DIRECTION('',(0.,-1.,0.));
#1537 = ORIENTED_EDGE('',*,*,#221,.F.);
#1538 = PLANE('',#1539);
#1539 = AXIS2_PLACEMENT_3D('',#1540,#1541,#1542);
#1540 = CARTESIAN_POINT('',(-23.435,-47.,-5.5));
#1541 = DIRECTION('',(1.,0.,0.));
#1542 = DIRECTION('',(0.,-1.,0.));
#1543 = ADVANCED_FACE('',(#1544,#1563),#1574,.T.);
#1544 = FACE_BOUND('',#1545,.F.);
#1545 = EDGE_LOOP('',(#1546,#1547,#1548,#1556));
#1546 = ORIENTED_EDGE('',*,*,#1532,.T.);
#1547 = ORIENTED_EDGE('',*,*,#229,.F.);
#1548 = ORIENTED_EDGE('',*,*,#1549,.F.);
#1549 = EDGE_CURVE('',#1550,#230,#1552,.T.);
#1550 = VERTEX_POINT('',#1551);
#1551 = CARTESIAN_POINT('',(-30.185,-47.,-3.));
#1552 = LINE('',#1553,#1554);
#1553 = CARTESIAN_POINT('',(-30.185,-47.,-3.));
#1554 = VECTOR('',#1555,1.);
#1555 = DIRECTION('',(0.,-1.,0.));
#1556 = ORIENTED_EDGE('',*,*,#1557,.F.);
#1557 = EDGE_CURVE('',#1525,#1550,#1558,.T.);
#1558 = CIRCLE('',#1559,3.375);
#1559 = AXIS2_PLACEMENT_3D('',#1560,#1561,#1562);
#1560 = CARTESIAN_POINT('',(-26.81,-47.,-3.));
#1561 = DIRECTION('',(0.,0.,1.));
#1562 = DIRECTION('',(1.,0.,0.));
#1563 = FACE_BOUND('',#1564,.F.);
#1564 = EDGE_LOOP('',(#1565));
#1565 = ORIENTED_EDGE('',*,*,#1566,.T.);
#1566 = EDGE_CURVE('',#1567,#1567,#1569,.T.);
#1567 = VERTEX_POINT('',#1568);
#1568 = CARTESIAN_POINT('',(-25.435,-47.,-3.));
#1569 = CIRCLE('',#1570,1.375);
#1570 = AXIS2_PLACEMENT_3D('',#1571,#1572,#1573);
#1571 = CARTESIAN_POINT('',(-26.81,-47.,-3.));
#1572 = DIRECTION('',(0.,0.,1.));
#1573 = DIRECTION('',(1.,0.,0.));
#1574 = PLANE('',#1575);
#1575 = AXIS2_PLACEMENT_3D('',#1576,#1577,#1578);
#1576 = CARTESIAN_POINT('',(8.189999999958,-4.809027E-11,-3.));
#1577 = DIRECTION('',(0.,0.,1.));
#1578 = DIRECTION('',(1.,0.,0.));
#1579 = ADVANCED_FACE('',(#1580),#1591,.F.);
#1580 = FACE_BOUND('',#1581,.F.);
#1581 = EDGE_LOOP('',(#1582,#1583,#1589,#1590));
#1582 = ORIENTED_EDGE('',*,*,#658,.F.);
#1583 = ORIENTED_EDGE('',*,*,#1584,.T.);
#1584 = EDGE_CURVE('',#659,#1550,#1585,.T.);
#1585 = LINE('',#1586,#1587);
#1586 = CARTESIAN_POINT('',(-30.185,-47.,-5.5));
#1587 = VECTOR('',#1588,1.);
#1588 = DIRECTION('',(0.,0.,1.));
#1589 = ORIENTED_EDGE('',*,*,#1549,.T.);
#1590 = ORIENTED_EDGE('',*,*,#237,.F.);
#1591 = PLANE('',#1592);
#1592 = AXIS2_PLACEMENT_3D('',#1593,#1594,#1595);
#1593 = CARTESIAN_POINT('',(-30.185,-47.,-5.5));
#1594 = DIRECTION('',(1.,0.,0.));
#1595 = DIRECTION('',(0.,-1.,0.));
#1596 = ADVANCED_FACE('',(#1597),#1615,.T.);
#1597 = FACE_BOUND('',#1598,.T.);
#1598 = EDGE_LOOP('',(#1599,#1607,#1608,#1609));
#1599 = ORIENTED_EDGE('',*,*,#1600,.F.);
#1600 = EDGE_CURVE('',#254,#1601,#1603,.T.);
#1601 = VERTEX_POINT('',#1602);
#1602 = CARTESIAN_POINT('',(-33.435,-46.95,-1.44));
#1603 = LINE('',#1604,#1605);
#1604 = CARTESIAN_POINT('',(-33.435,-48.75,-1.44));
#1605 = VECTOR('',#1606,1.);
#1606 = DIRECTION('',(0.,1.,-2.2E-16));
#1607 = ORIENTED_EDGE('',*,*,#253,.T.);
#1608 = ORIENTED_EDGE('',*,*,#651,.T.);
#1609 = ORIENTED_EDGE('',*,*,#1610,.F.);
#1610 = EDGE_CURVE('',#1601,#644,#1611,.T.);
#1611 = LINE('',#1612,#1613);
#1612 = CARTESIAN_POINT('',(-33.435,-46.95,-4.));
#1613 = VECTOR('',#1614,1.);
#1614 = DIRECTION('',(-0.,-0.,-1.));
#1615 = PLANE('',#1616);
#1616 = AXIS2_PLACEMENT_3D('',#1617,#1618,#1619);
#1617 = CARTESIAN_POINT('',(-33.435,-47.85,-3.47));
#1618 = DIRECTION('',(1.,0.,0.));
#1619 = DIRECTION('',(0.,0.,1.));
#1620 = ADVANCED_FACE('',(#1621),#1640,.T.);
#1621 = FACE_BOUND('',#1622,.F.);
#1622 = EDGE_LOOP('',(#1623,#1631,#1638,#1639));
#1623 = ORIENTED_EDGE('',*,*,#1624,.T.);
#1624 = EDGE_CURVE('',#262,#1625,#1627,.T.);
#1625 = VERTEX_POINT('',#1626);
#1626 = CARTESIAN_POINT('',(-40.185,-46.95,-1.44));
#1627 = LINE('',#1628,#1629);
#1628 = CARTESIAN_POINT('',(-40.185,-48.75,-1.44));
#1629 = VECTOR('',#1630,1.);
#1630 = DIRECTION('',(0.,1.,-2.2E-16));
#1631 = ORIENTED_EDGE('',*,*,#1632,.T.);
#1632 = EDGE_CURVE('',#1625,#1601,#1633,.T.);
#1633 = CIRCLE('',#1634,3.375);
#1634 = AXIS2_PLACEMENT_3D('',#1635,#1636,#1637);
#1635 = CARTESIAN_POINT('',(-36.81,-46.95,-1.44));
#1636 = DIRECTION('',(0.,1.,-0.));
#1637 = DIRECTION('',(-1.,0.,0.));
#1638 = ORIENTED_EDGE('',*,*,#1600,.F.);
#1639 = ORIENTED_EDGE('',*,*,#261,.F.);
#1640 = CYLINDRICAL_SURFACE('',#1641,3.375);
#1641 = AXIS2_PLACEMENT_3D('',#1642,#1643,#1644);
#1642 = CARTESIAN_POINT('',(-36.81,-48.75,-1.44));
#1643 = DIRECTION('',(0.,-1.,2.2E-16));
#1644 = DIRECTION('',(-1.,0.,0.));
#1645 = ADVANCED_FACE('',(#1646),#1664,.T.);
#1646 = FACE_BOUND('',#1647,.T.);
#1647 = EDGE_LOOP('',(#1648,#1649,#1650,#1658));
#1648 = ORIENTED_EDGE('',*,*,#270,.F.);
#1649 = ORIENTED_EDGE('',*,*,#1624,.T.);
#1650 = ORIENTED_EDGE('',*,*,#1651,.T.);
#1651 = EDGE_CURVE('',#1625,#1652,#1654,.T.);
#1652 = VERTEX_POINT('',#1653);
#1653 = CARTESIAN_POINT('',(-40.185,-46.95,-1.45));
#1654 = LINE('',#1655,#1656);
#1655 = CARTESIAN_POINT('',(-40.185,-46.95,-1.44));
#1656 = VECTOR('',#1657,1.);
#1657 = DIRECTION('',(0.,-2.2E-16,-1.));
#1658 = ORIENTED_EDGE('',*,*,#1659,.F.);
#1659 = EDGE_CURVE('',#271,#1652,#1660,.T.);
#1660 = LINE('',#1661,#1662);
#1661 = CARTESIAN_POINT('',(-40.185,-48.75,-1.45));
#1662 = VECTOR('',#1663,1.);
#1663 = DIRECTION('',(0.,1.,0.));
#1664 = PLANE('',#1665);
#1665 = AXIS2_PLACEMENT_3D('',#1666,#1667,#1668);
#1666 = CARTESIAN_POINT('',(-40.185,-47.85,-3.47));
#1667 = DIRECTION('',(-1.,-0.,-0.));
#1668 = DIRECTION('',(0.,0.,-1.));
#1669 = ADVANCED_FACE('',(#1670),#1688,.T.);
#1670 = FACE_BOUND('',#1671,.T.);
#1671 = EDGE_LOOP('',(#1672,#1673,#1681,#1687));
#1672 = ORIENTED_EDGE('',*,*,#1659,.T.);
#1673 = ORIENTED_EDGE('',*,*,#1674,.T.);
#1674 = EDGE_CURVE('',#1652,#1675,#1677,.T.);
#1675 = VERTEX_POINT('',#1676);
#1676 = CARTESIAN_POINT('',(-40.20078125,-46.95,-1.45));
#1677 = LINE('',#1678,#1679);
#1678 = CARTESIAN_POINT('',(-40.185,-46.95,-1.45));
#1679 = VECTOR('',#1680,1.);
#1680 = DIRECTION('',(-1.,0.,0.));
#1681 = ORIENTED_EDGE('',*,*,#1682,.T.);
#1682 = EDGE_CURVE('',#1675,#279,#1683,.T.);
#1683 = LINE('',#1684,#1685);
#1684 = CARTESIAN_POINT('',(-40.20078125,-23.47499999999,-1.45));
#1685 = VECTOR('',#1686,1.);
#1686 = DIRECTION('',(-3.504141421473E-16,-1.,0.));
#1687 = ORIENTED_EDGE('',*,*,#278,.T.);
#1688 = PLANE('',#1689);
#1689 = AXIS2_PLACEMENT_3D('',#1690,#1691,#1692);
#1690 = CARTESIAN_POINT('',(-5.905543822566,1.334874953739E-11,-1.45));
#1691 = DIRECTION('',(0.,0.,1.));
#1692 = DIRECTION('',(1.,0.,0.));
#1693 = ADVANCED_FACE('',(#1694),#1710,.T.);
#1694 = FACE_BOUND('',#1695,.T.);
#1695 = EDGE_LOOP('',(#1696,#1702,#1708,#1709));
#1696 = ORIENTED_EDGE('',*,*,#1697,.F.);
#1697 = EDGE_CURVE('',#636,#1675,#1698,.T.);
#1698 = LINE('',#1699,#1700);
#1699 = CARTESIAN_POINT('',(-44.225,-46.95,-4.));
#1700 = VECTOR('',#1701,1.);
#1701 = DIRECTION('',(0.84469303892,1.188496045052E-16,0.535251034563));
#1702 = ORIENTED_EDGE('',*,*,#1703,.T.);
#1703 = EDGE_CURVE('',#636,#287,#1704,.T.);
#1704 = LINE('',#1705,#1706);
#1705 = CARTESIAN_POINT('',(-44.225,-46.95,-4.));
#1706 = VECTOR('',#1707,1.);
#1707 = DIRECTION('',(0.,-1.,2.22044604925E-16));
#1708 = ORIENTED_EDGE('',*,*,#286,.F.);
#1709 = ORIENTED_EDGE('',*,*,#1682,.F.);
#1710 = PLANE('',#1711);
#1711 = AXIS2_PLACEMENT_3D('',#1712,#1713,#1714);
#1712 = CARTESIAN_POINT('',(-44.225,-46.95,-4.));
#1713 = DIRECTION('',(-0.535251034563,1.875595321098E-16,0.84469303892)
  );
#1714 = DIRECTION('',(0.84469303892,1.188496045052E-16,0.535251034563));
#1715 = ADVANCED_FACE('',(#1716),#1734,.T.);
#1716 = FACE_BOUND('',#1717,.T.);
#1717 = EDGE_LOOP('',(#1718,#1726,#1732,#1733));
#1718 = ORIENTED_EDGE('',*,*,#1719,.F.);
#1719 = EDGE_CURVE('',#1720,#636,#1722,.T.);
#1720 = VERTEX_POINT('',#1721);
#1721 = CARTESIAN_POINT('',(-44.225,-46.95,-1.44));
#1722 = LINE('',#1723,#1724);
#1723 = CARTESIAN_POINT('',(-44.225,-46.95,-4.));
#1724 = VECTOR('',#1725,1.);
#1725 = DIRECTION('',(-0.,-0.,-1.));
#1726 = ORIENTED_EDGE('',*,*,#1727,.F.);
#1727 = EDGE_CURVE('',#295,#1720,#1728,.T.);
#1728 = LINE('',#1729,#1730);
#1729 = CARTESIAN_POINT('',(-44.225,-48.75,-1.44));
#1730 = VECTOR('',#1731,1.);
#1731 = DIRECTION('',(0.,1.,-2.2E-16));
#1732 = ORIENTED_EDGE('',*,*,#294,.F.);
#1733 = ORIENTED_EDGE('',*,*,#1703,.F.);
#1734 = PLANE('',#1735);
#1735 = AXIS2_PLACEMENT_3D('',#1736,#1737,#1738);
#1736 = CARTESIAN_POINT('',(-44.225,-47.85,-2.72));
#1737 = DIRECTION('',(1.,0.,-2.327745158555E-15));
#1738 = DIRECTION('',(2.327745158555E-15,0.,1.));
#1739 = ADVANCED_FACE('',(#1740),#1759,.T.);
#1740 = FACE_BOUND('',#1741,.F.);
#1741 = EDGE_LOOP('',(#1742,#1750,#1757,#1758));
#1742 = ORIENTED_EDGE('',*,*,#1743,.T.);
#1743 = EDGE_CURVE('',#303,#1744,#1746,.T.);
#1744 = VERTEX_POINT('',#1745);
#1745 = CARTESIAN_POINT('',(-50.975,-46.95,-1.44));
#1746 = LINE('',#1747,#1748);
#1747 = CARTESIAN_POINT('',(-50.975,-48.75,-1.44));
#1748 = VECTOR('',#1749,1.);
#1749 = DIRECTION('',(0.,1.,-2.2E-16));
#1750 = ORIENTED_EDGE('',*,*,#1751,.T.);
#1751 = EDGE_CURVE('',#1744,#1720,#1752,.T.);
#1752 = CIRCLE('',#1753,3.375);
#1753 = AXIS2_PLACEMENT_3D('',#1754,#1755,#1756);
#1754 = CARTESIAN_POINT('',(-47.6,-46.95,-1.44));
#1755 = DIRECTION('',(0.,1.,-0.));
#1756 = DIRECTION('',(-1.,0.,0.));
#1757 = ORIENTED_EDGE('',*,*,#1727,.F.);
#1758 = ORIENTED_EDGE('',*,*,#302,.F.);
#1759 = CYLINDRICAL_SURFACE('',#1760,3.375);
#1760 = AXIS2_PLACEMENT_3D('',#1761,#1762,#1763);
#1761 = CARTESIAN_POINT('',(-47.6,-48.75,-1.44));
#1762 = DIRECTION('',(0.,-1.,2.2E-16));
#1763 = DIRECTION('',(-1.,0.,0.));
#1764 = ADVANCED_FACE('',(#1765),#1783,.T.);
#1765 = FACE_BOUND('',#1766,.T.);
#1766 = EDGE_LOOP('',(#1767,#1775,#1776,#1777));
#1767 = ORIENTED_EDGE('',*,*,#1768,.F.);
#1768 = EDGE_CURVE('',#312,#1769,#1771,.T.);
#1769 = VERTEX_POINT('',#1770);
#1770 = CARTESIAN_POINT('',(-50.975,-46.95,-1.45));
#1771 = LINE('',#1772,#1773);
#1772 = CARTESIAN_POINT('',(-50.975,-48.75,-1.45));
#1773 = VECTOR('',#1774,1.);
#1774 = DIRECTION('',(0.,1.,0.));
#1775 = ORIENTED_EDGE('',*,*,#311,.T.);
#1776 = ORIENTED_EDGE('',*,*,#1743,.T.);
#1777 = ORIENTED_EDGE('',*,*,#1778,.F.);
#1778 = EDGE_CURVE('',#1769,#1744,#1779,.T.);
#1779 = LINE('',#1780,#1781);
#1780 = CARTESIAN_POINT('',(-50.975,-46.95,-4.));
#1781 = VECTOR('',#1782,1.);
#1782 = DIRECTION('',(0.,2.2E-16,1.));
#1783 = PLANE('',#1784);
#1784 = AXIS2_PLACEMENT_3D('',#1785,#1786,#1787);
#1785 = CARTESIAN_POINT('',(-50.975,-47.85,-3.47));
#1786 = DIRECTION('',(-1.,-0.,-0.));
#1787 = DIRECTION('',(0.,0.,-1.));
#1788 = ADVANCED_FACE('',(#1789),#1807,.T.);
#1789 = FACE_BOUND('',#1790,.T.);
#1790 = EDGE_LOOP('',(#1791,#1792,#1800,#1806));
#1791 = ORIENTED_EDGE('',*,*,#1768,.T.);
#1792 = ORIENTED_EDGE('',*,*,#1793,.T.);
#1793 = EDGE_CURVE('',#1769,#1794,#1796,.T.);
#1794 = VERTEX_POINT('',#1795);
#1795 = CARTESIAN_POINT('',(-50.99078125,-46.95,-1.45));
#1796 = LINE('',#1797,#1798);
#1797 = CARTESIAN_POINT('',(-50.975,-46.95,-1.45));
#1798 = VECTOR('',#1799,1.);
#1799 = DIRECTION('',(-1.,0.,0.));
#1800 = ORIENTED_EDGE('',*,*,#1801,.T.);
#1801 = EDGE_CURVE('',#1794,#320,#1802,.T.);
#1802 = LINE('',#1803,#1804);
#1803 = CARTESIAN_POINT('',(-50.99078125,-46.95,-1.45));
#1804 = VECTOR('',#1805,1.);
#1805 = DIRECTION('',(0.,-1.,2.22044604925E-16));
#1806 = ORIENTED_EDGE('',*,*,#319,.T.);
#1807 = PLANE('',#1808);
#1808 = AXIS2_PLACEMENT_3D('',#1809,#1810,#1811);
#1809 = CARTESIAN_POINT('',(-5.905543822566,1.334874953739E-11,-1.45));
#1810 = DIRECTION('',(0.,0.,1.));
#1811 = DIRECTION('',(1.,0.,0.));
#1812 = ADVANCED_FACE('',(#1813),#1824,.T.);
#1813 = FACE_BOUND('',#1814,.T.);
#1814 = EDGE_LOOP('',(#1815,#1821,#1822,#1823));
#1815 = ORIENTED_EDGE('',*,*,#1816,.F.);
#1816 = EDGE_CURVE('',#628,#1794,#1817,.T.);
#1817 = LINE('',#1818,#1819);
#1818 = CARTESIAN_POINT('',(-55.015,-46.95,-4.));
#1819 = VECTOR('',#1820,1.);
#1820 = DIRECTION('',(0.84469303892,1.188496045052E-16,0.535251034563));
#1821 = ORIENTED_EDGE('',*,*,#627,.T.);
#1822 = ORIENTED_EDGE('',*,*,#327,.F.);
#1823 = ORIENTED_EDGE('',*,*,#1801,.F.);
#1824 = PLANE('',#1825);
#1825 = AXIS2_PLACEMENT_3D('',#1826,#1827,#1828);
#1826 = CARTESIAN_POINT('',(-55.015,-46.95,-4.));
#1827 = DIRECTION('',(-0.535251034563,1.875595321098E-16,0.84469303892)
  );
#1828 = DIRECTION('',(0.84469303892,1.188496045052E-16,0.535251034563));
#1829 = ADVANCED_FACE('',(#1830,#1920,#1954,#2103,#2213,#2224,#2235,
    #2384,#2485),#2519,.T.);
#1830 = FACE_BOUND('',#1831,.T.);
#1831 = EDGE_LOOP('',(#1832,#1842,#1848,#1849,#1850,#1858,#1866,#1874,
    #1882,#1890,#1898,#1906,#1914));
#1832 = ORIENTED_EDGE('',*,*,#1833,.F.);
#1833 = EDGE_CURVE('',#1834,#1836,#1838,.T.);
#1834 = VERTEX_POINT('',#1835);
#1835 = CARTESIAN_POINT('',(-57.81,-50.8,16.31));
#1836 = VERTEX_POINT('',#1837);
#1837 = CARTESIAN_POINT('',(-57.81,-50.8,19.31));
#1838 = LINE('',#1839,#1840);
#1839 = CARTESIAN_POINT('',(-57.81,-50.8,-6.));
#1840 = VECTOR('',#1841,1.);
#1841 = DIRECTION('',(0.,0.,1.));
#1842 = ORIENTED_EDGE('',*,*,#1843,.T.);
#1843 = EDGE_CURVE('',#1834,#344,#1844,.T.);
#1844 = LINE('',#1845,#1846);
#1845 = CARTESIAN_POINT('',(-57.81,-50.25,16.31));
#1846 = VECTOR('',#1847,1.);
#1847 = DIRECTION('',(-4.74E-15,1.,0.));
#1848 = ORIENTED_EDGE('',*,*,#343,.T.);
#1849 = ORIENTED_EDGE('',*,*,#618,.T.);
#1850 = ORIENTED_EDGE('',*,*,#1851,.F.);
#1851 = EDGE_CURVE('',#1852,#619,#1854,.T.);
#1852 = VERTEX_POINT('',#1853);
#1853 = CARTESIAN_POINT('',(-57.81,48.75,-1.46));
#1854 = LINE('',#1855,#1856);
#1855 = CARTESIAN_POINT('',(-57.81,48.75,-4.));
#1856 = VECTOR('',#1857,1.);
#1857 = DIRECTION('',(-0.,-0.,-1.));
#1858 = ORIENTED_EDGE('',*,*,#1859,.F.);
#1859 = EDGE_CURVE('',#1860,#1852,#1862,.T.);
#1860 = VERTEX_POINT('',#1861);
#1861 = CARTESIAN_POINT('',(-57.81,11.97,-1.46));
#1862 = LINE('',#1863,#1864);
#1863 = CARTESIAN_POINT('',(-57.81,11.97,-1.46));
#1864 = VECTOR('',#1865,1.);
#1865 = DIRECTION('',(0.,1.,0.));
#1866 = ORIENTED_EDGE('',*,*,#1867,.F.);
#1867 = EDGE_CURVE('',#1868,#1860,#1870,.T.);
#1868 = VERTEX_POINT('',#1869);
#1869 = CARTESIAN_POINT('',(-57.81,11.97,16.31));
#1870 = LINE('',#1871,#1872);
#1871 = CARTESIAN_POINT('',(-57.81,11.97,16.31));
#1872 = VECTOR('',#1873,1.);
#1873 = DIRECTION('',(0.,0.,-1.));
#1874 = ORIENTED_EDGE('',*,*,#1875,.F.);
#1875 = EDGE_CURVE('',#1876,#1868,#1878,.T.);
#1876 = VERTEX_POINT('',#1877);
#1877 = CARTESIAN_POINT('',(-57.81,48.75,16.31));
#1878 = LINE('',#1879,#1880);
#1879 = CARTESIAN_POINT('',(-57.81,49.25,16.31));
#1880 = VECTOR('',#1881,1.);
#1881 = DIRECTION('',(0.,-1.,0.));
#1882 = ORIENTED_EDGE('',*,*,#1883,.T.);
#1883 = EDGE_CURVE('',#1876,#1884,#1886,.T.);
#1884 = VERTEX_POINT('',#1885);
#1885 = CARTESIAN_POINT('',(-57.81,50.8,16.31));
#1886 = LINE('',#1887,#1888);
#1887 = CARTESIAN_POINT('',(-57.81,50.25,16.31));
#1888 = VECTOR('',#1889,1.);
#1889 = DIRECTION('',(0.,1.,2.5E-16));
#1890 = ORIENTED_EDGE('',*,*,#1891,.T.);
#1891 = EDGE_CURVE('',#1884,#1892,#1894,.T.);
#1892 = VERTEX_POINT('',#1893);
#1893 = CARTESIAN_POINT('',(-57.81,50.8,19.31));
#1894 = LINE('',#1895,#1896);
#1895 = CARTESIAN_POINT('',(-57.81,50.8,-6.));
#1896 = VECTOR('',#1897,1.);
#1897 = DIRECTION('',(0.,0.,1.));
#1898 = ORIENTED_EDGE('',*,*,#1899,.T.);
#1899 = EDGE_CURVE('',#1892,#1900,#1902,.T.);
#1900 = VERTEX_POINT('',#1901);
#1901 = CARTESIAN_POINT('',(-57.81,50.25,19.31));
#1902 = LINE('',#1903,#1904);
#1903 = CARTESIAN_POINT('',(-57.81,27.413493075274,19.31));
#1904 = VECTOR('',#1905,1.);
#1905 = DIRECTION('',(0.,-1.,0.));
#1906 = ORIENTED_EDGE('',*,*,#1907,.F.);
#1907 = EDGE_CURVE('',#1908,#1900,#1910,.T.);
#1908 = VERTEX_POINT('',#1909);
#1909 = CARTESIAN_POINT('',(-57.81,-50.25,19.31));
#1910 = LINE('',#1911,#1912);
#1911 = CARTESIAN_POINT('',(-57.81,-50.25,19.31));
#1912 = VECTOR('',#1913,1.);
#1913 = DIRECTION('',(0.,1.,0.));
#1914 = ORIENTED_EDGE('',*,*,#1915,.F.);
#1915 = EDGE_CURVE('',#1836,#1908,#1916,.T.);
#1916 = LINE('',#1917,#1918);
#1917 = CARTESIAN_POINT('',(-57.81,-22.83650692472,19.31));
#1918 = VECTOR('',#1919,1.);
#1919 = DIRECTION('',(0.,1.,0.));
#1920 = FACE_BOUND('',#1921,.T.);
#1921 = EDGE_LOOP('',(#1922,#1932,#1940,#1948));
#1922 = ORIENTED_EDGE('',*,*,#1923,.T.);
#1923 = EDGE_CURVE('',#1924,#1926,#1928,.T.);
#1924 = VERTEX_POINT('',#1925);
#1925 = CARTESIAN_POINT('',(-57.81,5.31,1.));
#1926 = VERTEX_POINT('',#1927);
#1927 = CARTESIAN_POINT('',(-57.81,10.31,1.));
#1928 = LINE('',#1929,#1930);
#1929 = CARTESIAN_POINT('',(-57.81,2.655,1.));
#1930 = VECTOR('',#1931,1.);
#1931 = DIRECTION('',(0.,1.,0.));
#1932 = ORIENTED_EDGE('',*,*,#1933,.T.);
#1933 = EDGE_CURVE('',#1926,#1934,#1936,.T.);
#1934 = VERTEX_POINT('',#1935);
#1935 = CARTESIAN_POINT('',(-57.81,10.31,-1.3));
#1936 = LINE('',#1937,#1938);
#1937 = CARTESIAN_POINT('',(-57.81,10.31,3.8275));
#1938 = VECTOR('',#1939,1.);
#1939 = DIRECTION('',(0.,0.,-1.));
#1940 = ORIENTED_EDGE('',*,*,#1941,.T.);
#1941 = EDGE_CURVE('',#1934,#1942,#1944,.T.);
#1942 = VERTEX_POINT('',#1943);
#1943 = CARTESIAN_POINT('',(-57.81,5.31,-1.3));
#1944 = LINE('',#1945,#1946);
#1945 = CARTESIAN_POINT('',(-57.81,5.155,-1.3));
#1946 = VECTOR('',#1947,1.);
#1947 = DIRECTION('',(0.,-1.,0.));
#1948 = ORIENTED_EDGE('',*,*,#1949,.T.);
#1949 = EDGE_CURVE('',#1942,#1924,#1950,.T.);
#1950 = LINE('',#1951,#1952);
#1951 = CARTESIAN_POINT('',(-57.81,5.31,2.6775));
#1952 = VECTOR('',#1953,1.);
#1953 = DIRECTION('',(0.,0.,1.));
#1954 = FACE_BOUND('',#1955,.T.);
#1955 = EDGE_LOOP('',(#1956,#1966,#1974,#1983,#1991,#1999,#2007,#2015,
    #2023,#2032,#2040,#2048,#2056,#2064,#2072,#2081,#2089,#2097));
#1956 = ORIENTED_EDGE('',*,*,#1957,.T.);
#1957 = EDGE_CURVE('',#1958,#1960,#1962,.T.);
#1958 = VERTEX_POINT('',#1959);
#1959 = CARTESIAN_POINT('',(-57.81,1.499350380985,5.34));
#1960 = VERTEX_POINT('',#1961);
#1961 = CARTESIAN_POINT('',(-57.81,1.499350380985,4.31));
#1962 = LINE('',#1963,#1964);
#1963 = CARTESIAN_POINT('',(-57.81,1.499350380985,5.34));
#1964 = VECTOR('',#1965,1.);
#1965 = DIRECTION('',(0.,0.,-1.));
#1966 = ORIENTED_EDGE('',*,*,#1967,.T.);
#1967 = EDGE_CURVE('',#1960,#1968,#1970,.T.);
#1968 = VERTEX_POINT('',#1969);
#1969 = CARTESIAN_POINT('',(-57.81,3.16,4.31));
#1970 = LINE('',#1971,#1972);
#1971 = CARTESIAN_POINT('',(-57.81,-2.139999880339,4.31));
#1972 = VECTOR('',#1973,1.);
#1973 = DIRECTION('',(0.,1.,0.));
#1974 = ORIENTED_EDGE('',*,*,#1975,.F.);
#1975 = EDGE_CURVE('',#1976,#1968,#1978,.T.);
#1976 = VERTEX_POINT('',#1977);
#1977 = CARTESIAN_POINT('',(-57.81,4.425827058381,1.47523929471));
#1978 = CIRCLE('',#1979,1.7);
#1979 = AXIS2_PLACEMENT_3D('',#1980,#1981,#1982);
#1980 = CARTESIAN_POINT('',(-57.81,3.16,2.61));
#1981 = DIRECTION('',(1.,0.,0.));
#1982 = DIRECTION('',(0.,1.,0.));
#1983 = ORIENTED_EDGE('',*,*,#1984,.T.);
#1984 = EDGE_CURVE('',#1976,#1985,#1987,.T.);
#1985 = VERTEX_POINT('',#1986);
#1986 = CARTESIAN_POINT('',(-57.81,3.768333355611,0.741804205001));
#1987 = LINE('',#1988,#1989);
#1988 = CARTESIAN_POINT('',(-57.81,4.425827058381,1.47523929471));
#1989 = VECTOR('',#1990,1.);
#1990 = DIRECTION('',(0.,-0.667506297229,-0.744604151989));
#1991 = ORIENTED_EDGE('',*,*,#1992,.F.);
#1992 = EDGE_CURVE('',#1993,#1985,#1995,.T.);
#1993 = VERTEX_POINT('',#1994);
#1994 = CARTESIAN_POINT('',(-57.81,4.535275632159,5.427271885497E-02));
#1995 = LINE('',#1996,#1997);
#1996 = CARTESIAN_POINT('',(-57.81,4.535275632159,5.427271885497E-02));
#1997 = VECTOR('',#1998,1.);
#1998 = DIRECTION('',(0.,-0.744604151989,0.667506297229));
#1999 = ORIENTED_EDGE('',*,*,#2000,.T.);
#2000 = EDGE_CURVE('',#1993,#2001,#2003,.T.);
#2001 = VERTEX_POINT('',#2002);
#2002 = CARTESIAN_POINT('',(-57.81,3.200263037701,-1.434935585123));
#2003 = LINE('',#2004,#2005);
#2004 = CARTESIAN_POINT('',(-57.81,4.535275632159,5.427271885497E-02));
#2005 = VECTOR('',#2006,1.);
#2006 = DIRECTION('',(0.,-0.667506297229,-0.744604151989));
#2007 = ORIENTED_EDGE('',*,*,#2008,.T.);
#2008 = EDGE_CURVE('',#2001,#2009,#2011,.T.);
#2009 = VERTEX_POINT('',#2010);
#2010 = CARTESIAN_POINT('',(-57.81,2.433320761152,-0.747404098977));
#2011 = LINE('',#2012,#2013);
#2012 = CARTESIAN_POINT('',(-57.81,3.200263037701,-1.434935585123));
#2013 = VECTOR('',#2014,1.);
#2014 = DIRECTION('',(0.,-0.744604151989,0.667506297229));
#2015 = ORIENTED_EDGE('',*,*,#2016,.T.);
#2016 = EDGE_CURVE('',#2009,#2017,#2019,.T.);
#2017 = VERTEX_POINT('',#2018);
#2018 = CARTESIAN_POINT('',(-57.81,1.775827058381,-1.480839188686));
#2019 = LINE('',#2020,#2021);
#2020 = CARTESIAN_POINT('',(-57.81,4.425827058381,1.47523929471));
#2021 = VECTOR('',#2022,1.);
#2022 = DIRECTION('',(0.,-0.667506297229,-0.744604151989));
#2023 = ORIENTED_EDGE('',*,*,#2024,.F.);
#2024 = EDGE_CURVE('',#2025,#2017,#2027,.T.);
#2025 = VERTEX_POINT('',#2026);
#2026 = CARTESIAN_POINT('',(-57.81,-0.755827058381,-1.480839188686));
#2027 = CIRCLE('',#2028,1.7);
#2028 = AXIS2_PLACEMENT_3D('',#2029,#2030,#2031);
#2029 = CARTESIAN_POINT('',(-57.81,0.51,-0.346078483397));
#2030 = DIRECTION('',(1.,0.,0.));
#2031 = DIRECTION('',(0.,1.,0.));
#2032 = ORIENTED_EDGE('',*,*,#2033,.F.);
#2033 = EDGE_CURVE('',#2034,#2025,#2036,.T.);
#2034 = VERTEX_POINT('',#2035);
#2035 = CARTESIAN_POINT('',(-57.81,-1.413320761152,-0.747404098977));
#2036 = LINE('',#2037,#2038);
#2037 = CARTESIAN_POINT('',(-57.81,-3.405827058381,1.47523929471));
#2038 = VECTOR('',#2039,1.);
#2039 = DIRECTION('',(0.,0.667506297229,-0.744604151989));
#2040 = ORIENTED_EDGE('',*,*,#2041,.F.);
#2041 = EDGE_CURVE('',#2042,#2034,#2044,.T.);
#2042 = VERTEX_POINT('',#2043);
#2043 = CARTESIAN_POINT('',(-57.81,-2.180263037701,-1.434935585123));
#2044 = LINE('',#2045,#2046);
#2045 = CARTESIAN_POINT('',(-57.81,-2.180263037701,-1.434935585123));
#2046 = VECTOR('',#2047,1.);
#2047 = DIRECTION('',(0.,0.744604151989,0.667506297229));
#2048 = ORIENTED_EDGE('',*,*,#2049,.F.);
#2049 = EDGE_CURVE('',#2050,#2042,#2052,.T.);
#2050 = VERTEX_POINT('',#2051);
#2051 = CARTESIAN_POINT('',(-57.81,-3.515275632159,5.427271885496E-02));
#2052 = LINE('',#2053,#2054);
#2053 = CARTESIAN_POINT('',(-57.81,-3.515275632159,5.427271885496E-02));
#2054 = VECTOR('',#2055,1.);
#2055 = DIRECTION('',(0.,0.667506297229,-0.744604151989));
#2056 = ORIENTED_EDGE('',*,*,#2057,.T.);
#2057 = EDGE_CURVE('',#2050,#2058,#2060,.T.);
#2058 = VERTEX_POINT('',#2059);
#2059 = CARTESIAN_POINT('',(-57.81,-2.748333355611,0.741804205001));
#2060 = LINE('',#2061,#2062);
#2061 = CARTESIAN_POINT('',(-57.81,-3.515275632159,5.427271885496E-02));
#2062 = VECTOR('',#2063,1.);
#2063 = DIRECTION('',(0.,0.744604151989,0.667506297229));
#2064 = ORIENTED_EDGE('',*,*,#2065,.F.);
#2065 = EDGE_CURVE('',#2066,#2058,#2068,.T.);
#2066 = VERTEX_POINT('',#2067);
#2067 = CARTESIAN_POINT('',(-57.81,-3.405827058381,1.47523929471));
#2068 = LINE('',#2069,#2070);
#2069 = CARTESIAN_POINT('',(-57.81,-3.405827058381,1.47523929471));
#2070 = VECTOR('',#2071,1.);
#2071 = DIRECTION('',(0.,0.667506297229,-0.744604151989));
#2072 = ORIENTED_EDGE('',*,*,#2073,.F.);
#2073 = EDGE_CURVE('',#2074,#2066,#2076,.T.);
#2074 = VERTEX_POINT('',#2075);
#2075 = CARTESIAN_POINT('',(-57.81,-2.139999880339,4.31));
#2076 = CIRCLE('',#2077,1.7);
#2077 = AXIS2_PLACEMENT_3D('',#2078,#2079,#2080);
#2078 = CARTESIAN_POINT('',(-57.81,-2.14,2.61));
#2079 = DIRECTION('',(1.,0.,0.));
#2080 = DIRECTION('',(0.,1.,0.));
#2081 = ORIENTED_EDGE('',*,*,#2082,.T.);
#2082 = EDGE_CURVE('',#2074,#2083,#2085,.T.);
#2083 = VERTEX_POINT('',#2084);
#2084 = CARTESIAN_POINT('',(-57.81,-0.500649619015,4.31));
#2085 = LINE('',#2086,#2087);
#2086 = CARTESIAN_POINT('',(-57.81,-2.139999880339,4.31));
#2087 = VECTOR('',#2088,1.);
#2088 = DIRECTION('',(0.,1.,0.));
#2089 = ORIENTED_EDGE('',*,*,#2090,.F.);
#2090 = EDGE_CURVE('',#2091,#2083,#2093,.T.);
#2091 = VERTEX_POINT('',#2092);
#2092 = CARTESIAN_POINT('',(-57.81,-0.500649619015,5.34));
#2093 = LINE('',#2094,#2095);
#2094 = CARTESIAN_POINT('',(-57.81,-0.500649619015,5.34));
#2095 = VECTOR('',#2096,1.);
#2096 = DIRECTION('',(0.,0.,-1.));
#2097 = ORIENTED_EDGE('',*,*,#2098,.T.);
#2098 = EDGE_CURVE('',#2091,#1958,#2099,.T.);
#2099 = LINE('',#2100,#2101);
#2100 = CARTESIAN_POINT('',(-57.81,-0.500649619015,5.34));
#2101 = VECTOR('',#2102,1.);
#2102 = DIRECTION('',(0.,1.,0.));
#2103 = FACE_BOUND('',#2104,.T.);
#2104 = EDGE_LOOP('',(#2105,#2115,#2123,#2132,#2140,#2148,#2156,#2165,
    #2174,#2182,#2190,#2198,#2207));
#2105 = ORIENTED_EDGE('',*,*,#2106,.F.);
#2106 = EDGE_CURVE('',#2107,#2109,#2111,.T.);
#2107 = VERTEX_POINT('',#2108);
#2108 = CARTESIAN_POINT('',(-57.81,2.18,8.49));
#2109 = VERTEX_POINT('',#2110);
#2110 = CARTESIAN_POINT('',(-57.81,2.18,6.49));
#2111 = LINE('',#2112,#2113);
#2112 = CARTESIAN_POINT('',(-57.81,2.18,8.49));
#2113 = VECTOR('',#2114,1.);
#2114 = DIRECTION('',(0.,0.,-1.));
#2115 = ORIENTED_EDGE('',*,*,#2116,.T.);
#2116 = EDGE_CURVE('',#2107,#2117,#2119,.T.);
#2117 = VERTEX_POINT('',#2118);
#2118 = CARTESIAN_POINT('',(-57.81,3.343939444035,8.49));
#2119 = LINE('',#2120,#2121);
#2120 = CARTESIAN_POINT('',(-57.81,2.18,8.49));
#2121 = VECTOR('',#2122,1.);
#2122 = DIRECTION('',(0.,1.,0.));
#2123 = ORIENTED_EDGE('',*,*,#2124,.F.);
#2124 = EDGE_CURVE('',#2125,#2117,#2127,.T.);
#2125 = VERTEX_POINT('',#2126);
#2126 = CARTESIAN_POINT('',(-57.81,8.895189498177,10.78940306055));
#2127 = CIRCLE('',#2128,3.8);
#2128 = AXIS2_PLACEMENT_3D('',#2129,#2130,#2131);
#2129 = CARTESIAN_POINT('',(-57.81,7.01,7.49));
#2130 = DIRECTION('',(1.,0.,0.));
#2131 = DIRECTION('',(0.,1.,0.));
#2132 = ORIENTED_EDGE('',*,*,#2133,.F.);
#2133 = EDGE_CURVE('',#2134,#2125,#2136,.T.);
#2134 = VERTEX_POINT('',#2135);
#2135 = CARTESIAN_POINT('',(-57.81,9.718218971944,11.612432534318));
#2136 = LINE('',#2137,#2138);
#2137 = CARTESIAN_POINT('',(-57.81,9.718218971944,11.612432534318));
#2138 = VECTOR('',#2139,1.);
#2139 = DIRECTION('',(0.,-0.707106781187,-0.707106781187));
#2140 = ORIENTED_EDGE('',*,*,#2141,.T.);
#2141 = EDGE_CURVE('',#2134,#2142,#2144,.T.);
#2142 = VERTEX_POINT('',#2143);
#2143 = CARTESIAN_POINT('',(-57.81,11.132432534318,10.198218971944));
#2144 = LINE('',#2145,#2146);
#2145 = CARTESIAN_POINT('',(-57.81,9.718218971944,11.612432534318));
#2146 = VECTOR('',#2147,1.);
#2147 = DIRECTION('',(0.,0.707106781187,-0.707106781187));
#2148 = ORIENTED_EDGE('',*,*,#2149,.T.);
#2149 = EDGE_CURVE('',#2142,#2150,#2152,.T.);
#2150 = VERTEX_POINT('',#2151);
#2151 = CARTESIAN_POINT('',(-57.81,10.30940306055,9.375189498177));
#2152 = LINE('',#2153,#2154);
#2153 = CARTESIAN_POINT('',(-57.81,11.132432534318,10.198218971944));
#2154 = VECTOR('',#2155,1.);
#2155 = DIRECTION('',(0.,-0.707106781187,-0.707106781187));
#2156 = ORIENTED_EDGE('',*,*,#2157,.F.);
#2157 = EDGE_CURVE('',#2158,#2150,#2160,.T.);
#2158 = VERTEX_POINT('',#2159);
#2159 = CARTESIAN_POINT('',(-57.81,10.81,7.49));
#2160 = CIRCLE('',#2161,3.8);
#2161 = AXIS2_PLACEMENT_3D('',#2162,#2163,#2164);
#2162 = CARTESIAN_POINT('',(-57.81,7.01,7.49));
#2163 = DIRECTION('',(1.,0.,0.));
#2164 = DIRECTION('',(0.,1.,0.));
#2165 = ORIENTED_EDGE('',*,*,#2166,.F.);
#2166 = EDGE_CURVE('',#2167,#2158,#2169,.T.);
#2167 = VERTEX_POINT('',#2168);
#2168 = CARTESIAN_POINT('',(-57.81,8.01,3.823939444035));
#2169 = CIRCLE('',#2170,3.8);
#2170 = AXIS2_PLACEMENT_3D('',#2171,#2172,#2173);
#2171 = CARTESIAN_POINT('',(-57.81,7.01,7.49));
#2172 = DIRECTION('',(1.,0.,0.));
#2173 = DIRECTION('',(0.,1.,0.));
#2174 = ORIENTED_EDGE('',*,*,#2175,.F.);
#2175 = EDGE_CURVE('',#2176,#2167,#2178,.T.);
#2176 = VERTEX_POINT('',#2177);
#2177 = CARTESIAN_POINT('',(-57.81,8.01,2.66));
#2178 = LINE('',#2179,#2180);
#2179 = CARTESIAN_POINT('',(-57.81,8.01,2.66));
#2180 = VECTOR('',#2181,1.);
#2181 = DIRECTION('',(0.,0.,1.));
#2182 = ORIENTED_EDGE('',*,*,#2183,.F.);
#2183 = EDGE_CURVE('',#2184,#2176,#2186,.T.);
#2184 = VERTEX_POINT('',#2185);
#2185 = CARTESIAN_POINT('',(-57.81,6.01,2.66));
#2186 = LINE('',#2187,#2188);
#2187 = CARTESIAN_POINT('',(-57.81,6.01,2.66));
#2188 = VECTOR('',#2189,1.);
#2189 = DIRECTION('',(0.,1.,0.));
#2190 = ORIENTED_EDGE('',*,*,#2191,.T.);
#2191 = EDGE_CURVE('',#2184,#2192,#2194,.T.);
#2192 = VERTEX_POINT('',#2193);
#2193 = CARTESIAN_POINT('',(-57.81,6.01,3.823939444035));
#2194 = LINE('',#2195,#2196);
#2195 = CARTESIAN_POINT('',(-57.81,6.01,2.66));
#2196 = VECTOR('',#2197,1.);
#2197 = DIRECTION('',(0.,0.,1.));
#2198 = ORIENTED_EDGE('',*,*,#2199,.F.);
#2199 = EDGE_CURVE('',#2200,#2192,#2202,.T.);
#2200 = VERTEX_POINT('',#2201);
#2201 = CARTESIAN_POINT('',(-57.81,3.343939444035,6.49));
#2202 = CIRCLE('',#2203,3.8);
#2203 = AXIS2_PLACEMENT_3D('',#2204,#2205,#2206);
#2204 = CARTESIAN_POINT('',(-57.81,7.01,7.49));
#2205 = DIRECTION('',(1.,0.,0.));
#2206 = DIRECTION('',(0.,1.,0.));
#2207 = ORIENTED_EDGE('',*,*,#2208,.F.);
#2208 = EDGE_CURVE('',#2109,#2200,#2209,.T.);
#2209 = LINE('',#2210,#2211);
#2210 = CARTESIAN_POINT('',(-57.81,2.18,6.49));
#2211 = VECTOR('',#2212,1.);
#2212 = DIRECTION('',(0.,1.,0.));
#2213 = FACE_BOUND('',#2214,.T.);
#2214 = EDGE_LOOP('',(#2215));
#2215 = ORIENTED_EDGE('',*,*,#2216,.F.);
#2216 = EDGE_CURVE('',#2217,#2217,#2219,.T.);
#2217 = VERTEX_POINT('',#2218);
#2218 = CARTESIAN_POINT('',(-57.81,-4.67,8.E-02));
#2219 = CIRCLE('',#2220,2.4);
#2220 = AXIS2_PLACEMENT_3D('',#2221,#2222,#2223);
#2221 = CARTESIAN_POINT('',(-57.81,-7.07,8.E-02));
#2222 = DIRECTION('',(1.,0.,0.));
#2223 = DIRECTION('',(0.,1.,0.));
#2224 = FACE_BOUND('',#2225,.T.);
#2225 = EDGE_LOOP('',(#2226));
#2226 = ORIENTED_EDGE('',*,*,#2227,.F.);
#2227 = EDGE_CURVE('',#2228,#2228,#2230,.T.);
#2228 = VERTEX_POINT('',#2229);
#2229 = CARTESIAN_POINT('',(-57.81,11.09,14.89));
#2230 = CIRCLE('',#2231,2.4);
#2231 = AXIS2_PLACEMENT_3D('',#2232,#2233,#2234);
#2232 = CARTESIAN_POINT('',(-57.81,8.69,14.89));
#2233 = DIRECTION('',(1.,0.,0.));
#2234 = DIRECTION('',(0.,1.,0.));
#2235 = FACE_BOUND('',#2236,.T.);
#2236 = EDGE_LOOP('',(#2237,#2247,#2255,#2264,#2272,#2280,#2288,#2296,
    #2304,#2313,#2321,#2329,#2337,#2345,#2353,#2362,#2370,#2378));
#2237 = ORIENTED_EDGE('',*,*,#2238,.T.);
#2238 = EDGE_CURVE('',#2239,#2241,#2243,.T.);
#2239 = VERTEX_POINT('',#2240);
#2240 = CARTESIAN_POINT('',(-57.81,-2.193203311894,16.426110774469));
#2241 = VERTEX_POINT('',#2242);
#2242 = CARTESIAN_POINT('',(-57.81,-1.426402251483,15.738421794077));
#2243 = LINE('',#2244,#2245);
#2244 = CARTESIAN_POINT('',(-57.81,-2.193203311894,16.426110774469));
#2245 = VECTOR('',#2246,1.);
#2246 = DIRECTION('',(0.,0.744467048943,-0.667659204264));
#2247 = ORIENTED_EDGE('',*,*,#2248,.T.);
#2248 = EDGE_CURVE('',#2241,#2249,#2251,.T.);
#2249 = VERTEX_POINT('',#2250);
#2250 = CARTESIAN_POINT('',(-57.81,-0.758743047219,16.482888843019));
#2251 = LINE('',#2252,#2253);
#2252 = CARTESIAN_POINT('',(-57.81,-3.429379864276,13.505020647249));
#2253 = VECTOR('',#2254,1.);
#2254 = DIRECTION('',(0.,0.667659204264,0.744467048943));
#2255 = ORIENTED_EDGE('',*,*,#2256,.F.);
#2256 = EDGE_CURVE('',#2257,#2249,#2259,.T.);
#2257 = VERTEX_POINT('',#2258);
#2258 = CARTESIAN_POINT('',(-57.81,1.775616805321,16.479342088003));
#2259 = CIRCLE('',#2260,1.7);
#2260 = AXIS2_PLACEMENT_3D('',#2261,#2262,#2263);
#2261 = CARTESIAN_POINT('',(-57.81,0.506850935983,15.34786819577));
#2262 = DIRECTION('',(1.,0.,0.));
#2263 = DIRECTION('',(0.,1.,0.));
#2264 = ORIENTED_EDGE('',*,*,#2265,.T.);
#2265 = EDGE_CURVE('',#2257,#2266,#2268,.T.);
#2266 = VERTEX_POINT('',#2267);
#2267 = CARTESIAN_POINT('',(-57.81,2.437861828548,15.736740839182));
#2268 = LINE('',#2269,#2270);
#2269 = CARTESIAN_POINT('',(-57.81,1.775616805321,16.479342088003));
#2270 = VECTOR('',#2271,1.);
#2271 = DIRECTION('',(0.,0.665572858913,-0.746332881145));
#2272 = ORIENTED_EDGE('',*,*,#2273,.F.);
#2273 = EDGE_CURVE('',#2274,#2266,#2276,.T.);
#2274 = VERTEX_POINT('',#2275);
#2275 = CARTESIAN_POINT('',(-57.81,3.206584696128,16.422280883862));
#2276 = LINE('',#2277,#2278);
#2277 = CARTESIAN_POINT('',(-57.81,3.206584696128,16.422280883862));
#2278 = VECTOR('',#2279,1.);
#2279 = DIRECTION('',(0.,-0.746332881145,-0.665572858913));
#2280 = ORIENTED_EDGE('',*,*,#2281,.T.);
#2281 = EDGE_CURVE('',#2274,#2282,#2284,.T.);
#2282 = VERTEX_POINT('',#2283);
#2283 = CARTESIAN_POINT('',(-57.81,4.537730413954,14.929615121571));
#2284 = LINE('',#2285,#2286);
#2285 = CARTESIAN_POINT('',(-57.81,3.206584696128,16.422280883862));
#2286 = VECTOR('',#2287,1.);
#2287 = DIRECTION('',(0.,0.665572858913,-0.746332881145));
#2288 = ORIENTED_EDGE('',*,*,#2289,.T.);
#2289 = EDGE_CURVE('',#2282,#2290,#2292,.T.);
#2290 = VERTEX_POINT('',#2291);
#2291 = CARTESIAN_POINT('',(-57.81,3.769007546374,14.244075076891));
#2292 = LINE('',#2293,#2294);
#2293 = CARTESIAN_POINT('',(-57.81,4.537730413954,14.929615121571));
#2294 = VECTOR('',#2295,1.);
#2295 = DIRECTION('',(0.,-0.746332881145,-0.665572858913));
#2296 = ORIENTED_EDGE('',*,*,#2297,.T.);
#2297 = EDGE_CURVE('',#2290,#2298,#2300,.T.);
#2298 = VERTEX_POINT('',#2299);
#2299 = CARTESIAN_POINT('',(-57.81,4.431252493188,13.501473913756));
#2300 = LINE('',#2301,#2302);
#2301 = CARTESIAN_POINT('',(-57.81,1.775616805321,16.479342088003));
#2302 = VECTOR('',#2303,1.);
#2303 = DIRECTION('',(0.,0.665572858913,-0.746332881145));
#2304 = ORIENTED_EDGE('',*,*,#2305,.F.);
#2305 = EDGE_CURVE('',#2306,#2298,#2308,.T.);
#2306 = VERTEX_POINT('',#2307);
#2307 = CARTESIAN_POINT('',(-57.81,3.162486709842,10.67));
#2308 = CIRCLE('',#2309,1.7);
#2309 = AXIS2_PLACEMENT_3D('',#2310,#2311,#2312);
#2310 = CARTESIAN_POINT('',(-57.81,3.162486643045,12.37));
#2311 = DIRECTION('',(1.,0.,0.));
#2312 = DIRECTION('',(0.,1.,0.));
#2313 = ORIENTED_EDGE('',*,*,#2314,.F.);
#2314 = EDGE_CURVE('',#2315,#2306,#2317,.T.);
#2315 = VERTEX_POINT('',#2316);
#2316 = CARTESIAN_POINT('',(-57.81,1.499350380985,10.67));
#2317 = LINE('',#2318,#2319);
#2318 = CARTESIAN_POINT('',(-57.81,-2.16378580443,10.67));
#2319 = VECTOR('',#2320,1.);
#2320 = DIRECTION('',(0.,1.,0.));
#2321 = ORIENTED_EDGE('',*,*,#2322,.F.);
#2322 = EDGE_CURVE('',#2323,#2315,#2325,.T.);
#2323 = VERTEX_POINT('',#2324);
#2324 = CARTESIAN_POINT('',(-57.81,1.499350380985,9.64));
#2325 = LINE('',#2326,#2327);
#2326 = CARTESIAN_POINT('',(-57.81,1.499350380985,9.64));
#2327 = VECTOR('',#2328,1.);
#2328 = DIRECTION('',(0.,0.,1.));
#2329 = ORIENTED_EDGE('',*,*,#2330,.F.);
#2330 = EDGE_CURVE('',#2331,#2323,#2333,.T.);
#2331 = VERTEX_POINT('',#2332);
#2332 = CARTESIAN_POINT('',(-57.81,-0.500649619015,9.64));
#2333 = LINE('',#2334,#2335);
#2334 = CARTESIAN_POINT('',(-57.81,-0.500649619015,9.64));
#2335 = VECTOR('',#2336,1.);
#2336 = DIRECTION('',(0.,1.,0.));
#2337 = ORIENTED_EDGE('',*,*,#2338,.T.);
#2338 = EDGE_CURVE('',#2331,#2339,#2341,.T.);
#2339 = VERTEX_POINT('',#2340);
#2340 = CARTESIAN_POINT('',(-57.81,-0.500649619015,10.67));
#2341 = LINE('',#2342,#2343);
#2342 = CARTESIAN_POINT('',(-57.81,-0.500649619015,9.64));
#2343 = VECTOR('',#2344,1.);
#2344 = DIRECTION('',(0.,0.,1.));
#2345 = ORIENTED_EDGE('',*,*,#2346,.F.);
#2346 = EDGE_CURVE('',#2347,#2339,#2349,.T.);
#2347 = VERTEX_POINT('',#2348);
#2348 = CARTESIAN_POINT('',(-57.81,-2.16378580443,10.67));
#2349 = LINE('',#2350,#2351);
#2350 = CARTESIAN_POINT('',(-57.81,-2.16378580443,10.67));
#2351 = VECTOR('',#2352,1.);
#2352 = DIRECTION('',(0.,1.,0.));
#2353 = ORIENTED_EDGE('',*,*,#2354,.F.);
#2354 = EDGE_CURVE('',#2355,#2347,#2357,.T.);
#2355 = VERTEX_POINT('',#2356);
#2356 = CARTESIAN_POINT('',(-57.81,-3.429379864276,13.505020647249));
#2357 = CIRCLE('',#2358,1.7);
#2358 = AXIS2_PLACEMENT_3D('',#2359,#2360,#2361);
#2359 = CARTESIAN_POINT('',(-57.81,-2.163785881074,12.37));
#2360 = DIRECTION('',(1.,0.,0.));
#2361 = DIRECTION('',(0.,1.,0.));
#2362 = ORIENTED_EDGE('',*,*,#2363,.T.);
#2363 = EDGE_CURVE('',#2355,#2364,#2366,.T.);
#2364 = VERTEX_POINT('',#2365);
#2365 = CARTESIAN_POINT('',(-57.81,-2.761720660012,14.249487696192));
#2366 = LINE('',#2367,#2368);
#2367 = CARTESIAN_POINT('',(-57.81,-3.429379864276,13.505020647249));
#2368 = VECTOR('',#2369,1.);
#2369 = DIRECTION('',(0.,0.667659204264,0.744467048943));
#2370 = ORIENTED_EDGE('',*,*,#2371,.F.);
#2371 = EDGE_CURVE('',#2372,#2364,#2374,.T.);
#2372 = VERTEX_POINT('',#2373);
#2373 = CARTESIAN_POINT('',(-57.81,-3.528521720423,14.937176676584));
#2374 = LINE('',#2375,#2376);
#2375 = CARTESIAN_POINT('',(-57.81,-3.528521720423,14.937176676584));
#2376 = VECTOR('',#2377,1.);
#2377 = DIRECTION('',(0.,0.744467048943,-0.667659204264));
#2378 = ORIENTED_EDGE('',*,*,#2379,.F.);
#2379 = EDGE_CURVE('',#2239,#2372,#2380,.T.);
#2380 = LINE('',#2381,#2382);
#2381 = CARTESIAN_POINT('',(-57.81,-2.193203311894,16.426110774469));
#2382 = VECTOR('',#2383,1.);
#2383 = DIRECTION('',(0.,-0.667659204264,-0.744467048943));
#2384 = FACE_BOUND('',#2385,.T.);
#2385 = EDGE_LOOP('',(#2386,#2396,#2405,#2413,#2421,#2429,#2438,#2446,
    #2454,#2462,#2471,#2479));
#2386 = ORIENTED_EDGE('',*,*,#2387,.T.);
#2387 = EDGE_CURVE('',#2388,#2390,#2392,.T.);
#2388 = VERTEX_POINT('',#2389);
#2389 = CARTESIAN_POINT('',(-57.81,-6.99,2.66));
#2390 = VERTEX_POINT('',#2391);
#2391 = CARTESIAN_POINT('',(-57.81,-6.99,3.823939444035));
#2392 = LINE('',#2393,#2394);
#2393 = CARTESIAN_POINT('',(-57.81,-6.99,2.66));
#2394 = VECTOR('',#2395,1.);
#2395 = DIRECTION('',(0.,0.,1.));
#2396 = ORIENTED_EDGE('',*,*,#2397,.F.);
#2397 = EDGE_CURVE('',#2398,#2390,#2400,.T.);
#2398 = VERTEX_POINT('',#2399);
#2399 = CARTESIAN_POINT('',(-57.81,-6.99,11.156060555965));
#2400 = CIRCLE('',#2401,3.8);
#2401 = AXIS2_PLACEMENT_3D('',#2402,#2403,#2404);
#2402 = CARTESIAN_POINT('',(-57.81,-5.99,7.49));
#2403 = DIRECTION('',(1.,0.,0.));
#2404 = DIRECTION('',(0.,1.,0.));
#2405 = ORIENTED_EDGE('',*,*,#2406,.F.);
#2406 = EDGE_CURVE('',#2407,#2398,#2409,.T.);
#2407 = VERTEX_POINT('',#2408);
#2408 = CARTESIAN_POINT('',(-57.81,-6.99,12.32));
#2409 = LINE('',#2410,#2411);
#2410 = CARTESIAN_POINT('',(-57.81,-6.99,12.32));
#2411 = VECTOR('',#2412,1.);
#2412 = DIRECTION('',(0.,0.,-1.));
#2413 = ORIENTED_EDGE('',*,*,#2414,.T.);
#2414 = EDGE_CURVE('',#2407,#2415,#2417,.T.);
#2415 = VERTEX_POINT('',#2416);
#2416 = CARTESIAN_POINT('',(-57.81,-4.99,12.32));
#2417 = LINE('',#2418,#2419);
#2418 = CARTESIAN_POINT('',(-57.81,-6.99,12.32));
#2419 = VECTOR('',#2420,1.);
#2420 = DIRECTION('',(0.,1.,0.));
#2421 = ORIENTED_EDGE('',*,*,#2422,.T.);
#2422 = EDGE_CURVE('',#2415,#2423,#2425,.T.);
#2423 = VERTEX_POINT('',#2424);
#2424 = CARTESIAN_POINT('',(-57.81,-4.99,11.156060555965));
#2425 = LINE('',#2426,#2427);
#2426 = CARTESIAN_POINT('',(-57.81,-4.99,12.32));
#2427 = VECTOR('',#2428,1.);
#2428 = DIRECTION('',(0.,0.,-1.));
#2429 = ORIENTED_EDGE('',*,*,#2430,.F.);
#2430 = EDGE_CURVE('',#2431,#2423,#2433,.T.);
#2431 = VERTEX_POINT('',#2432);
#2432 = CARTESIAN_POINT('',(-57.81,-2.323939444035,8.49));
#2433 = CIRCLE('',#2434,3.8);
#2434 = AXIS2_PLACEMENT_3D('',#2435,#2436,#2437);
#2435 = CARTESIAN_POINT('',(-57.81,-5.99,7.49));
#2436 = DIRECTION('',(1.,0.,0.));
#2437 = DIRECTION('',(0.,1.,0.));
#2438 = ORIENTED_EDGE('',*,*,#2439,.F.);
#2439 = EDGE_CURVE('',#2440,#2431,#2442,.T.);
#2440 = VERTEX_POINT('',#2441);
#2441 = CARTESIAN_POINT('',(-57.81,-1.16,8.49));
#2442 = LINE('',#2443,#2444);
#2443 = CARTESIAN_POINT('',(-57.81,-1.16,8.49));
#2444 = VECTOR('',#2445,1.);
#2445 = DIRECTION('',(0.,-1.,0.));
#2446 = ORIENTED_EDGE('',*,*,#2447,.T.);
#2447 = EDGE_CURVE('',#2440,#2448,#2450,.T.);
#2448 = VERTEX_POINT('',#2449);
#2449 = CARTESIAN_POINT('',(-57.81,-1.16,6.49));
#2450 = LINE('',#2451,#2452);
#2451 = CARTESIAN_POINT('',(-57.81,-1.16,8.49));
#2452 = VECTOR('',#2453,1.);
#2453 = DIRECTION('',(0.,0.,-1.));
#2454 = ORIENTED_EDGE('',*,*,#2455,.T.);
#2455 = EDGE_CURVE('',#2448,#2456,#2458,.T.);
#2456 = VERTEX_POINT('',#2457);
#2457 = CARTESIAN_POINT('',(-57.81,-2.323939444035,6.49));
#2458 = LINE('',#2459,#2460);
#2459 = CARTESIAN_POINT('',(-57.81,-1.16,6.49));
#2460 = VECTOR('',#2461,1.);
#2461 = DIRECTION('',(0.,-1.,0.));
#2462 = ORIENTED_EDGE('',*,*,#2463,.F.);
#2463 = EDGE_CURVE('',#2464,#2456,#2466,.T.);
#2464 = VERTEX_POINT('',#2465);
#2465 = CARTESIAN_POINT('',(-57.81,-4.99,3.823939444035));
#2466 = CIRCLE('',#2467,3.8);
#2467 = AXIS2_PLACEMENT_3D('',#2468,#2469,#2470);
#2468 = CARTESIAN_POINT('',(-57.81,-5.99,7.49));
#2469 = DIRECTION('',(1.,0.,0.));
#2470 = DIRECTION('',(0.,1.,0.));
#2471 = ORIENTED_EDGE('',*,*,#2472,.F.);
#2472 = EDGE_CURVE('',#2473,#2464,#2475,.T.);
#2473 = VERTEX_POINT('',#2474);
#2474 = CARTESIAN_POINT('',(-57.81,-4.99,2.66));
#2475 = LINE('',#2476,#2477);
#2476 = CARTESIAN_POINT('',(-57.81,-4.99,2.66));
#2477 = VECTOR('',#2478,1.);
#2478 = DIRECTION('',(0.,0.,1.));
#2479 = ORIENTED_EDGE('',*,*,#2480,.F.);
#2480 = EDGE_CURVE('',#2388,#2473,#2481,.T.);
#2481 = LINE('',#2482,#2483);
#2482 = CARTESIAN_POINT('',(-57.81,-6.99,2.66));
#2483 = VECTOR('',#2484,1.);
#2484 = DIRECTION('',(0.,1.,0.));
#2485 = FACE_BOUND('',#2486,.T.);
#2486 = EDGE_LOOP('',(#2487,#2497,#2505,#2513));
#2487 = ORIENTED_EDGE('',*,*,#2488,.F.);
#2488 = EDGE_CURVE('',#2489,#2491,#2493,.T.);
#2489 = VERTEX_POINT('',#2490);
#2490 = CARTESIAN_POINT('',(-57.81,-45.95,0.));
#2491 = VERTEX_POINT('',#2492);
#2492 = CARTESIAN_POINT('',(-57.81,-10.7,0.));
#2493 = LINE('',#2494,#2495);
#2494 = CARTESIAN_POINT('',(-57.81,-30.16486666666,0.));
#2495 = VECTOR('',#2496,1.);
#2496 = DIRECTION('',(0.,1.,0.));
#2497 = ORIENTED_EDGE('',*,*,#2498,.T.);
#2498 = EDGE_CURVE('',#2489,#2499,#2501,.T.);
#2499 = VERTEX_POINT('',#2500);
#2500 = CARTESIAN_POINT('',(-57.81,-45.95,7.11));
#2501 = LINE('',#2502,#2503);
#2502 = CARTESIAN_POINT('',(-57.81,-45.95,0.));
#2503 = VECTOR('',#2504,1.);
#2504 = DIRECTION('',(0.,0.,1.));
#2505 = ORIENTED_EDGE('',*,*,#2506,.F.);
#2506 = EDGE_CURVE('',#2507,#2499,#2509,.T.);
#2507 = VERTEX_POINT('',#2508);
#2508 = CARTESIAN_POINT('',(-57.81,-10.7,7.11));
#2509 = LINE('',#2510,#2511);
#2510 = CARTESIAN_POINT('',(-57.81,-11.7,7.11));
#2511 = VECTOR('',#2512,1.);
#2512 = DIRECTION('',(0.,-1.,0.));
#2513 = ORIENTED_EDGE('',*,*,#2514,.F.);
#2514 = EDGE_CURVE('',#2491,#2507,#2515,.T.);
#2515 = LINE('',#2516,#2517);
#2516 = CARTESIAN_POINT('',(-57.81,-10.7,-0.55));
#2517 = VECTOR('',#2518,1.);
#2518 = DIRECTION('',(0.,0.,1.));
#2519 = PLANE('',#2520);
#2520 = AXIS2_PLACEMENT_3D('',#2521,#2522,#2523);
#2521 = CARTESIAN_POINT('',(-57.81,4.576986150548,8.091594425451));
#2522 = DIRECTION('',(1.,0.,0.));
#2523 = DIRECTION('',(0.,0.,1.));
#2524 = ADVANCED_FACE('',(#2525),#2543,.T.);
#2525 = FACE_BOUND('',#2526,.T.);
#2526 = EDGE_LOOP('',(#2527,#2535,#2536,#2537));
#2527 = ORIENTED_EDGE('',*,*,#2528,.F.);
#2528 = EDGE_CURVE('',#352,#2529,#2531,.T.);
#2529 = VERTEX_POINT('',#2530);
#2530 = CARTESIAN_POINT('',(59.8,-50.8,16.31));
#2531 = LINE('',#2532,#2533);
#2532 = CARTESIAN_POINT('',(59.8,-50.25,16.31));
#2533 = VECTOR('',#2534,1.);
#2534 = DIRECTION('',(0.,-1.,-2.5E-16));
#2535 = ORIENTED_EDGE('',*,*,#351,.F.);
#2536 = ORIENTED_EDGE('',*,*,#1843,.F.);
#2537 = ORIENTED_EDGE('',*,*,#2538,.F.);
#2538 = EDGE_CURVE('',#2529,#1834,#2539,.T.);
#2539 = LINE('',#2540,#2541);
#2540 = CARTESIAN_POINT('',(59.8,-50.8,16.31));
#2541 = VECTOR('',#2542,1.);
#2542 = DIRECTION('',(-1.,0.,0.));
#2543 = PLANE('',#2544);
#2544 = AXIS2_PLACEMENT_3D('',#2545,#2546,#2547);
#2545 = CARTESIAN_POINT('',(0.995,-49.775,16.31));
#2546 = DIRECTION('',(0.,0.,1.));
#2547 = DIRECTION('',(1.,0.,0.));
#2548 = ADVANCED_FACE('',(#2549),#2599,.T.);
#2549 = FACE_BOUND('',#2550,.T.);
#2550 = EDGE_LOOP('',(#2551,#2561,#2569,#2575,#2576,#2577,#2585,#2593));
#2551 = ORIENTED_EDGE('',*,*,#2552,.T.);
#2552 = EDGE_CURVE('',#2553,#2555,#2557,.T.);
#2553 = VERTEX_POINT('',#2554);
#2554 = CARTESIAN_POINT('',(59.8,50.8,16.31));
#2555 = VERTEX_POINT('',#2556);
#2556 = CARTESIAN_POINT('',(59.8,48.75,16.31));
#2557 = LINE('',#2558,#2559);
#2558 = CARTESIAN_POINT('',(59.8,50.25,16.31));
#2559 = VECTOR('',#2560,1.);
#2560 = DIRECTION('',(-9.47E-15,-1.,0.));
#2561 = ORIENTED_EDGE('',*,*,#2562,.F.);
#2562 = EDGE_CURVE('',#2563,#2555,#2565,.T.);
#2563 = VERTEX_POINT('',#2564);
#2564 = CARTESIAN_POINT('',(59.8,48.75,0.));
#2565 = LINE('',#2566,#2567);
#2566 = CARTESIAN_POINT('',(59.8,48.75,-4.));
#2567 = VECTOR('',#2568,1.);
#2568 = DIRECTION('',(0.,0.,1.));
#2569 = ORIENTED_EDGE('',*,*,#2570,.F.);
#2570 = EDGE_CURVE('',#360,#2563,#2571,.T.);
#2571 = LINE('',#2572,#2573);
#2572 = CARTESIAN_POINT('',(59.8,-24.375,0.));
#2573 = VECTOR('',#2574,1.);
#2574 = DIRECTION('',(0.,1.,0.));
#2575 = ORIENTED_EDGE('',*,*,#359,.T.);
#2576 = ORIENTED_EDGE('',*,*,#2528,.T.);
#2577 = ORIENTED_EDGE('',*,*,#2578,.T.);
#2578 = EDGE_CURVE('',#2529,#2579,#2581,.T.);
#2579 = VERTEX_POINT('',#2580);
#2580 = CARTESIAN_POINT('',(59.8,-50.8,-6.));
#2581 = LINE('',#2582,#2583);
#2582 = CARTESIAN_POINT('',(59.8,-50.8,-4.));
#2583 = VECTOR('',#2584,1.);
#2584 = DIRECTION('',(0.,0.,-1.));
#2585 = ORIENTED_EDGE('',*,*,#2586,.T.);
#2586 = EDGE_CURVE('',#2579,#2587,#2589,.T.);
#2587 = VERTEX_POINT('',#2588);
#2588 = CARTESIAN_POINT('',(59.8,50.8,-6.));
#2589 = LINE('',#2590,#2591);
#2590 = CARTESIAN_POINT('',(59.8,50.25,-6.));
#2591 = VECTOR('',#2592,1.);
#2592 = DIRECTION('',(0.,1.,2.5E-16));
#2593 = ORIENTED_EDGE('',*,*,#2594,.T.);
#2594 = EDGE_CURVE('',#2587,#2553,#2595,.T.);
#2595 = LINE('',#2596,#2597);
#2596 = CARTESIAN_POINT('',(59.8,50.8,-4.));
#2597 = VECTOR('',#2598,1.);
#2598 = DIRECTION('',(0.,0.,1.));
#2599 = PLANE('',#2600);
#2600 = AXIS2_PLACEMENT_3D('',#2601,#2602,#2603);
#2601 = CARTESIAN_POINT('',(59.8,1.297E-14,-0.166512623021));
#2602 = DIRECTION('',(1.,0.,0.));
#2603 = DIRECTION('',(0.,0.,1.));
#2604 = ADVANCED_FACE('',(#2605),#2623,.T.);
#2605 = FACE_BOUND('',#2606,.T.);
#2606 = EDGE_LOOP('',(#2607,#2608,#2616,#2622));
#2607 = ORIENTED_EDGE('',*,*,#2570,.T.);
#2608 = ORIENTED_EDGE('',*,*,#2609,.T.);
#2609 = EDGE_CURVE('',#2563,#2610,#2612,.T.);
#2610 = VERTEX_POINT('',#2611);
#2611 = CARTESIAN_POINT('',(58.3,48.75,0.));
#2612 = LINE('',#2613,#2614);
#2613 = CARTESIAN_POINT('',(29.9,48.75,0.));
#2614 = VECTOR('',#2615,1.);
#2615 = DIRECTION('',(-1.,0.,0.));
#2616 = ORIENTED_EDGE('',*,*,#2617,.T.);
#2617 = EDGE_CURVE('',#2610,#368,#2618,.T.);
#2618 = LINE('',#2619,#2620);
#2619 = CARTESIAN_POINT('',(58.3,24.375,0.));
#2620 = VECTOR('',#2621,1.);
#2621 = DIRECTION('',(0.,-1.,0.));
#2622 = ORIENTED_EDGE('',*,*,#367,.T.);
#2623 = PLANE('',#2624);
#2624 = AXIS2_PLACEMENT_3D('',#2625,#2626,#2627);
#2625 = CARTESIAN_POINT('',(0.,0.,0.));
#2626 = DIRECTION('',(0.,0.,1.));
#2627 = DIRECTION('',(1.,0.,0.));
#2628 = ADVANCED_FACE('',(#2629),#2640,.T.);
#2629 = FACE_BOUND('',#2630,.T.);
#2630 = EDGE_LOOP('',(#2631,#2632,#2633,#2634));
#2631 = ORIENTED_EDGE('',*,*,#729,.T.);
#2632 = ORIENTED_EDGE('',*,*,#375,.T.);
#2633 = ORIENTED_EDGE('',*,*,#2617,.F.);
#2634 = ORIENTED_EDGE('',*,*,#2635,.F.);
#2635 = EDGE_CURVE('',#730,#2610,#2636,.T.);
#2636 = LINE('',#2637,#2638);
#2637 = CARTESIAN_POINT('',(58.3,48.75,-4.));
#2638 = VECTOR('',#2639,1.);
#2639 = DIRECTION('',(0.,0.,1.));
#2640 = PLANE('',#2641);
#2641 = AXIS2_PLACEMENT_3D('',#2642,#2643,#2644);
#2642 = CARTESIAN_POINT('',(58.3,-6.69E-15,-2.75));
#2643 = DIRECTION('',(-1.,-0.,-0.));
#2644 = DIRECTION('',(0.,0.,-1.));
#2645 = ADVANCED_FACE('',(#2646),#2652,.T.);
#2646 = FACE_BOUND('',#2647,.T.);
#2647 = EDGE_LOOP('',(#2648,#2649,#2650,#2651));
#2648 = ORIENTED_EDGE('',*,*,#493,.F.);
#2649 = ORIENTED_EDGE('',*,*,#391,.T.);
#2650 = ORIENTED_EDGE('',*,*,#722,.T.);
#2651 = ORIENTED_EDGE('',*,*,#449,.F.);
#2652 = PLANE('',#2653);
#2653 = AXIS2_PLACEMENT_3D('',#2654,#2655,#2656);
#2654 = CARTESIAN_POINT('',(56.565,-47.85,-3.47));
#2655 = DIRECTION('',(1.,0.,0.));
#2656 = DIRECTION('',(0.,0.,1.));
#2657 = ADVANCED_FACE('',(#2658),#2685,.F.);
#2658 = FACE_BOUND('',#2659,.T.);
#2659 = EDGE_LOOP('',(#2660,#2661,#2668,#2677,#2684));
#2660 = ORIENTED_EDGE('',*,*,#474,.T.);
#2661 = ORIENTED_EDGE('',*,*,#2662,.F.);
#2662 = EDGE_CURVE('',#2663,#475,#2665,.T.);
#2663 = VERTEX_POINT('',#2664);
#2664 = CARTESIAN_POINT('',(51.815,-50.8,-1.44));
#2665 = B_SPLINE_CURVE_WITH_KNOTS('',1,(#2666,#2667),.UNSPECIFIED.,.F.,
  .F.,(2,2),(-0.55,3.3),.PIECEWISE_BEZIER_KNOTS.);
#2666 = CARTESIAN_POINT('',(51.815,-50.8,-1.44));
#2667 = CARTESIAN_POINT('',(51.815,-46.95,-1.44));
#2668 = ORIENTED_EDGE('',*,*,#2669,.T.);
#2669 = EDGE_CURVE('',#2663,#2670,#2672,.T.);
#2670 = VERTEX_POINT('',#2671);
#2671 = CARTESIAN_POINT('',(54.565,-50.8,-1.44));
#2672 = CIRCLE('',#2673,1.375);
#2673 = AXIS2_PLACEMENT_3D('',#2674,#2675,#2676);
#2674 = CARTESIAN_POINT('',(53.19,-50.8,-1.44));
#2675 = DIRECTION('',(0.,-1.,2.2E-16));
#2676 = DIRECTION('',(1.,0.,0.));
#2677 = ORIENTED_EDGE('',*,*,#2678,.T.);
#2678 = EDGE_CURVE('',#2670,#2663,#2679,.T.);
#2679 = CIRCLE('',#2680,1.375);
#2680 = AXIS2_PLACEMENT_3D('',#2681,#2682,#2683);
#2681 = CARTESIAN_POINT('',(53.19,-50.8,-1.44));
#2682 = DIRECTION('',(0.,-1.,2.2E-16));
#2683 = DIRECTION('',(1.,0.,0.));
#2684 = ORIENTED_EDGE('',*,*,#2662,.T.);
#2685 = CYLINDRICAL_SURFACE('',#2686,1.375);
#2686 = AXIS2_PLACEMENT_3D('',#2687,#2688,#2689);
#2687 = CARTESIAN_POINT('',(53.19,-50.25,-1.44));
#2688 = DIRECTION('',(0.,1.,-2.2E-16));
#2689 = DIRECTION('',(1.,0.,0.));
#2690 = ADVANCED_FACE('',(#2691),#2698,.T.);
#2691 = FACE_BOUND('',#2692,.F.);
#2692 = EDGE_LOOP('',(#2693,#2694,#2695,#2696,#2697));
#2693 = ORIENTED_EDGE('',*,*,#519,.F.);
#2694 = ORIENTED_EDGE('',*,*,#534,.T.);
#2695 = ORIENTED_EDGE('',*,*,#568,.T.);
#2696 = ORIENTED_EDGE('',*,*,#602,.F.);
#2697 = ORIENTED_EDGE('',*,*,#714,.F.);
#2698 = CYLINDRICAL_SURFACE('',#2699,3.375);
#2699 = AXIS2_PLACEMENT_3D('',#2700,#2701,#2702);
#2700 = CARTESIAN_POINT('',(43.19,-47.,-5.5));
#2701 = DIRECTION('',(-0.,-0.,-1.));
#2702 = DIRECTION('',(1.,0.,0.));
#2703 = ADVANCED_FACE('',(#2704),#2722,.F.);
#2704 = FACE_BOUND('',#2705,.T.);
#2705 = EDGE_LOOP('',(#2706,#2715,#2720,#2721));
#2706 = ORIENTED_EDGE('',*,*,#2707,.T.);
#2707 = EDGE_CURVE('',#2708,#2708,#2710,.T.);
#2708 = VERTEX_POINT('',#2709);
#2709 = CARTESIAN_POINT('',(44.565,-47.,-6.));
#2710 = CIRCLE('',#2711,1.375);
#2711 = AXIS2_PLACEMENT_3D('',#2712,#2713,#2714);
#2712 = CARTESIAN_POINT('',(43.19,-47.,-6.));
#2713 = DIRECTION('',(0.,0.,-1.));
#2714 = DIRECTION('',(1.,0.,0.));
#2715 = ORIENTED_EDGE('',*,*,#2716,.F.);
#2716 = EDGE_CURVE('',#578,#2708,#2717,.T.);
#2717 = B_SPLINE_CURVE_WITH_KNOTS('',1,(#2718,#2719),.UNSPECIFIED.,.F.,
  .F.,(2,2),(-2.5,0.5),.PIECEWISE_BEZIER_KNOTS.);
#2718 = CARTESIAN_POINT('',(44.565,-47.,-3.));
#2719 = CARTESIAN_POINT('',(44.565,-47.,-6.));
#2720 = ORIENTED_EDGE('',*,*,#577,.T.);
#2721 = ORIENTED_EDGE('',*,*,#2716,.T.);
#2722 = CYLINDRICAL_SURFACE('',#2723,1.375);
#2723 = AXIS2_PLACEMENT_3D('',#2724,#2725,#2726);
#2724 = CARTESIAN_POINT('',(43.19,-47.,-5.5));
#2725 = DIRECTION('',(-0.,-0.,-1.));
#2726 = DIRECTION('',(1.,0.,0.));
#2727 = ADVANCED_FACE('',(#2728),#3012,.T.);
#2728 = FACE_BOUND('',#2729,.T.);
#2729 = EDGE_LOOP('',(#2730,#2731,#2739,#2747,#2755,#2764,#2772,#2780,
    #2788,#2796,#2805,#2811,#2812,#2820,#2828,#2834,#2835,#2843,#2851,
    #2859,#2868,#2876,#2884,#2892,#2900,#2909,#2915,#2916,#2924,#2932,
    #2940,#2948,#2956,#2964,#2973,#2979,#2980,#2981,#2982,#2983,#2989,
    #2997,#3005,#3011));
#2730 = ORIENTED_EDGE('',*,*,#891,.F.);
#2731 = ORIENTED_EDGE('',*,*,#2732,.T.);
#2732 = EDGE_CURVE('',#884,#2733,#2735,.T.);
#2733 = VERTEX_POINT('',#2734);
#2734 = CARTESIAN_POINT('',(-50.99078125,48.75,-1.45));
#2735 = LINE('',#2736,#2737);
#2736 = CARTESIAN_POINT('',(-31.31447328136,48.75,11.018155544483));
#2737 = VECTOR('',#2738,1.);
#2738 = DIRECTION('',(0.84469303892,1.247134910532E-15,0.535251034563));
#2739 = ORIENTED_EDGE('',*,*,#2740,.F.);
#2740 = EDGE_CURVE('',#2741,#2733,#2743,.T.);
#2741 = VERTEX_POINT('',#2742);
#2742 = CARTESIAN_POINT('',(-50.97499999991,48.75,-1.45));
#2743 = LINE('',#2744,#2745);
#2744 = CARTESIAN_POINT('',(-50.97499999991,48.75,-1.45));
#2745 = VECTOR('',#2746,1.);
#2746 = DIRECTION('',(-1.,0.,0.));
#2747 = ORIENTED_EDGE('',*,*,#2748,.F.);
#2748 = EDGE_CURVE('',#2749,#2741,#2751,.T.);
#2749 = VERTEX_POINT('',#2750);
#2750 = CARTESIAN_POINT('',(-50.975,48.75,-1.44));
#2751 = LINE('',#2752,#2753);
#2752 = CARTESIAN_POINT('',(-50.975,48.75,-1.44));
#2753 = VECTOR('',#2754,1.);
#2754 = DIRECTION('',(3.396172E-11,0.,-1.));
#2755 = ORIENTED_EDGE('',*,*,#2756,.F.);
#2756 = EDGE_CURVE('',#2757,#2749,#2759,.T.);
#2757 = VERTEX_POINT('',#2758);
#2758 = CARTESIAN_POINT('',(-44.225,48.75,-1.44));
#2759 = CIRCLE('',#2760,3.375);
#2760 = AXIS2_PLACEMENT_3D('',#2761,#2762,#2763);
#2761 = CARTESIAN_POINT('',(-47.6,48.75,-1.44));
#2762 = DIRECTION('',(0.,-1.,0.));
#2763 = DIRECTION('',(1.,0.,0.));
#2764 = ORIENTED_EDGE('',*,*,#2765,.F.);
#2765 = EDGE_CURVE('',#2766,#2757,#2768,.T.);
#2766 = VERTEX_POINT('',#2767);
#2767 = CARTESIAN_POINT('',(-44.225,48.75,-4.));
#2768 = LINE('',#2769,#2770);
#2769 = CARTESIAN_POINT('',(-44.225,48.75,1.652219714592));
#2770 = VECTOR('',#2771,1.);
#2771 = DIRECTION('',(0.,2.33E-15,1.));
#2772 = ORIENTED_EDGE('',*,*,#2773,.F.);
#2773 = EDGE_CURVE('',#2774,#2766,#2776,.T.);
#2774 = VERTEX_POINT('',#2775);
#2775 = CARTESIAN_POINT('',(-40.20078125,48.75,-1.45));
#2776 = LINE('',#2777,#2778);
#2777 = CARTESIAN_POINT('',(-26.3938399317,48.75,7.298952914561));
#2778 = VECTOR('',#2779,1.);
#2779 = DIRECTION('',(-0.84469303892,-1.247134910532E-15,-0.535251034563
    ));
#2780 = ORIENTED_EDGE('',*,*,#2781,.F.);
#2781 = EDGE_CURVE('',#2782,#2774,#2784,.T.);
#2782 = VERTEX_POINT('',#2783);
#2783 = CARTESIAN_POINT('',(-40.185,48.75,-1.45));
#2784 = LINE('',#2785,#2786);
#2785 = CARTESIAN_POINT('',(-40.185,48.75,-1.45));
#2786 = VECTOR('',#2787,1.);
#2787 = DIRECTION('',(-1.,0.,0.));
#2788 = ORIENTED_EDGE('',*,*,#2789,.F.);
#2789 = EDGE_CURVE('',#2790,#2782,#2792,.T.);
#2790 = VERTEX_POINT('',#2791);
#2791 = CARTESIAN_POINT('',(-40.185,48.75,-1.44));
#2792 = LINE('',#2793,#2794);
#2793 = CARTESIAN_POINT('',(-40.185,48.75,-1.44));
#2794 = VECTOR('',#2795,1.);
#2795 = DIRECTION('',(0.,-2.2E-16,-1.));
#2796 = ORIENTED_EDGE('',*,*,#2797,.F.);
#2797 = EDGE_CURVE('',#2798,#2790,#2800,.T.);
#2798 = VERTEX_POINT('',#2799);
#2799 = CARTESIAN_POINT('',(-33.435,48.75,-1.44));
#2800 = CIRCLE('',#2801,3.375);
#2801 = AXIS2_PLACEMENT_3D('',#2802,#2803,#2804);
#2802 = CARTESIAN_POINT('',(-36.81,48.75,-1.44));
#2803 = DIRECTION('',(0.,-1.,0.));
#2804 = DIRECTION('',(1.,0.,0.));
#2805 = ORIENTED_EDGE('',*,*,#2806,.T.);
#2806 = EDGE_CURVE('',#2798,#852,#2807,.T.);
#2807 = LINE('',#2808,#2809);
#2808 = CARTESIAN_POINT('',(-33.435,48.75,-4.));
#2809 = VECTOR('',#2810,1.);
#2810 = DIRECTION('',(-0.,-0.,-1.));
#2811 = ORIENTED_EDGE('',*,*,#851,.F.);
#2812 = ORIENTED_EDGE('',*,*,#2813,.T.);
#2813 = EDGE_CURVE('',#844,#2814,#2816,.T.);
#2814 = VERTEX_POINT('',#2815);
#2815 = CARTESIAN_POINT('',(-30.185,48.75,-3.));
#2816 = LINE('',#2817,#2818);
#2817 = CARTESIAN_POINT('',(-30.185,48.75,-5.5));
#2818 = VECTOR('',#2819,1.);
#2819 = DIRECTION('',(0.,0.,1.));
#2820 = ORIENTED_EDGE('',*,*,#2821,.F.);
#2821 = EDGE_CURVE('',#2822,#2814,#2824,.T.);
#2822 = VERTEX_POINT('',#2823);
#2823 = CARTESIAN_POINT('',(-23.435,48.75,-3.));
#2824 = LINE('',#2825,#2826);
#2825 = CARTESIAN_POINT('',(-23.435,48.75,-3.));
#2826 = VECTOR('',#2827,1.);
#2827 = DIRECTION('',(-1.,0.,0.));
#2828 = ORIENTED_EDGE('',*,*,#2829,.F.);
#2829 = EDGE_CURVE('',#819,#2822,#2830,.T.);
#2830 = LINE('',#2831,#2832);
#2831 = CARTESIAN_POINT('',(-23.435,48.75,-5.5));
#2832 = VECTOR('',#2833,1.);
#2833 = DIRECTION('',(0.,0.,1.));
#2834 = ORIENTED_EDGE('',*,*,#818,.F.);
#2835 = ORIENTED_EDGE('',*,*,#2836,.F.);
#2836 = EDGE_CURVE('',#2837,#811,#2839,.T.);
#2837 = VERTEX_POINT('',#2838);
#2838 = CARTESIAN_POINT('',(9.00921875,48.75,-1.45));
#2839 = LINE('',#2840,#2841);
#2840 = CARTESIAN_POINT('',(5.260336818659,48.75,-3.825529144612));
#2841 = VECTOR('',#2842,1.);
#2842 = DIRECTION('',(-0.84469303892,-1.247134910532E-15,-0.535251034563
    ));
#2843 = ORIENTED_EDGE('',*,*,#2844,.F.);
#2844 = EDGE_CURVE('',#2845,#2837,#2847,.T.);
#2845 = VERTEX_POINT('',#2846);
#2846 = CARTESIAN_POINT('',(9.025000000087,48.75,-1.45));
#2847 = LINE('',#2848,#2849);
#2848 = CARTESIAN_POINT('',(9.025000000087,48.75,-1.45));
#2849 = VECTOR('',#2850,1.);
#2850 = DIRECTION('',(-1.,0.,0.));
#2851 = ORIENTED_EDGE('',*,*,#2852,.F.);
#2852 = EDGE_CURVE('',#2853,#2845,#2855,.T.);
#2853 = VERTEX_POINT('',#2854);
#2854 = CARTESIAN_POINT('',(9.025,48.75,-1.44));
#2855 = LINE('',#2856,#2857);
#2856 = CARTESIAN_POINT('',(9.025,48.75,-1.44));
#2857 = VECTOR('',#2858,1.);
#2858 = DIRECTION('',(3.396242E-11,0.,-1.));
#2859 = ORIENTED_EDGE('',*,*,#2860,.F.);
#2860 = EDGE_CURVE('',#2861,#2853,#2863,.T.);
#2861 = VERTEX_POINT('',#2862);
#2862 = CARTESIAN_POINT('',(15.775,48.75,-1.44));
#2863 = CIRCLE('',#2864,3.375);
#2864 = AXIS2_PLACEMENT_3D('',#2865,#2866,#2867);
#2865 = CARTESIAN_POINT('',(12.4,48.75,-1.44));
#2866 = DIRECTION('',(0.,-1.,0.));
#2867 = DIRECTION('',(1.,0.,0.));
#2868 = ORIENTED_EDGE('',*,*,#2869,.F.);
#2869 = EDGE_CURVE('',#2870,#2861,#2872,.T.);
#2870 = VERTEX_POINT('',#2871);
#2871 = CARTESIAN_POINT('',(15.775,48.75,-4.));
#2872 = LINE('',#2873,#2874);
#2873 = CARTESIAN_POINT('',(15.775,48.75,1.652219714592));
#2874 = VECTOR('',#2875,1.);
#2875 = DIRECTION('',(0.,2.33E-15,1.));
#2876 = ORIENTED_EDGE('',*,*,#2877,.F.);
#2877 = EDGE_CURVE('',#2878,#2870,#2880,.T.);
#2878 = VERTEX_POINT('',#2879);
#2879 = CARTESIAN_POINT('',(19.79921875,48.75,-1.45));
#2880 = LINE('',#2881,#2882);
#2881 = CARTESIAN_POINT('',(12.200970168313,48.75,-6.264731774535));
#2882 = VECTOR('',#2883,1.);
#2883 = DIRECTION('',(-0.84469303892,-1.247134910532E-15,-0.535251034563
    ));
#2884 = ORIENTED_EDGE('',*,*,#2885,.F.);
#2885 = EDGE_CURVE('',#2886,#2878,#2888,.T.);
#2886 = VERTEX_POINT('',#2887);
#2887 = CARTESIAN_POINT('',(19.815,48.75,-1.45));
#2888 = LINE('',#2889,#2890);
#2889 = CARTESIAN_POINT('',(19.815,48.75,-1.45));
#2890 = VECTOR('',#2891,1.);
#2891 = DIRECTION('',(-1.,0.,0.));
#2892 = ORIENTED_EDGE('',*,*,#2893,.F.);
#2893 = EDGE_CURVE('',#2894,#2886,#2896,.T.);
#2894 = VERTEX_POINT('',#2895);
#2895 = CARTESIAN_POINT('',(19.815,48.75,-1.44));
#2896 = LINE('',#2897,#2898);
#2897 = CARTESIAN_POINT('',(19.815,48.75,-1.44));
#2898 = VECTOR('',#2899,1.);
#2899 = DIRECTION('',(0.,-2.2E-16,-1.));
#2900 = ORIENTED_EDGE('',*,*,#2901,.F.);
#2901 = EDGE_CURVE('',#2902,#2894,#2904,.T.);
#2902 = VERTEX_POINT('',#2903);
#2903 = CARTESIAN_POINT('',(26.565,48.75,-1.44));
#2904 = CIRCLE('',#2905,3.375);
#2905 = AXIS2_PLACEMENT_3D('',#2906,#2907,#2908);
#2906 = CARTESIAN_POINT('',(23.19,48.75,-1.44));
#2907 = DIRECTION('',(0.,-1.,0.));
#2908 = DIRECTION('',(1.,0.,0.));
#2909 = ORIENTED_EDGE('',*,*,#2910,.T.);
#2910 = EDGE_CURVE('',#2902,#779,#2911,.T.);
#2911 = LINE('',#2912,#2913);
#2912 = CARTESIAN_POINT('',(26.565,48.75,-4.));
#2913 = VECTOR('',#2914,1.);
#2914 = DIRECTION('',(-0.,-0.,-1.));
#2915 = ORIENTED_EDGE('',*,*,#778,.F.);
#2916 = ORIENTED_EDGE('',*,*,#2917,.T.);
#2917 = EDGE_CURVE('',#771,#2918,#2920,.T.);
#2918 = VERTEX_POINT('',#2919);
#2919 = CARTESIAN_POINT('',(39.815000000016,48.75,-3.));
#2920 = LINE('',#2921,#2922);
#2921 = CARTESIAN_POINT('',(39.815000000016,48.75,-5.5));
#2922 = VECTOR('',#2923,1.);
#2923 = DIRECTION('',(0.,0.,1.));
#2924 = ORIENTED_EDGE('',*,*,#2925,.F.);
#2925 = EDGE_CURVE('',#2926,#2918,#2928,.T.);
#2926 = VERTEX_POINT('',#2927);
#2927 = CARTESIAN_POINT('',(46.564999999984,48.75,-3.));
#2928 = LINE('',#2929,#2930);
#2929 = CARTESIAN_POINT('',(46.564999999984,48.75,-3.));
#2930 = VECTOR('',#2931,1.);
#2931 = DIRECTION('',(-1.,0.,0.));
#2932 = ORIENTED_EDGE('',*,*,#2933,.F.);
#2933 = EDGE_CURVE('',#2934,#2926,#2936,.T.);
#2934 = VERTEX_POINT('',#2935);
#2935 = CARTESIAN_POINT('',(46.565,48.75,-4.));
#2936 = LINE('',#2937,#2938);
#2937 = CARTESIAN_POINT('',(46.565,48.75,1.647219714592));
#2938 = VECTOR('',#2939,1.);
#2939 = DIRECTION('',(0.,2.33E-15,1.));
#2940 = ORIENTED_EDGE('',*,*,#2941,.F.);
#2941 = EDGE_CURVE('',#2942,#2934,#2944,.T.);
#2942 = VERTEX_POINT('',#2943);
#2943 = CARTESIAN_POINT('',(49.8023046875,48.75,-1.45));
#2944 = LINE('',#2945,#2946);
#2945 = CARTESIAN_POINT('',(34.389032000558,48.75,-13.59091633186));
#2946 = VECTOR('',#2947,1.);
#2947 = DIRECTION('',(-0.785562879526,-1.441761681169E-15,
    -0.618781837411));
#2948 = ORIENTED_EDGE('',*,*,#2949,.T.);
#2949 = EDGE_CURVE('',#2942,#2950,#2952,.T.);
#2950 = VERTEX_POINT('',#2951);
#2951 = CARTESIAN_POINT('',(49.815,48.75,-1.45));
#2952 = LINE('',#2953,#2954);
#2953 = CARTESIAN_POINT('',(46.564999999984,48.75,-1.45));
#2954 = VECTOR('',#2955,1.);
#2955 = DIRECTION('',(1.,0.,0.));
#2956 = ORIENTED_EDGE('',*,*,#2957,.F.);
#2957 = EDGE_CURVE('',#2958,#2950,#2960,.T.);
#2958 = VERTEX_POINT('',#2959);
#2959 = CARTESIAN_POINT('',(49.815,48.75,-1.44));
#2960 = LINE('',#2961,#2962);
#2961 = CARTESIAN_POINT('',(49.815,48.75,-1.44));
#2962 = VECTOR('',#2963,1.);
#2963 = DIRECTION('',(0.,-2.2E-16,-1.));
#2964 = ORIENTED_EDGE('',*,*,#2965,.F.);
#2965 = EDGE_CURVE('',#2966,#2958,#2968,.T.);
#2966 = VERTEX_POINT('',#2967);
#2967 = CARTESIAN_POINT('',(56.565,48.75,-1.44));
#2968 = CIRCLE('',#2969,3.375);
#2969 = AXIS2_PLACEMENT_3D('',#2970,#2971,#2972);
#2970 = CARTESIAN_POINT('',(53.19,48.75,-1.44));
#2971 = DIRECTION('',(0.,-1.,0.));
#2972 = DIRECTION('',(1.,0.,0.));
#2973 = ORIENTED_EDGE('',*,*,#2974,.T.);
#2974 = EDGE_CURVE('',#2966,#738,#2975,.T.);
#2975 = LINE('',#2976,#2977);
#2976 = CARTESIAN_POINT('',(56.565,48.75,-4.));
#2977 = VECTOR('',#2978,1.);
#2978 = DIRECTION('',(-0.,-0.,-1.));
#2979 = ORIENTED_EDGE('',*,*,#737,.F.);
#2980 = ORIENTED_EDGE('',*,*,#2635,.T.);
#2981 = ORIENTED_EDGE('',*,*,#2609,.F.);
#2982 = ORIENTED_EDGE('',*,*,#2562,.T.);
#2983 = ORIENTED_EDGE('',*,*,#2984,.T.);
#2984 = EDGE_CURVE('',#2555,#1876,#2985,.T.);
#2985 = LINE('',#2986,#2987);
#2986 = CARTESIAN_POINT('',(-55.31,48.75,16.31));
#2987 = VECTOR('',#2988,1.);
#2988 = DIRECTION('',(-1.,-0.,-0.));
#2989 = ORIENTED_EDGE('',*,*,#2990,.T.);
#2990 = EDGE_CURVE('',#1876,#2991,#2993,.T.);
#2991 = VERTEX_POINT('',#2992);
#2992 = CARTESIAN_POINT('',(-59.63,48.75,16.31));
#2993 = LINE('',#2994,#2995);
#2994 = CARTESIAN_POINT('',(-55.31,48.75,16.31));
#2995 = VECTOR('',#2996,1.);
#2996 = DIRECTION('',(-1.,-0.,-0.));
#2997 = ORIENTED_EDGE('',*,*,#2998,.F.);
#2998 = EDGE_CURVE('',#2999,#2991,#3001,.T.);
#2999 = VERTEX_POINT('',#3000);
#3000 = CARTESIAN_POINT('',(-59.63,48.75,-1.46));
#3001 = LINE('',#3002,#3003);
#3002 = CARTESIAN_POINT('',(-59.63,48.75,11.8675));
#3003 = VECTOR('',#3004,1.);
#3004 = DIRECTION('',(0.,0.,1.));
#3005 = ORIENTED_EDGE('',*,*,#3006,.F.);
#3006 = EDGE_CURVE('',#1852,#2999,#3007,.T.);
#3007 = LINE('',#3008,#3009);
#3008 = CARTESIAN_POINT('',(-56.56,48.75,-1.46));
#3009 = VECTOR('',#3010,1.);
#3010 = DIRECTION('',(-1.,-0.,-0.));
#3011 = ORIENTED_EDGE('',*,*,#1851,.T.);
#3012 = PLANE('',#3013);
#3013 = AXIS2_PLACEMENT_3D('',#3014,#3015,#3016);
#3014 = CARTESIAN_POINT('',(0.361512083473,48.75,5.899893143773));
#3015 = DIRECTION('',(0.,-1.,2.194607628175E-15));
#3016 = DIRECTION('',(0.,-2.194607628175E-15,-1.));
#3017 = ADVANCED_FACE('',(#3018),#3036,.T.);
#3018 = FACE_BOUND('',#3019,.T.);
#3019 = EDGE_LOOP('',(#3020,#3028,#3034,#3035));
#3020 = ORIENTED_EDGE('',*,*,#3021,.F.);
#3021 = EDGE_CURVE('',#3022,#876,#3024,.T.);
#3022 = VERTEX_POINT('',#3023);
#3023 = CARTESIAN_POINT('',(-50.99078125,46.95,-1.45));
#3024 = LINE('',#3025,#3026);
#3025 = CARTESIAN_POINT('',(-50.975,46.95,-1.44));
#3026 = VECTOR('',#3027,1.);
#3027 = DIRECTION('',(-0.84469303892,-1.188496045052E-16,-0.535251034563
    ));
#3028 = ORIENTED_EDGE('',*,*,#3029,.F.);
#3029 = EDGE_CURVE('',#2733,#3022,#3030,.T.);
#3030 = LINE('',#3031,#3032);
#3031 = CARTESIAN_POINT('',(-50.99078125,23.475000000007,-1.45));
#3032 = VECTOR('',#3033,1.);
#3033 = DIRECTION('',(-3.504141421473E-16,-1.,0.));
#3034 = ORIENTED_EDGE('',*,*,#2732,.F.);
#3035 = ORIENTED_EDGE('',*,*,#883,.T.);
#3036 = PLANE('',#3037);
#3037 = AXIS2_PLACEMENT_3D('',#3038,#3039,#3040);
#3038 = CARTESIAN_POINT('',(-50.975,46.95,-1.44));
#3039 = DIRECTION('',(-0.535251034563,1.875595321098E-16,0.84469303892)
  );
#3040 = DIRECTION('',(-0.84469303892,-1.188496045052E-16,-0.535251034563
    ));
#3041 = ADVANCED_FACE('',(#3042,#3077),#3088,.T.);
#3042 = FACE_BOUND('',#3043,.T.);
#3043 = EDGE_LOOP('',(#3044,#3045,#3046,#3054,#3063,#3071));
#3044 = ORIENTED_EDGE('',*,*,#3021,.T.);
#3045 = ORIENTED_EDGE('',*,*,#875,.T.);
#3046 = ORIENTED_EDGE('',*,*,#3047,.F.);
#3047 = EDGE_CURVE('',#3048,#868,#3050,.T.);
#3048 = VERTEX_POINT('',#3049);
#3049 = CARTESIAN_POINT('',(-44.225,46.95,-1.44));
#3050 = LINE('',#3051,#3052);
#3051 = CARTESIAN_POINT('',(-44.225,46.95,-1.44));
#3052 = VECTOR('',#3053,1.);
#3053 = DIRECTION('',(0.,-2.22044604925E-16,-1.));
#3054 = ORIENTED_EDGE('',*,*,#3055,.T.);
#3055 = EDGE_CURVE('',#3048,#3056,#3058,.T.);
#3056 = VERTEX_POINT('',#3057);
#3057 = CARTESIAN_POINT('',(-50.975,46.95,-1.44));
#3058 = CIRCLE('',#3059,3.375);
#3059 = AXIS2_PLACEMENT_3D('',#3060,#3061,#3062);
#3060 = CARTESIAN_POINT('',(-47.6,46.95,-1.44));
#3061 = DIRECTION('',(0.,-1.,0.));
#3062 = DIRECTION('',(1.,0.,0.));
#3063 = ORIENTED_EDGE('',*,*,#3064,.T.);
#3064 = EDGE_CURVE('',#3056,#3065,#3067,.T.);
#3065 = VERTEX_POINT('',#3066);
#3066 = CARTESIAN_POINT('',(-50.97499999991,46.95,-1.45));
#3067 = LINE('',#3068,#3069);
#3068 = CARTESIAN_POINT('',(-50.975,46.95,-1.44));
#3069 = VECTOR('',#3070,1.);
#3070 = DIRECTION('',(3.396172E-11,0.,-1.));
#3071 = ORIENTED_EDGE('',*,*,#3072,.F.);
#3072 = EDGE_CURVE('',#3022,#3065,#3073,.T.);
#3073 = LINE('',#3074,#3075);
#3074 = CARTESIAN_POINT('',(-55.01499999991,46.95,-1.45));
#3075 = VECTOR('',#3076,1.);
#3076 = DIRECTION('',(1.,0.,0.));
#3077 = FACE_BOUND('',#3078,.T.);
#3078 = EDGE_LOOP('',(#3079));
#3079 = ORIENTED_EDGE('',*,*,#3080,.F.);
#3080 = EDGE_CURVE('',#3081,#3081,#3083,.T.);
#3081 = VERTEX_POINT('',#3082);
#3082 = CARTESIAN_POINT('',(-46.225,46.95,-1.44));
#3083 = CIRCLE('',#3084,1.375);
#3084 = AXIS2_PLACEMENT_3D('',#3085,#3086,#3087);
#3085 = CARTESIAN_POINT('',(-47.6,46.95,-1.44));
#3086 = DIRECTION('',(0.,-1.,2.2E-16));
#3087 = DIRECTION('',(1.,0.,0.));
#3088 = PLANE('',#3089);
#3089 = AXIS2_PLACEMENT_3D('',#3090,#3091,#3092);
#3090 = CARTESIAN_POINT('',(-43.97584831968,46.95,-1.847284605629));
#3091 = DIRECTION('',(-0.,-1.,-0.));
#3092 = DIRECTION('',(0.,0.,-1.));
#3093 = ADVANCED_FACE('',(#3094,#3136),#3147,.T.);
#3094 = FACE_BOUND('',#3095,.T.);
#3095 = EDGE_LOOP('',(#3096,#3104,#3105,#3113,#3122,#3130));
#3096 = ORIENTED_EDGE('',*,*,#3097,.F.);
#3097 = EDGE_CURVE('',#868,#3098,#3100,.T.);
#3098 = VERTEX_POINT('',#3099);
#3099 = CARTESIAN_POINT('',(-40.20078125,46.95,-1.45));
#3100 = LINE('',#3101,#3102);
#3101 = CARTESIAN_POINT('',(-44.225,46.95,-4.));
#3102 = VECTOR('',#3103,1.);
#3103 = DIRECTION('',(0.84469303892,1.188496045052E-16,0.535251034563));
#3104 = ORIENTED_EDGE('',*,*,#867,.T.);
#3105 = ORIENTED_EDGE('',*,*,#3106,.F.);
#3106 = EDGE_CURVE('',#3107,#860,#3109,.T.);
#3107 = VERTEX_POINT('',#3108);
#3108 = CARTESIAN_POINT('',(-33.435,46.95,-1.44));
#3109 = LINE('',#3110,#3111);
#3110 = CARTESIAN_POINT('',(-33.435,46.95,-1.44));
#3111 = VECTOR('',#3112,1.);
#3112 = DIRECTION('',(0.,-2.2E-16,-1.));
#3113 = ORIENTED_EDGE('',*,*,#3114,.T.);
#3114 = EDGE_CURVE('',#3107,#3115,#3117,.T.);
#3115 = VERTEX_POINT('',#3116);
#3116 = CARTESIAN_POINT('',(-40.185,46.95,-1.44));
#3117 = CIRCLE('',#3118,3.375);
#3118 = AXIS2_PLACEMENT_3D('',#3119,#3120,#3121);
#3119 = CARTESIAN_POINT('',(-36.81,46.95,-1.44));
#3120 = DIRECTION('',(0.,-1.,0.));
#3121 = DIRECTION('',(1.,0.,0.));
#3122 = ORIENTED_EDGE('',*,*,#3123,.T.);
#3123 = EDGE_CURVE('',#3115,#3124,#3126,.T.);
#3124 = VERTEX_POINT('',#3125);
#3125 = CARTESIAN_POINT('',(-40.185,46.95,-1.45));
#3126 = LINE('',#3127,#3128);
#3127 = CARTESIAN_POINT('',(-40.185,46.95,-4.));
#3128 = VECTOR('',#3129,1.);
#3129 = DIRECTION('',(-0.,-0.,-1.));
#3130 = ORIENTED_EDGE('',*,*,#3131,.F.);
#3131 = EDGE_CURVE('',#3098,#3124,#3132,.T.);
#3132 = LINE('',#3133,#3134);
#3133 = CARTESIAN_POINT('',(-44.225,46.95,-1.45));
#3134 = VECTOR('',#3135,1.);
#3135 = DIRECTION('',(1.,0.,0.));
#3136 = FACE_BOUND('',#3137,.T.);
#3137 = EDGE_LOOP('',(#3138));
#3138 = ORIENTED_EDGE('',*,*,#3139,.F.);
#3139 = EDGE_CURVE('',#3140,#3140,#3142,.T.);
#3140 = VERTEX_POINT('',#3141);
#3141 = CARTESIAN_POINT('',(-35.435,46.95,-1.44));
#3142 = CIRCLE('',#3143,1.375);
#3143 = AXIS2_PLACEMENT_3D('',#3144,#3145,#3146);
#3144 = CARTESIAN_POINT('',(-36.81,46.95,-1.44));
#3145 = DIRECTION('',(0.,-1.,2.2E-16));
#3146 = DIRECTION('',(1.,0.,0.));
#3147 = PLANE('',#3148);
#3148 = AXIS2_PLACEMENT_3D('',#3149,#3150,#3151);
#3149 = CARTESIAN_POINT('',(-43.97584831968,46.95,-1.847284605629));
#3150 = DIRECTION('',(-0.,-1.,-0.));
#3151 = DIRECTION('',(0.,0.,-1.));
#3152 = ADVANCED_FACE('',(#3153),#3164,.T.);
#3153 = FACE_BOUND('',#3154,.T.);
#3154 = EDGE_LOOP('',(#3155,#3156,#3162,#3163));
#3155 = ORIENTED_EDGE('',*,*,#2806,.F.);
#3156 = ORIENTED_EDGE('',*,*,#3157,.T.);
#3157 = EDGE_CURVE('',#2798,#3107,#3158,.T.);
#3158 = LINE('',#3159,#3160);
#3159 = CARTESIAN_POINT('',(-33.435,48.75,-1.44));
#3160 = VECTOR('',#3161,1.);
#3161 = DIRECTION('',(0.,-1.,2.2E-16));
#3162 = ORIENTED_EDGE('',*,*,#3106,.T.);
#3163 = ORIENTED_EDGE('',*,*,#859,.F.);
#3164 = PLANE('',#3165);
#3165 = AXIS2_PLACEMENT_3D('',#3166,#3167,#3168);
#3166 = CARTESIAN_POINT('',(-33.435,47.85,-3.47));
#3167 = DIRECTION('',(1.,0.,0.));
#3168 = DIRECTION('',(0.,0.,1.));
#3169 = ADVANCED_FACE('',(#3170),#3188,.T.);
#3170 = FACE_BOUND('',#3171,.T.);
#3171 = EDGE_LOOP('',(#3172,#3173,#3181,#3187));
#3172 = ORIENTED_EDGE('',*,*,#843,.F.);
#3173 = ORIENTED_EDGE('',*,*,#3174,.T.);
#3174 = EDGE_CURVE('',#835,#3175,#3177,.T.);
#3175 = VERTEX_POINT('',#3176);
#3176 = CARTESIAN_POINT('',(-30.185,47.,-3.));
#3177 = LINE('',#3178,#3179);
#3178 = CARTESIAN_POINT('',(-30.185,47.,-5.5));
#3179 = VECTOR('',#3180,1.);
#3180 = DIRECTION('',(0.,0.,1.));
#3181 = ORIENTED_EDGE('',*,*,#3182,.T.);
#3182 = EDGE_CURVE('',#3175,#2814,#3183,.T.);
#3183 = LINE('',#3184,#3185);
#3184 = CARTESIAN_POINT('',(-30.185,47.,-3.));
#3185 = VECTOR('',#3186,1.);
#3186 = DIRECTION('',(0.,1.,0.));
#3187 = ORIENTED_EDGE('',*,*,#2813,.F.);
#3188 = PLANE('',#3189);
#3189 = AXIS2_PLACEMENT_3D('',#3190,#3191,#3192);
#3190 = CARTESIAN_POINT('',(-30.185,47.,-5.5));
#3191 = DIRECTION('',(-1.,0.,0.));
#3192 = DIRECTION('',(0.,1.,0.));
#3193 = ADVANCED_FACE('',(#3194),#3213,.T.);
#3194 = FACE_BOUND('',#3195,.F.);
#3195 = EDGE_LOOP('',(#3196,#3197,#3198,#3207));
#3196 = ORIENTED_EDGE('',*,*,#834,.F.);
#3197 = ORIENTED_EDGE('',*,*,#3174,.T.);
#3198 = ORIENTED_EDGE('',*,*,#3199,.T.);
#3199 = EDGE_CURVE('',#3175,#3200,#3202,.T.);
#3200 = VERTEX_POINT('',#3201);
#3201 = CARTESIAN_POINT('',(-23.435,47.,-3.));
#3202 = CIRCLE('',#3203,3.375);
#3203 = AXIS2_PLACEMENT_3D('',#3204,#3205,#3206);
#3204 = CARTESIAN_POINT('',(-26.81,47.,-3.));
#3205 = DIRECTION('',(0.,0.,1.));
#3206 = DIRECTION('',(1.,0.,0.));
#3207 = ORIENTED_EDGE('',*,*,#3208,.F.);
#3208 = EDGE_CURVE('',#827,#3200,#3209,.T.);
#3209 = LINE('',#3210,#3211);
#3210 = CARTESIAN_POINT('',(-23.435,47.,-5.5));
#3211 = VECTOR('',#3212,1.);
#3212 = DIRECTION('',(0.,0.,1.));
#3213 = CYLINDRICAL_SURFACE('',#3214,3.375);
#3214 = AXIS2_PLACEMENT_3D('',#3215,#3216,#3217);
#3215 = CARTESIAN_POINT('',(-26.81,47.,-5.5));
#3216 = DIRECTION('',(-0.,-0.,-1.));
#3217 = DIRECTION('',(1.,0.,0.));
#3218 = ADVANCED_FACE('',(#3219),#3230,.F.);
#3219 = FACE_BOUND('',#3220,.F.);
#3220 = EDGE_LOOP('',(#3221,#3222,#3223,#3229));
#3221 = ORIENTED_EDGE('',*,*,#826,.F.);
#3222 = ORIENTED_EDGE('',*,*,#3208,.T.);
#3223 = ORIENTED_EDGE('',*,*,#3224,.T.);
#3224 = EDGE_CURVE('',#3200,#2822,#3225,.T.);
#3225 = LINE('',#3226,#3227);
#3226 = CARTESIAN_POINT('',(-23.435,47.,-3.));
#3227 = VECTOR('',#3228,1.);
#3228 = DIRECTION('',(0.,1.,0.));
#3229 = ORIENTED_EDGE('',*,*,#2829,.F.);
#3230 = PLANE('',#3231);
#3231 = AXIS2_PLACEMENT_3D('',#3232,#3233,#3234);
#3232 = CARTESIAN_POINT('',(-23.435,47.,-5.5));
#3233 = DIRECTION('',(-1.,0.,0.));
#3234 = DIRECTION('',(0.,1.,0.));
#3235 = ADVANCED_FACE('',(#3236),#3254,.F.);
#3236 = FACE_BOUND('',#3237,.F.);
#3237 = EDGE_LOOP('',(#3238,#3246,#3247,#3248));
#3238 = ORIENTED_EDGE('',*,*,#3239,.F.);
#3239 = EDGE_CURVE('',#803,#3240,#3242,.T.);
#3240 = VERTEX_POINT('',#3241);
#3241 = CARTESIAN_POINT('',(9.00921875,46.95,-1.45));
#3242 = LINE('',#3243,#3244);
#3243 = CARTESIAN_POINT('',(4.985,46.95,-4.));
#3244 = VECTOR('',#3245,1.);
#3245 = DIRECTION('',(0.84469303892,1.188496045052E-16,0.535251034563));
#3246 = ORIENTED_EDGE('',*,*,#810,.F.);
#3247 = ORIENTED_EDGE('',*,*,#2836,.F.);
#3248 = ORIENTED_EDGE('',*,*,#3249,.F.);
#3249 = EDGE_CURVE('',#3240,#2837,#3250,.T.);
#3250 = LINE('',#3251,#3252);
#3251 = CARTESIAN_POINT('',(9.00921875,23.475000000007,-1.45));
#3252 = VECTOR('',#3253,1.);
#3253 = DIRECTION('',(3.504141421473E-16,1.,0.));
#3254 = PLANE('',#3255);
#3255 = AXIS2_PLACEMENT_3D('',#3256,#3257,#3258);
#3256 = CARTESIAN_POINT('',(4.985,46.95,-4.));
#3257 = DIRECTION('',(0.535251034563,-1.875595321098E-16,-0.84469303892)
  );
#3258 = DIRECTION('',(0.84469303892,1.188496045052E-16,0.535251034563));
#3259 = ADVANCED_FACE('',(#3260,#3295),#3306,.T.);
#3260 = FACE_BOUND('',#3261,.T.);
#3261 = EDGE_LOOP('',(#3262,#3263,#3264,#3272,#3281,#3289));
#3262 = ORIENTED_EDGE('',*,*,#3239,.F.);
#3263 = ORIENTED_EDGE('',*,*,#802,.T.);
#3264 = ORIENTED_EDGE('',*,*,#3265,.F.);
#3265 = EDGE_CURVE('',#3266,#795,#3268,.T.);
#3266 = VERTEX_POINT('',#3267);
#3267 = CARTESIAN_POINT('',(15.775,46.95,-1.44));
#3268 = LINE('',#3269,#3270);
#3269 = CARTESIAN_POINT('',(15.775,46.95,-1.44));
#3270 = VECTOR('',#3271,1.);
#3271 = DIRECTION('',(0.,-2.22044604925E-16,-1.));
#3272 = ORIENTED_EDGE('',*,*,#3273,.T.);
#3273 = EDGE_CURVE('',#3266,#3274,#3276,.T.);
#3274 = VERTEX_POINT('',#3275);
#3275 = CARTESIAN_POINT('',(9.025,46.95,-1.44));
#3276 = CIRCLE('',#3277,3.375);
#3277 = AXIS2_PLACEMENT_3D('',#3278,#3279,#3280);
#3278 = CARTESIAN_POINT('',(12.4,46.95,-1.44));
#3279 = DIRECTION('',(0.,-1.,0.));
#3280 = DIRECTION('',(1.,0.,0.));
#3281 = ORIENTED_EDGE('',*,*,#3282,.T.);
#3282 = EDGE_CURVE('',#3274,#3283,#3285,.T.);
#3283 = VERTEX_POINT('',#3284);
#3284 = CARTESIAN_POINT('',(9.025000000087,46.95,-1.45));
#3285 = LINE('',#3286,#3287);
#3286 = CARTESIAN_POINT('',(9.025,46.95,-1.44));
#3287 = VECTOR('',#3288,1.);
#3288 = DIRECTION('',(3.396242E-11,0.,-1.));
#3289 = ORIENTED_EDGE('',*,*,#3290,.F.);
#3290 = EDGE_CURVE('',#3240,#3283,#3291,.T.);
#3291 = LINE('',#3292,#3293);
#3292 = CARTESIAN_POINT('',(4.985000000087,46.95,-1.45));
#3293 = VECTOR('',#3294,1.);
#3294 = DIRECTION('',(1.,0.,0.));
#3295 = FACE_BOUND('',#3296,.T.);
#3296 = EDGE_LOOP('',(#3297));
#3297 = ORIENTED_EDGE('',*,*,#3298,.F.);
#3298 = EDGE_CURVE('',#3299,#3299,#3301,.T.);
#3299 = VERTEX_POINT('',#3300);
#3300 = CARTESIAN_POINT('',(13.775,46.95,-1.44));
#3301 = CIRCLE('',#3302,1.375);
#3302 = AXIS2_PLACEMENT_3D('',#3303,#3304,#3305);
#3303 = CARTESIAN_POINT('',(12.4,46.95,-1.44));
#3304 = DIRECTION('',(0.,-1.,2.2E-16));
#3305 = DIRECTION('',(1.,0.,0.));
#3306 = PLANE('',#3307);
#3307 = AXIS2_PLACEMENT_3D('',#3308,#3309,#3310);
#3308 = CARTESIAN_POINT('',(16.024151680319,46.95,-1.847284605629));
#3309 = DIRECTION('',(-0.,-1.,-0.));
#3310 = DIRECTION('',(0.,0.,-1.));
#3311 = ADVANCED_FACE('',(#3312,#3354),#3365,.T.);
#3312 = FACE_BOUND('',#3313,.T.);
#3313 = EDGE_LOOP('',(#3314,#3322,#3323,#3331,#3340,#3348));
#3314 = ORIENTED_EDGE('',*,*,#3315,.F.);
#3315 = EDGE_CURVE('',#795,#3316,#3318,.T.);
#3316 = VERTEX_POINT('',#3317);
#3317 = CARTESIAN_POINT('',(19.79921875,46.95,-1.45));
#3318 = LINE('',#3319,#3320);
#3319 = CARTESIAN_POINT('',(15.775,46.95,-4.));
#3320 = VECTOR('',#3321,1.);
#3321 = DIRECTION('',(0.84469303892,1.188496045052E-16,0.535251034563));
#3322 = ORIENTED_EDGE('',*,*,#794,.T.);
#3323 = ORIENTED_EDGE('',*,*,#3324,.F.);
#3324 = EDGE_CURVE('',#3325,#787,#3327,.T.);
#3325 = VERTEX_POINT('',#3326);
#3326 = CARTESIAN_POINT('',(26.565,46.95,-1.44));
#3327 = LINE('',#3328,#3329);
#3328 = CARTESIAN_POINT('',(26.565,46.95,-1.44));
#3329 = VECTOR('',#3330,1.);
#3330 = DIRECTION('',(0.,-2.2E-16,-1.));
#3331 = ORIENTED_EDGE('',*,*,#3332,.T.);
#3332 = EDGE_CURVE('',#3325,#3333,#3335,.T.);
#3333 = VERTEX_POINT('',#3334);
#3334 = CARTESIAN_POINT('',(19.815,46.95,-1.44));
#3335 = CIRCLE('',#3336,3.375);
#3336 = AXIS2_PLACEMENT_3D('',#3337,#3338,#3339);
#3337 = CARTESIAN_POINT('',(23.19,46.95,-1.44));
#3338 = DIRECTION('',(0.,-1.,0.));
#3339 = DIRECTION('',(1.,0.,0.));
#3340 = ORIENTED_EDGE('',*,*,#3341,.T.);
#3341 = EDGE_CURVE('',#3333,#3342,#3344,.T.);
#3342 = VERTEX_POINT('',#3343);
#3343 = CARTESIAN_POINT('',(19.815,46.95,-1.45));
#3344 = LINE('',#3345,#3346);
#3345 = CARTESIAN_POINT('',(19.815,46.95,-4.));
#3346 = VECTOR('',#3347,1.);
#3347 = DIRECTION('',(-0.,-0.,-1.));
#3348 = ORIENTED_EDGE('',*,*,#3349,.F.);
#3349 = EDGE_CURVE('',#3316,#3342,#3350,.T.);
#3350 = LINE('',#3351,#3352);
#3351 = CARTESIAN_POINT('',(15.775,46.95,-1.45));
#3352 = VECTOR('',#3353,1.);
#3353 = DIRECTION('',(1.,0.,0.));
#3354 = FACE_BOUND('',#3355,.T.);
#3355 = EDGE_LOOP('',(#3356));
#3356 = ORIENTED_EDGE('',*,*,#3357,.F.);
#3357 = EDGE_CURVE('',#3358,#3358,#3360,.T.);
#3358 = VERTEX_POINT('',#3359);
#3359 = CARTESIAN_POINT('',(24.565,46.95,-1.44));
#3360 = CIRCLE('',#3361,1.375);
#3361 = AXIS2_PLACEMENT_3D('',#3362,#3363,#3364);
#3362 = CARTESIAN_POINT('',(23.19,46.95,-1.44));
#3363 = DIRECTION('',(0.,-1.,2.2E-16));
#3364 = DIRECTION('',(1.,0.,0.));
#3365 = PLANE('',#3366);
#3366 = AXIS2_PLACEMENT_3D('',#3367,#3368,#3369);
#3367 = CARTESIAN_POINT('',(16.024151680319,46.95,-1.847284605629));
#3368 = DIRECTION('',(-0.,-1.,-0.));
#3369 = DIRECTION('',(0.,0.,-1.));
#3370 = ADVANCED_FACE('',(#3371),#3382,.T.);
#3371 = FACE_BOUND('',#3372,.T.);
#3372 = EDGE_LOOP('',(#3373,#3374,#3380,#3381));
#3373 = ORIENTED_EDGE('',*,*,#2910,.F.);
#3374 = ORIENTED_EDGE('',*,*,#3375,.T.);
#3375 = EDGE_CURVE('',#2902,#3325,#3376,.T.);
#3376 = LINE('',#3377,#3378);
#3377 = CARTESIAN_POINT('',(26.565,48.75,-1.44));
#3378 = VECTOR('',#3379,1.);
#3379 = DIRECTION('',(0.,-1.,2.2E-16));
#3380 = ORIENTED_EDGE('',*,*,#3324,.T.);
#3381 = ORIENTED_EDGE('',*,*,#786,.F.);
#3382 = PLANE('',#3383);
#3383 = AXIS2_PLACEMENT_3D('',#3384,#3385,#3386);
#3384 = CARTESIAN_POINT('',(26.565,47.85,-3.47));
#3385 = DIRECTION('',(1.,0.,0.));
#3386 = DIRECTION('',(0.,0.,1.));
#3387 = ADVANCED_FACE('',(#3388),#3406,.T.);
#3388 = FACE_BOUND('',#3389,.T.);
#3389 = EDGE_LOOP('',(#3390,#3391,#3399,#3405));
#3390 = ORIENTED_EDGE('',*,*,#770,.F.);
#3391 = ORIENTED_EDGE('',*,*,#3392,.T.);
#3392 = EDGE_CURVE('',#762,#3393,#3395,.T.);
#3393 = VERTEX_POINT('',#3394);
#3394 = CARTESIAN_POINT('',(39.815000000016,47.000000000061,-3.));
#3395 = LINE('',#3396,#3397);
#3396 = CARTESIAN_POINT('',(39.815000000016,47.000000000061,-5.5));
#3397 = VECTOR('',#3398,1.);
#3398 = DIRECTION('',(0.,0.,1.));
#3399 = ORIENTED_EDGE('',*,*,#3400,.T.);
#3400 = EDGE_CURVE('',#3393,#2918,#3401,.T.);
#3401 = LINE('',#3402,#3403);
#3402 = CARTESIAN_POINT('',(39.815000000016,47.000000000049,-3.));
#3403 = VECTOR('',#3404,1.);
#3404 = DIRECTION('',(0.,1.,0.));
#3405 = ORIENTED_EDGE('',*,*,#2917,.F.);
#3406 = PLANE('',#3407);
#3407 = AXIS2_PLACEMENT_3D('',#3408,#3409,#3410);
#3408 = CARTESIAN_POINT('',(39.815000000016,47.000000000049,-5.5));
#3409 = DIRECTION('',(-1.,0.,0.));
#3410 = DIRECTION('',(0.,1.,0.));
#3411 = ADVANCED_FACE('',(#3412),#3440,.T.);
#3412 = FACE_BOUND('',#3413,.F.);
#3413 = EDGE_LOOP('',(#3414,#3415,#3416,#3425,#3433));
#3414 = ORIENTED_EDGE('',*,*,#761,.F.);
#3415 = ORIENTED_EDGE('',*,*,#3392,.T.);
#3416 = ORIENTED_EDGE('',*,*,#3417,.T.);
#3417 = EDGE_CURVE('',#3393,#3418,#3420,.T.);
#3418 = VERTEX_POINT('',#3419);
#3419 = CARTESIAN_POINT('',(46.564999999984,47.000000000061,-3.));
#3420 = CIRCLE('',#3421,3.374999999984);
#3421 = AXIS2_PLACEMENT_3D('',#3422,#3423,#3424);
#3422 = CARTESIAN_POINT('',(43.19,47.000000000049,-3.));
#3423 = DIRECTION('',(0.,0.,1.));
#3424 = DIRECTION('',(1.,0.,0.));
#3425 = ORIENTED_EDGE('',*,*,#3426,.F.);
#3426 = EDGE_CURVE('',#3427,#3418,#3429,.T.);
#3427 = VERTEX_POINT('',#3428);
#3428 = CARTESIAN_POINT('',(46.564999999984,47.000000000061,-4.));
#3429 = LINE('',#3430,#3431);
#3430 = CARTESIAN_POINT('',(46.564999999984,47.000000000061,-5.5));
#3431 = VECTOR('',#3432,1.);
#3432 = DIRECTION('',(0.,0.,1.));
#3433 = ORIENTED_EDGE('',*,*,#3434,.F.);
#3434 = EDGE_CURVE('',#754,#3427,#3435,.T.);
#3435 = CIRCLE('',#3436,3.374999999984);
#3436 = AXIS2_PLACEMENT_3D('',#3437,#3438,#3439);
#3437 = CARTESIAN_POINT('',(43.19,47.000000000049,-4.));
#3438 = DIRECTION('',(0.,0.,1.));
#3439 = DIRECTION('',(1.,0.,0.));
#3440 = CYLINDRICAL_SURFACE('',#3441,3.374999999984);
#3441 = AXIS2_PLACEMENT_3D('',#3442,#3443,#3444);
#3442 = CARTESIAN_POINT('',(43.19,47.000000000049,-5.5));
#3443 = DIRECTION('',(-0.,-0.,-1.));
#3444 = DIRECTION('',(1.,0.,0.));
#3445 = ADVANCED_FACE('',(#3446,#3488),#3499,.T.);
#3446 = FACE_BOUND('',#3447,.T.);
#3447 = EDGE_LOOP('',(#3448,#3456,#3457,#3465,#3474,#3482));
#3448 = ORIENTED_EDGE('',*,*,#3449,.F.);
#3449 = EDGE_CURVE('',#754,#3450,#3452,.T.);
#3450 = VERTEX_POINT('',#3451);
#3451 = CARTESIAN_POINT('',(49.8023046875,46.95,-1.45));
#3452 = LINE('',#3453,#3454);
#3453 = CARTESIAN_POINT('',(46.565,46.95,-4.));
#3454 = VECTOR('',#3455,1.);
#3455 = DIRECTION('',(0.785562879526,1.373971686228E-16,0.618781837411)
  );
#3456 = ORIENTED_EDGE('',*,*,#753,.T.);
#3457 = ORIENTED_EDGE('',*,*,#3458,.F.);
#3458 = EDGE_CURVE('',#3459,#746,#3461,.T.);
#3459 = VERTEX_POINT('',#3460);
#3460 = CARTESIAN_POINT('',(56.565,46.95,-1.44));
#3461 = LINE('',#3462,#3463);
#3462 = CARTESIAN_POINT('',(56.565,46.95,-1.44));
#3463 = VECTOR('',#3464,1.);
#3464 = DIRECTION('',(0.,-2.2E-16,-1.));
#3465 = ORIENTED_EDGE('',*,*,#3466,.T.);
#3466 = EDGE_CURVE('',#3459,#3467,#3469,.T.);
#3467 = VERTEX_POINT('',#3468);
#3468 = CARTESIAN_POINT('',(49.815,46.95,-1.44));
#3469 = CIRCLE('',#3470,3.375);
#3470 = AXIS2_PLACEMENT_3D('',#3471,#3472,#3473);
#3471 = CARTESIAN_POINT('',(53.19,46.95,-1.44));
#3472 = DIRECTION('',(0.,-1.,0.));
#3473 = DIRECTION('',(1.,0.,0.));
#3474 = ORIENTED_EDGE('',*,*,#3475,.T.);
#3475 = EDGE_CURVE('',#3467,#3476,#3478,.T.);
#3476 = VERTEX_POINT('',#3477);
#3477 = CARTESIAN_POINT('',(49.815,46.95,-1.45));
#3478 = LINE('',#3479,#3480);
#3479 = CARTESIAN_POINT('',(49.815,46.95,-4.));
#3480 = VECTOR('',#3481,1.);
#3481 = DIRECTION('',(-0.,-0.,-1.));
#3482 = ORIENTED_EDGE('',*,*,#3483,.F.);
#3483 = EDGE_CURVE('',#3450,#3476,#3484,.T.);
#3484 = LINE('',#3485,#3486);
#3485 = CARTESIAN_POINT('',(46.564999999984,46.95,-1.45));
#3486 = VECTOR('',#3487,1.);
#3487 = DIRECTION('',(1.,0.,0.));
#3488 = FACE_BOUND('',#3489,.T.);
#3489 = EDGE_LOOP('',(#3490));
#3490 = ORIENTED_EDGE('',*,*,#3491,.F.);
#3491 = EDGE_CURVE('',#3492,#3492,#3494,.T.);
#3492 = VERTEX_POINT('',#3493);
#3493 = CARTESIAN_POINT('',(54.565,46.95,-1.44));
#3494 = CIRCLE('',#3495,1.375);
#3495 = AXIS2_PLACEMENT_3D('',#3496,#3497,#3498);
#3496 = CARTESIAN_POINT('',(53.19,46.95,-1.44));
#3497 = DIRECTION('',(0.,-1.,2.2E-16));
#3498 = DIRECTION('',(1.,0.,0.));
#3499 = PLANE('',#3500);
#3500 = AXIS2_PLACEMENT_3D('',#3501,#3502,#3503);
#3501 = CARTESIAN_POINT('',(51.758608527805,46.95,-1.877162967891));
#3502 = DIRECTION('',(-0.,-1.,-0.));
#3503 = DIRECTION('',(0.,0.,-1.));
#3504 = ADVANCED_FACE('',(#3505),#3516,.T.);
#3505 = FACE_BOUND('',#3506,.T.);
#3506 = EDGE_LOOP('',(#3507,#3508,#3514,#3515));
#3507 = ORIENTED_EDGE('',*,*,#2974,.F.);
#3508 = ORIENTED_EDGE('',*,*,#3509,.T.);
#3509 = EDGE_CURVE('',#2966,#3459,#3510,.T.);
#3510 = LINE('',#3511,#3512);
#3511 = CARTESIAN_POINT('',(56.565,48.75,-1.44));
#3512 = VECTOR('',#3513,1.);
#3513 = DIRECTION('',(0.,-1.,2.2E-16));
#3514 = ORIENTED_EDGE('',*,*,#3458,.T.);
#3515 = ORIENTED_EDGE('',*,*,#745,.F.);
#3516 = PLANE('',#3517);
#3517 = AXIS2_PLACEMENT_3D('',#3518,#3519,#3520);
#3518 = CARTESIAN_POINT('',(56.565,47.85,-3.47));
#3519 = DIRECTION('',(1.,0.,0.));
#3520 = DIRECTION('',(0.,0.,1.));
#3521 = ADVANCED_FACE('',(#3522,#3530),#3541,.T.);
#3522 = FACE_BOUND('',#3523,.T.);
#3523 = EDGE_LOOP('',(#3524,#3525,#3526,#3527,#3528,#3529));
#3524 = ORIENTED_EDGE('',*,*,#1341,.F.);
#3525 = ORIENTED_EDGE('',*,*,#1322,.T.);
#3526 = ORIENTED_EDGE('',*,*,#1300,.T.);
#3527 = ORIENTED_EDGE('',*,*,#698,.T.);
#3528 = ORIENTED_EDGE('',*,*,#1387,.T.);
#3529 = ORIENTED_EDGE('',*,*,#1364,.F.);
#3530 = FACE_BOUND('',#3531,.T.);
#3531 = EDGE_LOOP('',(#3532));
#3532 = ORIENTED_EDGE('',*,*,#3533,.F.);
#3533 = EDGE_CURVE('',#3534,#3534,#3536,.T.);
#3534 = VERTEX_POINT('',#3535);
#3535 = CARTESIAN_POINT('',(21.815,-46.95,-1.44));
#3536 = CIRCLE('',#3537,1.375);
#3537 = AXIS2_PLACEMENT_3D('',#3538,#3539,#3540);
#3538 = CARTESIAN_POINT('',(23.19,-46.95,-1.44));
#3539 = DIRECTION('',(0.,1.,-2.2E-16));
#3540 = DIRECTION('',(-1.,0.,0.));
#3541 = PLANE('',#3542);
#3542 = AXIS2_PLACEMENT_3D('',#3543,#3544,#3545);
#3543 = CARTESIAN_POINT('',(16.024151680291,-46.95,-1.847284605633));
#3544 = DIRECTION('',(0.,1.,0.));
#3545 = DIRECTION('',(0.,0.,1.));
#3546 = ADVANCED_FACE('',(#3547,#3555),#3566,.T.);
#3547 = FACE_BOUND('',#3548,.T.);
#3548 = EDGE_LOOP('',(#3549,#3550,#3551,#3552,#3553,#3554));
#3549 = ORIENTED_EDGE('',*,*,#1419,.T.);
#3550 = ORIENTED_EDGE('',*,*,#690,.T.);
#3551 = ORIENTED_EDGE('',*,*,#1506,.T.);
#3552 = ORIENTED_EDGE('',*,*,#1483,.F.);
#3553 = ORIENTED_EDGE('',*,*,#1468,.T.);
#3554 = ORIENTED_EDGE('',*,*,#1441,.T.);
#3555 = FACE_BOUND('',#3556,.T.);
#3556 = EDGE_LOOP('',(#3557));
#3557 = ORIENTED_EDGE('',*,*,#3558,.F.);
#3558 = EDGE_CURVE('',#3559,#3559,#3561,.T.);
#3559 = VERTEX_POINT('',#3560);
#3560 = CARTESIAN_POINT('',(11.025,-46.95,-1.44));
#3561 = CIRCLE('',#3562,1.375);
#3562 = AXIS2_PLACEMENT_3D('',#3563,#3564,#3565);
#3563 = CARTESIAN_POINT('',(12.4,-46.95,-1.44));
#3564 = DIRECTION('',(0.,1.,-2.2E-16));
#3565 = DIRECTION('',(-1.,0.,0.));
#3566 = PLANE('',#3567);
#3567 = AXIS2_PLACEMENT_3D('',#3568,#3569,#3570);
#3568 = CARTESIAN_POINT('',(16.024151680291,-46.95,-1.847284605633));
#3569 = DIRECTION('',(0.,1.,0.));
#3570 = DIRECTION('',(0.,0.,1.));
#3571 = ADVANCED_FACE('',(#3572),#3578,.T.);
#3572 = FACE_BOUND('',#3573,.F.);
#3573 = EDGE_LOOP('',(#3574,#3575,#3576,#3577));
#3574 = ORIENTED_EDGE('',*,*,#666,.F.);
#3575 = ORIENTED_EDGE('',*,*,#1524,.T.);
#3576 = ORIENTED_EDGE('',*,*,#1557,.T.);
#3577 = ORIENTED_EDGE('',*,*,#1584,.F.);
#3578 = CYLINDRICAL_SURFACE('',#3579,3.375);
#3579 = AXIS2_PLACEMENT_3D('',#3580,#3581,#3582);
#3580 = CARTESIAN_POINT('',(-26.81,-47.,-5.5));
#3581 = DIRECTION('',(-0.,-0.,-1.));
#3582 = DIRECTION('',(1.,0.,0.));
#3583 = ADVANCED_FACE('',(#3584,#3592),#3603,.T.);
#3584 = FACE_BOUND('',#3585,.T.);
#3585 = EDGE_LOOP('',(#3586,#3587,#3588,#3589,#3590,#3591));
#3586 = ORIENTED_EDGE('',*,*,#643,.T.);
#3587 = ORIENTED_EDGE('',*,*,#1697,.T.);
#3588 = ORIENTED_EDGE('',*,*,#1674,.F.);
#3589 = ORIENTED_EDGE('',*,*,#1651,.F.);
#3590 = ORIENTED_EDGE('',*,*,#1632,.T.);
#3591 = ORIENTED_EDGE('',*,*,#1610,.T.);
#3592 = FACE_BOUND('',#3593,.T.);
#3593 = EDGE_LOOP('',(#3594));
#3594 = ORIENTED_EDGE('',*,*,#3595,.F.);
#3595 = EDGE_CURVE('',#3596,#3596,#3598,.T.);
#3596 = VERTEX_POINT('',#3597);
#3597 = CARTESIAN_POINT('',(-38.185,-46.95,-1.44));
#3598 = CIRCLE('',#3599,1.375);
#3599 = AXIS2_PLACEMENT_3D('',#3600,#3601,#3602);
#3600 = CARTESIAN_POINT('',(-36.81,-46.95,-1.44));
#3601 = DIRECTION('',(0.,1.,-2.2E-16));
#3602 = DIRECTION('',(-1.,0.,0.));
#3603 = PLANE('',#3604);
#3604 = AXIS2_PLACEMENT_3D('',#3605,#3606,#3607);
#3605 = CARTESIAN_POINT('',(-43.9758483197,-46.95,-1.847284605633));
#3606 = DIRECTION('',(0.,1.,0.));
#3607 = DIRECTION('',(0.,0.,1.));
#3608 = ADVANCED_FACE('',(#3609,#3617),#3628,.T.);
#3609 = FACE_BOUND('',#3610,.T.);
#3610 = EDGE_LOOP('',(#3611,#3612,#3613,#3614,#3615,#3616));
#3611 = ORIENTED_EDGE('',*,*,#1793,.F.);
#3612 = ORIENTED_EDGE('',*,*,#1778,.T.);
#3613 = ORIENTED_EDGE('',*,*,#1751,.T.);
#3614 = ORIENTED_EDGE('',*,*,#1719,.T.);
#3615 = ORIENTED_EDGE('',*,*,#635,.T.);
#3616 = ORIENTED_EDGE('',*,*,#1816,.T.);
#3617 = FACE_BOUND('',#3618,.T.);
#3618 = EDGE_LOOP('',(#3619));
#3619 = ORIENTED_EDGE('',*,*,#3620,.F.);
#3620 = EDGE_CURVE('',#3621,#3621,#3623,.T.);
#3621 = VERTEX_POINT('',#3622);
#3622 = CARTESIAN_POINT('',(-48.975,-46.95,-1.44));
#3623 = CIRCLE('',#3624,1.375);
#3624 = AXIS2_PLACEMENT_3D('',#3625,#3626,#3627);
#3625 = CARTESIAN_POINT('',(-47.6,-46.95,-1.44));
#3626 = DIRECTION('',(0.,1.,-2.2E-16));
#3627 = DIRECTION('',(-1.,0.,0.));
#3628 = PLANE('',#3629);
#3629 = AXIS2_PLACEMENT_3D('',#3630,#3631,#3632);
#3630 = CARTESIAN_POINT('',(-43.9758483197,-46.95,-1.847284605633));
#3631 = DIRECTION('',(0.,1.,0.));
#3632 = DIRECTION('',(0.,0.,1.));
#3633 = ADVANCED_FACE('',(#3634),#3670,.T.);
#3634 = FACE_BOUND('',#3635,.F.);
#3635 = EDGE_LOOP('',(#3636,#3644,#3653,#3662,#3668,#3669));
#3636 = ORIENTED_EDGE('',*,*,#3637,.T.);
#3637 = EDGE_CURVE('',#911,#3638,#3640,.T.);
#3638 = VERTEX_POINT('',#3639);
#3639 = CARTESIAN_POINT('',(-42.25354325633,-33.6274,1.418167631835E-16)
  );
#3640 = LINE('',#3641,#3642);
#3641 = CARTESIAN_POINT('',(-42.25354325633,-33.6274,-4.));
#3642 = VECTOR('',#3643,1.);
#3643 = DIRECTION('',(0.,0.,1.));
#3644 = ORIENTED_EDGE('',*,*,#3645,.T.);
#3645 = EDGE_CURVE('',#3638,#3646,#3648,.T.);
#3646 = VERTEX_POINT('',#3647);
#3647 = CARTESIAN_POINT('',(-35.8526,-33.1274,0.));
#3648 = CIRCLE('',#3649,3.22);
#3649 = AXIS2_PLACEMENT_3D('',#3650,#3651,#3652);
#3650 = CARTESIAN_POINT('',(-39.0726,-33.1274,0.));
#3651 = DIRECTION('',(0.,0.,1.));
#3652 = DIRECTION('',(1.,0.,0.));
#3653 = ORIENTED_EDGE('',*,*,#3654,.T.);
#3654 = EDGE_CURVE('',#3646,#3655,#3657,.T.);
#3655 = VERTEX_POINT('',#3656);
#3656 = CARTESIAN_POINT('',(-42.25354325633,-32.6274,0.));
#3657 = CIRCLE('',#3658,3.22);
#3658 = AXIS2_PLACEMENT_3D('',#3659,#3660,#3661);
#3659 = CARTESIAN_POINT('',(-39.0726,-33.1274,0.));
#3660 = DIRECTION('',(0.,0.,1.));
#3661 = DIRECTION('',(1.,0.,0.));
#3662 = ORIENTED_EDGE('',*,*,#3663,.F.);
#3663 = EDGE_CURVE('',#902,#3655,#3664,.T.);
#3664 = LINE('',#3665,#3666);
#3665 = CARTESIAN_POINT('',(-42.25354325633,-32.6274,-4.));
#3666 = VECTOR('',#3667,1.);
#3667 = DIRECTION('',(0.,0.,1.));
#3668 = ORIENTED_EDGE('',*,*,#899,.F.);
#3669 = ORIENTED_EDGE('',*,*,#910,.F.);
#3670 = CYLINDRICAL_SURFACE('',#3671,3.22);
#3671 = AXIS2_PLACEMENT_3D('',#3672,#3673,#3674);
#3672 = CARTESIAN_POINT('',(-39.0726,-33.1274,-4.));
#3673 = DIRECTION('',(-0.,-0.,-1.));
#3674 = DIRECTION('',(1.,0.,0.));
#3675 = ADVANCED_FACE('',(#3676),#3686,.F.);
#3676 = FACE_BOUND('',#3677,.F.);
#3677 = EDGE_LOOP('',(#3678,#3679,#3680));
#3678 = ORIENTED_EDGE('',*,*,#935,.F.);
#3679 = ORIENTED_EDGE('',*,*,#3663,.T.);
#3680 = ORIENTED_EDGE('',*,*,#3681,.T.);
#3681 = EDGE_CURVE('',#3655,#928,#3682,.T.);
#3682 = LINE('',#3683,#3684);
#3683 = CARTESIAN_POINT('',(-42.25354325633,-32.6274,0.));
#3684 = VECTOR('',#3685,1.);
#3685 = DIRECTION('',(-0.710533784737,-1.562445922702E-16,
    -0.703663087527));
#3686 = PLANE('',#3687);
#3687 = AXIS2_PLACEMENT_3D('',#3688,#3689,#3690);
#3688 = CARTESIAN_POINT('',(-42.25354325633,-32.6274,-4.));
#3689 = DIRECTION('',(0.,-1.,0.));
#3690 = DIRECTION('',(-1.,0.,0.));
#3691 = ADVANCED_FACE('',(#3692),#3702,.F.);
#3692 = FACE_BOUND('',#3693,.F.);
#3693 = EDGE_LOOP('',(#3694,#3695,#3701));
#3694 = ORIENTED_EDGE('',*,*,#919,.F.);
#3695 = ORIENTED_EDGE('',*,*,#3696,.T.);
#3696 = EDGE_CURVE('',#920,#3638,#3697,.T.);
#3697 = LINE('',#3698,#3699);
#3698 = CARTESIAN_POINT('',(-44.27307162816,-33.6274,-2.));
#3699 = VECTOR('',#3700,1.);
#3700 = DIRECTION('',(0.710533784737,0.,0.703663087527));
#3701 = ORIENTED_EDGE('',*,*,#3637,.F.);
#3702 = PLANE('',#3703);
#3703 = AXIS2_PLACEMENT_3D('',#3704,#3705,#3706);
#3704 = CARTESIAN_POINT('',(-46.2926,-33.6274,-4.));
#3705 = DIRECTION('',(0.,1.,0.));
#3706 = DIRECTION('',(1.,0.,0.));
#3707 = ADVANCED_FACE('',(#3708),#3719,.F.);
#3708 = FACE_BOUND('',#3709,.F.);
#3709 = EDGE_LOOP('',(#3710,#3711,#3717,#3718));
#3710 = ORIENTED_EDGE('',*,*,#3681,.F.);
#3711 = ORIENTED_EDGE('',*,*,#3712,.T.);
#3712 = EDGE_CURVE('',#3655,#3638,#3713,.T.);
#3713 = LINE('',#3714,#3715);
#3714 = CARTESIAN_POINT('',(-42.25354325633,-32.6274,0.));
#3715 = VECTOR('',#3716,1.);
#3716 = DIRECTION('',(0.,-1.,2.22044604925E-16));
#3717 = ORIENTED_EDGE('',*,*,#3696,.F.);
#3718 = ORIENTED_EDGE('',*,*,#927,.F.);
#3719 = PLANE('',#3720);
#3720 = AXIS2_PLACEMENT_3D('',#3721,#3722,#3723);
#3721 = CARTESIAN_POINT('',(-42.25354325633,-32.6274,0.));
#3722 = DIRECTION('',(0.703663087527,-1.577701935177E-16,-0.710533784737
    ));
#3723 = DIRECTION('',(-0.710533784737,-1.562445922702E-16,
    -0.703663087527));
#3724 = ADVANCED_FACE('',(#3725),#3761,.T.);
#3725 = FACE_BOUND('',#3726,.T.);
#3726 = EDGE_LOOP('',(#3727,#3738,#3747,#3753,#3754,#3755));
#3727 = ORIENTED_EDGE('',*,*,#3728,.T.);
#3728 = EDGE_CURVE('',#3729,#3731,#3733,.T.);
#3729 = VERTEX_POINT('',#3730);
#3730 = CARTESIAN_POINT('',(13.019073617924,-38.4024,0.));
#3731 = VERTEX_POINT('',#3732);
#3732 = CARTESIAN_POINT('',(14.1496,-40.8524,0.));
#3733 = CIRCLE('',#3734,3.22);
#3734 = AXIS2_PLACEMENT_3D('',#3735,#3736,#3737);
#3735 = CARTESIAN_POINT('',(10.9296,-40.8524,0.));
#3736 = DIRECTION('',(0.,0.,-1.));
#3737 = DIRECTION('',(1.,0.,0.));
#3738 = ORIENTED_EDGE('',*,*,#3739,.T.);
#3739 = EDGE_CURVE('',#3731,#3740,#3742,.T.);
#3740 = VERTEX_POINT('',#3741);
#3741 = CARTESIAN_POINT('',(7.950917882236,-42.07545062908,0.));
#3742 = CIRCLE('',#3743,3.22);
#3743 = AXIS2_PLACEMENT_3D('',#3744,#3745,#3746);
#3744 = CARTESIAN_POINT('',(10.9296,-40.8524,0.));
#3745 = DIRECTION('',(0.,0.,-1.));
#3746 = DIRECTION('',(1.,0.,0.));
#3747 = ORIENTED_EDGE('',*,*,#3748,.F.);
#3748 = EDGE_CURVE('',#955,#3740,#3749,.T.);
#3749 = LINE('',#3750,#3751);
#3750 = CARTESIAN_POINT('',(7.950917882236,-42.07545062908,-4.));
#3751 = VECTOR('',#3752,1.);
#3752 = DIRECTION('',(0.,0.,1.));
#3753 = ORIENTED_EDGE('',*,*,#954,.T.);
#3754 = ORIENTED_EDGE('',*,*,#943,.T.);
#3755 = ORIENTED_EDGE('',*,*,#3756,.F.);
#3756 = EDGE_CURVE('',#3729,#946,#3757,.T.);
#3757 = LINE('',#3758,#3759);
#3758 = CARTESIAN_POINT('',(13.019073617924,-38.4024,0.));
#3759 = VECTOR('',#3760,1.);
#3760 = DIRECTION('',(-0.,-0.,-1.));
#3761 = CYLINDRICAL_SURFACE('',#3762,3.22);
#3762 = AXIS2_PLACEMENT_3D('',#3763,#3764,#3765);
#3763 = CARTESIAN_POINT('',(10.9296,-40.8524,-4.));
#3764 = DIRECTION('',(0.,0.,1.));
#3765 = DIRECTION('',(1.,0.,0.));
#3766 = ADVANCED_FACE('',(#3767),#3785,.F.);
#3767 = FACE_BOUND('',#3768,.F.);
#3768 = EDGE_LOOP('',(#3769,#3777,#3783,#3784));
#3769 = ORIENTED_EDGE('',*,*,#3770,.F.);
#3770 = EDGE_CURVE('',#3771,#3729,#3773,.T.);
#3771 = VERTEX_POINT('',#3772);
#3772 = CARTESIAN_POINT('',(8.840126382076,-38.4024,0.));
#3773 = LINE('',#3774,#3775);
#3774 = CARTESIAN_POINT('',(8.840126382076,-38.4024,0.));
#3775 = VECTOR('',#3776,1.);
#3776 = DIRECTION('',(1.,0.,0.));
#3777 = ORIENTED_EDGE('',*,*,#3778,.T.);
#3778 = EDGE_CURVE('',#3771,#1023,#3779,.T.);
#3779 = LINE('',#3780,#3781);
#3780 = CARTESIAN_POINT('',(8.840126382076,-38.4024,0.));
#3781 = VECTOR('',#3782,1.);
#3782 = DIRECTION('',(-0.,-0.,-1.));
#3783 = ORIENTED_EDGE('',*,*,#1031,.F.);
#3784 = ORIENTED_EDGE('',*,*,#3756,.F.);
#3785 = PLANE('',#3786);
#3786 = AXIS2_PLACEMENT_3D('',#3787,#3788,#3789);
#3787 = CARTESIAN_POINT('',(8.840126382076,-38.4024,0.));
#3788 = DIRECTION('',(0.,-1.,0.));
#3789 = DIRECTION('',(1.,0.,0.));
#3790 = ADVANCED_FACE('',(#3791),#3810,.T.);
#3791 = FACE_BOUND('',#3792,.F.);
#3792 = EDGE_LOOP('',(#3793,#3794,#3802,#3809));
#3793 = ORIENTED_EDGE('',*,*,#963,.F.);
#3794 = ORIENTED_EDGE('',*,*,#3795,.T.);
#3795 = EDGE_CURVE('',#964,#3796,#3798,.T.);
#3796 = VERTEX_POINT('',#3797);
#3797 = CARTESIAN_POINT('',(1.809056743669,-41.31,-1.936964386397E-16));
#3798 = LINE('',#3799,#3800);
#3799 = CARTESIAN_POINT('',(1.809056743669,-41.31,-4.));
#3800 = VECTOR('',#3801,1.);
#3801 = DIRECTION('',(0.,0.,1.));
#3802 = ORIENTED_EDGE('',*,*,#3803,.F.);
#3803 = EDGE_CURVE('',#3740,#3796,#3804,.T.);
#3804 = CIRCLE('',#3805,3.22);
#3805 = AXIS2_PLACEMENT_3D('',#3806,#3807,#3808);
#3806 = CARTESIAN_POINT('',(4.99,-40.81,0.));
#3807 = DIRECTION('',(0.,0.,-1.));
#3808 = DIRECTION('',(1.,0.,0.));
#3809 = ORIENTED_EDGE('',*,*,#3748,.F.);
#3810 = CYLINDRICAL_SURFACE('',#3811,3.22);
#3811 = AXIS2_PLACEMENT_3D('',#3812,#3813,#3814);
#3812 = CARTESIAN_POINT('',(4.99,-40.81,-4.));
#3813 = DIRECTION('',(-0.,-0.,-1.));
#3814 = DIRECTION('',(1.,0.,0.));
#3815 = ADVANCED_FACE('',(#3816),#3835,.T.);
#3816 = FACE_BOUND('',#3817,.T.);
#3817 = EDGE_LOOP('',(#3818,#3826,#3833,#3834));
#3818 = ORIENTED_EDGE('',*,*,#3819,.T.);
#3819 = EDGE_CURVE('',#1014,#3820,#3822,.T.);
#3820 = VERTEX_POINT('',#3821);
#3821 = CARTESIAN_POINT('',(7.968682117764,-39.58694937091,0.));
#3822 = LINE('',#3823,#3824);
#3823 = CARTESIAN_POINT('',(7.968682117764,-39.58694937091,-4.));
#3824 = VECTOR('',#3825,1.);
#3825 = DIRECTION('',(0.,0.,1.));
#3826 = ORIENTED_EDGE('',*,*,#3827,.T.);
#3827 = EDGE_CURVE('',#3820,#3771,#3828,.T.);
#3828 = CIRCLE('',#3829,3.22);
#3829 = AXIS2_PLACEMENT_3D('',#3830,#3831,#3832);
#3830 = CARTESIAN_POINT('',(10.9296,-40.8524,0.));
#3831 = DIRECTION('',(0.,0.,-1.));
#3832 = DIRECTION('',(1.,0.,0.));
#3833 = ORIENTED_EDGE('',*,*,#3778,.T.);
#3834 = ORIENTED_EDGE('',*,*,#1022,.T.);
#3835 = CYLINDRICAL_SURFACE('',#3836,3.22);
#3836 = AXIS2_PLACEMENT_3D('',#3837,#3838,#3839);
#3837 = CARTESIAN_POINT('',(10.9296,-40.8524,-4.));
#3838 = DIRECTION('',(0.,0.,1.));
#3839 = DIRECTION('',(1.,0.,0.));
#3840 = ADVANCED_FACE('',(#3841),#3851,.F.);
#3841 = FACE_BOUND('',#3842,.F.);
#3842 = EDGE_LOOP('',(#3843,#3844,#3850));
#3843 = ORIENTED_EDGE('',*,*,#972,.F.);
#3844 = ORIENTED_EDGE('',*,*,#3845,.F.);
#3845 = EDGE_CURVE('',#3796,#973,#3846,.T.);
#3846 = LINE('',#3847,#3848);
#3847 = CARTESIAN_POINT('',(-2.23,-41.31,-4.));
#3848 = VECTOR('',#3849,1.);
#3849 = DIRECTION('',(-0.710533784737,0.,-0.703663087527));
#3850 = ORIENTED_EDGE('',*,*,#3795,.F.);
#3851 = PLANE('',#3852);
#3852 = AXIS2_PLACEMENT_3D('',#3853,#3854,#3855);
#3853 = CARTESIAN_POINT('',(-2.23,-41.31,-4.));
#3854 = DIRECTION('',(0.,1.,0.));
#3855 = DIRECTION('',(1.,0.,0.));
#3856 = ADVANCED_FACE('',(#3857),#3876,.T.);
#3857 = FACE_BOUND('',#3858,.F.);
#3858 = EDGE_LOOP('',(#3859,#3860,#3861,#3870));
#3859 = ORIENTED_EDGE('',*,*,#1013,.F.);
#3860 = ORIENTED_EDGE('',*,*,#3819,.T.);
#3861 = ORIENTED_EDGE('',*,*,#3862,.F.);
#3862 = EDGE_CURVE('',#3863,#3820,#3865,.T.);
#3863 = VERTEX_POINT('',#3864);
#3864 = CARTESIAN_POINT('',(7.128191347845,-38.4024,0.));
#3865 = CIRCLE('',#3866,3.22);
#3866 = AXIS2_PLACEMENT_3D('',#3867,#3868,#3869);
#3867 = CARTESIAN_POINT('',(4.99,-40.81,0.));
#3868 = DIRECTION('',(0.,0.,-1.));
#3869 = DIRECTION('',(1.,0.,0.));
#3870 = ORIENTED_EDGE('',*,*,#3871,.T.);
#3871 = EDGE_CURVE('',#3863,#1006,#3872,.T.);
#3872 = LINE('',#3873,#3874);
#3873 = CARTESIAN_POINT('',(7.128191347845,-38.4024,0.));
#3874 = VECTOR('',#3875,1.);
#3875 = DIRECTION('',(-0.,-0.,-1.));
#3876 = CYLINDRICAL_SURFACE('',#3877,3.22);
#3877 = AXIS2_PLACEMENT_3D('',#3878,#3879,#3880);
#3878 = CARTESIAN_POINT('',(4.99,-40.81,-4.));
#3879 = DIRECTION('',(-0.,-0.,-1.));
#3880 = DIRECTION('',(1.,0.,0.));
#3881 = ADVANCED_FACE('',(#3882),#3900,.T.);
#3882 = FACE_BOUND('',#3883,.T.);
#3883 = EDGE_LOOP('',(#3884,#3892,#3893,#3894));
#3884 = ORIENTED_EDGE('',*,*,#3885,.F.);
#3885 = EDGE_CURVE('',#981,#3886,#3888,.T.);
#3886 = VERTEX_POINT('',#3887);
#3887 = CARTESIAN_POINT('',(1.809056743669,-40.31,-1.385803478549E-16));
#3888 = LINE('',#3889,#3890);
#3889 = CARTESIAN_POINT('',(-2.23,-40.31,-4.));
#3890 = VECTOR('',#3891,1.);
#3891 = DIRECTION('',(0.710533784737,1.562445922702E-16,0.703663087527)
  );
#3892 = ORIENTED_EDGE('',*,*,#980,.T.);
#3893 = ORIENTED_EDGE('',*,*,#3845,.F.);
#3894 = ORIENTED_EDGE('',*,*,#3895,.F.);
#3895 = EDGE_CURVE('',#3886,#3796,#3896,.T.);
#3896 = LINE('',#3897,#3898);
#3897 = CARTESIAN_POINT('',(1.809056743669,-40.31,-4.157410435647E-16));
#3898 = VECTOR('',#3899,1.);
#3899 = DIRECTION('',(0.,-1.,2.22044604925E-16));
#3900 = PLANE('',#3901);
#3901 = AXIS2_PLACEMENT_3D('',#3902,#3903,#3904);
#3902 = CARTESIAN_POINT('',(-2.23,-40.31,-4.));
#3903 = DIRECTION('',(-0.703663087527,1.577701935177E-16,0.710533784737)
  );
#3904 = DIRECTION('',(0.710533784737,1.562445922702E-16,0.703663087527)
  );
#3905 = ADVANCED_FACE('',(#3906),#3924,.F.);
#3906 = FACE_BOUND('',#3907,.F.);
#3907 = EDGE_LOOP('',(#3908,#3916,#3922,#3923));
#3908 = ORIENTED_EDGE('',*,*,#3909,.F.);
#3909 = EDGE_CURVE('',#3910,#3863,#3912,.T.);
#3910 = VERTEX_POINT('',#3911);
#3911 = CARTESIAN_POINT('',(2.851808652155,-38.4024,0.));
#3912 = LINE('',#3913,#3914);
#3913 = CARTESIAN_POINT('',(2.851808652155,-38.4024,0.));
#3914 = VECTOR('',#3915,1.);
#3915 = DIRECTION('',(1.,1.66E-15,0.));
#3916 = ORIENTED_EDGE('',*,*,#3917,.T.);
#3917 = EDGE_CURVE('',#3910,#997,#3918,.T.);
#3918 = LINE('',#3919,#3920);
#3919 = CARTESIAN_POINT('',(2.851808652155,-38.4024,0.));
#3920 = VECTOR('',#3921,1.);
#3921 = DIRECTION('',(-0.,-0.,-1.));
#3922 = ORIENTED_EDGE('',*,*,#1005,.F.);
#3923 = ORIENTED_EDGE('',*,*,#3871,.F.);
#3924 = PLANE('',#3925);
#3925 = AXIS2_PLACEMENT_3D('',#3926,#3927,#3928);
#3926 = CARTESIAN_POINT('',(2.851808652155,-38.4024,0.));
#3927 = DIRECTION('',(1.66E-15,-1.,0.));
#3928 = DIRECTION('',(1.,1.66E-15,0.));
#3929 = ADVANCED_FACE('',(#3930),#3940,.F.);
#3930 = FACE_BOUND('',#3931,.F.);
#3931 = EDGE_LOOP('',(#3932,#3933,#3939));
#3932 = ORIENTED_EDGE('',*,*,#988,.F.);
#3933 = ORIENTED_EDGE('',*,*,#3934,.T.);
#3934 = EDGE_CURVE('',#989,#3886,#3935,.T.);
#3935 = LINE('',#3936,#3937);
#3936 = CARTESIAN_POINT('',(1.809056743669,-40.31,-4.));
#3937 = VECTOR('',#3938,1.);
#3938 = DIRECTION('',(0.,0.,1.));
#3939 = ORIENTED_EDGE('',*,*,#3885,.F.);
#3940 = PLANE('',#3941);
#3941 = AXIS2_PLACEMENT_3D('',#3942,#3943,#3944);
#3942 = CARTESIAN_POINT('',(1.809056743669,-40.31,-4.));
#3943 = DIRECTION('',(0.,-1.,0.));
#3944 = DIRECTION('',(-1.,0.,0.));
#3945 = ADVANCED_FACE('',(#3946),#3958,.T.);
#3946 = FACE_BOUND('',#3947,.F.);
#3947 = EDGE_LOOP('',(#3948,#3949,#3950,#3957));
#3948 = ORIENTED_EDGE('',*,*,#996,.F.);
#3949 = ORIENTED_EDGE('',*,*,#3917,.F.);
#3950 = ORIENTED_EDGE('',*,*,#3951,.F.);
#3951 = EDGE_CURVE('',#3886,#3910,#3952,.T.);
#3952 = CIRCLE('',#3953,3.22);
#3953 = AXIS2_PLACEMENT_3D('',#3954,#3955,#3956);
#3954 = CARTESIAN_POINT('',(4.99,-40.81,0.));
#3955 = DIRECTION('',(0.,0.,-1.));
#3956 = DIRECTION('',(1.,0.,0.));
#3957 = ORIENTED_EDGE('',*,*,#3934,.F.);
#3958 = CYLINDRICAL_SURFACE('',#3959,3.22);
#3959 = AXIS2_PLACEMENT_3D('',#3960,#3961,#3962);
#3960 = CARTESIAN_POINT('',(4.99,-40.81,-4.));
#3961 = DIRECTION('',(-0.,-0.,-1.));
#3962 = DIRECTION('',(1.,0.,0.));
#3963 = ADVANCED_FACE('',(#3964),#4000,.T.);
#3964 = FACE_BOUND('',#3965,.T.);
#3965 = EDGE_LOOP('',(#3966,#3977,#3983,#3984,#3985,#3993));
#3966 = ORIENTED_EDGE('',*,*,#3967,.T.);
#3967 = EDGE_CURVE('',#3968,#3970,#3972,.T.);
#3968 = VERTEX_POINT('',#3969);
#3969 = CARTESIAN_POINT('',(42.385,-33.1274,0.));
#3970 = VERTEX_POINT('',#3971);
#3971 = CARTESIAN_POINT('',(35.984056743669,-33.6274,2.22044604925E-16)
  );
#3972 = CIRCLE('',#3973,3.22);
#3973 = AXIS2_PLACEMENT_3D('',#3974,#3975,#3976);
#3974 = CARTESIAN_POINT('',(39.165,-33.1274,0.));
#3975 = DIRECTION('',(0.,0.,-1.));
#3976 = DIRECTION('',(1.,0.,0.));
#3977 = ORIENTED_EDGE('',*,*,#3978,.F.);
#3978 = EDGE_CURVE('',#1051,#3970,#3979,.T.);
#3979 = LINE('',#3980,#3981);
#3980 = CARTESIAN_POINT('',(35.984056743669,-33.6274,-4.));
#3981 = VECTOR('',#3982,1.);
#3982 = DIRECTION('',(0.,0.,1.));
#3983 = ORIENTED_EDGE('',*,*,#1050,.T.);
#3984 = ORIENTED_EDGE('',*,*,#1039,.T.);
#3985 = ORIENTED_EDGE('',*,*,#3986,.T.);
#3986 = EDGE_CURVE('',#1042,#3987,#3989,.T.);
#3987 = VERTEX_POINT('',#3988);
#3988 = CARTESIAN_POINT('',(35.984056743669,-32.6274,0.));
#3989 = LINE('',#3990,#3991);
#3990 = CARTESIAN_POINT('',(35.984056743669,-32.6274,-4.));
#3991 = VECTOR('',#3992,1.);
#3992 = DIRECTION('',(0.,0.,1.));
#3993 = ORIENTED_EDGE('',*,*,#3994,.T.);
#3994 = EDGE_CURVE('',#3987,#3968,#3995,.T.);
#3995 = CIRCLE('',#3996,3.22);
#3996 = AXIS2_PLACEMENT_3D('',#3997,#3998,#3999);
#3997 = CARTESIAN_POINT('',(39.165,-33.1274,0.));
#3998 = DIRECTION('',(0.,0.,-1.));
#3999 = DIRECTION('',(1.,0.,0.));
#4000 = CYLINDRICAL_SURFACE('',#4001,3.22);
#4001 = AXIS2_PLACEMENT_3D('',#4002,#4003,#4004);
#4002 = CARTESIAN_POINT('',(39.165,-33.1274,-4.));
#4003 = DIRECTION('',(0.,0.,1.));
#4004 = DIRECTION('',(1.,0.,0.));
#4005 = ADVANCED_FACE('',(#4006),#4016,.F.);
#4006 = FACE_BOUND('',#4007,.F.);
#4007 = EDGE_LOOP('',(#4008,#4009,#4010));
#4008 = ORIENTED_EDGE('',*,*,#1075,.F.);
#4009 = ORIENTED_EDGE('',*,*,#3986,.T.);
#4010 = ORIENTED_EDGE('',*,*,#4011,.T.);
#4011 = EDGE_CURVE('',#3987,#1068,#4012,.T.);
#4012 = LINE('',#4013,#4014);
#4013 = CARTESIAN_POINT('',(35.984056743669,-32.6274,0.));
#4014 = VECTOR('',#4015,1.);
#4015 = DIRECTION('',(-0.710533784737,-1.562445922702E-16,
    -0.703663087527));
#4016 = PLANE('',#4017);
#4017 = AXIS2_PLACEMENT_3D('',#4018,#4019,#4020);
#4018 = CARTESIAN_POINT('',(35.984056743669,-32.6274,-4.));
#4019 = DIRECTION('',(0.,-1.,0.));
#4020 = DIRECTION('',(-1.,0.,0.));
#4021 = ADVANCED_FACE('',(#4022),#4032,.F.);
#4022 = FACE_BOUND('',#4023,.F.);
#4023 = EDGE_LOOP('',(#4024,#4025,#4031));
#4024 = ORIENTED_EDGE('',*,*,#1059,.F.);
#4025 = ORIENTED_EDGE('',*,*,#4026,.T.);
#4026 = EDGE_CURVE('',#1060,#3970,#4027,.T.);
#4027 = LINE('',#4028,#4029);
#4028 = CARTESIAN_POINT('',(33.964528371834,-33.6274,-2.));
#4029 = VECTOR('',#4030,1.);
#4030 = DIRECTION('',(0.710533784737,0.,0.703663087527));
#4031 = ORIENTED_EDGE('',*,*,#3978,.F.);
#4032 = PLANE('',#4033);
#4033 = AXIS2_PLACEMENT_3D('',#4034,#4035,#4036);
#4034 = CARTESIAN_POINT('',(31.945,-33.6274,-4.));
#4035 = DIRECTION('',(0.,1.,0.));
#4036 = DIRECTION('',(1.,0.,0.));
#4037 = ADVANCED_FACE('',(#4038),#4049,.F.);
#4038 = FACE_BOUND('',#4039,.F.);
#4039 = EDGE_LOOP('',(#4040,#4041,#4047,#4048));
#4040 = ORIENTED_EDGE('',*,*,#4011,.F.);
#4041 = ORIENTED_EDGE('',*,*,#4042,.T.);
#4042 = EDGE_CURVE('',#3987,#3970,#4043,.T.);
#4043 = LINE('',#4044,#4045);
#4044 = CARTESIAN_POINT('',(35.984056743669,-32.6274,0.));
#4045 = VECTOR('',#4046,1.);
#4046 = DIRECTION('',(0.,-1.,2.22044604925E-16));
#4047 = ORIENTED_EDGE('',*,*,#4026,.F.);
#4048 = ORIENTED_EDGE('',*,*,#1067,.F.);
#4049 = PLANE('',#4050);
#4050 = AXIS2_PLACEMENT_3D('',#4051,#4052,#4053);
#4051 = CARTESIAN_POINT('',(35.984056743669,-32.6274,0.));
#4052 = DIRECTION('',(0.703663087527,-1.577701935177E-16,-0.710533784737
    ));
#4053 = DIRECTION('',(-0.710533784737,-1.562445922702E-16,
    -0.703663087527));
#4054 = ADVANCED_FACE('',(#4055),#4081,.T.);
#4055 = FACE_BOUND('',#4056,.T.);
#4056 = EDGE_LOOP('',(#4057,#4068,#4074,#4075));
#4057 = ORIENTED_EDGE('',*,*,#4058,.T.);
#4058 = EDGE_CURVE('',#4059,#4061,#4063,.T.);
#4059 = VERTEX_POINT('',#4060);
#4060 = CARTESIAN_POINT('',(28.779856743669,-1.72E-02,0.));
#4061 = VERTEX_POINT('',#4062);
#4062 = CARTESIAN_POINT('',(34.4208,1.560491026118,0.));
#4063 = CIRCLE('',#4064,3.22);
#4064 = AXIS2_PLACEMENT_3D('',#4065,#4066,#4067);
#4065 = CARTESIAN_POINT('',(31.9608,-0.5172,0.));
#4066 = DIRECTION('',(0.,0.,-1.));
#4067 = DIRECTION('',(1.,0.,0.));
#4068 = ORIENTED_EDGE('',*,*,#4069,.T.);
#4069 = EDGE_CURVE('',#4061,#1084,#4070,.T.);
#4070 = LINE('',#4071,#4072);
#4071 = CARTESIAN_POINT('',(34.4208,1.560491026118,0.));
#4072 = VECTOR('',#4073,1.);
#4073 = DIRECTION('',(-0.,-0.,-1.));
#4074 = ORIENTED_EDGE('',*,*,#1083,.T.);
#4075 = ORIENTED_EDGE('',*,*,#4076,.T.);
#4076 = EDGE_CURVE('',#1086,#4059,#4077,.T.);
#4077 = LINE('',#4078,#4079);
#4078 = CARTESIAN_POINT('',(28.779856743669,-1.72E-02,-4.));
#4079 = VECTOR('',#4080,1.);
#4080 = DIRECTION('',(0.,0.,1.));
#4081 = CYLINDRICAL_SURFACE('',#4082,3.22);
#4082 = AXIS2_PLACEMENT_3D('',#4083,#4084,#4085);
#4083 = CARTESIAN_POINT('',(31.9608,-0.5172,-4.));
#4084 = DIRECTION('',(0.,0.,1.));
#4085 = DIRECTION('',(1.,0.,0.));
#4086 = ADVANCED_FACE('',(#4087),#4105,.F.);
#4087 = FACE_BOUND('',#4088,.F.);
#4088 = EDGE_LOOP('',(#4089,#4097,#4098,#4099));
#4089 = ORIENTED_EDGE('',*,*,#4090,.F.);
#4090 = EDGE_CURVE('',#4061,#4091,#4093,.T.);
#4091 = VERTEX_POINT('',#4092);
#4092 = CARTESIAN_POINT('',(34.4208,-2.594891026118,0.));
#4093 = LINE('',#4094,#4095);
#4094 = CARTESIAN_POINT('',(34.4208,1.560491026118,0.));
#4095 = VECTOR('',#4096,1.);
#4096 = DIRECTION('',(0.,-1.,0.));
#4097 = ORIENTED_EDGE('',*,*,#4069,.T.);
#4098 = ORIENTED_EDGE('',*,*,#1094,.F.);
#4099 = ORIENTED_EDGE('',*,*,#4100,.F.);
#4100 = EDGE_CURVE('',#4091,#1095,#4101,.T.);
#4101 = LINE('',#4102,#4103);
#4102 = CARTESIAN_POINT('',(34.4208,-2.594891026118,0.));
#4103 = VECTOR('',#4104,1.);
#4104 = DIRECTION('',(-0.,-0.,-1.));
#4105 = PLANE('',#4106);
#4106 = AXIS2_PLACEMENT_3D('',#4107,#4108,#4109);
#4107 = CARTESIAN_POINT('',(34.4208,1.560491026118,0.));
#4108 = DIRECTION('',(-1.,0.,0.));
#4109 = DIRECTION('',(0.,-1.,0.));
#4110 = ADVANCED_FACE('',(#4111),#4121,.F.);
#4111 = FACE_BOUND('',#4112,.F.);
#4112 = EDGE_LOOP('',(#4113,#4114,#4115));
#4113 = ORIENTED_EDGE('',*,*,#1127,.F.);
#4114 = ORIENTED_EDGE('',*,*,#4076,.T.);
#4115 = ORIENTED_EDGE('',*,*,#4116,.T.);
#4116 = EDGE_CURVE('',#4059,#1120,#4117,.T.);
#4117 = LINE('',#4118,#4119);
#4118 = CARTESIAN_POINT('',(28.779856743669,-1.72E-02,0.));
#4119 = VECTOR('',#4120,1.);
#4120 = DIRECTION('',(-0.710533784737,-1.562445922702E-16,
    -0.703663087527));
#4121 = PLANE('',#4122);
#4122 = AXIS2_PLACEMENT_3D('',#4123,#4124,#4125);
#4123 = CARTESIAN_POINT('',(28.779856743669,-1.72E-02,-4.));
#4124 = DIRECTION('',(0.,-1.,0.));
#4125 = DIRECTION('',(-1.,0.,0.));
#4126 = ADVANCED_FACE('',(#4127),#4146,.T.);
#4127 = FACE_BOUND('',#4128,.T.);
#4128 = EDGE_LOOP('',(#4129,#4138,#4144,#4145));
#4129 = ORIENTED_EDGE('',*,*,#4130,.T.);
#4130 = EDGE_CURVE('',#4091,#4131,#4133,.T.);
#4131 = VERTEX_POINT('',#4132);
#4132 = CARTESIAN_POINT('',(28.779856743669,-1.0172,0.));
#4133 = CIRCLE('',#4134,3.22);
#4134 = AXIS2_PLACEMENT_3D('',#4135,#4136,#4137);
#4135 = CARTESIAN_POINT('',(31.9608,-0.5172,0.));
#4136 = DIRECTION('',(0.,0.,-1.));
#4137 = DIRECTION('',(1.,0.,0.));
#4138 = ORIENTED_EDGE('',*,*,#4139,.F.);
#4139 = EDGE_CURVE('',#1103,#4131,#4140,.T.);
#4140 = LINE('',#4141,#4142);
#4141 = CARTESIAN_POINT('',(28.779856743669,-1.0172,-4.));
#4142 = VECTOR('',#4143,1.);
#4143 = DIRECTION('',(0.,0.,1.));
#4144 = ORIENTED_EDGE('',*,*,#1102,.T.);
#4145 = ORIENTED_EDGE('',*,*,#4100,.F.);
#4146 = CYLINDRICAL_SURFACE('',#4147,3.22);
#4147 = AXIS2_PLACEMENT_3D('',#4148,#4149,#4150);
#4148 = CARTESIAN_POINT('',(31.9608,-0.5172,-4.));
#4149 = DIRECTION('',(0.,0.,1.));
#4150 = DIRECTION('',(1.,0.,0.));
#4151 = ADVANCED_FACE('',(#4152),#4168,.F.);
#4152 = FACE_BOUND('',#4153,.F.);
#4153 = EDGE_LOOP('',(#4154,#4155,#4161,#4167));
#4154 = ORIENTED_EDGE('',*,*,#4116,.F.);
#4155 = ORIENTED_EDGE('',*,*,#4156,.T.);
#4156 = EDGE_CURVE('',#4059,#4131,#4157,.T.);
#4157 = LINE('',#4158,#4159);
#4158 = CARTESIAN_POINT('',(28.779856743669,-1.72E-02,0.));
#4159 = VECTOR('',#4160,1.);
#4160 = DIRECTION('',(0.,-1.,2.22044604925E-16));
#4161 = ORIENTED_EDGE('',*,*,#4162,.F.);
#4162 = EDGE_CURVE('',#1112,#4131,#4163,.T.);
#4163 = LINE('',#4164,#4165);
#4164 = CARTESIAN_POINT('',(26.760328371834,-1.0172,-2.));
#4165 = VECTOR('',#4166,1.);
#4166 = DIRECTION('',(0.710533784737,0.,0.703663087527));
#4167 = ORIENTED_EDGE('',*,*,#1119,.F.);
#4168 = PLANE('',#4169);
#4169 = AXIS2_PLACEMENT_3D('',#4170,#4171,#4172);
#4170 = CARTESIAN_POINT('',(28.779856743669,-1.72E-02,0.));
#4171 = DIRECTION('',(0.703663087527,-1.577701935177E-16,-0.710533784737
    ));
#4172 = DIRECTION('',(-0.710533784737,-1.562445922702E-16,
    -0.703663087527));
#4173 = ADVANCED_FACE('',(#4174),#4179,.F.);
#4174 = FACE_BOUND('',#4175,.F.);
#4175 = EDGE_LOOP('',(#4176,#4177,#4178));
#4176 = ORIENTED_EDGE('',*,*,#1111,.F.);
#4177 = ORIENTED_EDGE('',*,*,#4162,.T.);
#4178 = ORIENTED_EDGE('',*,*,#4139,.F.);
#4179 = PLANE('',#4180);
#4180 = AXIS2_PLACEMENT_3D('',#4181,#4182,#4183);
#4181 = CARTESIAN_POINT('',(24.7408,-1.0172,-4.));
#4182 = DIRECTION('',(0.,1.,0.));
#4183 = DIRECTION('',(1.,0.,0.));
#4184 = ADVANCED_FACE('',(#4185),#4221,.T.);
#4185 = FACE_BOUND('',#4186,.F.);
#4186 = EDGE_LOOP('',(#4187,#4195,#4204,#4213,#4219,#4220));
#4187 = ORIENTED_EDGE('',*,*,#4188,.T.);
#4188 = EDGE_CURVE('',#1147,#4189,#4191,.T.);
#4189 = VERTEX_POINT('',#4190);
#4190 = CARTESIAN_POINT('',(1.809056743669,26.01,0.));
#4191 = LINE('',#4192,#4193);
#4192 = CARTESIAN_POINT('',(1.809056743669,26.01,-4.));
#4193 = VECTOR('',#4194,1.);
#4194 = DIRECTION('',(0.,0.,1.));
#4195 = ORIENTED_EDGE('',*,*,#4196,.F.);
#4196 = EDGE_CURVE('',#4197,#4189,#4199,.T.);
#4197 = VERTEX_POINT('',#4198);
#4198 = CARTESIAN_POINT('',(8.21,26.51,0.));
#4199 = CIRCLE('',#4200,3.22);
#4200 = AXIS2_PLACEMENT_3D('',#4201,#4202,#4203);
#4201 = CARTESIAN_POINT('',(4.99,26.51,0.));
#4202 = DIRECTION('',(0.,0.,-1.));
#4203 = DIRECTION('',(1.,0.,0.));
#4204 = ORIENTED_EDGE('',*,*,#4205,.F.);
#4205 = EDGE_CURVE('',#4206,#4197,#4208,.T.);
#4206 = VERTEX_POINT('',#4207);
#4207 = CARTESIAN_POINT('',(1.809056743669,27.01,0.));
#4208 = CIRCLE('',#4209,3.22);
#4209 = AXIS2_PLACEMENT_3D('',#4210,#4211,#4212);
#4210 = CARTESIAN_POINT('',(4.99,26.51,0.));
#4211 = DIRECTION('',(0.,0.,-1.));
#4212 = DIRECTION('',(1.,0.,0.));
#4213 = ORIENTED_EDGE('',*,*,#4214,.F.);
#4214 = EDGE_CURVE('',#1138,#4206,#4215,.T.);
#4215 = LINE('',#4216,#4217);
#4216 = CARTESIAN_POINT('',(1.809056743669,27.01,-4.));
#4217 = VECTOR('',#4218,1.);
#4218 = DIRECTION('',(0.,0.,1.));
#4219 = ORIENTED_EDGE('',*,*,#1135,.F.);
#4220 = ORIENTED_EDGE('',*,*,#1146,.F.);
#4221 = CYLINDRICAL_SURFACE('',#4222,3.22);
#4222 = AXIS2_PLACEMENT_3D('',#4223,#4224,#4225);
#4223 = CARTESIAN_POINT('',(4.99,26.51,-4.));
#4224 = DIRECTION('',(-0.,-0.,-1.));
#4225 = DIRECTION('',(1.,0.,0.));
#4226 = ADVANCED_FACE('',(#4227),#4237,.F.);
#4227 = FACE_BOUND('',#4228,.F.);
#4228 = EDGE_LOOP('',(#4229,#4230,#4231));
#4229 = ORIENTED_EDGE('',*,*,#1171,.F.);
#4230 = ORIENTED_EDGE('',*,*,#4214,.T.);
#4231 = ORIENTED_EDGE('',*,*,#4232,.T.);
#4232 = EDGE_CURVE('',#4206,#1164,#4233,.T.);
#4233 = LINE('',#4234,#4235);
#4234 = CARTESIAN_POINT('',(1.809056743669,27.01,0.));
#4235 = VECTOR('',#4236,1.);
#4236 = DIRECTION('',(-0.710533784737,-1.562445922702E-16,
    -0.703663087527));
#4237 = PLANE('',#4238);
#4238 = AXIS2_PLACEMENT_3D('',#4239,#4240,#4241);
#4239 = CARTESIAN_POINT('',(1.809056743669,27.01,-4.));
#4240 = DIRECTION('',(0.,-1.,0.));
#4241 = DIRECTION('',(-1.,0.,0.));
#4242 = ADVANCED_FACE('',(#4243),#4253,.F.);
#4243 = FACE_BOUND('',#4244,.F.);
#4244 = EDGE_LOOP('',(#4245,#4246,#4252));
#4245 = ORIENTED_EDGE('',*,*,#1155,.F.);
#4246 = ORIENTED_EDGE('',*,*,#4247,.T.);
#4247 = EDGE_CURVE('',#1156,#4189,#4248,.T.);
#4248 = LINE('',#4249,#4250);
#4249 = CARTESIAN_POINT('',(-0.210471628166,26.01,-2.));
#4250 = VECTOR('',#4251,1.);
#4251 = DIRECTION('',(0.710533784737,0.,0.703663087527));
#4252 = ORIENTED_EDGE('',*,*,#4188,.F.);
#4253 = PLANE('',#4254);
#4254 = AXIS2_PLACEMENT_3D('',#4255,#4256,#4257);
#4255 = CARTESIAN_POINT('',(-2.23,26.01,-4.));
#4256 = DIRECTION('',(0.,1.,0.));
#4257 = DIRECTION('',(1.,0.,0.));
#4258 = ADVANCED_FACE('',(#4259),#4270,.F.);
#4259 = FACE_BOUND('',#4260,.F.);
#4260 = EDGE_LOOP('',(#4261,#4262,#4268,#4269));
#4261 = ORIENTED_EDGE('',*,*,#4232,.F.);
#4262 = ORIENTED_EDGE('',*,*,#4263,.T.);
#4263 = EDGE_CURVE('',#4206,#4189,#4264,.T.);
#4264 = LINE('',#4265,#4266);
#4265 = CARTESIAN_POINT('',(1.809056743669,27.01,0.));
#4266 = VECTOR('',#4267,1.);
#4267 = DIRECTION('',(0.,-1.,2.22044604925E-16));
#4268 = ORIENTED_EDGE('',*,*,#4247,.F.);
#4269 = ORIENTED_EDGE('',*,*,#1163,.F.);
#4270 = PLANE('',#4271);
#4271 = AXIS2_PLACEMENT_3D('',#4272,#4273,#4274);
#4272 = CARTESIAN_POINT('',(1.809056743669,27.01,0.));
#4273 = DIRECTION('',(0.703663087527,-1.577701935177E-16,-0.710533784737
    ));
#4274 = DIRECTION('',(-0.710533784737,-1.562445922702E-16,
    -0.703663087527));
#4275 = ADVANCED_FACE('',(#4276),#4312,.T.);
#4276 = FACE_BOUND('',#4277,.T.);
#4277 = EDGE_LOOP('',(#4278,#4289,#4298,#4304,#4305,#4306));
#4278 = ORIENTED_EDGE('',*,*,#4279,.T.);
#4279 = EDGE_CURVE('',#4280,#4282,#4284,.T.);
#4280 = VERTEX_POINT('',#4281);
#4281 = CARTESIAN_POINT('',(15.825856743669,32.5964,0.));
#4282 = VERTEX_POINT('',#4283);
#4283 = CARTESIAN_POINT('',(22.2268,32.0964,0.));
#4284 = CIRCLE('',#4285,3.22);
#4285 = AXIS2_PLACEMENT_3D('',#4286,#4287,#4288);
#4286 = CARTESIAN_POINT('',(19.0068,32.0964,0.));
#4287 = DIRECTION('',(0.,0.,-1.));
#4288 = DIRECTION('',(1.,0.,0.));
#4289 = ORIENTED_EDGE('',*,*,#4290,.T.);
#4290 = EDGE_CURVE('',#4282,#4291,#4293,.T.);
#4291 = VERTEX_POINT('',#4292);
#4292 = CARTESIAN_POINT('',(20.761336975997,29.3964,0.));
#4293 = CIRCLE('',#4294,3.22);
#4294 = AXIS2_PLACEMENT_3D('',#4295,#4296,#4297);
#4295 = CARTESIAN_POINT('',(19.0068,32.0964,0.));
#4296 = DIRECTION('',(0.,0.,-1.));
#4297 = DIRECTION('',(1.,0.,0.));
#4298 = ORIENTED_EDGE('',*,*,#4299,.T.);
#4299 = EDGE_CURVE('',#4291,#1191,#4300,.T.);
#4300 = LINE('',#4301,#4302);
#4301 = CARTESIAN_POINT('',(20.761336975997,29.3964,0.));
#4302 = VECTOR('',#4303,1.);
#4303 = DIRECTION('',(-0.,-0.,-1.));
#4304 = ORIENTED_EDGE('',*,*,#1190,.T.);
#4305 = ORIENTED_EDGE('',*,*,#1179,.T.);
#4306 = ORIENTED_EDGE('',*,*,#4307,.T.);
#4307 = EDGE_CURVE('',#1182,#4280,#4308,.T.);
#4308 = LINE('',#4309,#4310);
#4309 = CARTESIAN_POINT('',(15.825856743669,32.5964,-4.));
#4310 = VECTOR('',#4311,1.);
#4311 = DIRECTION('',(0.,0.,1.));
#4312 = CYLINDRICAL_SURFACE('',#4313,3.22);
#4313 = AXIS2_PLACEMENT_3D('',#4314,#4315,#4316);
#4314 = CARTESIAN_POINT('',(19.0068,32.0964,-4.));
#4315 = DIRECTION('',(0.,0.,1.));
#4316 = DIRECTION('',(1.,0.,0.));
#4317 = ADVANCED_FACE('',(#4318),#4328,.F.);
#4318 = FACE_BOUND('',#4319,.F.);
#4319 = EDGE_LOOP('',(#4320,#4321,#4322));
#4320 = ORIENTED_EDGE('',*,*,#1232,.F.);
#4321 = ORIENTED_EDGE('',*,*,#4307,.T.);
#4322 = ORIENTED_EDGE('',*,*,#4323,.T.);
#4323 = EDGE_CURVE('',#4280,#1225,#4324,.T.);
#4324 = LINE('',#4325,#4326);
#4325 = CARTESIAN_POINT('',(15.825856743669,32.5964,0.));
#4326 = VECTOR('',#4327,1.);
#4327 = DIRECTION('',(-0.710533784737,-1.562445922702E-16,
    -0.703663087527));
#4328 = PLANE('',#4329);
#4329 = AXIS2_PLACEMENT_3D('',#4330,#4331,#4332);
#4330 = CARTESIAN_POINT('',(15.825856743669,32.5964,-4.));
#4331 = DIRECTION('',(0.,-1.,0.));
#4332 = DIRECTION('',(-1.,0.,0.));
#4333 = ADVANCED_FACE('',(#4334),#4352,.T.);
#4334 = FACE_BOUND('',#4335,.T.);
#4335 = EDGE_LOOP('',(#4336,#4344,#4350,#4351));
#4336 = ORIENTED_EDGE('',*,*,#4337,.F.);
#4337 = EDGE_CURVE('',#4338,#4291,#4340,.T.);
#4338 = VERTEX_POINT('',#4339);
#4339 = CARTESIAN_POINT('',(17.252263024003,29.3964,0.));
#4340 = LINE('',#4341,#4342);
#4341 = CARTESIAN_POINT('',(17.252263024003,29.3964,0.));
#4342 = VECTOR('',#4343,1.);
#4343 = DIRECTION('',(1.,0.,0.));
#4344 = ORIENTED_EDGE('',*,*,#4345,.T.);
#4345 = EDGE_CURVE('',#4338,#1200,#4346,.T.);
#4346 = LINE('',#4347,#4348);
#4347 = CARTESIAN_POINT('',(17.252263024003,29.3964,0.));
#4348 = VECTOR('',#4349,1.);
#4349 = DIRECTION('',(-0.,-0.,-1.));
#4350 = ORIENTED_EDGE('',*,*,#1199,.F.);
#4351 = ORIENTED_EDGE('',*,*,#4299,.F.);
#4352 = PLANE('',#4353);
#4353 = AXIS2_PLACEMENT_3D('',#4354,#4355,#4356);
#4354 = CARTESIAN_POINT('',(17.252263024003,29.3964,0.));
#4355 = DIRECTION('',(0.,-1.,0.));
#4356 = DIRECTION('',(1.,0.,0.));
#4357 = ADVANCED_FACE('',(#4358),#4376,.F.);
#4358 = FACE_BOUND('',#4359,.F.);
#4359 = EDGE_LOOP('',(#4360,#4361,#4369,#4375));
#4360 = ORIENTED_EDGE('',*,*,#4323,.F.);
#4361 = ORIENTED_EDGE('',*,*,#4362,.T.);
#4362 = EDGE_CURVE('',#4280,#4363,#4365,.T.);
#4363 = VERTEX_POINT('',#4364);
#4364 = CARTESIAN_POINT('',(15.825856743669,31.5964,0.));
#4365 = LINE('',#4366,#4367);
#4366 = CARTESIAN_POINT('',(15.825856743669,32.5964,0.));
#4367 = VECTOR('',#4368,1.);
#4368 = DIRECTION('',(0.,-1.,2.22044604925E-16));
#4369 = ORIENTED_EDGE('',*,*,#4370,.F.);
#4370 = EDGE_CURVE('',#1217,#4363,#4371,.T.);
#4371 = LINE('',#4372,#4373);
#4372 = CARTESIAN_POINT('',(13.806328371834,31.5964,-2.));
#4373 = VECTOR('',#4374,1.);
#4374 = DIRECTION('',(0.710533784737,0.,0.703663087527));
#4375 = ORIENTED_EDGE('',*,*,#1224,.F.);
#4376 = PLANE('',#4377);
#4377 = AXIS2_PLACEMENT_3D('',#4378,#4379,#4380);
#4378 = CARTESIAN_POINT('',(15.825856743669,32.5964,0.));
#4379 = DIRECTION('',(0.703663087527,-1.577701935177E-16,-0.710533784737
    ));
#4380 = DIRECTION('',(-0.710533784737,-1.562445922702E-16,
    -0.703663087527));
#4381 = ADVANCED_FACE('',(#4382),#4399,.T.);
#4382 = FACE_BOUND('',#4383,.T.);
#4383 = EDGE_LOOP('',(#4384,#4391,#4397,#4398));
#4384 = ORIENTED_EDGE('',*,*,#4385,.T.);
#4385 = EDGE_CURVE('',#4338,#4363,#4386,.T.);
#4386 = CIRCLE('',#4387,3.22);
#4387 = AXIS2_PLACEMENT_3D('',#4388,#4389,#4390);
#4388 = CARTESIAN_POINT('',(19.0068,32.0964,0.));
#4389 = DIRECTION('',(0.,0.,-1.));
#4390 = DIRECTION('',(1.,0.,0.));
#4391 = ORIENTED_EDGE('',*,*,#4392,.F.);
#4392 = EDGE_CURVE('',#1208,#4363,#4393,.T.);
#4393 = LINE('',#4394,#4395);
#4394 = CARTESIAN_POINT('',(15.825856743669,31.5964,-4.));
#4395 = VECTOR('',#4396,1.);
#4396 = DIRECTION('',(0.,0.,1.));
#4397 = ORIENTED_EDGE('',*,*,#1207,.T.);
#4398 = ORIENTED_EDGE('',*,*,#4345,.F.);
#4399 = CYLINDRICAL_SURFACE('',#4400,3.22);
#4400 = AXIS2_PLACEMENT_3D('',#4401,#4402,#4403);
#4401 = CARTESIAN_POINT('',(19.0068,32.0964,-4.));
#4402 = DIRECTION('',(0.,0.,1.));
#4403 = DIRECTION('',(1.,0.,0.));
#4404 = ADVANCED_FACE('',(#4405),#4410,.F.);
#4405 = FACE_BOUND('',#4406,.F.);
#4406 = EDGE_LOOP('',(#4407,#4408,#4409));
#4407 = ORIENTED_EDGE('',*,*,#1216,.F.);
#4408 = ORIENTED_EDGE('',*,*,#4370,.T.);
#4409 = ORIENTED_EDGE('',*,*,#4392,.F.);
#4410 = PLANE('',#4411);
#4411 = AXIS2_PLACEMENT_3D('',#4412,#4413,#4414);
#4412 = CARTESIAN_POINT('',(11.7868,31.5964,-4.));
#4413 = DIRECTION('',(0.,1.,0.));
#4414 = DIRECTION('',(1.,0.,0.));
#4415 = ADVANCED_FACE('',(#4416),#4452,.T.);
#4416 = FACE_BOUND('',#4417,.T.);
#4417 = EDGE_LOOP('',(#4418,#4429,#4435,#4436,#4437,#4445));
#4418 = ORIENTED_EDGE('',*,*,#4419,.T.);
#4419 = EDGE_CURVE('',#4420,#4422,#4424,.T.);
#4420 = VERTEX_POINT('',#4421);
#4421 = CARTESIAN_POINT('',(42.385,31.5156,0.));
#4422 = VERTEX_POINT('',#4423);
#4423 = CARTESIAN_POINT('',(35.984056743669,31.0156,0.));
#4424 = CIRCLE('',#4425,3.22);
#4425 = AXIS2_PLACEMENT_3D('',#4426,#4427,#4428);
#4426 = CARTESIAN_POINT('',(39.165,31.5156,0.));
#4427 = DIRECTION('',(0.,0.,-1.));
#4428 = DIRECTION('',(1.,0.,0.));
#4429 = ORIENTED_EDGE('',*,*,#4430,.F.);
#4430 = EDGE_CURVE('',#1252,#4422,#4431,.T.);
#4431 = LINE('',#4432,#4433);
#4432 = CARTESIAN_POINT('',(35.984056743669,31.0156,-4.));
#4433 = VECTOR('',#4434,1.);
#4434 = DIRECTION('',(0.,0.,1.));
#4435 = ORIENTED_EDGE('',*,*,#1251,.T.);
#4436 = ORIENTED_EDGE('',*,*,#1240,.T.);
#4437 = ORIENTED_EDGE('',*,*,#4438,.T.);
#4438 = EDGE_CURVE('',#1243,#4439,#4441,.T.);
#4439 = VERTEX_POINT('',#4440);
#4440 = CARTESIAN_POINT('',(35.984056743669,32.0156,0.));
#4441 = LINE('',#4442,#4443);
#4442 = CARTESIAN_POINT('',(35.984056743669,32.0156,-4.));
#4443 = VECTOR('',#4444,1.);
#4444 = DIRECTION('',(0.,0.,1.));
#4445 = ORIENTED_EDGE('',*,*,#4446,.T.);
#4446 = EDGE_CURVE('',#4439,#4420,#4447,.T.);
#4447 = CIRCLE('',#4448,3.22);
#4448 = AXIS2_PLACEMENT_3D('',#4449,#4450,#4451);
#4449 = CARTESIAN_POINT('',(39.165,31.5156,0.));
#4450 = DIRECTION('',(0.,0.,-1.));
#4451 = DIRECTION('',(1.,0.,0.));
#4452 = CYLINDRICAL_SURFACE('',#4453,3.22);
#4453 = AXIS2_PLACEMENT_3D('',#4454,#4455,#4456);
#4454 = CARTESIAN_POINT('',(39.165,31.5156,-4.));
#4455 = DIRECTION('',(0.,0.,1.));
#4456 = DIRECTION('',(1.,0.,0.));
#4457 = ADVANCED_FACE('',(#4458),#4468,.F.);
#4458 = FACE_BOUND('',#4459,.F.);
#4459 = EDGE_LOOP('',(#4460,#4461,#4462));
#4460 = ORIENTED_EDGE('',*,*,#1276,.F.);
#4461 = ORIENTED_EDGE('',*,*,#4438,.T.);
#4462 = ORIENTED_EDGE('',*,*,#4463,.T.);
#4463 = EDGE_CURVE('',#4439,#1269,#4464,.T.);
#4464 = LINE('',#4465,#4466);
#4465 = CARTESIAN_POINT('',(35.984056743669,32.0156,0.));
#4466 = VECTOR('',#4467,1.);
#4467 = DIRECTION('',(-0.710533784737,-1.562445922702E-16,
    -0.703663087527));
#4468 = PLANE('',#4469);
#4469 = AXIS2_PLACEMENT_3D('',#4470,#4471,#4472);
#4470 = CARTESIAN_POINT('',(35.984056743669,32.0156,-4.));
#4471 = DIRECTION('',(0.,-1.,0.));
#4472 = DIRECTION('',(-1.,0.,0.));
#4473 = ADVANCED_FACE('',(#4474),#4484,.F.);
#4474 = FACE_BOUND('',#4475,.F.);
#4475 = EDGE_LOOP('',(#4476,#4477,#4483));
#4476 = ORIENTED_EDGE('',*,*,#1260,.F.);
#4477 = ORIENTED_EDGE('',*,*,#4478,.T.);
#4478 = EDGE_CURVE('',#1261,#4422,#4479,.T.);
#4479 = LINE('',#4480,#4481);
#4480 = CARTESIAN_POINT('',(33.964528371834,31.0156,-2.));
#4481 = VECTOR('',#4482,1.);
#4482 = DIRECTION('',(0.710533784737,0.,0.703663087527));
#4483 = ORIENTED_EDGE('',*,*,#4430,.F.);
#4484 = PLANE('',#4485);
#4485 = AXIS2_PLACEMENT_3D('',#4486,#4487,#4488);
#4486 = CARTESIAN_POINT('',(31.945,31.0156,-4.));
#4487 = DIRECTION('',(0.,1.,0.));
#4488 = DIRECTION('',(1.,0.,0.));
#4489 = ADVANCED_FACE('',(#4490),#4501,.F.);
#4490 = FACE_BOUND('',#4491,.F.);
#4491 = EDGE_LOOP('',(#4492,#4493,#4499,#4500));
#4492 = ORIENTED_EDGE('',*,*,#4463,.F.);
#4493 = ORIENTED_EDGE('',*,*,#4494,.T.);
#4494 = EDGE_CURVE('',#4439,#4422,#4495,.T.);
#4495 = LINE('',#4496,#4497);
#4496 = CARTESIAN_POINT('',(35.984056743669,32.0156,0.));
#4497 = VECTOR('',#4498,1.);
#4498 = DIRECTION('',(0.,-1.,2.22044604925E-16));
#4499 = ORIENTED_EDGE('',*,*,#4478,.F.);
#4500 = ORIENTED_EDGE('',*,*,#1268,.F.);
#4501 = PLANE('',#4502);
#4502 = AXIS2_PLACEMENT_3D('',#4503,#4504,#4505);
#4503 = CARTESIAN_POINT('',(35.984056743669,32.0156,0.));
#4504 = DIRECTION('',(0.703663087527,-1.577701935177E-16,-0.710533784737
    ));
#4505 = DIRECTION('',(-0.710533784737,-1.562445922702E-16,
    -0.703663087527));
#4506 = ADVANCED_FACE('',(#4507),#4525,.F.);
#4507 = FACE_BOUND('',#4508,.T.);
#4508 = EDGE_LOOP('',(#4509,#4518,#4523,#4524));
#4509 = ORIENTED_EDGE('',*,*,#4510,.T.);
#4510 = EDGE_CURVE('',#4511,#4511,#4513,.T.);
#4511 = VERTEX_POINT('',#4512);
#4512 = CARTESIAN_POINT('',(-25.435,-47.,-6.));
#4513 = CIRCLE('',#4514,1.375);
#4514 = AXIS2_PLACEMENT_3D('',#4515,#4516,#4517);
#4515 = CARTESIAN_POINT('',(-26.81,-47.,-6.));
#4516 = DIRECTION('',(0.,0.,-1.));
#4517 = DIRECTION('',(1.,0.,0.));
#4518 = ORIENTED_EDGE('',*,*,#4519,.F.);
#4519 = EDGE_CURVE('',#1567,#4511,#4520,.T.);
#4520 = B_SPLINE_CURVE_WITH_KNOTS('',1,(#4521,#4522),.UNSPECIFIED.,.F.,
  .F.,(2,2),(-2.5,0.5),.PIECEWISE_BEZIER_KNOTS.);
#4521 = CARTESIAN_POINT('',(-25.435,-47.,-3.));
#4522 = CARTESIAN_POINT('',(-25.435,-47.,-6.));
#4523 = ORIENTED_EDGE('',*,*,#1566,.T.);
#4524 = ORIENTED_EDGE('',*,*,#4519,.T.);
#4525 = CYLINDRICAL_SURFACE('',#4526,1.375);
#4526 = AXIS2_PLACEMENT_3D('',#4527,#4528,#4529);
#4527 = CARTESIAN_POINT('',(-26.81,-47.,-5.5));
#4528 = DIRECTION('',(-0.,-0.,-1.));
#4529 = DIRECTION('',(1.,0.,0.));
#4530 = ADVANCED_FACE('',(#4531),#4580,.F.);
#4531 = FACE_BOUND('',#4532,.F.);
#4532 = EDGE_LOOP('',(#4533,#4543,#4551,#4559,#4567,#4573,#4574));
#4533 = ORIENTED_EDGE('',*,*,#4534,.F.);
#4534 = EDGE_CURVE('',#4535,#4537,#4539,.T.);
#4535 = VERTEX_POINT('',#4536);
#4536 = CARTESIAN_POINT('',(-57.90338993329,-50.78365676167,-6.));
#4537 = VERTEX_POINT('',#4538);
#4538 = CARTESIAN_POINT('',(-57.81,-50.8,-6.));
#4539 = LINE('',#4540,#4541);
#4540 = CARTESIAN_POINT('',(-61.81,-50.1,-6.));
#4541 = VECTOR('',#4542,1.);
#4542 = DIRECTION('',(0.985030467156,-0.172380331752,0.));
#4543 = ORIENTED_EDGE('',*,*,#4544,.T.);
#4544 = EDGE_CURVE('',#4535,#4545,#4547,.T.);
#4545 = VERTEX_POINT('',#4546);
#4546 = CARTESIAN_POINT('',(-61.81,-50.1,-5.316343238326));
#4547 = LINE('',#4548,#4549);
#4548 = CARTESIAN_POINT('',(-59.8003275069,-50.45169268629,
    -5.668035924617));
#4549 = VECTOR('',#4550,1.);
#4550 = DIRECTION('',(-0.970713676233,0.169874893341,0.169874893341));
#4551 = ORIENTED_EDGE('',*,*,#4552,.T.);
#4552 = EDGE_CURVE('',#4545,#4553,#4555,.T.);
#4553 = VERTEX_POINT('',#4554);
#4554 = CARTESIAN_POINT('',(-61.81,-50.1,18.626343238326));
#4555 = LINE('',#4556,#4557);
#4556 = CARTESIAN_POINT('',(-61.81,-50.1,-6.));
#4557 = VECTOR('',#4558,1.);
#4558 = DIRECTION('',(0.,0.,1.));
#4559 = ORIENTED_EDGE('',*,*,#4560,.F.);
#4560 = EDGE_CURVE('',#4561,#4553,#4563,.T.);
#4561 = VERTEX_POINT('',#4562);
#4562 = CARTESIAN_POINT('',(-57.90338993329,-50.78365676167,19.31));
#4563 = LINE('',#4564,#4565);
#4564 = CARTESIAN_POINT('',(-61.88713551633,-50.08650128464,
    18.612844522968));
#4565 = VECTOR('',#4566,1.);
#4566 = DIRECTION('',(-0.970713676233,0.169874893341,-0.169874893341));
#4567 = ORIENTED_EDGE('',*,*,#4568,.T.);
#4568 = EDGE_CURVE('',#4561,#1836,#4569,.T.);
#4569 = LINE('',#4570,#4571);
#4570 = CARTESIAN_POINT('',(-57.90338993329,-50.78365676167,19.31));
#4571 = VECTOR('',#4572,1.);
#4572 = DIRECTION('',(0.985030467156,-0.172380331752,0.));
#4573 = ORIENTED_EDGE('',*,*,#1833,.F.);
#4574 = ORIENTED_EDGE('',*,*,#4575,.T.);
#4575 = EDGE_CURVE('',#1834,#4537,#4576,.T.);
#4576 = LINE('',#4577,#4578);
#4577 = CARTESIAN_POINT('',(-57.81,-50.8,19.31));
#4578 = VECTOR('',#4579,1.);
#4579 = DIRECTION('',(-0.,-0.,-1.));
#4580 = PLANE('',#4581);
#4581 = AXIS2_PLACEMENT_3D('',#4582,#4583,#4584);
#4582 = CARTESIAN_POINT('',(-61.81,-50.1,-6.));
#4583 = DIRECTION('',(0.172380331752,0.985030467156,0.));
#4584 = DIRECTION('',(0.985030467156,-0.172380331752,0.));
#4585 = ADVANCED_FACE('',(#4586),#4596,.F.);
#4586 = FACE_BOUND('',#4587,.F.);
#4587 = EDGE_LOOP('',(#4588,#4594,#4595));
#4588 = ORIENTED_EDGE('',*,*,#4589,.F.);
#4589 = EDGE_CURVE('',#1908,#4561,#4590,.T.);
#4590 = LINE('',#4591,#4592);
#4591 = CARTESIAN_POINT('',(-57.81,-50.25,19.31));
#4592 = VECTOR('',#4593,1.);
#4593 = DIRECTION('',(-0.172380331752,-0.985030467156,-0.));
#4594 = ORIENTED_EDGE('',*,*,#1915,.F.);
#4595 = ORIENTED_EDGE('',*,*,#4568,.F.);
#4596 = PLANE('',#4597);
#4597 = AXIS2_PLACEMENT_3D('',#4598,#4599,#4600);
#4598 = CARTESIAN_POINT('',(-57.81,-50.25,19.31));
#4599 = DIRECTION('',(0.,0.,-1.));
#4600 = DIRECTION('',(-0.172380331752,-0.985030467156,-0.));
#4601 = ADVANCED_FACE('',(#4602),#4627,.T.);
#4602 = FACE_BOUND('',#4603,.T.);
#4603 = EDGE_LOOP('',(#4604,#4612,#4613,#4621));
#4604 = ORIENTED_EDGE('',*,*,#4605,.F.);
#4605 = EDGE_CURVE('',#1908,#4606,#4608,.T.);
#4606 = VERTEX_POINT('',#4607);
#4607 = CARTESIAN_POINT('',(-61.81,-49.55,18.61));
#4608 = LINE('',#4609,#4610);
#4609 = CARTESIAN_POINT('',(-57.81,-50.25,19.31));
#4610 = VECTOR('',#4611,1.);
#4611 = DIRECTION('',(-0.970713676233,0.169874893341,-0.169874893341));
#4612 = ORIENTED_EDGE('',*,*,#1907,.T.);
#4613 = ORIENTED_EDGE('',*,*,#4614,.T.);
#4614 = EDGE_CURVE('',#1900,#4615,#4617,.T.);
#4615 = VERTEX_POINT('',#4616);
#4616 = CARTESIAN_POINT('',(-61.81,49.55,18.61));
#4617 = LINE('',#4618,#4619);
#4618 = CARTESIAN_POINT('',(-66.09621908127,48.799911660777,
    17.859911660777));
#4619 = VECTOR('',#4620,1.);
#4620 = DIRECTION('',(-0.970713676233,-0.169874893341,-0.169874893341));
#4621 = ORIENTED_EDGE('',*,*,#4622,.F.);
#4622 = EDGE_CURVE('',#4606,#4615,#4623,.T.);
#4623 = LINE('',#4624,#4625);
#4624 = CARTESIAN_POINT('',(-61.81,-50.25,18.61));
#4625 = VECTOR('',#4626,1.);
#4626 = DIRECTION('',(0.,1.,-2.2E-16));
#4627 = PLANE('',#4628);
#4628 = AXIS2_PLACEMENT_3D('',#4629,#4630,#4631);
#4629 = CARTESIAN_POINT('',(-57.81,-50.25,19.31));
#4630 = DIRECTION('',(-0.172380331752,2.2E-16,0.985030467156));
#4631 = DIRECTION('',(-0.985030467156,-4.E-17,-0.172380331752));
#4632 = ADVANCED_FACE('',(#4633),#4650,.T.);
#4633 = FACE_BOUND('',#4634,.T.);
#4634 = EDGE_LOOP('',(#4635,#4643,#4644));
#4635 = ORIENTED_EDGE('',*,*,#4636,.F.);
#4636 = EDGE_CURVE('',#1900,#4637,#4639,.T.);
#4637 = VERTEX_POINT('',#4638);
#4638 = CARTESIAN_POINT('',(-57.90338993329,50.783656761674,19.31));
#4639 = LINE('',#4640,#4641);
#4640 = CARTESIAN_POINT('',(-57.81,50.25,19.31));
#4641 = VECTOR('',#4642,1.);
#4642 = DIRECTION('',(-0.172380331752,0.985030467156,0.));
#4643 = ORIENTED_EDGE('',*,*,#1899,.F.);
#4644 = ORIENTED_EDGE('',*,*,#4645,.F.);
#4645 = EDGE_CURVE('',#4637,#1892,#4646,.T.);
#4646 = LINE('',#4647,#4648);
#4647 = CARTESIAN_POINT('',(-57.90338993329,50.783656761674,19.31));
#4648 = VECTOR('',#4649,1.);
#4649 = DIRECTION('',(0.985030467156,0.172380331752,0.));
#4650 = PLANE('',#4651);
#4651 = AXIS2_PLACEMENT_3D('',#4652,#4653,#4654);
#4652 = CARTESIAN_POINT('',(-57.81,50.25,19.31));
#4653 = DIRECTION('',(0.,0.,1.));
#4654 = DIRECTION('',(-0.172380331752,0.985030467156,0.));
#4655 = ADVANCED_FACE('',(#4656),#4698,.F.);
#4656 = FACE_BOUND('',#4657,.F.);
#4657 = EDGE_LOOP('',(#4658,#4666,#4667,#4668,#4676,#4684,#4692));
#4658 = ORIENTED_EDGE('',*,*,#4659,.F.);
#4659 = EDGE_CURVE('',#1884,#4660,#4662,.T.);
#4660 = VERTEX_POINT('',#4661);
#4661 = CARTESIAN_POINT('',(-57.81,50.8,-6.));
#4662 = LINE('',#4663,#4664);
#4663 = CARTESIAN_POINT('',(-57.81,50.8,19.31));
#4664 = VECTOR('',#4665,1.);
#4665 = DIRECTION('',(-0.,-0.,-1.));
#4666 = ORIENTED_EDGE('',*,*,#1891,.T.);
#4667 = ORIENTED_EDGE('',*,*,#4645,.F.);
#4668 = ORIENTED_EDGE('',*,*,#4669,.T.);
#4669 = EDGE_CURVE('',#4637,#4670,#4672,.T.);
#4670 = VERTEX_POINT('',#4671);
#4671 = CARTESIAN_POINT('',(-61.81,50.1,18.626343238326));
#4672 = LINE('',#4673,#4674);
#4673 = CARTESIAN_POINT('',(-59.9448504751,50.426401166856,
    18.952744405183));
#4674 = VECTOR('',#4675,1.);
#4675 = DIRECTION('',(-0.970713676233,-0.169874893341,-0.169874893341));
#4676 = ORIENTED_EDGE('',*,*,#4677,.F.);
#4677 = EDGE_CURVE('',#4678,#4670,#4680,.T.);
#4678 = VERTEX_POINT('',#4679);
#4679 = CARTESIAN_POINT('',(-61.81,50.1,-5.316343238326));
#4680 = LINE('',#4681,#4682);
#4681 = CARTESIAN_POINT('',(-61.81,50.1,-6.));
#4682 = VECTOR('',#4683,1.);
#4683 = DIRECTION('',(0.,0.,1.));
#4684 = ORIENTED_EDGE('',*,*,#4685,.F.);
#4685 = EDGE_CURVE('',#4686,#4678,#4688,.T.);
#4686 = VERTEX_POINT('',#4687);
#4687 = CARTESIAN_POINT('',(-57.90338993329,50.783656761674,-6.));
#4688 = LINE('',#4689,#4690);
#4689 = CARTESIAN_POINT('',(-57.85804246568,50.791592568505,
    -6.007935806832));
#4690 = VECTOR('',#4691,1.);
#4691 = DIRECTION('',(-0.970713676233,-0.169874893341,0.169874893341));
#4692 = ORIENTED_EDGE('',*,*,#4693,.F.);
#4693 = EDGE_CURVE('',#4660,#4686,#4694,.T.);
#4694 = LINE('',#4695,#4696);
#4695 = CARTESIAN_POINT('',(-57.81,50.8,-6.));
#4696 = VECTOR('',#4697,1.);
#4697 = DIRECTION('',(-0.985030467156,-0.172380331752,0.));
#4698 = PLANE('',#4699);
#4699 = AXIS2_PLACEMENT_3D('',#4700,#4701,#4702);
#4700 = CARTESIAN_POINT('',(-57.81,50.8,-6.));
#4701 = DIRECTION('',(0.172380331752,-0.985030467156,0.));
#4702 = DIRECTION('',(-0.985030467156,-0.172380331752,0.));
#4703 = ADVANCED_FACE('',(#4704),#4722,.F.);
#4704 = FACE_BOUND('',#4705,.F.);
#4705 = EDGE_LOOP('',(#4706,#4707,#4715,#4721));
#4706 = ORIENTED_EDGE('',*,*,#1859,.F.);
#4707 = ORIENTED_EDGE('',*,*,#4708,.T.);
#4708 = EDGE_CURVE('',#1860,#4709,#4711,.T.);
#4709 = VERTEX_POINT('',#4710);
#4710 = CARTESIAN_POINT('',(-59.63,11.97,-1.46));
#4711 = LINE('',#4712,#4713);
#4712 = CARTESIAN_POINT('',(-57.81,11.97,-1.46));
#4713 = VECTOR('',#4714,1.);
#4714 = DIRECTION('',(-1.,-0.,-0.));
#4715 = ORIENTED_EDGE('',*,*,#4716,.T.);
#4716 = EDGE_CURVE('',#4709,#2999,#4717,.T.);
#4717 = LINE('',#4718,#4719);
#4718 = CARTESIAN_POINT('',(-59.63,11.97,-1.46));
#4719 = VECTOR('',#4720,1.);
#4720 = DIRECTION('',(0.,1.,0.));
#4721 = ORIENTED_EDGE('',*,*,#3006,.F.);
#4722 = PLANE('',#4723);
#4723 = AXIS2_PLACEMENT_3D('',#4724,#4725,#4726);
#4724 = CARTESIAN_POINT('',(-57.81,11.97,-1.46));
#4725 = DIRECTION('',(0.,0.,-1.));
#4726 = DIRECTION('',(0.,1.,0.));
#4727 = ADVANCED_FACE('',(#4728),#4739,.T.);
#4728 = FACE_BOUND('',#4729,.T.);
#4729 = EDGE_LOOP('',(#4730,#4731,#4732,#4738));
#4730 = ORIENTED_EDGE('',*,*,#2984,.F.);
#4731 = ORIENTED_EDGE('',*,*,#2552,.F.);
#4732 = ORIENTED_EDGE('',*,*,#4733,.F.);
#4733 = EDGE_CURVE('',#1884,#2553,#4734,.T.);
#4734 = LINE('',#4735,#4736);
#4735 = CARTESIAN_POINT('',(-57.81,50.8,16.31));
#4736 = VECTOR('',#4737,1.);
#4737 = DIRECTION('',(1.,0.,0.));
#4738 = ORIENTED_EDGE('',*,*,#1883,.F.);
#4739 = PLANE('',#4740);
#4740 = AXIS2_PLACEMENT_3D('',#4741,#4742,#4743);
#4741 = CARTESIAN_POINT('',(0.995,49.775,16.31));
#4742 = DIRECTION('',(0.,0.,1.));
#4743 = DIRECTION('',(1.,0.,0.));
#4744 = ADVANCED_FACE('',(#4745),#4763,.F.);
#4745 = FACE_BOUND('',#4746,.F.);
#4746 = EDGE_LOOP('',(#4747,#4755,#4761,#4762));
#4747 = ORIENTED_EDGE('',*,*,#4748,.T.);
#4748 = EDGE_CURVE('',#1868,#4749,#4751,.T.);
#4749 = VERTEX_POINT('',#4750);
#4750 = CARTESIAN_POINT('',(-59.63,11.97,16.31));
#4751 = LINE('',#4752,#4753);
#4752 = CARTESIAN_POINT('',(-57.81,11.97,16.31));
#4753 = VECTOR('',#4754,1.);
#4754 = DIRECTION('',(-1.,-0.,-0.));
#4755 = ORIENTED_EDGE('',*,*,#4756,.T.);
#4756 = EDGE_CURVE('',#4749,#4709,#4757,.T.);
#4757 = LINE('',#4758,#4759);
#4758 = CARTESIAN_POINT('',(-59.63,11.97,16.31));
#4759 = VECTOR('',#4760,1.);
#4760 = DIRECTION('',(0.,0.,-1.));
#4761 = ORIENTED_EDGE('',*,*,#4708,.F.);
#4762 = ORIENTED_EDGE('',*,*,#1867,.F.);
#4763 = PLANE('',#4764);
#4764 = AXIS2_PLACEMENT_3D('',#4765,#4766,#4767);
#4765 = CARTESIAN_POINT('',(-57.81,11.97,16.31));
#4766 = DIRECTION('',(0.,-1.,0.));
#4767 = DIRECTION('',(0.,0.,-1.));
#4768 = ADVANCED_FACE('',(#4769),#4780,.F.);
#4769 = FACE_BOUND('',#4770,.F.);
#4770 = EDGE_LOOP('',(#4771,#4772,#4773,#4779));
#4771 = ORIENTED_EDGE('',*,*,#1875,.F.);
#4772 = ORIENTED_EDGE('',*,*,#2990,.T.);
#4773 = ORIENTED_EDGE('',*,*,#4774,.T.);
#4774 = EDGE_CURVE('',#2991,#4749,#4775,.T.);
#4775 = LINE('',#4776,#4777);
#4776 = CARTESIAN_POINT('',(-59.63,49.25,16.31));
#4777 = VECTOR('',#4778,1.);
#4778 = DIRECTION('',(0.,-1.,0.));
#4779 = ORIENTED_EDGE('',*,*,#4748,.F.);
#4780 = PLANE('',#4781);
#4781 = AXIS2_PLACEMENT_3D('',#4782,#4783,#4784);
#4782 = CARTESIAN_POINT('',(-57.81,49.25,16.31));
#4783 = DIRECTION('',(0.,0.,1.));
#4784 = DIRECTION('',(0.,-1.,0.));
#4785 = ADVANCED_FACE('',(#4786),#4811,.F.);
#4786 = FACE_BOUND('',#4787,.F.);
#4787 = EDGE_LOOP('',(#4788,#4798,#4804,#4805));
#4788 = ORIENTED_EDGE('',*,*,#4789,.F.);
#4789 = EDGE_CURVE('',#4790,#4792,#4794,.T.);
#4790 = VERTEX_POINT('',#4791);
#4791 = CARTESIAN_POINT('',(-61.81,5.31,1.));
#4792 = VERTEX_POINT('',#4793);
#4793 = CARTESIAN_POINT('',(-61.81,10.31,1.));
#4794 = LINE('',#4795,#4796);
#4795 = CARTESIAN_POINT('',(-61.81,5.31,1.));
#4796 = VECTOR('',#4797,1.);
#4797 = DIRECTION('',(0.,1.,0.));
#4798 = ORIENTED_EDGE('',*,*,#4799,.T.);
#4799 = EDGE_CURVE('',#4790,#1924,#4800,.T.);
#4800 = LINE('',#4801,#4802);
#4801 = CARTESIAN_POINT('',(-61.81,5.31,1.));
#4802 = VECTOR('',#4803,1.);
#4803 = DIRECTION('',(1.,0.,0.));
#4804 = ORIENTED_EDGE('',*,*,#1923,.T.);
#4805 = ORIENTED_EDGE('',*,*,#4806,.F.);
#4806 = EDGE_CURVE('',#4792,#1926,#4807,.T.);
#4807 = LINE('',#4808,#4809);
#4808 = CARTESIAN_POINT('',(-61.81,10.31,1.));
#4809 = VECTOR('',#4810,1.);
#4810 = DIRECTION('',(1.,0.,0.));
#4811 = PLANE('',#4812);
#4812 = AXIS2_PLACEMENT_3D('',#4813,#4814,#4815);
#4813 = CARTESIAN_POINT('',(-61.81,5.31,1.));
#4814 = DIRECTION('',(0.,0.,1.));
#4815 = DIRECTION('',(0.,1.,0.));
#4816 = ADVANCED_FACE('',(#4817),#4835,.F.);
#4817 = FACE_BOUND('',#4818,.F.);
#4818 = EDGE_LOOP('',(#4819,#4827,#4833,#4834));
#4819 = ORIENTED_EDGE('',*,*,#4820,.F.);
#4820 = EDGE_CURVE('',#4821,#4790,#4823,.T.);
#4821 = VERTEX_POINT('',#4822);
#4822 = CARTESIAN_POINT('',(-61.81,5.31,-1.3));
#4823 = LINE('',#4824,#4825);
#4824 = CARTESIAN_POINT('',(-61.81,5.31,-1.3));
#4825 = VECTOR('',#4826,1.);
#4826 = DIRECTION('',(0.,0.,1.));
#4827 = ORIENTED_EDGE('',*,*,#4828,.T.);
#4828 = EDGE_CURVE('',#4821,#1942,#4829,.T.);
#4829 = LINE('',#4830,#4831);
#4830 = CARTESIAN_POINT('',(-61.81,5.31,-1.3));
#4831 = VECTOR('',#4832,1.);
#4832 = DIRECTION('',(1.,0.,0.));
#4833 = ORIENTED_EDGE('',*,*,#1949,.T.);
#4834 = ORIENTED_EDGE('',*,*,#4799,.F.);
#4835 = PLANE('',#4836);
#4836 = AXIS2_PLACEMENT_3D('',#4837,#4838,#4839);
#4837 = CARTESIAN_POINT('',(-61.81,5.31,-1.3));
#4838 = DIRECTION('',(0.,-1.,0.));
#4839 = DIRECTION('',(0.,0.,1.));
#4840 = ADVANCED_FACE('',(#4841),#4859,.F.);
#4841 = FACE_BOUND('',#4842,.F.);
#4842 = EDGE_LOOP('',(#4843,#4851,#4852,#4853));
#4843 = ORIENTED_EDGE('',*,*,#4844,.F.);
#4844 = EDGE_CURVE('',#4792,#4845,#4847,.T.);
#4845 = VERTEX_POINT('',#4846);
#4846 = CARTESIAN_POINT('',(-61.81,10.31,-1.3));
#4847 = LINE('',#4848,#4849);
#4848 = CARTESIAN_POINT('',(-61.81,10.31,1.));
#4849 = VECTOR('',#4850,1.);
#4850 = DIRECTION('',(0.,0.,-1.));
#4851 = ORIENTED_EDGE('',*,*,#4806,.T.);
#4852 = ORIENTED_EDGE('',*,*,#1933,.T.);
#4853 = ORIENTED_EDGE('',*,*,#4854,.F.);
#4854 = EDGE_CURVE('',#4845,#1934,#4855,.T.);
#4855 = LINE('',#4856,#4857);
#4856 = CARTESIAN_POINT('',(-61.81,10.31,-1.3));
#4857 = VECTOR('',#4858,1.);
#4858 = DIRECTION('',(1.,0.,0.));
#4859 = PLANE('',#4860);
#4860 = AXIS2_PLACEMENT_3D('',#4861,#4862,#4863);
#4861 = CARTESIAN_POINT('',(-61.81,10.31,1.));
#4862 = DIRECTION('',(0.,1.,0.));
#4863 = DIRECTION('',(0.,0.,-1.));
#4864 = ADVANCED_FACE('',(#4865),#4876,.F.);
#4865 = FACE_BOUND('',#4866,.F.);
#4866 = EDGE_LOOP('',(#4867,#4873,#4874,#4875));
#4867 = ORIENTED_EDGE('',*,*,#4868,.F.);
#4868 = EDGE_CURVE('',#4845,#4821,#4869,.T.);
#4869 = LINE('',#4870,#4871);
#4870 = CARTESIAN_POINT('',(-61.81,10.31,-1.3));
#4871 = VECTOR('',#4872,1.);
#4872 = DIRECTION('',(0.,-1.,0.));
#4873 = ORIENTED_EDGE('',*,*,#4854,.T.);
#4874 = ORIENTED_EDGE('',*,*,#1941,.T.);
#4875 = ORIENTED_EDGE('',*,*,#4828,.F.);
#4876 = PLANE('',#4877);
#4877 = AXIS2_PLACEMENT_3D('',#4878,#4879,#4880);
#4878 = CARTESIAN_POINT('',(-61.81,10.31,-1.3));
#4879 = DIRECTION('',(0.,0.,-1.));
#4880 = DIRECTION('',(0.,-1.,0.));
#4881 = ADVANCED_FACE('',(#4882),#4907,.T.);
#4882 = FACE_BOUND('',#4883,.T.);
#4883 = EDGE_LOOP('',(#4884,#4885,#4893,#4901));
#4884 = ORIENTED_EDGE('',*,*,#1957,.F.);
#4885 = ORIENTED_EDGE('',*,*,#4886,.T.);
#4886 = EDGE_CURVE('',#1958,#4887,#4889,.T.);
#4887 = VERTEX_POINT('',#4888);
#4888 = CARTESIAN_POINT('',(-60.81,1.499350380985,5.34));
#4889 = LINE('',#4890,#4891);
#4890 = CARTESIAN_POINT('',(-57.81,1.499350380985,5.34));
#4891 = VECTOR('',#4892,1.);
#4892 = DIRECTION('',(-1.,1.1E-16,-1.1E-16));
#4893 = ORIENTED_EDGE('',*,*,#4894,.T.);
#4894 = EDGE_CURVE('',#4887,#4895,#4897,.T.);
#4895 = VERTEX_POINT('',#4896);
#4896 = CARTESIAN_POINT('',(-60.81,1.499350380985,4.31));
#4897 = LINE('',#4898,#4899);
#4898 = CARTESIAN_POINT('',(-60.81,1.499350380985,5.34));
#4899 = VECTOR('',#4900,1.);
#4900 = DIRECTION('',(0.,0.,-1.));
#4901 = ORIENTED_EDGE('',*,*,#4902,.T.);
#4902 = EDGE_CURVE('',#4895,#1960,#4903,.T.);
#4903 = LINE('',#4904,#4905);
#4904 = CARTESIAN_POINT('',(-57.81,1.499350380985,4.31));
#4905 = VECTOR('',#4906,1.);
#4906 = DIRECTION('',(1.,-1.1E-16,0.));
#4907 = PLANE('',#4908);
#4908 = AXIS2_PLACEMENT_3D('',#4909,#4910,#4911);
#4909 = CARTESIAN_POINT('',(-57.81,1.499350380985,5.34));
#4910 = DIRECTION('',(-1.1E-16,-1.,1.1E-16));
#4911 = DIRECTION('',(1.1E-16,-1.1E-16,-1.));
#4912 = ADVANCED_FACE('',(#4913),#4931,.T.);
#4913 = FACE_BOUND('',#4914,.T.);
#4914 = EDGE_LOOP('',(#4915,#4923,#4929,#4930));
#4915 = ORIENTED_EDGE('',*,*,#4916,.T.);
#4916 = EDGE_CURVE('',#2091,#4917,#4919,.T.);
#4917 = VERTEX_POINT('',#4918);
#4918 = CARTESIAN_POINT('',(-60.81,-0.500649619015,5.34));
#4919 = LINE('',#4920,#4921);
#4920 = CARTESIAN_POINT('',(-57.81,-0.500649619015,5.34));
#4921 = VECTOR('',#4922,1.);
#4922 = DIRECTION('',(-1.,1.1E-16,-1.1E-16));
#4923 = ORIENTED_EDGE('',*,*,#4924,.T.);
#4924 = EDGE_CURVE('',#4917,#4887,#4925,.T.);
#4925 = LINE('',#4926,#4927);
#4926 = CARTESIAN_POINT('',(-60.81,-0.500649619015,5.34));
#4927 = VECTOR('',#4928,1.);
#4928 = DIRECTION('',(0.,1.,0.));
#4929 = ORIENTED_EDGE('',*,*,#4886,.F.);
#4930 = ORIENTED_EDGE('',*,*,#2098,.F.);
#4931 = PLANE('',#4932);
#4932 = AXIS2_PLACEMENT_3D('',#4933,#4934,#4935);
#4933 = CARTESIAN_POINT('',(-57.81,-0.500649619015,5.34));
#4934 = DIRECTION('',(1.1E-16,-1.1E-16,-1.));
#4935 = DIRECTION('',(-4.354278099164E-49,1.,-1.1E-16));
#4936 = ADVANCED_FACE('',(#4937),#4955,.F.);
#4937 = FACE_BOUND('',#4938,.F.);
#4938 = EDGE_LOOP('',(#4939,#4940,#4941,#4949));
#4939 = ORIENTED_EDGE('',*,*,#2090,.F.);
#4940 = ORIENTED_EDGE('',*,*,#4916,.T.);
#4941 = ORIENTED_EDGE('',*,*,#4942,.T.);
#4942 = EDGE_CURVE('',#4917,#4943,#4945,.T.);
#4943 = VERTEX_POINT('',#4944);
#4944 = CARTESIAN_POINT('',(-60.81,-0.500649619015,4.31));
#4945 = LINE('',#4946,#4947);
#4946 = CARTESIAN_POINT('',(-60.81,-0.500649619015,5.34));
#4947 = VECTOR('',#4948,1.);
#4948 = DIRECTION('',(0.,0.,-1.));
#4949 = ORIENTED_EDGE('',*,*,#4950,.T.);
#4950 = EDGE_CURVE('',#4943,#2083,#4951,.T.);
#4951 = LINE('',#4952,#4953);
#4952 = CARTESIAN_POINT('',(-57.81,-0.500649619015,4.31));
#4953 = VECTOR('',#4954,1.);
#4954 = DIRECTION('',(1.,-1.1E-16,0.));
#4955 = PLANE('',#4956);
#4956 = AXIS2_PLACEMENT_3D('',#4957,#4958,#4959);
#4957 = CARTESIAN_POINT('',(-57.81,-0.500649619015,5.34));
#4958 = DIRECTION('',(-1.1E-16,-1.,1.1E-16));
#4959 = DIRECTION('',(1.1E-16,-1.1E-16,-1.));
#4960 = ADVANCED_FACE('',(#4961),#4995,.T.);
#4961 = FACE_BOUND('',#4962,.T.);
#4962 = EDGE_LOOP('',(#4963,#4964,#4972,#4980,#4986,#4987,#4988,#4994));
#4963 = ORIENTED_EDGE('',*,*,#2082,.F.);
#4964 = ORIENTED_EDGE('',*,*,#4965,.T.);
#4965 = EDGE_CURVE('',#2074,#4966,#4968,.T.);
#4966 = VERTEX_POINT('',#4967);
#4967 = CARTESIAN_POINT('',(-61.81,-2.139999880339,4.31));
#4968 = LINE('',#4969,#4970);
#4969 = CARTESIAN_POINT('',(-57.81,-2.139999880339,4.31));
#4970 = VECTOR('',#4971,1.);
#4971 = DIRECTION('',(-1.,-0.,-0.));
#4972 = ORIENTED_EDGE('',*,*,#4973,.T.);
#4973 = EDGE_CURVE('',#4966,#4974,#4976,.T.);
#4974 = VERTEX_POINT('',#4975);
#4975 = CARTESIAN_POINT('',(-61.81,3.16,4.31));
#4976 = LINE('',#4977,#4978);
#4977 = CARTESIAN_POINT('',(-61.81,-1.06999994017,4.31));
#4978 = VECTOR('',#4979,1.);
#4979 = DIRECTION('',(0.,1.,0.));
#4980 = ORIENTED_EDGE('',*,*,#4981,.F.);
#4981 = EDGE_CURVE('',#1968,#4974,#4982,.T.);
#4982 = LINE('',#4983,#4984);
#4983 = CARTESIAN_POINT('',(-57.81,3.16,4.31));
#4984 = VECTOR('',#4985,1.);
#4985 = DIRECTION('',(-1.,-0.,-0.));
#4986 = ORIENTED_EDGE('',*,*,#1967,.F.);
#4987 = ORIENTED_EDGE('',*,*,#4902,.F.);
#4988 = ORIENTED_EDGE('',*,*,#4989,.F.);
#4989 = EDGE_CURVE('',#4943,#4895,#4990,.T.);
#4990 = LINE('',#4991,#4992);
#4991 = CARTESIAN_POINT('',(-60.81,-0.691551216002,4.31));
#4992 = VECTOR('',#4993,1.);
#4993 = DIRECTION('',(0.,1.,0.));
#4994 = ORIENTED_EDGE('',*,*,#4950,.T.);
#4995 = PLANE('',#4996);
#4996 = AXIS2_PLACEMENT_3D('',#4997,#4998,#4999);
#4997 = CARTESIAN_POINT('',(-57.81,-2.139999880339,4.31));
#4998 = DIRECTION('',(0.,0.,-1.));
#4999 = DIRECTION('',(0.,1.,0.));
#5000 = ADVANCED_FACE('',(#5001),#5020,.F.);
#5001 = FACE_BOUND('',#5002,.F.);
#5002 = EDGE_LOOP('',(#5003,#5004,#5005,#5014));
#5003 = ORIENTED_EDGE('',*,*,#2073,.F.);
#5004 = ORIENTED_EDGE('',*,*,#4965,.T.);
#5005 = ORIENTED_EDGE('',*,*,#5006,.T.);
#5006 = EDGE_CURVE('',#4966,#5007,#5009,.T.);
#5007 = VERTEX_POINT('',#5008);
#5008 = CARTESIAN_POINT('',(-61.81,-3.405827058381,1.47523929471));
#5009 = CIRCLE('',#5010,1.7);
#5010 = AXIS2_PLACEMENT_3D('',#5011,#5012,#5013);
#5011 = CARTESIAN_POINT('',(-61.81,-2.14,2.61));
#5012 = DIRECTION('',(1.,0.,0.));
#5013 = DIRECTION('',(0.,1.,0.));
#5014 = ORIENTED_EDGE('',*,*,#5015,.F.);
#5015 = EDGE_CURVE('',#2066,#5007,#5016,.T.);
#5016 = LINE('',#5017,#5018);
#5017 = CARTESIAN_POINT('',(-57.81,-3.405827058381,1.47523929471));
#5018 = VECTOR('',#5019,1.);
#5019 = DIRECTION('',(-1.,-0.,-0.));
#5020 = CYLINDRICAL_SURFACE('',#5021,1.7);
#5021 = AXIS2_PLACEMENT_3D('',#5022,#5023,#5024);
#5022 = CARTESIAN_POINT('',(-57.81,-2.14,2.61));
#5023 = DIRECTION('',(1.,0.,0.));
#5024 = DIRECTION('',(0.,1.,0.));
#5025 = ADVANCED_FACE('',(#5026),#5067,.F.);
#5026 = FACE_BOUND('',#5027,.F.);
#5027 = EDGE_LOOP('',(#5028,#5029,#5030,#5038,#5044,#5045,#5053,#5061));
#5028 = ORIENTED_EDGE('',*,*,#2065,.F.);
#5029 = ORIENTED_EDGE('',*,*,#5015,.T.);
#5030 = ORIENTED_EDGE('',*,*,#5031,.T.);
#5031 = EDGE_CURVE('',#5007,#5032,#5034,.T.);
#5032 = VERTEX_POINT('',#5033);
#5033 = CARTESIAN_POINT('',(-61.81,-0.755827058381,-1.480839188686));
#5034 = LINE('',#5035,#5036);
#5035 = CARTESIAN_POINT('',(-61.81,-4.195570703258,2.35619936868));
#5036 = VECTOR('',#5037,1.);
#5037 = DIRECTION('',(0.,0.667506297229,-0.744604151989));
#5038 = ORIENTED_EDGE('',*,*,#5039,.F.);
#5039 = EDGE_CURVE('',#2025,#5032,#5040,.T.);
#5040 = LINE('',#5041,#5042);
#5041 = CARTESIAN_POINT('',(-57.81,-0.755827058381,-1.480839188686));
#5042 = VECTOR('',#5043,1.);
#5043 = DIRECTION('',(-1.,-0.,-0.));
#5044 = ORIENTED_EDGE('',*,*,#2033,.F.);
#5045 = ORIENTED_EDGE('',*,*,#5046,.T.);
#5046 = EDGE_CURVE('',#2034,#5047,#5049,.T.);
#5047 = VERTEX_POINT('',#5048);
#5048 = CARTESIAN_POINT('',(-60.81,-1.413320761152,-0.747404098977));
#5049 = LINE('',#5050,#5051);
#5050 = CARTESIAN_POINT('',(-57.81,-1.413320761152,-0.747404098977));
#5051 = VECTOR('',#5052,1.);
#5052 = DIRECTION('',(-1.,1.E-16,-1.2E-16));
#5053 = ORIENTED_EDGE('',*,*,#5054,.F.);
#5054 = EDGE_CURVE('',#5055,#5047,#5057,.T.);
#5055 = VERTEX_POINT('',#5056);
#5056 = CARTESIAN_POINT('',(-60.81,-2.748333355611,0.741804205001));
#5057 = LINE('',#5058,#5059);
#5058 = CARTESIAN_POINT('',(-60.81,-3.947886393754,2.07990719585));
#5059 = VECTOR('',#5060,1.);
#5060 = DIRECTION('',(0.,0.667506297229,-0.744604151989));
#5061 = ORIENTED_EDGE('',*,*,#5062,.F.);
#5062 = EDGE_CURVE('',#2058,#5055,#5063,.T.);
#5063 = LINE('',#5064,#5065);
#5064 = CARTESIAN_POINT('',(-57.81,-2.748333355611,0.741804205001));
#5065 = VECTOR('',#5066,1.);
#5066 = DIRECTION('',(-1.,1.E-16,-1.2E-16));
#5067 = PLANE('',#5068);
#5068 = AXIS2_PLACEMENT_3D('',#5069,#5070,#5071);
#5069 = CARTESIAN_POINT('',(-57.81,-3.405827058381,1.47523929471));
#5070 = DIRECTION('',(0.,-0.744604151989,-0.667506297229));
#5071 = DIRECTION('',(0.,0.667506297229,-0.744604151989));
#5072 = ADVANCED_FACE('',(#5073),#5091,.T.);
#5073 = FACE_BOUND('',#5074,.T.);
#5074 = EDGE_LOOP('',(#5075,#5076,#5084,#5090));
#5075 = ORIENTED_EDGE('',*,*,#2057,.F.);
#5076 = ORIENTED_EDGE('',*,*,#5077,.T.);
#5077 = EDGE_CURVE('',#2050,#5078,#5080,.T.);
#5078 = VERTEX_POINT('',#5079);
#5079 = CARTESIAN_POINT('',(-60.81,-3.515275632159,5.427271885496E-02));
#5080 = LINE('',#5081,#5082);
#5081 = CARTESIAN_POINT('',(-57.81,-3.515275632159,5.427271885496E-02));
#5082 = VECTOR('',#5083,1.);
#5083 = DIRECTION('',(-1.,1.1E-16,-1.1E-16));
#5084 = ORIENTED_EDGE('',*,*,#5085,.T.);
#5085 = EDGE_CURVE('',#5078,#5055,#5086,.T.);
#5086 = LINE('',#5087,#5088);
#5087 = CARTESIAN_POINT('',(-60.81,-3.515275632159,5.427271885496E-02));
#5088 = VECTOR('',#5089,1.);
#5089 = DIRECTION('',(0.,0.744604151989,0.667506297229));
#5090 = ORIENTED_EDGE('',*,*,#5062,.F.);
#5091 = PLANE('',#5092);
#5092 = AXIS2_PLACEMENT_3D('',#5093,#5094,#5095);
#5093 = CARTESIAN_POINT('',(-57.81,-3.515275632159,5.427271885496E-02));
#5094 = DIRECTION('',(1.6E-16,0.667506297229,-0.744604151989));
#5095 = DIRECTION('',(-7.E-17,0.744604151989,0.667506297229));
#5096 = ADVANCED_FACE('',(#5097),#5115,.F.);
#5097 = FACE_BOUND('',#5098,.F.);
#5098 = EDGE_LOOP('',(#5099,#5100,#5108,#5114));
#5099 = ORIENTED_EDGE('',*,*,#5077,.T.);
#5100 = ORIENTED_EDGE('',*,*,#5101,.T.);
#5101 = EDGE_CURVE('',#5078,#5102,#5104,.T.);
#5102 = VERTEX_POINT('',#5103);
#5103 = CARTESIAN_POINT('',(-60.81,-2.180263037701,-1.434935585123));
#5104 = LINE('',#5105,#5106);
#5105 = CARTESIAN_POINT('',(-60.81,-3.515275632159,5.427271885496E-02));
#5106 = VECTOR('',#5107,1.);
#5107 = DIRECTION('',(0.,0.667506297229,-0.744604151989));
#5108 = ORIENTED_EDGE('',*,*,#5109,.F.);
#5109 = EDGE_CURVE('',#2042,#5102,#5110,.T.);
#5110 = LINE('',#5111,#5112);
#5111 = CARTESIAN_POINT('',(-57.81,-2.180263037701,-1.434935585123));
#5112 = VECTOR('',#5113,1.);
#5113 = DIRECTION('',(-1.,1.1E-16,-1.1E-16));
#5114 = ORIENTED_EDGE('',*,*,#2049,.F.);
#5115 = PLANE('',#5116);
#5116 = AXIS2_PLACEMENT_3D('',#5117,#5118,#5119);
#5117 = CARTESIAN_POINT('',(-57.81,-3.515275632159,5.427271885496E-02));
#5118 = DIRECTION('',(-1.E-17,-0.744604151989,-0.667506297229));
#5119 = DIRECTION('',(8.E-17,0.667506297229,-0.744604151989));
#5120 = ADVANCED_FACE('',(#5121),#5132,.F.);
#5121 = FACE_BOUND('',#5122,.F.);
#5122 = EDGE_LOOP('',(#5123,#5124,#5125,#5131));
#5123 = ORIENTED_EDGE('',*,*,#2041,.F.);
#5124 = ORIENTED_EDGE('',*,*,#5109,.T.);
#5125 = ORIENTED_EDGE('',*,*,#5126,.T.);
#5126 = EDGE_CURVE('',#5102,#5047,#5127,.T.);
#5127 = LINE('',#5128,#5129);
#5128 = CARTESIAN_POINT('',(-60.81,-2.180263037701,-1.434935585123));
#5129 = VECTOR('',#5130,1.);
#5130 = DIRECTION('',(0.,0.744604151989,0.667506297229));
#5131 = ORIENTED_EDGE('',*,*,#5046,.F.);
#5132 = PLANE('',#5133);
#5133 = AXIS2_PLACEMENT_3D('',#5134,#5135,#5136);
#5134 = CARTESIAN_POINT('',(-57.81,-2.180263037701,-1.434935585123));
#5135 = DIRECTION('',(1.6E-16,0.667506297229,-0.744604151989));
#5136 = DIRECTION('',(-7.E-17,0.744604151989,0.667506297229));
#5137 = ADVANCED_FACE('',(#5138),#5157,.F.);
#5138 = FACE_BOUND('',#5139,.F.);
#5139 = EDGE_LOOP('',(#5140,#5141,#5142,#5151));
#5140 = ORIENTED_EDGE('',*,*,#2024,.F.);
#5141 = ORIENTED_EDGE('',*,*,#5039,.T.);
#5142 = ORIENTED_EDGE('',*,*,#5143,.T.);
#5143 = EDGE_CURVE('',#5032,#5144,#5146,.T.);
#5144 = VERTEX_POINT('',#5145);
#5145 = CARTESIAN_POINT('',(-61.81,1.775827058381,-1.480839188686));
#5146 = CIRCLE('',#5147,1.7);
#5147 = AXIS2_PLACEMENT_3D('',#5148,#5149,#5150);
#5148 = CARTESIAN_POINT('',(-61.81,0.51,-0.346078483397));
#5149 = DIRECTION('',(1.,0.,0.));
#5150 = DIRECTION('',(0.,1.,0.));
#5151 = ORIENTED_EDGE('',*,*,#5152,.F.);
#5152 = EDGE_CURVE('',#2017,#5144,#5153,.T.);
#5153 = LINE('',#5154,#5155);
#5154 = CARTESIAN_POINT('',(-57.81,1.775827058381,-1.480839188686));
#5155 = VECTOR('',#5156,1.);
#5156 = DIRECTION('',(-1.,-0.,-0.));
#5157 = CYLINDRICAL_SURFACE('',#5158,1.7);
#5158 = AXIS2_PLACEMENT_3D('',#5159,#5160,#5161);
#5159 = CARTESIAN_POINT('',(-57.81,0.51,-0.346078483397));
#5160 = DIRECTION('',(1.,0.,0.));
#5161 = DIRECTION('',(0.,1.,0.));
#5162 = ADVANCED_FACE('',(#5163),#5204,.T.);
#5163 = FACE_BOUND('',#5164,.T.);
#5164 = EDGE_LOOP('',(#5165,#5166,#5174,#5180,#5181,#5182,#5190,#5198));
#5165 = ORIENTED_EDGE('',*,*,#1984,.F.);
#5166 = ORIENTED_EDGE('',*,*,#5167,.T.);
#5167 = EDGE_CURVE('',#1976,#5168,#5170,.T.);
#5168 = VERTEX_POINT('',#5169);
#5169 = CARTESIAN_POINT('',(-61.81,4.425827058381,1.47523929471));
#5170 = LINE('',#5171,#5172);
#5171 = CARTESIAN_POINT('',(-57.81,4.425827058381,1.47523929471));
#5172 = VECTOR('',#5173,1.);
#5173 = DIRECTION('',(-1.,-0.,-0.));
#5174 = ORIENTED_EDGE('',*,*,#5175,.T.);
#5175 = EDGE_CURVE('',#5168,#5144,#5176,.T.);
#5176 = LINE('',#5177,#5178);
#5177 = CARTESIAN_POINT('',(-61.81,4.988332728269,2.102715108878));
#5178 = VECTOR('',#5179,1.);
#5179 = DIRECTION('',(0.,-0.667506297229,-0.744604151989));
#5180 = ORIENTED_EDGE('',*,*,#5152,.F.);
#5181 = ORIENTED_EDGE('',*,*,#2016,.F.);
#5182 = ORIENTED_EDGE('',*,*,#5183,.F.);
#5183 = EDGE_CURVE('',#5184,#2009,#5186,.T.);
#5184 = VERTEX_POINT('',#5185);
#5185 = CARTESIAN_POINT('',(-60.81,2.433320761152,-0.747404098977));
#5186 = LINE('',#5187,#5188);
#5187 = CARTESIAN_POINT('',(-57.81,2.433320761152,-0.747404098977));
#5188 = VECTOR('',#5189,1.);
#5189 = DIRECTION('',(1.,1.E-17,1.E-17));
#5190 = ORIENTED_EDGE('',*,*,#5191,.F.);
#5191 = EDGE_CURVE('',#5192,#5184,#5194,.T.);
#5192 = VERTEX_POINT('',#5193);
#5193 = CARTESIAN_POINT('',(-60.81,3.768333355611,0.741804205001));
#5194 = LINE('',#5195,#5196);
#5195 = CARTESIAN_POINT('',(-60.81,5.077895170597,2.202622131023));
#5196 = VECTOR('',#5197,1.);
#5197 = DIRECTION('',(0.,-0.667506297229,-0.744604151989));
#5198 = ORIENTED_EDGE('',*,*,#5199,.T.);
#5199 = EDGE_CURVE('',#5192,#1985,#5200,.T.);
#5200 = LINE('',#5201,#5202);
#5201 = CARTESIAN_POINT('',(-57.81,3.768333355611,0.741804205001));
#5202 = VECTOR('',#5203,1.);
#5203 = DIRECTION('',(1.,1.E-17,1.E-17));
#5204 = PLANE('',#5205);
#5205 = AXIS2_PLACEMENT_3D('',#5206,#5207,#5208);
#5206 = CARTESIAN_POINT('',(-57.81,4.425827058381,1.47523929471));
#5207 = DIRECTION('',(0.,-0.744604151989,0.667506297229));
#5208 = DIRECTION('',(0.,-0.667506297229,-0.744604151989));
#5209 = ADVANCED_FACE('',(#5210),#5228,.T.);
#5210 = FACE_BOUND('',#5211,.T.);
#5211 = EDGE_LOOP('',(#5212,#5213,#5221,#5227));
#5212 = ORIENTED_EDGE('',*,*,#2008,.F.);
#5213 = ORIENTED_EDGE('',*,*,#5214,.T.);
#5214 = EDGE_CURVE('',#2001,#5215,#5217,.T.);
#5215 = VERTEX_POINT('',#5216);
#5216 = CARTESIAN_POINT('',(-60.81,3.200263037701,-1.434935585123));
#5217 = LINE('',#5218,#5219);
#5218 = CARTESIAN_POINT('',(-57.81,3.200263037701,-1.434935585123));
#5219 = VECTOR('',#5220,1.);
#5220 = DIRECTION('',(-1.,1.1E-16,-1.1E-16));
#5221 = ORIENTED_EDGE('',*,*,#5222,.T.);
#5222 = EDGE_CURVE('',#5215,#5184,#5223,.T.);
#5223 = LINE('',#5224,#5225);
#5224 = CARTESIAN_POINT('',(-60.81,3.200263037701,-1.434935585123));
#5225 = VECTOR('',#5226,1.);
#5226 = DIRECTION('',(0.,-0.744604151989,0.667506297229));
#5227 = ORIENTED_EDGE('',*,*,#5183,.T.);
#5228 = PLANE('',#5229);
#5229 = AXIS2_PLACEMENT_3D('',#5230,#5231,#5232);
#5230 = CARTESIAN_POINT('',(-57.81,3.200263037701,-1.434935585123));
#5231 = DIRECTION('',(-1.E-17,0.667506297229,0.744604151989));
#5232 = DIRECTION('',(-7.E-17,-0.744604151989,0.667506297229));
#5233 = ADVANCED_FACE('',(#5234),#5252,.T.);
#5234 = FACE_BOUND('',#5235,.T.);
#5235 = EDGE_LOOP('',(#5236,#5244,#5250,#5251));
#5236 = ORIENTED_EDGE('',*,*,#5237,.T.);
#5237 = EDGE_CURVE('',#1993,#5238,#5240,.T.);
#5238 = VERTEX_POINT('',#5239);
#5239 = CARTESIAN_POINT('',(-60.81,4.535275632159,5.427271885497E-02));
#5240 = LINE('',#5241,#5242);
#5241 = CARTESIAN_POINT('',(-57.81,4.535275632159,5.427271885497E-02));
#5242 = VECTOR('',#5243,1.);
#5243 = DIRECTION('',(-1.,1.1E-16,-1.1E-16));
#5244 = ORIENTED_EDGE('',*,*,#5245,.T.);
#5245 = EDGE_CURVE('',#5238,#5215,#5246,.T.);
#5246 = LINE('',#5247,#5248);
#5247 = CARTESIAN_POINT('',(-60.81,4.535275632159,5.427271885497E-02));
#5248 = VECTOR('',#5249,1.);
#5249 = DIRECTION('',(0.,-0.667506297229,-0.744604151989));
#5250 = ORIENTED_EDGE('',*,*,#5214,.F.);
#5251 = ORIENTED_EDGE('',*,*,#2000,.F.);
#5252 = PLANE('',#5253);
#5253 = AXIS2_PLACEMENT_3D('',#5254,#5255,#5256);
#5254 = CARTESIAN_POINT('',(-57.81,4.535275632159,5.427271885497E-02));
#5255 = DIRECTION('',(-1.6E-16,-0.744604151989,0.667506297229));
#5256 = DIRECTION('',(8.E-17,-0.667506297229,-0.744604151989));
#5257 = ADVANCED_FACE('',(#5258),#5269,.F.);
#5258 = FACE_BOUND('',#5259,.F.);
#5259 = EDGE_LOOP('',(#5260,#5261,#5262,#5268));
#5260 = ORIENTED_EDGE('',*,*,#1992,.F.);
#5261 = ORIENTED_EDGE('',*,*,#5237,.T.);
#5262 = ORIENTED_EDGE('',*,*,#5263,.T.);
#5263 = EDGE_CURVE('',#5238,#5192,#5264,.T.);
#5264 = LINE('',#5265,#5266);
#5265 = CARTESIAN_POINT('',(-60.81,4.535275632159,5.427271885497E-02));
#5266 = VECTOR('',#5267,1.);
#5267 = DIRECTION('',(0.,-0.744604151989,0.667506297229));
#5268 = ORIENTED_EDGE('',*,*,#5199,.T.);
#5269 = PLANE('',#5270);
#5270 = AXIS2_PLACEMENT_3D('',#5271,#5272,#5273);
#5271 = CARTESIAN_POINT('',(-57.81,4.535275632159,5.427271885497E-02));
#5272 = DIRECTION('',(-1.E-17,0.667506297229,0.744604151989));
#5273 = DIRECTION('',(-7.E-17,-0.744604151989,0.667506297229));
#5274 = ADVANCED_FACE('',(#5275),#5287,.F.);
#5275 = FACE_BOUND('',#5276,.F.);
#5276 = EDGE_LOOP('',(#5277,#5278,#5279,#5286));
#5277 = ORIENTED_EDGE('',*,*,#1975,.F.);
#5278 = ORIENTED_EDGE('',*,*,#5167,.T.);
#5279 = ORIENTED_EDGE('',*,*,#5280,.T.);
#5280 = EDGE_CURVE('',#5168,#4974,#5281,.T.);
#5281 = CIRCLE('',#5282,1.7);
#5282 = AXIS2_PLACEMENT_3D('',#5283,#5284,#5285);
#5283 = CARTESIAN_POINT('',(-61.81,3.16,2.61));
#5284 = DIRECTION('',(1.,0.,0.));
#5285 = DIRECTION('',(0.,1.,0.));
#5286 = ORIENTED_EDGE('',*,*,#4981,.F.);
#5287 = CYLINDRICAL_SURFACE('',#5288,1.7);
#5288 = AXIS2_PLACEMENT_3D('',#5289,#5290,#5291);
#5289 = CARTESIAN_POINT('',(-57.81,3.16,2.61));
#5290 = DIRECTION('',(1.,0.,0.));
#5291 = DIRECTION('',(0.,1.,0.));
#5292 = ADVANCED_FACE('',(#5293),#5318,.F.);
#5293 = FACE_BOUND('',#5294,.F.);
#5294 = EDGE_LOOP('',(#5295,#5303,#5311,#5317));
#5295 = ORIENTED_EDGE('',*,*,#5296,.T.);
#5296 = EDGE_CURVE('',#2107,#5297,#5299,.T.);
#5297 = VERTEX_POINT('',#5298);
#5298 = CARTESIAN_POINT('',(-60.81,2.18,8.49));
#5299 = LINE('',#5300,#5301);
#5300 = CARTESIAN_POINT('',(-57.81,2.18,8.49));
#5301 = VECTOR('',#5302,1.);
#5302 = DIRECTION('',(-1.,1.1E-16,-1.1E-16));
#5303 = ORIENTED_EDGE('',*,*,#5304,.T.);
#5304 = EDGE_CURVE('',#5297,#5305,#5307,.T.);
#5305 = VERTEX_POINT('',#5306);
#5306 = CARTESIAN_POINT('',(-60.81,2.18,6.49));
#5307 = LINE('',#5308,#5309);
#5308 = CARTESIAN_POINT('',(-60.81,2.18,8.49));
#5309 = VECTOR('',#5310,1.);
#5310 = DIRECTION('',(0.,0.,-1.));
#5311 = ORIENTED_EDGE('',*,*,#5312,.F.);
#5312 = EDGE_CURVE('',#2109,#5305,#5313,.T.);
#5313 = LINE('',#5314,#5315);
#5314 = CARTESIAN_POINT('',(-57.81,2.18,6.49));
#5315 = VECTOR('',#5316,1.);
#5316 = DIRECTION('',(-1.,1.1E-16,-1.1E-16));
#5317 = ORIENTED_EDGE('',*,*,#2106,.F.);
#5318 = PLANE('',#5319);
#5319 = AXIS2_PLACEMENT_3D('',#5320,#5321,#5322);
#5320 = CARTESIAN_POINT('',(-57.81,2.18,8.49));
#5321 = DIRECTION('',(-1.1E-16,-1.,1.1E-16));
#5322 = DIRECTION('',(1.1E-16,-1.1E-16,-1.));
#5323 = ADVANCED_FACE('',(#5324),#5342,.F.);
#5324 = FACE_BOUND('',#5325,.F.);
#5325 = EDGE_LOOP('',(#5326,#5327,#5328,#5336));
#5326 = ORIENTED_EDGE('',*,*,#2208,.F.);
#5327 = ORIENTED_EDGE('',*,*,#5312,.T.);
#5328 = ORIENTED_EDGE('',*,*,#5329,.T.);
#5329 = EDGE_CURVE('',#5305,#5330,#5332,.T.);
#5330 = VERTEX_POINT('',#5331);
#5331 = CARTESIAN_POINT('',(-60.81,3.343939444035,6.49));
#5332 = LINE('',#5333,#5334);
#5333 = CARTESIAN_POINT('',(-60.81,2.18,6.49));
#5334 = VECTOR('',#5335,1.);
#5335 = DIRECTION('',(0.,1.,0.));
#5336 = ORIENTED_EDGE('',*,*,#5337,.T.);
#5337 = EDGE_CURVE('',#5330,#2200,#5338,.T.);
#5338 = LINE('',#5339,#5340);
#5339 = CARTESIAN_POINT('',(-57.81,3.343939444035,6.49));
#5340 = VECTOR('',#5341,1.);
#5341 = DIRECTION('',(1.,0.,0.));
#5342 = PLANE('',#5343);
#5343 = AXIS2_PLACEMENT_3D('',#5344,#5345,#5346);
#5344 = CARTESIAN_POINT('',(-57.81,2.18,6.49));
#5345 = DIRECTION('',(1.1E-16,-1.1E-16,-1.));
#5346 = DIRECTION('',(-4.354278099164E-49,1.,-1.1E-16));
#5347 = ADVANCED_FACE('',(#5348),#5432,.F.);
#5348 = FACE_BOUND('',#5349,.F.);
#5349 = EDGE_LOOP('',(#5350,#5358,#5359,#5367,#5376,#5382,#5383,#5384,
    #5393,#5399,#5400,#5408,#5417,#5423,#5424,#5425));
#5350 = ORIENTED_EDGE('',*,*,#5351,.F.);
#5351 = EDGE_CURVE('',#2158,#5352,#5354,.T.);
#5352 = VERTEX_POINT('',#5353);
#5353 = CARTESIAN_POINT('',(-61.81,10.81,7.49));
#5354 = LINE('',#5355,#5356);
#5355 = CARTESIAN_POINT('',(-57.81,10.81,7.49));
#5356 = VECTOR('',#5357,1.);
#5357 = DIRECTION('',(-1.,-0.,-0.));
#5358 = ORIENTED_EDGE('',*,*,#2166,.F.);
#5359 = ORIENTED_EDGE('',*,*,#5360,.F.);
#5360 = EDGE_CURVE('',#5361,#2167,#5363,.T.);
#5361 = VERTEX_POINT('',#5362);
#5362 = CARTESIAN_POINT('',(-60.81,8.01,3.823939444035));
#5363 = LINE('',#5364,#5365);
#5364 = CARTESIAN_POINT('',(-57.81,8.01,3.823939444035));
#5365 = VECTOR('',#5366,1.);
#5366 = DIRECTION('',(1.,0.,0.));
#5367 = ORIENTED_EDGE('',*,*,#5368,.F.);
#5368 = EDGE_CURVE('',#5369,#5361,#5371,.T.);
#5369 = VERTEX_POINT('',#5370);
#5370 = CARTESIAN_POINT('',(-60.81,6.01,3.823939444035));
#5371 = CIRCLE('',#5372,3.8);
#5372 = AXIS2_PLACEMENT_3D('',#5373,#5374,#5375);
#5373 = CARTESIAN_POINT('',(-60.81,7.01,7.49));
#5374 = DIRECTION('',(1.,0.,0.));
#5375 = DIRECTION('',(0.,1.,0.));
#5376 = ORIENTED_EDGE('',*,*,#5377,.T.);
#5377 = EDGE_CURVE('',#5369,#2192,#5378,.T.);
#5378 = LINE('',#5379,#5380);
#5379 = CARTESIAN_POINT('',(-57.81,6.01,3.823939444035));
#5380 = VECTOR('',#5381,1.);
#5381 = DIRECTION('',(1.,0.,0.));
#5382 = ORIENTED_EDGE('',*,*,#2199,.F.);
#5383 = ORIENTED_EDGE('',*,*,#5337,.F.);
#5384 = ORIENTED_EDGE('',*,*,#5385,.F.);
#5385 = EDGE_CURVE('',#5386,#5330,#5388,.T.);
#5386 = VERTEX_POINT('',#5387);
#5387 = CARTESIAN_POINT('',(-60.81,3.343939444035,8.49));
#5388 = CIRCLE('',#5389,3.8);
#5389 = AXIS2_PLACEMENT_3D('',#5390,#5391,#5392);
#5390 = CARTESIAN_POINT('',(-60.81,7.01,7.49));
#5391 = DIRECTION('',(1.,0.,0.));
#5392 = DIRECTION('',(0.,1.,0.));
#5393 = ORIENTED_EDGE('',*,*,#5394,.T.);
#5394 = EDGE_CURVE('',#5386,#2117,#5395,.T.);
#5395 = LINE('',#5396,#5397);
#5396 = CARTESIAN_POINT('',(-57.81,3.343939444035,8.49));
#5397 = VECTOR('',#5398,1.);
#5398 = DIRECTION('',(1.,0.,0.));
#5399 = ORIENTED_EDGE('',*,*,#2124,.F.);
#5400 = ORIENTED_EDGE('',*,*,#5401,.F.);
#5401 = EDGE_CURVE('',#5402,#2125,#5404,.T.);
#5402 = VERTEX_POINT('',#5403);
#5403 = CARTESIAN_POINT('',(-60.81,8.895189498177,10.78940306055));
#5404 = LINE('',#5405,#5406);
#5405 = CARTESIAN_POINT('',(-57.81,8.895189498177,10.78940306055));
#5406 = VECTOR('',#5407,1.);
#5407 = DIRECTION('',(1.,0.,0.));
#5408 = ORIENTED_EDGE('',*,*,#5409,.F.);
#5409 = EDGE_CURVE('',#5410,#5402,#5412,.T.);
#5410 = VERTEX_POINT('',#5411);
#5411 = CARTESIAN_POINT('',(-60.81,10.30940306055,9.375189498177));
#5412 = CIRCLE('',#5413,3.8);
#5413 = AXIS2_PLACEMENT_3D('',#5414,#5415,#5416);
#5414 = CARTESIAN_POINT('',(-60.81,7.01,7.49));
#5415 = DIRECTION('',(1.,0.,0.));
#5416 = DIRECTION('',(0.,1.,0.));
#5417 = ORIENTED_EDGE('',*,*,#5418,.T.);
#5418 = EDGE_CURVE('',#5410,#2150,#5419,.T.);
#5419 = LINE('',#5420,#5421);
#5420 = CARTESIAN_POINT('',(-57.81,10.30940306055,9.375189498177));
#5421 = VECTOR('',#5422,1.);
#5422 = DIRECTION('',(1.,0.,0.));
#5423 = ORIENTED_EDGE('',*,*,#2157,.F.);
#5424 = ORIENTED_EDGE('',*,*,#5351,.T.);
#5425 = ORIENTED_EDGE('',*,*,#5426,.T.);
#5426 = EDGE_CURVE('',#5352,#5352,#5427,.T.);
#5427 = CIRCLE('',#5428,3.8);
#5428 = AXIS2_PLACEMENT_3D('',#5429,#5430,#5431);
#5429 = CARTESIAN_POINT('',(-61.81,7.01,7.49));
#5430 = DIRECTION('',(1.,0.,0.));
#5431 = DIRECTION('',(0.,1.,0.));
#5432 = CYLINDRICAL_SURFACE('',#5433,3.8);
#5433 = AXIS2_PLACEMENT_3D('',#5434,#5435,#5436);
#5434 = CARTESIAN_POINT('',(-57.81,7.01,7.49));
#5435 = DIRECTION('',(1.,0.,0.));
#5436 = DIRECTION('',(0.,1.,0.));
#5437 = ADVANCED_FACE('',(#5438),#5456,.T.);
#5438 = FACE_BOUND('',#5439,.T.);
#5439 = EDGE_LOOP('',(#5440,#5441,#5449,#5455));
#5440 = ORIENTED_EDGE('',*,*,#2191,.F.);
#5441 = ORIENTED_EDGE('',*,*,#5442,.T.);
#5442 = EDGE_CURVE('',#2184,#5443,#5445,.T.);
#5443 = VERTEX_POINT('',#5444);
#5444 = CARTESIAN_POINT('',(-60.81,6.01,2.66));
#5445 = LINE('',#5446,#5447);
#5446 = CARTESIAN_POINT('',(-57.81,6.01,2.66));
#5447 = VECTOR('',#5448,1.);
#5448 = DIRECTION('',(-1.,1.1E-16,-1.1E-16));
#5449 = ORIENTED_EDGE('',*,*,#5450,.T.);
#5450 = EDGE_CURVE('',#5443,#5369,#5451,.T.);
#5451 = LINE('',#5452,#5453);
#5452 = CARTESIAN_POINT('',(-60.81,6.01,2.66));
#5453 = VECTOR('',#5454,1.);
#5454 = DIRECTION('',(0.,0.,1.));
#5455 = ORIENTED_EDGE('',*,*,#5377,.T.);
#5456 = PLANE('',#5457);
#5457 = AXIS2_PLACEMENT_3D('',#5458,#5459,#5460);
#5458 = CARTESIAN_POINT('',(-57.81,6.01,2.66));
#5459 = DIRECTION('',(1.1E-16,1.,-1.1E-16));
#5460 = DIRECTION('',(-1.1E-16,1.1E-16,1.));
#5461 = ADVANCED_FACE('',(#5462),#5480,.F.);
#5462 = FACE_BOUND('',#5463,.F.);
#5463 = EDGE_LOOP('',(#5464,#5465,#5473,#5479));
#5464 = ORIENTED_EDGE('',*,*,#5442,.T.);
#5465 = ORIENTED_EDGE('',*,*,#5466,.T.);
#5466 = EDGE_CURVE('',#5443,#5467,#5469,.T.);
#5467 = VERTEX_POINT('',#5468);
#5468 = CARTESIAN_POINT('',(-60.81,8.01,2.66));
#5469 = LINE('',#5470,#5471);
#5470 = CARTESIAN_POINT('',(-60.81,6.01,2.66));
#5471 = VECTOR('',#5472,1.);
#5472 = DIRECTION('',(0.,1.,0.));
#5473 = ORIENTED_EDGE('',*,*,#5474,.F.);
#5474 = EDGE_CURVE('',#2176,#5467,#5475,.T.);
#5475 = LINE('',#5476,#5477);
#5476 = CARTESIAN_POINT('',(-57.81,8.01,2.66));
#5477 = VECTOR('',#5478,1.);
#5478 = DIRECTION('',(-1.,1.1E-16,-1.1E-16));
#5479 = ORIENTED_EDGE('',*,*,#2183,.F.);
#5480 = PLANE('',#5481);
#5481 = AXIS2_PLACEMENT_3D('',#5482,#5483,#5484);
#5482 = CARTESIAN_POINT('',(-57.81,6.01,2.66));
#5483 = DIRECTION('',(1.1E-16,-1.1E-16,-1.));
#5484 = DIRECTION('',(-4.354278099164E-49,1.,-1.1E-16));
#5485 = ADVANCED_FACE('',(#5486),#5497,.F.);
#5486 = FACE_BOUND('',#5487,.F.);
#5487 = EDGE_LOOP('',(#5488,#5489,#5490,#5496));
#5488 = ORIENTED_EDGE('',*,*,#2175,.F.);
#5489 = ORIENTED_EDGE('',*,*,#5474,.T.);
#5490 = ORIENTED_EDGE('',*,*,#5491,.T.);
#5491 = EDGE_CURVE('',#5467,#5361,#5492,.T.);
#5492 = LINE('',#5493,#5494);
#5493 = CARTESIAN_POINT('',(-60.81,8.01,2.66));
#5494 = VECTOR('',#5495,1.);
#5495 = DIRECTION('',(0.,0.,1.));
#5496 = ORIENTED_EDGE('',*,*,#5360,.T.);
#5497 = PLANE('',#5498);
#5498 = AXIS2_PLACEMENT_3D('',#5499,#5500,#5501);
#5499 = CARTESIAN_POINT('',(-57.81,8.01,2.66));
#5500 = DIRECTION('',(1.1E-16,1.,-1.1E-16));
#5501 = DIRECTION('',(-1.1E-16,1.1E-16,1.));
#5502 = ADVANCED_FACE('',(#5503),#5521,.T.);
#5503 = FACE_BOUND('',#5504,.T.);
#5504 = EDGE_LOOP('',(#5505,#5506,#5514,#5520));
#5505 = ORIENTED_EDGE('',*,*,#2149,.F.);
#5506 = ORIENTED_EDGE('',*,*,#5507,.T.);
#5507 = EDGE_CURVE('',#2142,#5508,#5510,.T.);
#5508 = VERTEX_POINT('',#5509);
#5509 = CARTESIAN_POINT('',(-60.81,11.132432534318,10.198218971944));
#5510 = LINE('',#5511,#5512);
#5511 = CARTESIAN_POINT('',(-57.81,11.132432534318,10.198218971944));
#5512 = VECTOR('',#5513,1.);
#5513 = DIRECTION('',(-1.,1.1E-16,-1.1E-16));
#5514 = ORIENTED_EDGE('',*,*,#5515,.T.);
#5515 = EDGE_CURVE('',#5508,#5410,#5516,.T.);
#5516 = LINE('',#5517,#5518);
#5517 = CARTESIAN_POINT('',(-60.81,11.132432534318,10.198218971944));
#5518 = VECTOR('',#5519,1.);
#5519 = DIRECTION('',(0.,-0.707106781187,-0.707106781187));
#5520 = ORIENTED_EDGE('',*,*,#5418,.T.);
#5521 = PLANE('',#5522);
#5522 = AXIS2_PLACEMENT_3D('',#5523,#5524,#5525);
#5523 = CARTESIAN_POINT('',(-57.81,11.132432534318,10.198218971944));
#5524 = DIRECTION('',(-1.6E-16,-0.707106781187,0.707106781187));
#5525 = DIRECTION('',(8.E-17,-0.707106781187,-0.707106781187));
#5526 = ADVANCED_FACE('',(#5527),#5545,.T.);
#5527 = FACE_BOUND('',#5528,.T.);
#5528 = EDGE_LOOP('',(#5529,#5537,#5543,#5544));
#5529 = ORIENTED_EDGE('',*,*,#5530,.T.);
#5530 = EDGE_CURVE('',#2134,#5531,#5533,.T.);
#5531 = VERTEX_POINT('',#5532);
#5532 = CARTESIAN_POINT('',(-60.81,9.718218971944,11.612432534318));
#5533 = LINE('',#5534,#5535);
#5534 = CARTESIAN_POINT('',(-57.81,9.718218971944,11.612432534318));
#5535 = VECTOR('',#5536,1.);
#5536 = DIRECTION('',(-1.,1.1E-16,-1.1E-16));
#5537 = ORIENTED_EDGE('',*,*,#5538,.T.);
#5538 = EDGE_CURVE('',#5531,#5508,#5539,.T.);
#5539 = LINE('',#5540,#5541);
#5540 = CARTESIAN_POINT('',(-60.81,9.718218971944,11.612432534318));
#5541 = VECTOR('',#5542,1.);
#5542 = DIRECTION('',(0.,0.707106781187,-0.707106781187));
#5543 = ORIENTED_EDGE('',*,*,#5507,.F.);
#5544 = ORIENTED_EDGE('',*,*,#2141,.F.);
#5545 = PLANE('',#5546);
#5546 = AXIS2_PLACEMENT_3D('',#5547,#5548,#5549);
#5547 = CARTESIAN_POINT('',(-57.81,9.718218971944,11.612432534318));
#5548 = DIRECTION('',(-0.,-0.707106781187,-0.707106781187));
#5549 = DIRECTION('',(8.E-17,0.707106781187,-0.707106781187));
#5550 = ADVANCED_FACE('',(#5551),#5562,.F.);
#5551 = FACE_BOUND('',#5552,.F.);
#5552 = EDGE_LOOP('',(#5553,#5554,#5555,#5561));
#5553 = ORIENTED_EDGE('',*,*,#2133,.F.);
#5554 = ORIENTED_EDGE('',*,*,#5530,.T.);
#5555 = ORIENTED_EDGE('',*,*,#5556,.T.);
#5556 = EDGE_CURVE('',#5531,#5402,#5557,.T.);
#5557 = LINE('',#5558,#5559);
#5558 = CARTESIAN_POINT('',(-60.81,9.718218971944,11.612432534318));
#5559 = VECTOR('',#5560,1.);
#5560 = DIRECTION('',(0.,-0.707106781187,-0.707106781187));
#5561 = ORIENTED_EDGE('',*,*,#5401,.T.);
#5562 = PLANE('',#5563);
#5563 = AXIS2_PLACEMENT_3D('',#5564,#5565,#5566);
#5564 = CARTESIAN_POINT('',(-57.81,9.718218971944,11.612432534318));
#5565 = DIRECTION('',(-1.6E-16,-0.707106781187,0.707106781187));
#5566 = DIRECTION('',(8.E-17,-0.707106781187,-0.707106781187));
#5567 = ADVANCED_FACE('',(#5568),#5579,.T.);
#5568 = FACE_BOUND('',#5569,.T.);
#5569 = EDGE_LOOP('',(#5570,#5571,#5572,#5578));
#5570 = ORIENTED_EDGE('',*,*,#2116,.F.);
#5571 = ORIENTED_EDGE('',*,*,#5296,.T.);
#5572 = ORIENTED_EDGE('',*,*,#5573,.T.);
#5573 = EDGE_CURVE('',#5297,#5386,#5574,.T.);
#5574 = LINE('',#5575,#5576);
#5575 = CARTESIAN_POINT('',(-60.81,2.18,8.49));
#5576 = VECTOR('',#5577,1.);
#5577 = DIRECTION('',(0.,1.,0.));
#5578 = ORIENTED_EDGE('',*,*,#5394,.T.);
#5579 = PLANE('',#5580);
#5580 = AXIS2_PLACEMENT_3D('',#5581,#5582,#5583);
#5581 = CARTESIAN_POINT('',(-57.81,2.18,8.49));
#5582 = DIRECTION('',(1.1E-16,-1.1E-16,-1.));
#5583 = DIRECTION('',(-4.354278099164E-49,1.,-1.1E-16));
#5584 = ADVANCED_FACE('',(#5585),#5604,.T.);
#5585 = FACE_BOUND('',#5586,.F.);
#5586 = EDGE_LOOP('',(#5587,#5595,#5602,#5603));
#5587 = ORIENTED_EDGE('',*,*,#5588,.T.);
#5588 = EDGE_CURVE('',#2217,#5589,#5591,.T.);
#5589 = VERTEX_POINT('',#5590);
#5590 = CARTESIAN_POINT('',(-57.27,-4.67,8.E-02));
#5591 = LINE('',#5592,#5593);
#5592 = CARTESIAN_POINT('',(-57.81,-4.67,8.E-02));
#5593 = VECTOR('',#5594,1.);
#5594 = DIRECTION('',(1.,0.,0.));
#5595 = ORIENTED_EDGE('',*,*,#5596,.T.);
#5596 = EDGE_CURVE('',#5589,#5589,#5597,.T.);
#5597 = CIRCLE('',#5598,2.4);
#5598 = AXIS2_PLACEMENT_3D('',#5599,#5600,#5601);
#5599 = CARTESIAN_POINT('',(-57.27,-7.07,8.E-02));
#5600 = DIRECTION('',(1.,0.,0.));
#5601 = DIRECTION('',(0.,1.,0.));
#5602 = ORIENTED_EDGE('',*,*,#5588,.F.);
#5603 = ORIENTED_EDGE('',*,*,#2216,.F.);
#5604 = CYLINDRICAL_SURFACE('',#5605,2.4);
#5605 = AXIS2_PLACEMENT_3D('',#5606,#5607,#5608);
#5606 = CARTESIAN_POINT('',(-57.81,-7.07,8.E-02));
#5607 = DIRECTION('',(-1.,-0.,-0.));
#5608 = DIRECTION('',(0.,1.,0.));
#5609 = ADVANCED_FACE('',(#5610),#5629,.T.);
#5610 = FACE_BOUND('',#5611,.F.);
#5611 = EDGE_LOOP('',(#5612,#5620,#5627,#5628));
#5612 = ORIENTED_EDGE('',*,*,#5613,.T.);
#5613 = EDGE_CURVE('',#2228,#5614,#5616,.T.);
#5614 = VERTEX_POINT('',#5615);
#5615 = CARTESIAN_POINT('',(-57.27,11.09,14.89));
#5616 = LINE('',#5617,#5618);
#5617 = CARTESIAN_POINT('',(-57.81,11.09,14.89));
#5618 = VECTOR('',#5619,1.);
#5619 = DIRECTION('',(1.,0.,0.));
#5620 = ORIENTED_EDGE('',*,*,#5621,.T.);
#5621 = EDGE_CURVE('',#5614,#5614,#5622,.T.);
#5622 = CIRCLE('',#5623,2.4);
#5623 = AXIS2_PLACEMENT_3D('',#5624,#5625,#5626);
#5624 = CARTESIAN_POINT('',(-57.27,8.69,14.89));
#5625 = DIRECTION('',(1.,0.,0.));
#5626 = DIRECTION('',(0.,1.,0.));
#5627 = ORIENTED_EDGE('',*,*,#5613,.F.);
#5628 = ORIENTED_EDGE('',*,*,#2227,.F.);
#5629 = CYLINDRICAL_SURFACE('',#5630,2.4);
#5630 = AXIS2_PLACEMENT_3D('',#5631,#5632,#5633);
#5631 = CARTESIAN_POINT('',(-57.81,8.69,14.89));
#5632 = DIRECTION('',(-1.,-0.,-0.));
#5633 = DIRECTION('',(0.,1.,0.));
#5634 = ADVANCED_FACE('',(#5635),#5660,.T.);
#5635 = FACE_BOUND('',#5636,.T.);
#5636 = EDGE_LOOP('',(#5637,#5638,#5646,#5654));
#5637 = ORIENTED_EDGE('',*,*,#2238,.F.);
#5638 = ORIENTED_EDGE('',*,*,#5639,.T.);
#5639 = EDGE_CURVE('',#2239,#5640,#5642,.T.);
#5640 = VERTEX_POINT('',#5641);
#5641 = CARTESIAN_POINT('',(-60.81,-2.193203311894,16.426110774469));
#5642 = LINE('',#5643,#5644);
#5643 = CARTESIAN_POINT('',(-57.81,-2.193203311894,16.426110774469));
#5644 = VECTOR('',#5645,1.);
#5645 = DIRECTION('',(-1.,1.1E-16,-1.1E-16));
#5646 = ORIENTED_EDGE('',*,*,#5647,.T.);
#5647 = EDGE_CURVE('',#5640,#5648,#5650,.T.);
#5648 = VERTEX_POINT('',#5649);
#5649 = CARTESIAN_POINT('',(-60.81,-1.426402251483,15.738421794077));
#5650 = LINE('',#5651,#5652);
#5651 = CARTESIAN_POINT('',(-60.81,-2.193203311894,16.426110774469));
#5652 = VECTOR('',#5653,1.);
#5653 = DIRECTION('',(0.,0.744467048943,-0.667659204264));
#5654 = ORIENTED_EDGE('',*,*,#5655,.T.);
#5655 = EDGE_CURVE('',#5648,#2241,#5656,.T.);
#5656 = LINE('',#5657,#5658);
#5657 = CARTESIAN_POINT('',(-57.81,-1.426402251483,15.738421794077));
#5658 = VECTOR('',#5659,1.);
#5659 = DIRECTION('',(1.,1.E-17,1.E-17));
#5660 = PLANE('',#5661);
#5661 = AXIS2_PLACEMENT_3D('',#5662,#5663,#5664);
#5662 = CARTESIAN_POINT('',(-57.81,-2.193203311894,16.426110774469));
#5663 = DIRECTION('',(1.E-17,-0.667659204264,-0.744467048943));
#5664 = DIRECTION('',(7.E-17,0.744467048943,-0.667659204264));
#5665 = ADVANCED_FACE('',(#5666),#5684,.F.);
#5666 = FACE_BOUND('',#5667,.F.);
#5667 = EDGE_LOOP('',(#5668,#5669,#5677,#5683));
#5668 = ORIENTED_EDGE('',*,*,#5639,.T.);
#5669 = ORIENTED_EDGE('',*,*,#5670,.T.);
#5670 = EDGE_CURVE('',#5640,#5671,#5673,.T.);
#5671 = VERTEX_POINT('',#5672);
#5672 = CARTESIAN_POINT('',(-60.81,-3.528521720423,14.937176676584));
#5673 = LINE('',#5674,#5675);
#5674 = CARTESIAN_POINT('',(-60.81,-2.193203311894,16.426110774469));
#5675 = VECTOR('',#5676,1.);
#5676 = DIRECTION('',(0.,-0.667659204264,-0.744467048943));
#5677 = ORIENTED_EDGE('',*,*,#5678,.F.);
#5678 = EDGE_CURVE('',#2372,#5671,#5679,.T.);
#5679 = LINE('',#5680,#5681);
#5680 = CARTESIAN_POINT('',(-57.81,-3.528521720423,14.937176676584));
#5681 = VECTOR('',#5682,1.);
#5682 = DIRECTION('',(-1.,1.1E-16,-1.1E-16));
#5683 = ORIENTED_EDGE('',*,*,#2379,.F.);
#5684 = PLANE('',#5685);
#5685 = AXIS2_PLACEMENT_3D('',#5686,#5687,#5688);
#5686 = CARTESIAN_POINT('',(-57.81,-2.193203311894,16.426110774469));
#5687 = DIRECTION('',(-1.6E-16,-0.744467048943,0.667659204264));
#5688 = DIRECTION('',(8.E-17,-0.667659204264,-0.744467048943));
#5689 = ADVANCED_FACE('',(#5690),#5708,.F.);
#5690 = FACE_BOUND('',#5691,.F.);
#5691 = EDGE_LOOP('',(#5692,#5693,#5694,#5702));
#5692 = ORIENTED_EDGE('',*,*,#2371,.F.);
#5693 = ORIENTED_EDGE('',*,*,#5678,.T.);
#5694 = ORIENTED_EDGE('',*,*,#5695,.T.);
#5695 = EDGE_CURVE('',#5671,#5696,#5698,.T.);
#5696 = VERTEX_POINT('',#5697);
#5697 = CARTESIAN_POINT('',(-60.81,-2.761720660012,14.249487696192));
#5698 = LINE('',#5699,#5700);
#5699 = CARTESIAN_POINT('',(-60.81,-3.528521720423,14.937176676584));
#5700 = VECTOR('',#5701,1.);
#5701 = DIRECTION('',(0.,0.744467048943,-0.667659204264));
#5702 = ORIENTED_EDGE('',*,*,#5703,.T.);
#5703 = EDGE_CURVE('',#5696,#2364,#5704,.T.);
#5704 = LINE('',#5705,#5706);
#5705 = CARTESIAN_POINT('',(-57.81,-2.761720660012,14.249487696192));
#5706 = VECTOR('',#5707,1.);
#5707 = DIRECTION('',(1.,1.E-17,1.E-17));
#5708 = PLANE('',#5709);
#5709 = AXIS2_PLACEMENT_3D('',#5710,#5711,#5712);
#5710 = CARTESIAN_POINT('',(-57.81,-3.528521720423,14.937176676584));
#5711 = DIRECTION('',(1.E-17,-0.667659204264,-0.744467048943));
#5712 = DIRECTION('',(7.E-17,0.744467048943,-0.667659204264));
#5713 = ADVANCED_FACE('',(#5714),#5748,.T.);
#5714 = FACE_BOUND('',#5715,.T.);
#5715 = EDGE_LOOP('',(#5716,#5717,#5725,#5733,#5739,#5740,#5741,#5747));
#5716 = ORIENTED_EDGE('',*,*,#2363,.F.);
#5717 = ORIENTED_EDGE('',*,*,#5718,.T.);
#5718 = EDGE_CURVE('',#2355,#5719,#5721,.T.);
#5719 = VERTEX_POINT('',#5720);
#5720 = CARTESIAN_POINT('',(-61.81,-3.429379864276,13.505020647249));
#5721 = LINE('',#5722,#5723);
#5722 = CARTESIAN_POINT('',(-57.81,-3.429379864276,13.505020647249));
#5723 = VECTOR('',#5724,1.);
#5724 = DIRECTION('',(-1.,-0.,-0.));
#5725 = ORIENTED_EDGE('',*,*,#5726,.T.);
#5726 = EDGE_CURVE('',#5719,#5727,#5729,.T.);
#5727 = VERTEX_POINT('',#5728);
#5728 = CARTESIAN_POINT('',(-61.81,-0.758743047219,16.482888843019));
#5729 = LINE('',#5730,#5731);
#5730 = CARTESIAN_POINT('',(-61.81,-4.106156391686,12.750387413802));
#5731 = VECTOR('',#5732,1.);
#5732 = DIRECTION('',(0.,0.667659204264,0.744467048943));
#5733 = ORIENTED_EDGE('',*,*,#5734,.F.);
#5734 = EDGE_CURVE('',#2249,#5727,#5735,.T.);
#5735 = LINE('',#5736,#5737);
#5736 = CARTESIAN_POINT('',(-57.81,-0.758743047219,16.482888843019));
#5737 = VECTOR('',#5738,1.);
#5738 = DIRECTION('',(-1.,-0.,-0.));
#5739 = ORIENTED_EDGE('',*,*,#2248,.F.);
#5740 = ORIENTED_EDGE('',*,*,#5655,.F.);
#5741 = ORIENTED_EDGE('',*,*,#5742,.F.);
#5742 = EDGE_CURVE('',#5696,#5648,#5743,.T.);
#5743 = LINE('',#5744,#5745);
#5744 = CARTESIAN_POINT('',(-60.81,-4.016520236629,12.850335356417));
#5745 = VECTOR('',#5746,1.);
#5746 = DIRECTION('',(0.,0.667659204264,0.744467048943));
#5747 = ORIENTED_EDGE('',*,*,#5703,.T.);
#5748 = PLANE('',#5749);
#5749 = AXIS2_PLACEMENT_3D('',#5750,#5751,#5752);
#5750 = CARTESIAN_POINT('',(-57.81,-3.429379864276,13.505020647249));
#5751 = DIRECTION('',(0.,0.744467048943,-0.667659204264));
#5752 = DIRECTION('',(0.,0.667659204264,0.744467048943));
#5753 = ADVANCED_FACE('',(#5754),#5773,.F.);
#5754 = FACE_BOUND('',#5755,.F.);
#5755 = EDGE_LOOP('',(#5756,#5757,#5758,#5767));
#5756 = ORIENTED_EDGE('',*,*,#2354,.F.);
#5757 = ORIENTED_EDGE('',*,*,#5718,.T.);
#5758 = ORIENTED_EDGE('',*,*,#5759,.T.);
#5759 = EDGE_CURVE('',#5719,#5760,#5762,.T.);
#5760 = VERTEX_POINT('',#5761);
#5761 = CARTESIAN_POINT('',(-61.81,-2.16378580443,10.67));
#5762 = CIRCLE('',#5763,1.7);
#5763 = AXIS2_PLACEMENT_3D('',#5764,#5765,#5766);
#5764 = CARTESIAN_POINT('',(-61.81,-2.163785881074,12.37));
#5765 = DIRECTION('',(1.,0.,0.));
#5766 = DIRECTION('',(0.,1.,0.));
#5767 = ORIENTED_EDGE('',*,*,#5768,.F.);
#5768 = EDGE_CURVE('',#2347,#5760,#5769,.T.);
#5769 = LINE('',#5770,#5771);
#5770 = CARTESIAN_POINT('',(-57.81,-2.16378580443,10.67));
#5771 = VECTOR('',#5772,1.);
#5772 = DIRECTION('',(-1.,-0.,-0.));
#5773 = CYLINDRICAL_SURFACE('',#5774,1.7);
#5774 = AXIS2_PLACEMENT_3D('',#5775,#5776,#5777);
#5775 = CARTESIAN_POINT('',(-57.81,-2.163785881074,12.37));
#5776 = DIRECTION('',(1.,0.,0.));
#5777 = DIRECTION('',(0.,1.,0.));
#5778 = ADVANCED_FACE('',(#5779),#5820,.F.);
#5779 = FACE_BOUND('',#5780,.F.);
#5780 = EDGE_LOOP('',(#5781,#5782,#5783,#5791,#5797,#5798,#5806,#5814));
#5781 = ORIENTED_EDGE('',*,*,#2346,.F.);
#5782 = ORIENTED_EDGE('',*,*,#5768,.T.);
#5783 = ORIENTED_EDGE('',*,*,#5784,.T.);
#5784 = EDGE_CURVE('',#5760,#5785,#5787,.T.);
#5785 = VERTEX_POINT('',#5786);
#5786 = CARTESIAN_POINT('',(-61.81,3.162486709842,10.67));
#5787 = LINE('',#5788,#5789);
#5788 = CARTESIAN_POINT('',(-61.81,-1.081892902215,10.67));
#5789 = VECTOR('',#5790,1.);
#5790 = DIRECTION('',(0.,1.,0.));
#5791 = ORIENTED_EDGE('',*,*,#5792,.F.);
#5792 = EDGE_CURVE('',#2306,#5785,#5793,.T.);
#5793 = LINE('',#5794,#5795);
#5794 = CARTESIAN_POINT('',(-57.81,3.162486709842,10.67));
#5795 = VECTOR('',#5796,1.);
#5796 = DIRECTION('',(-1.,-0.,-0.));
#5797 = ORIENTED_EDGE('',*,*,#2314,.F.);
#5798 = ORIENTED_EDGE('',*,*,#5799,.T.);
#5799 = EDGE_CURVE('',#2315,#5800,#5802,.T.);
#5800 = VERTEX_POINT('',#5801);
#5801 = CARTESIAN_POINT('',(-60.81,1.499350380985,10.67));
#5802 = LINE('',#5803,#5804);
#5803 = CARTESIAN_POINT('',(-57.81,1.499350380985,10.67));
#5804 = VECTOR('',#5805,1.);
#5805 = DIRECTION('',(-1.,1.1E-16,0.));
#5806 = ORIENTED_EDGE('',*,*,#5807,.F.);
#5807 = EDGE_CURVE('',#5808,#5800,#5810,.T.);
#5808 = VERTEX_POINT('',#5809);
#5809 = CARTESIAN_POINT('',(-60.81,-0.500649619015,10.67));
#5810 = LINE('',#5811,#5812);
#5811 = CARTESIAN_POINT('',(-60.81,-0.703444178047,10.67));
#5812 = VECTOR('',#5813,1.);
#5813 = DIRECTION('',(0.,1.,0.));
#5814 = ORIENTED_EDGE('',*,*,#5815,.F.);
#5815 = EDGE_CURVE('',#2339,#5808,#5816,.T.);
#5816 = LINE('',#5817,#5818);
#5817 = CARTESIAN_POINT('',(-57.81,-0.500649619015,10.67));
#5818 = VECTOR('',#5819,1.);
#5819 = DIRECTION('',(-1.,1.1E-16,0.));
#5820 = PLANE('',#5821);
#5821 = AXIS2_PLACEMENT_3D('',#5822,#5823,#5824);
#5822 = CARTESIAN_POINT('',(-57.81,-2.16378580443,10.67));
#5823 = DIRECTION('',(0.,0.,-1.));
#5824 = DIRECTION('',(0.,1.,0.));
#5825 = ADVANCED_FACE('',(#5826),#5844,.T.);
#5826 = FACE_BOUND('',#5827,.T.);
#5827 = EDGE_LOOP('',(#5828,#5829,#5837,#5843));
#5828 = ORIENTED_EDGE('',*,*,#2338,.F.);
#5829 = ORIENTED_EDGE('',*,*,#5830,.T.);
#5830 = EDGE_CURVE('',#2331,#5831,#5833,.T.);
#5831 = VERTEX_POINT('',#5832);
#5832 = CARTESIAN_POINT('',(-60.81,-0.500649619015,9.64));
#5833 = LINE('',#5834,#5835);
#5834 = CARTESIAN_POINT('',(-57.81,-0.500649619015,9.64));
#5835 = VECTOR('',#5836,1.);
#5836 = DIRECTION('',(-1.,1.1E-16,-1.1E-16));
#5837 = ORIENTED_EDGE('',*,*,#5838,.T.);
#5838 = EDGE_CURVE('',#5831,#5808,#5839,.T.);
#5839 = LINE('',#5840,#5841);
#5840 = CARTESIAN_POINT('',(-60.81,-0.500649619015,9.64));
#5841 = VECTOR('',#5842,1.);
#5842 = DIRECTION('',(0.,0.,1.));
#5843 = ORIENTED_EDGE('',*,*,#5815,.F.);
#5844 = PLANE('',#5845);
#5845 = AXIS2_PLACEMENT_3D('',#5846,#5847,#5848);
#5846 = CARTESIAN_POINT('',(-57.81,-0.500649619015,9.64));
#5847 = DIRECTION('',(1.1E-16,1.,-1.1E-16));
#5848 = DIRECTION('',(-1.1E-16,1.1E-16,1.));
#5849 = ADVANCED_FACE('',(#5850),#5868,.F.);
#5850 = FACE_BOUND('',#5851,.F.);
#5851 = EDGE_LOOP('',(#5852,#5853,#5861,#5867));
#5852 = ORIENTED_EDGE('',*,*,#5830,.T.);
#5853 = ORIENTED_EDGE('',*,*,#5854,.T.);
#5854 = EDGE_CURVE('',#5831,#5855,#5857,.T.);
#5855 = VERTEX_POINT('',#5856);
#5856 = CARTESIAN_POINT('',(-60.81,1.499350380985,9.64));
#5857 = LINE('',#5858,#5859);
#5858 = CARTESIAN_POINT('',(-60.81,-0.500649619015,9.64));
#5859 = VECTOR('',#5860,1.);
#5860 = DIRECTION('',(0.,1.,0.));
#5861 = ORIENTED_EDGE('',*,*,#5862,.F.);
#5862 = EDGE_CURVE('',#2323,#5855,#5863,.T.);
#5863 = LINE('',#5864,#5865);
#5864 = CARTESIAN_POINT('',(-57.81,1.499350380985,9.64));
#5865 = VECTOR('',#5866,1.);
#5866 = DIRECTION('',(-1.,1.1E-16,-1.1E-16));
#5867 = ORIENTED_EDGE('',*,*,#2330,.F.);
#5868 = PLANE('',#5869);
#5869 = AXIS2_PLACEMENT_3D('',#5870,#5871,#5872);
#5870 = CARTESIAN_POINT('',(-57.81,-0.500649619015,9.64));
#5871 = DIRECTION('',(1.1E-16,-1.1E-16,-1.));
#5872 = DIRECTION('',(-4.354278099164E-49,1.,-1.1E-16));
#5873 = ADVANCED_FACE('',(#5874),#5885,.F.);
#5874 = FACE_BOUND('',#5875,.F.);
#5875 = EDGE_LOOP('',(#5876,#5877,#5878,#5884));
#5876 = ORIENTED_EDGE('',*,*,#2322,.F.);
#5877 = ORIENTED_EDGE('',*,*,#5862,.T.);
#5878 = ORIENTED_EDGE('',*,*,#5879,.T.);
#5879 = EDGE_CURVE('',#5855,#5800,#5880,.T.);
#5880 = LINE('',#5881,#5882);
#5881 = CARTESIAN_POINT('',(-60.81,1.499350380985,9.64));
#5882 = VECTOR('',#5883,1.);
#5883 = DIRECTION('',(0.,0.,1.));
#5884 = ORIENTED_EDGE('',*,*,#5799,.F.);
#5885 = PLANE('',#5886);
#5886 = AXIS2_PLACEMENT_3D('',#5887,#5888,#5889);
#5887 = CARTESIAN_POINT('',(-57.81,1.499350380985,9.64));
#5888 = DIRECTION('',(1.1E-16,1.,-1.1E-16));
#5889 = DIRECTION('',(-1.1E-16,1.1E-16,1.));
#5890 = ADVANCED_FACE('',(#5891),#5910,.F.);
#5891 = FACE_BOUND('',#5892,.F.);
#5892 = EDGE_LOOP('',(#5893,#5894,#5895,#5904));
#5893 = ORIENTED_EDGE('',*,*,#2305,.F.);
#5894 = ORIENTED_EDGE('',*,*,#5792,.T.);
#5895 = ORIENTED_EDGE('',*,*,#5896,.T.);
#5896 = EDGE_CURVE('',#5785,#5897,#5899,.T.);
#5897 = VERTEX_POINT('',#5898);
#5898 = CARTESIAN_POINT('',(-61.81,4.431252493188,13.501473913756));
#5899 = CIRCLE('',#5900,1.7);
#5900 = AXIS2_PLACEMENT_3D('',#5901,#5902,#5903);
#5901 = CARTESIAN_POINT('',(-61.81,3.162486643045,12.37));
#5902 = DIRECTION('',(1.,0.,0.));
#5903 = DIRECTION('',(0.,1.,0.));
#5904 = ORIENTED_EDGE('',*,*,#5905,.F.);
#5905 = EDGE_CURVE('',#2298,#5897,#5906,.T.);
#5906 = LINE('',#5907,#5908);
#5907 = CARTESIAN_POINT('',(-57.81,4.431252493188,13.501473913756));
#5908 = VECTOR('',#5909,1.);
#5909 = DIRECTION('',(-1.,-0.,-0.));
#5910 = CYLINDRICAL_SURFACE('',#5911,1.7);
#5911 = AXIS2_PLACEMENT_3D('',#5912,#5913,#5914);
#5912 = CARTESIAN_POINT('',(-57.81,3.162486643045,12.37));
#5913 = DIRECTION('',(1.,0.,0.));
#5914 = DIRECTION('',(0.,1.,0.));
#5915 = ADVANCED_FACE('',(#5916),#5957,.T.);
#5916 = FACE_BOUND('',#5917,.T.);
#5917 = EDGE_LOOP('',(#5918,#5919,#5927,#5933,#5934,#5935,#5943,#5951));
#5918 = ORIENTED_EDGE('',*,*,#2265,.F.);
#5919 = ORIENTED_EDGE('',*,*,#5920,.T.);
#5920 = EDGE_CURVE('',#2257,#5921,#5923,.T.);
#5921 = VERTEX_POINT('',#5922);
#5922 = CARTESIAN_POINT('',(-61.81,1.775616805321,16.479342088003));
#5923 = LINE('',#5924,#5925);
#5924 = CARTESIAN_POINT('',(-57.81,1.775616805321,16.479342088003));
#5925 = VECTOR('',#5926,1.);
#5926 = DIRECTION('',(-1.,-0.,-0.));
#5927 = ORIENTED_EDGE('',*,*,#5928,.T.);
#5928 = EDGE_CURVE('',#5921,#5897,#5929,.T.);
#5929 = LINE('',#5930,#5931);
#5930 = CARTESIAN_POINT('',(-61.81,3.561288666548,14.47699838194));
#5931 = VECTOR('',#5932,1.);
#5932 = DIRECTION('',(0.,0.665572858913,-0.746332881145));
#5933 = ORIENTED_EDGE('',*,*,#5905,.F.);
#5934 = ORIENTED_EDGE('',*,*,#2297,.F.);
#5935 = ORIENTED_EDGE('',*,*,#5936,.F.);
#5936 = EDGE_CURVE('',#5937,#2290,#5939,.T.);
#5937 = VERTEX_POINT('',#5938);
#5938 = CARTESIAN_POINT('',(-60.81,3.769007546374,14.244075076891));
#5939 = LINE('',#5940,#5941);
#5940 = CARTESIAN_POINT('',(-57.81,3.769007546374,14.244075076891));
#5941 = VECTOR('',#5942,1.);
#5942 = DIRECTION('',(1.,-1.E-16,1.2E-16));
#5943 = ORIENTED_EDGE('',*,*,#5944,.F.);
#5944 = EDGE_CURVE('',#5945,#5937,#5947,.T.);
#5945 = VERTEX_POINT('',#5946);
#5946 = CARTESIAN_POINT('',(-60.81,2.437861828548,15.736740839182));
#5947 = LINE('',#5948,#5949);
#5948 = CARTESIAN_POINT('',(-60.81,3.807951573767,14.200405615647));
#5949 = VECTOR('',#5950,1.);
#5950 = DIRECTION('',(0.,0.665572858913,-0.746332881145));
#5951 = ORIENTED_EDGE('',*,*,#5952,.T.);
#5952 = EDGE_CURVE('',#5945,#2266,#5953,.T.);
#5953 = LINE('',#5954,#5955);
#5954 = CARTESIAN_POINT('',(-57.81,2.437861828548,15.736740839182));
#5955 = VECTOR('',#5956,1.);
#5956 = DIRECTION('',(1.,-1.E-16,1.2E-16));
#5957 = PLANE('',#5958);
#5958 = AXIS2_PLACEMENT_3D('',#5959,#5960,#5961);
#5959 = CARTESIAN_POINT('',(-57.81,1.775616805321,16.479342088003));
#5960 = DIRECTION('',(0.,-0.746332881145,-0.665572858913));
#5961 = DIRECTION('',(0.,0.665572858913,-0.746332881145));
#5962 = ADVANCED_FACE('',(#5963),#5981,.T.);
#5963 = FACE_BOUND('',#5964,.T.);
#5964 = EDGE_LOOP('',(#5965,#5966,#5974,#5980));
#5965 = ORIENTED_EDGE('',*,*,#2289,.F.);
#5966 = ORIENTED_EDGE('',*,*,#5967,.T.);
#5967 = EDGE_CURVE('',#2282,#5968,#5970,.T.);
#5968 = VERTEX_POINT('',#5969);
#5969 = CARTESIAN_POINT('',(-60.81,4.537730413954,14.929615121571));
#5970 = LINE('',#5971,#5972);
#5971 = CARTESIAN_POINT('',(-57.81,4.537730413954,14.929615121571));
#5972 = VECTOR('',#5973,1.);
#5973 = DIRECTION('',(-1.,1.1E-16,-1.1E-16));
#5974 = ORIENTED_EDGE('',*,*,#5975,.T.);
#5975 = EDGE_CURVE('',#5968,#5937,#5976,.T.);
#5976 = LINE('',#5977,#5978);
#5977 = CARTESIAN_POINT('',(-60.81,4.537730413954,14.929615121571));
#5978 = VECTOR('',#5979,1.);
#5979 = DIRECTION('',(0.,-0.746332881145,-0.665572858913));
#5980 = ORIENTED_EDGE('',*,*,#5936,.T.);
#5981 = PLANE('',#5982);
#5982 = AXIS2_PLACEMENT_3D('',#5983,#5984,#5985);
#5983 = CARTESIAN_POINT('',(-57.81,4.537730413954,14.929615121571));
#5984 = DIRECTION('',(-1.6E-16,-0.665572858913,0.746332881145));
#5985 = DIRECTION('',(7.E-17,-0.746332881145,-0.665572858913));
#5986 = ADVANCED_FACE('',(#5987),#6005,.T.);
#5987 = FACE_BOUND('',#5988,.T.);
#5988 = EDGE_LOOP('',(#5989,#5997,#6003,#6004));
#5989 = ORIENTED_EDGE('',*,*,#5990,.T.);
#5990 = EDGE_CURVE('',#2274,#5991,#5993,.T.);
#5991 = VERTEX_POINT('',#5992);
#5992 = CARTESIAN_POINT('',(-60.81,3.206584696128,16.422280883862));
#5993 = LINE('',#5994,#5995);
#5994 = CARTESIAN_POINT('',(-57.81,3.206584696128,16.422280883862));
#5995 = VECTOR('',#5996,1.);
#5996 = DIRECTION('',(-1.,1.1E-16,-1.1E-16));
#5997 = ORIENTED_EDGE('',*,*,#5998,.T.);
#5998 = EDGE_CURVE('',#5991,#5968,#5999,.T.);
#5999 = LINE('',#6000,#6001);
#6000 = CARTESIAN_POINT('',(-60.81,3.206584696128,16.422280883862));
#6001 = VECTOR('',#6002,1.);
#6002 = DIRECTION('',(0.,0.665572858913,-0.746332881145));
#6003 = ORIENTED_EDGE('',*,*,#5967,.F.);
#6004 = ORIENTED_EDGE('',*,*,#2281,.F.);
#6005 = PLANE('',#6006);
#6006 = AXIS2_PLACEMENT_3D('',#6007,#6008,#6009);
#6007 = CARTESIAN_POINT('',(-57.81,3.206584696128,16.422280883862));
#6008 = DIRECTION('',(-1.E-17,-0.746332881145,-0.665572858913));
#6009 = DIRECTION('',(8.E-17,0.665572858913,-0.746332881145));
#6010 = ADVANCED_FACE('',(#6011),#6022,.F.);
#6011 = FACE_BOUND('',#6012,.F.);
#6012 = EDGE_LOOP('',(#6013,#6014,#6015,#6021));
#6013 = ORIENTED_EDGE('',*,*,#2273,.F.);
#6014 = ORIENTED_EDGE('',*,*,#5990,.T.);
#6015 = ORIENTED_EDGE('',*,*,#6016,.T.);
#6016 = EDGE_CURVE('',#5991,#5945,#6017,.T.);
#6017 = LINE('',#6018,#6019);
#6018 = CARTESIAN_POINT('',(-60.81,3.206584696128,16.422280883862));
#6019 = VECTOR('',#6020,1.);
#6020 = DIRECTION('',(0.,-0.746332881145,-0.665572858913));
#6021 = ORIENTED_EDGE('',*,*,#5952,.T.);
#6022 = PLANE('',#6023);
#6023 = AXIS2_PLACEMENT_3D('',#6024,#6025,#6026);
#6024 = CARTESIAN_POINT('',(-57.81,3.206584696128,16.422280883862));
#6025 = DIRECTION('',(-1.6E-16,-0.665572858913,0.746332881145));
#6026 = DIRECTION('',(7.E-17,-0.746332881145,-0.665572858913));
#6027 = ADVANCED_FACE('',(#6028),#6040,.F.);
#6028 = FACE_BOUND('',#6029,.F.);
#6029 = EDGE_LOOP('',(#6030,#6031,#6032,#6039));
#6030 = ORIENTED_EDGE('',*,*,#2256,.F.);
#6031 = ORIENTED_EDGE('',*,*,#5920,.T.);
#6032 = ORIENTED_EDGE('',*,*,#6033,.T.);
#6033 = EDGE_CURVE('',#5921,#5727,#6034,.T.);
#6034 = CIRCLE('',#6035,1.7);
#6035 = AXIS2_PLACEMENT_3D('',#6036,#6037,#6038);
#6036 = CARTESIAN_POINT('',(-61.81,0.506850935983,15.34786819577));
#6037 = DIRECTION('',(1.,0.,0.));
#6038 = DIRECTION('',(0.,1.,0.));
#6039 = ORIENTED_EDGE('',*,*,#5734,.F.);
#6040 = CYLINDRICAL_SURFACE('',#6041,1.7);
#6041 = AXIS2_PLACEMENT_3D('',#6042,#6043,#6044);
#6042 = CARTESIAN_POINT('',(-57.81,0.506850935983,15.34786819577));
#6043 = DIRECTION('',(1.,0.,0.));
#6044 = DIRECTION('',(0.,1.,0.));
#6045 = ADVANCED_FACE('',(#6046),#6071,.T.);
#6046 = FACE_BOUND('',#6047,.T.);
#6047 = EDGE_LOOP('',(#6048,#6049,#6057,#6065));
#6048 = ORIENTED_EDGE('',*,*,#2387,.F.);
#6049 = ORIENTED_EDGE('',*,*,#6050,.T.);
#6050 = EDGE_CURVE('',#2388,#6051,#6053,.T.);
#6051 = VERTEX_POINT('',#6052);
#6052 = CARTESIAN_POINT('',(-60.81,-6.99,2.66));
#6053 = LINE('',#6054,#6055);
#6054 = CARTESIAN_POINT('',(-57.81,-6.99,2.66));
#6055 = VECTOR('',#6056,1.);
#6056 = DIRECTION('',(-1.,1.1E-16,-1.1E-16));
#6057 = ORIENTED_EDGE('',*,*,#6058,.T.);
#6058 = EDGE_CURVE('',#6051,#6059,#6061,.T.);
#6059 = VERTEX_POINT('',#6060);
#6060 = CARTESIAN_POINT('',(-60.81,-6.99,3.823939444035));
#6061 = LINE('',#6062,#6063);
#6062 = CARTESIAN_POINT('',(-60.81,-6.99,2.66));
#6063 = VECTOR('',#6064,1.);
#6064 = DIRECTION('',(0.,0.,1.));
#6065 = ORIENTED_EDGE('',*,*,#6066,.T.);
#6066 = EDGE_CURVE('',#6059,#2390,#6067,.T.);
#6067 = LINE('',#6068,#6069);
#6068 = CARTESIAN_POINT('',(-57.81,-6.99,3.823939444035));
#6069 = VECTOR('',#6070,1.);
#6070 = DIRECTION('',(1.,0.,0.));
#6071 = PLANE('',#6072);
#6072 = AXIS2_PLACEMENT_3D('',#6073,#6074,#6075);
#6073 = CARTESIAN_POINT('',(-57.81,-6.99,2.66));
#6074 = DIRECTION('',(1.1E-16,1.,-1.1E-16));
#6075 = DIRECTION('',(-1.1E-16,1.1E-16,1.));
#6076 = ADVANCED_FACE('',(#6077),#6095,.F.);
#6077 = FACE_BOUND('',#6078,.F.);
#6078 = EDGE_LOOP('',(#6079,#6080,#6088,#6094));
#6079 = ORIENTED_EDGE('',*,*,#6050,.T.);
#6080 = ORIENTED_EDGE('',*,*,#6081,.T.);
#6081 = EDGE_CURVE('',#6051,#6082,#6084,.T.);
#6082 = VERTEX_POINT('',#6083);
#6083 = CARTESIAN_POINT('',(-60.81,-4.99,2.66));
#6084 = LINE('',#6085,#6086);
#6085 = CARTESIAN_POINT('',(-60.81,-6.99,2.66));
#6086 = VECTOR('',#6087,1.);
#6087 = DIRECTION('',(0.,1.,0.));
#6088 = ORIENTED_EDGE('',*,*,#6089,.F.);
#6089 = EDGE_CURVE('',#2473,#6082,#6090,.T.);
#6090 = LINE('',#6091,#6092);
#6091 = CARTESIAN_POINT('',(-57.81,-4.99,2.66));
#6092 = VECTOR('',#6093,1.);
#6093 = DIRECTION('',(-1.,1.1E-16,-1.1E-16));
#6094 = ORIENTED_EDGE('',*,*,#2480,.F.);
#6095 = PLANE('',#6096);
#6096 = AXIS2_PLACEMENT_3D('',#6097,#6098,#6099);
#6097 = CARTESIAN_POINT('',(-57.81,-6.99,2.66));
#6098 = DIRECTION('',(1.1E-16,-1.1E-16,-1.));
#6099 = DIRECTION('',(-4.354278099164E-49,1.,-1.1E-16));
#6100 = ADVANCED_FACE('',(#6101),#6119,.F.);
#6101 = FACE_BOUND('',#6102,.F.);
#6102 = EDGE_LOOP('',(#6103,#6104,#6105,#6113));
#6103 = ORIENTED_EDGE('',*,*,#2472,.F.);
#6104 = ORIENTED_EDGE('',*,*,#6089,.T.);
#6105 = ORIENTED_EDGE('',*,*,#6106,.T.);
#6106 = EDGE_CURVE('',#6082,#6107,#6109,.T.);
#6107 = VERTEX_POINT('',#6108);
#6108 = CARTESIAN_POINT('',(-60.81,-4.99,3.823939444035));
#6109 = LINE('',#6110,#6111);
#6110 = CARTESIAN_POINT('',(-60.81,-4.99,2.66));
#6111 = VECTOR('',#6112,1.);
#6112 = DIRECTION('',(0.,0.,1.));
#6113 = ORIENTED_EDGE('',*,*,#6114,.T.);
#6114 = EDGE_CURVE('',#6107,#2464,#6115,.T.);
#6115 = LINE('',#6116,#6117);
#6116 = CARTESIAN_POINT('',(-57.81,-4.99,3.823939444035));
#6117 = VECTOR('',#6118,1.);
#6118 = DIRECTION('',(1.,0.,0.));
#6119 = PLANE('',#6120);
#6120 = AXIS2_PLACEMENT_3D('',#6121,#6122,#6123);
#6121 = CARTESIAN_POINT('',(-57.81,-4.99,2.66));
#6122 = DIRECTION('',(1.1E-16,1.,-1.1E-16));
#6123 = DIRECTION('',(-1.1E-16,1.1E-16,1.));
#6124 = ADVANCED_FACE('',(#6125),#6210,.F.);
#6125 = FACE_BOUND('',#6126,.F.);
#6126 = EDGE_LOOP('',(#6127,#6128,#6136,#6145,#6153,#6160,#6161,#6170,
    #6176,#6177,#6178,#6185,#6186,#6187,#6195,#6204));
#6127 = ORIENTED_EDGE('',*,*,#2430,.F.);
#6128 = ORIENTED_EDGE('',*,*,#6129,.F.);
#6129 = EDGE_CURVE('',#6130,#2431,#6132,.T.);
#6130 = VERTEX_POINT('',#6131);
#6131 = CARTESIAN_POINT('',(-60.81,-2.323939444035,8.49));
#6132 = LINE('',#6133,#6134);
#6133 = CARTESIAN_POINT('',(-57.81,-2.323939444035,8.49));
#6134 = VECTOR('',#6135,1.);
#6135 = DIRECTION('',(1.,0.,0.));
#6136 = ORIENTED_EDGE('',*,*,#6137,.F.);
#6137 = EDGE_CURVE('',#6138,#6130,#6140,.T.);
#6138 = VERTEX_POINT('',#6139);
#6139 = CARTESIAN_POINT('',(-60.81,-2.19,7.49));
#6140 = CIRCLE('',#6141,3.8);
#6141 = AXIS2_PLACEMENT_3D('',#6142,#6143,#6144);
#6142 = CARTESIAN_POINT('',(-60.81,-5.99,7.49));
#6143 = DIRECTION('',(1.,0.,0.));
#6144 = DIRECTION('',(0.,1.,0.));
#6145 = ORIENTED_EDGE('',*,*,#6146,.T.);
#6146 = EDGE_CURVE('',#6138,#6147,#6149,.T.);
#6147 = VERTEX_POINT('',#6148);
#6148 = CARTESIAN_POINT('',(-61.81,-2.19,7.49));
#6149 = LINE('',#6150,#6151);
#6150 = CARTESIAN_POINT('',(-57.81,-2.19,7.49));
#6151 = VECTOR('',#6152,1.);
#6152 = DIRECTION('',(-1.,-0.,-0.));
#6153 = ORIENTED_EDGE('',*,*,#6154,.T.);
#6154 = EDGE_CURVE('',#6147,#6147,#6155,.T.);
#6155 = CIRCLE('',#6156,3.8);
#6156 = AXIS2_PLACEMENT_3D('',#6157,#6158,#6159);
#6157 = CARTESIAN_POINT('',(-61.81,-5.99,7.49));
#6158 = DIRECTION('',(1.,0.,0.));
#6159 = DIRECTION('',(0.,1.,0.));
#6160 = ORIENTED_EDGE('',*,*,#6146,.F.);
#6161 = ORIENTED_EDGE('',*,*,#6162,.F.);
#6162 = EDGE_CURVE('',#6163,#6138,#6165,.T.);
#6163 = VERTEX_POINT('',#6164);
#6164 = CARTESIAN_POINT('',(-60.81,-2.323939444035,6.49));
#6165 = CIRCLE('',#6166,3.8);
#6166 = AXIS2_PLACEMENT_3D('',#6167,#6168,#6169);
#6167 = CARTESIAN_POINT('',(-60.81,-5.99,7.49));
#6168 = DIRECTION('',(1.,0.,0.));
#6169 = DIRECTION('',(0.,1.,0.));
#6170 = ORIENTED_EDGE('',*,*,#6171,.T.);
#6171 = EDGE_CURVE('',#6163,#2456,#6172,.T.);
#6172 = LINE('',#6173,#6174);
#6173 = CARTESIAN_POINT('',(-57.81,-2.323939444035,6.49));
#6174 = VECTOR('',#6175,1.);
#6175 = DIRECTION('',(1.,0.,0.));
#6176 = ORIENTED_EDGE('',*,*,#2463,.F.);
#6177 = ORIENTED_EDGE('',*,*,#6114,.F.);
#6178 = ORIENTED_EDGE('',*,*,#6179,.F.);
#6179 = EDGE_CURVE('',#6059,#6107,#6180,.T.);
#6180 = CIRCLE('',#6181,3.8);
#6181 = AXIS2_PLACEMENT_3D('',#6182,#6183,#6184);
#6182 = CARTESIAN_POINT('',(-60.81,-5.99,7.49));
#6183 = DIRECTION('',(1.,0.,0.));
#6184 = DIRECTION('',(0.,1.,0.));
#6185 = ORIENTED_EDGE('',*,*,#6066,.T.);
#6186 = ORIENTED_EDGE('',*,*,#2397,.F.);
#6187 = ORIENTED_EDGE('',*,*,#6188,.F.);
#6188 = EDGE_CURVE('',#6189,#2398,#6191,.T.);
#6189 = VERTEX_POINT('',#6190);
#6190 = CARTESIAN_POINT('',(-60.81,-6.99,11.156060555965));
#6191 = LINE('',#6192,#6193);
#6192 = CARTESIAN_POINT('',(-57.81,-6.99,11.156060555965));
#6193 = VECTOR('',#6194,1.);
#6194 = DIRECTION('',(1.,0.,0.));
#6195 = ORIENTED_EDGE('',*,*,#6196,.F.);
#6196 = EDGE_CURVE('',#6197,#6189,#6199,.T.);
#6197 = VERTEX_POINT('',#6198);
#6198 = CARTESIAN_POINT('',(-60.81,-4.99,11.156060555965));
#6199 = CIRCLE('',#6200,3.8);
#6200 = AXIS2_PLACEMENT_3D('',#6201,#6202,#6203);
#6201 = CARTESIAN_POINT('',(-60.81,-5.99,7.49));
#6202 = DIRECTION('',(1.,0.,0.));
#6203 = DIRECTION('',(0.,1.,0.));
#6204 = ORIENTED_EDGE('',*,*,#6205,.T.);
#6205 = EDGE_CURVE('',#6197,#2423,#6206,.T.);
#6206 = LINE('',#6207,#6208);
#6207 = CARTESIAN_POINT('',(-57.81,-4.99,11.156060555965));
#6208 = VECTOR('',#6209,1.);
#6209 = DIRECTION('',(1.,0.,0.));
#6210 = CYLINDRICAL_SURFACE('',#6211,3.8);
#6211 = AXIS2_PLACEMENT_3D('',#6212,#6213,#6214);
#6212 = CARTESIAN_POINT('',(-57.81,-5.99,7.49));
#6213 = DIRECTION('',(1.,0.,0.));
#6214 = DIRECTION('',(0.,1.,0.));
#6215 = ADVANCED_FACE('',(#6216),#6234,.T.);
#6216 = FACE_BOUND('',#6217,.T.);
#6217 = EDGE_LOOP('',(#6218,#6219,#6227,#6233));
#6218 = ORIENTED_EDGE('',*,*,#2455,.F.);
#6219 = ORIENTED_EDGE('',*,*,#6220,.T.);
#6220 = EDGE_CURVE('',#2448,#6221,#6223,.T.);
#6221 = VERTEX_POINT('',#6222);
#6222 = CARTESIAN_POINT('',(-60.81,-1.16,6.49));
#6223 = LINE('',#6224,#6225);
#6224 = CARTESIAN_POINT('',(-57.81,-1.16,6.49));
#6225 = VECTOR('',#6226,1.);
#6226 = DIRECTION('',(-1.,1.1E-16,-1.1E-16));
#6227 = ORIENTED_EDGE('',*,*,#6228,.T.);
#6228 = EDGE_CURVE('',#6221,#6163,#6229,.T.);
#6229 = LINE('',#6230,#6231);
#6230 = CARTESIAN_POINT('',(-60.81,-1.16,6.49));
#6231 = VECTOR('',#6232,1.);
#6232 = DIRECTION('',(0.,-1.,0.));
#6233 = ORIENTED_EDGE('',*,*,#6171,.T.);
#6234 = PLANE('',#6235);
#6235 = AXIS2_PLACEMENT_3D('',#6236,#6237,#6238);
#6236 = CARTESIAN_POINT('',(-57.81,-1.16,6.49));
#6237 = DIRECTION('',(-1.1E-16,1.1E-16,1.));
#6238 = DIRECTION('',(4.354278099164E-49,-1.,1.1E-16));
#6239 = ADVANCED_FACE('',(#6240),#6258,.T.);
#6240 = FACE_BOUND('',#6241,.T.);
#6241 = EDGE_LOOP('',(#6242,#6250,#6256,#6257));
#6242 = ORIENTED_EDGE('',*,*,#6243,.T.);
#6243 = EDGE_CURVE('',#2440,#6244,#6246,.T.);
#6244 = VERTEX_POINT('',#6245);
#6245 = CARTESIAN_POINT('',(-60.81,-1.16,8.49));
#6246 = LINE('',#6247,#6248);
#6247 = CARTESIAN_POINT('',(-57.81,-1.16,8.49));
#6248 = VECTOR('',#6249,1.);
#6249 = DIRECTION('',(-1.,1.1E-16,-1.1E-16));
#6250 = ORIENTED_EDGE('',*,*,#6251,.T.);
#6251 = EDGE_CURVE('',#6244,#6221,#6252,.T.);
#6252 = LINE('',#6253,#6254);
#6253 = CARTESIAN_POINT('',(-60.81,-1.16,8.49));
#6254 = VECTOR('',#6255,1.);
#6255 = DIRECTION('',(0.,0.,-1.));
#6256 = ORIENTED_EDGE('',*,*,#6220,.F.);
#6257 = ORIENTED_EDGE('',*,*,#2447,.F.);
#6258 = PLANE('',#6259);
#6259 = AXIS2_PLACEMENT_3D('',#6260,#6261,#6262);
#6260 = CARTESIAN_POINT('',(-57.81,-1.16,8.49));
#6261 = DIRECTION('',(-1.1E-16,-1.,1.1E-16));
#6262 = DIRECTION('',(1.1E-16,-1.1E-16,-1.));
#6263 = ADVANCED_FACE('',(#6264),#6275,.F.);
#6264 = FACE_BOUND('',#6265,.F.);
#6265 = EDGE_LOOP('',(#6266,#6267,#6268,#6274));
#6266 = ORIENTED_EDGE('',*,*,#2439,.F.);
#6267 = ORIENTED_EDGE('',*,*,#6243,.T.);
#6268 = ORIENTED_EDGE('',*,*,#6269,.T.);
#6269 = EDGE_CURVE('',#6244,#6130,#6270,.T.);
#6270 = LINE('',#6271,#6272);
#6271 = CARTESIAN_POINT('',(-60.81,-1.16,8.49));
#6272 = VECTOR('',#6273,1.);
#6273 = DIRECTION('',(0.,-1.,0.));
#6274 = ORIENTED_EDGE('',*,*,#6129,.T.);
#6275 = PLANE('',#6276);
#6276 = AXIS2_PLACEMENT_3D('',#6277,#6278,#6279);
#6277 = CARTESIAN_POINT('',(-57.81,-1.16,8.49));
#6278 = DIRECTION('',(-1.1E-16,1.1E-16,1.));
#6279 = DIRECTION('',(4.354278099164E-49,-1.,1.1E-16));
#6280 = ADVANCED_FACE('',(#6281),#6299,.T.);
#6281 = FACE_BOUND('',#6282,.T.);
#6282 = EDGE_LOOP('',(#6283,#6284,#6292,#6298));
#6283 = ORIENTED_EDGE('',*,*,#2422,.F.);
#6284 = ORIENTED_EDGE('',*,*,#6285,.T.);
#6285 = EDGE_CURVE('',#2415,#6286,#6288,.T.);
#6286 = VERTEX_POINT('',#6287);
#6287 = CARTESIAN_POINT('',(-60.81,-4.99,12.32));
#6288 = LINE('',#6289,#6290);
#6289 = CARTESIAN_POINT('',(-57.81,-4.99,12.32));
#6290 = VECTOR('',#6291,1.);
#6291 = DIRECTION('',(-1.,1.1E-16,-1.1E-16));
#6292 = ORIENTED_EDGE('',*,*,#6293,.T.);
#6293 = EDGE_CURVE('',#6286,#6197,#6294,.T.);
#6294 = LINE('',#6295,#6296);
#6295 = CARTESIAN_POINT('',(-60.81,-4.99,12.32));
#6296 = VECTOR('',#6297,1.);
#6297 = DIRECTION('',(0.,0.,-1.));
#6298 = ORIENTED_EDGE('',*,*,#6205,.T.);
#6299 = PLANE('',#6300);
#6300 = AXIS2_PLACEMENT_3D('',#6301,#6302,#6303);
#6301 = CARTESIAN_POINT('',(-57.81,-4.99,12.32));
#6302 = DIRECTION('',(-1.1E-16,-1.,1.1E-16));
#6303 = DIRECTION('',(1.1E-16,-1.1E-16,-1.));
#6304 = ADVANCED_FACE('',(#6305),#6323,.T.);
#6305 = FACE_BOUND('',#6306,.T.);
#6306 = EDGE_LOOP('',(#6307,#6315,#6321,#6322));
#6307 = ORIENTED_EDGE('',*,*,#6308,.T.);
#6308 = EDGE_CURVE('',#2407,#6309,#6311,.T.);
#6309 = VERTEX_POINT('',#6310);
#6310 = CARTESIAN_POINT('',(-60.81,-6.99,12.32));
#6311 = LINE('',#6312,#6313);
#6312 = CARTESIAN_POINT('',(-57.81,-6.99,12.32));
#6313 = VECTOR('',#6314,1.);
#6314 = DIRECTION('',(-1.,1.1E-16,-1.1E-16));
#6315 = ORIENTED_EDGE('',*,*,#6316,.T.);
#6316 = EDGE_CURVE('',#6309,#6286,#6317,.T.);
#6317 = LINE('',#6318,#6319);
#6318 = CARTESIAN_POINT('',(-60.81,-6.99,12.32));
#6319 = VECTOR('',#6320,1.);
#6320 = DIRECTION('',(0.,1.,0.));
#6321 = ORIENTED_EDGE('',*,*,#6285,.F.);
#6322 = ORIENTED_EDGE('',*,*,#2414,.F.);
#6323 = PLANE('',#6324);
#6324 = AXIS2_PLACEMENT_3D('',#6325,#6326,#6327);
#6325 = CARTESIAN_POINT('',(-57.81,-6.99,12.32));
#6326 = DIRECTION('',(1.1E-16,-1.1E-16,-1.));
#6327 = DIRECTION('',(-4.354278099164E-49,1.,-1.1E-16));
#6328 = ADVANCED_FACE('',(#6329),#6340,.F.);
#6329 = FACE_BOUND('',#6330,.F.);
#6330 = EDGE_LOOP('',(#6331,#6332,#6333,#6339));
#6331 = ORIENTED_EDGE('',*,*,#2406,.F.);
#6332 = ORIENTED_EDGE('',*,*,#6308,.T.);
#6333 = ORIENTED_EDGE('',*,*,#6334,.T.);
#6334 = EDGE_CURVE('',#6309,#6189,#6335,.T.);
#6335 = LINE('',#6336,#6337);
#6336 = CARTESIAN_POINT('',(-60.81,-6.99,12.32));
#6337 = VECTOR('',#6338,1.);
#6338 = DIRECTION('',(0.,0.,-1.));
#6339 = ORIENTED_EDGE('',*,*,#6188,.T.);
#6340 = PLANE('',#6341);
#6341 = AXIS2_PLACEMENT_3D('',#6342,#6343,#6344);
#6342 = CARTESIAN_POINT('',(-57.81,-6.99,12.32));
#6343 = DIRECTION('',(-1.1E-16,-1.,1.1E-16));
#6344 = DIRECTION('',(1.1E-16,-1.1E-16,-1.));
#6345 = ADVANCED_FACE('',(#6346),#6371,.T.);
#6346 = FACE_BOUND('',#6347,.T.);
#6347 = EDGE_LOOP('',(#6348,#6356,#6357,#6365));
#6348 = ORIENTED_EDGE('',*,*,#6349,.F.);
#6349 = EDGE_CURVE('',#2489,#6350,#6352,.T.);
#6350 = VERTEX_POINT('',#6351);
#6351 = CARTESIAN_POINT('',(-60.81,-45.95,0.));
#6352 = LINE('',#6353,#6354);
#6353 = CARTESIAN_POINT('',(-57.81,-45.95,0.));
#6354 = VECTOR('',#6355,1.);
#6355 = DIRECTION('',(-1.,0.,0.));
#6356 = ORIENTED_EDGE('',*,*,#2488,.T.);
#6357 = ORIENTED_EDGE('',*,*,#6358,.T.);
#6358 = EDGE_CURVE('',#2491,#6359,#6361,.T.);
#6359 = VERTEX_POINT('',#6360);
#6360 = CARTESIAN_POINT('',(-60.81,-10.7,0.));
#6361 = LINE('',#6362,#6363);
#6362 = CARTESIAN_POINT('',(-24.8621,-10.7,0.));
#6363 = VECTOR('',#6364,1.);
#6364 = DIRECTION('',(-1.,0.,0.));
#6365 = ORIENTED_EDGE('',*,*,#6366,.F.);
#6366 = EDGE_CURVE('',#6350,#6359,#6367,.T.);
#6367 = LINE('',#6368,#6369);
#6368 = CARTESIAN_POINT('',(-60.81,-30.03803259664,0.));
#6369 = VECTOR('',#6370,1.);
#6370 = DIRECTION('',(0.,1.,0.));
#6371 = PLANE('',#6372);
#6372 = AXIS2_PLACEMENT_3D('',#6373,#6374,#6375);
#6373 = CARTESIAN_POINT('',(-58.3055101297,-28.93043631081,0.));
#6374 = DIRECTION('',(0.,0.,1.));
#6375 = DIRECTION('',(1.,0.,0.));
#6376 = ADVANCED_FACE('',(#6377),#6395,.F.);
#6377 = FACE_BOUND('',#6378,.F.);
#6378 = EDGE_LOOP('',(#6379,#6380,#6381,#6389));
#6379 = ORIENTED_EDGE('',*,*,#6349,.F.);
#6380 = ORIENTED_EDGE('',*,*,#2498,.T.);
#6381 = ORIENTED_EDGE('',*,*,#6382,.T.);
#6382 = EDGE_CURVE('',#2499,#6383,#6385,.T.);
#6383 = VERTEX_POINT('',#6384);
#6384 = CARTESIAN_POINT('',(-60.81,-45.95,7.11));
#6385 = LINE('',#6386,#6387);
#6386 = CARTESIAN_POINT('',(-57.81,-45.95,7.11));
#6387 = VECTOR('',#6388,1.);
#6388 = DIRECTION('',(-1.,0.,0.));
#6389 = ORIENTED_EDGE('',*,*,#6390,.F.);
#6390 = EDGE_CURVE('',#6350,#6383,#6391,.T.);
#6391 = LINE('',#6392,#6393);
#6392 = CARTESIAN_POINT('',(-60.81,-45.95,0.));
#6393 = VECTOR('',#6394,1.);
#6394 = DIRECTION('',(0.,0.,1.));
#6395 = PLANE('',#6396);
#6396 = AXIS2_PLACEMENT_3D('',#6397,#6398,#6399);
#6397 = CARTESIAN_POINT('',(-57.81,-45.95,0.));
#6398 = DIRECTION('',(0.,-1.,0.));
#6399 = DIRECTION('',(-1.,0.,0.));
#6400 = ADVANCED_FACE('',(#6401),#6419,.F.);
#6401 = FACE_BOUND('',#6402,.F.);
#6402 = EDGE_LOOP('',(#6403,#6404,#6405,#6413));
#6403 = ORIENTED_EDGE('',*,*,#2514,.F.);
#6404 = ORIENTED_EDGE('',*,*,#6358,.T.);
#6405 = ORIENTED_EDGE('',*,*,#6406,.F.);
#6406 = EDGE_CURVE('',#6407,#6359,#6409,.T.);
#6407 = VERTEX_POINT('',#6408);
#6408 = CARTESIAN_POINT('',(-60.81,-10.7,7.11));
#6409 = LINE('',#6410,#6411);
#6410 = CARTESIAN_POINT('',(-60.81,-10.7,3.475));
#6411 = VECTOR('',#6412,1.);
#6412 = DIRECTION('',(0.,0.,-1.));
#6413 = ORIENTED_EDGE('',*,*,#6414,.F.);
#6414 = EDGE_CURVE('',#2507,#6407,#6415,.T.);
#6415 = LINE('',#6416,#6417);
#6416 = CARTESIAN_POINT('',(-57.81,-10.7,7.11));
#6417 = VECTOR('',#6418,1.);
#6418 = DIRECTION('',(-1.,-0.,-0.));
#6419 = PLANE('',#6420);
#6420 = AXIS2_PLACEMENT_3D('',#6421,#6422,#6423);
#6421 = CARTESIAN_POINT('',(-57.81,-10.7,-0.55));
#6422 = DIRECTION('',(0.,1.,0.));
#6423 = DIRECTION('',(0.,0.,1.));
#6424 = ADVANCED_FACE('',(#6425),#6436,.T.);
#6425 = FACE_BOUND('',#6426,.T.);
#6426 = EDGE_LOOP('',(#6427,#6428,#6429,#6435));
#6427 = ORIENTED_EDGE('',*,*,#2506,.T.);
#6428 = ORIENTED_EDGE('',*,*,#6382,.T.);
#6429 = ORIENTED_EDGE('',*,*,#6430,.T.);
#6430 = EDGE_CURVE('',#6383,#6407,#6431,.T.);
#6431 = LINE('',#6432,#6433);
#6432 = CARTESIAN_POINT('',(-60.81,-11.7,7.11));
#6433 = VECTOR('',#6434,1.);
#6434 = DIRECTION('',(0.,1.,0.));
#6435 = ORIENTED_EDGE('',*,*,#6414,.F.);
#6436 = PLANE('',#6437);
#6437 = AXIS2_PLACEMENT_3D('',#6438,#6439,#6440);
#6438 = CARTESIAN_POINT('',(-59.31,-28.325,7.11));
#6439 = DIRECTION('',(-0.,-0.,-1.));
#6440 = DIRECTION('',(-1.,0.,0.));
#6441 = ADVANCED_FACE('',(#6442,#6453,#6473,#6493,#6513,#6533),#6537,.T.
  );
#6442 = FACE_BOUND('',#6443,.T.);
#6443 = EDGE_LOOP('',(#6444,#6450,#6451,#6452));
#6444 = ORIENTED_EDGE('',*,*,#6445,.F.);
#6445 = EDGE_CURVE('',#2579,#4537,#6446,.T.);
#6446 = LINE('',#6447,#6448);
#6447 = CARTESIAN_POINT('',(-57.81,-50.8,-6.));
#6448 = VECTOR('',#6449,1.);
#6449 = DIRECTION('',(-1.,0.,0.));
#6450 = ORIENTED_EDGE('',*,*,#2578,.F.);
#6451 = ORIENTED_EDGE('',*,*,#2538,.T.);
#6452 = ORIENTED_EDGE('',*,*,#4575,.T.);
#6453 = FACE_BOUND('',#6454,.T.);
#6454 = EDGE_LOOP('',(#6455,#6466));
#6455 = ORIENTED_EDGE('',*,*,#6456,.F.);
#6456 = EDGE_CURVE('',#6457,#6459,#6461,.T.);
#6457 = VERTEX_POINT('',#6458);
#6458 = CARTESIAN_POINT('',(-46.225,-50.8,-1.44));
#6459 = VERTEX_POINT('',#6460);
#6460 = CARTESIAN_POINT('',(-48.975,-50.8,-1.44));
#6461 = CIRCLE('',#6462,1.375);
#6462 = AXIS2_PLACEMENT_3D('',#6463,#6464,#6465);
#6463 = CARTESIAN_POINT('',(-47.6,-50.8,-1.44));
#6464 = DIRECTION('',(0.,-1.,2.2E-16));
#6465 = DIRECTION('',(1.,0.,0.));
#6466 = ORIENTED_EDGE('',*,*,#6467,.F.);
#6467 = EDGE_CURVE('',#6459,#6457,#6468,.T.);
#6468 = CIRCLE('',#6469,1.375);
#6469 = AXIS2_PLACEMENT_3D('',#6470,#6471,#6472);
#6470 = CARTESIAN_POINT('',(-47.6,-50.8,-1.44));
#6471 = DIRECTION('',(0.,-1.,2.2E-16));
#6472 = DIRECTION('',(1.,0.,0.));
#6473 = FACE_BOUND('',#6474,.T.);
#6474 = EDGE_LOOP('',(#6475,#6486));
#6475 = ORIENTED_EDGE('',*,*,#6476,.F.);
#6476 = EDGE_CURVE('',#6477,#6479,#6481,.T.);
#6477 = VERTEX_POINT('',#6478);
#6478 = CARTESIAN_POINT('',(-35.435,-50.8,-1.44));
#6479 = VERTEX_POINT('',#6480);
#6480 = CARTESIAN_POINT('',(-38.185,-50.8,-1.44));
#6481 = CIRCLE('',#6482,1.375);
#6482 = AXIS2_PLACEMENT_3D('',#6483,#6484,#6485);
#6483 = CARTESIAN_POINT('',(-36.81,-50.8,-1.44));
#6484 = DIRECTION('',(0.,-1.,2.2E-16));
#6485 = DIRECTION('',(1.,0.,0.));
#6486 = ORIENTED_EDGE('',*,*,#6487,.F.);
#6487 = EDGE_CURVE('',#6479,#6477,#6488,.T.);
#6488 = CIRCLE('',#6489,1.375);
#6489 = AXIS2_PLACEMENT_3D('',#6490,#6491,#6492);
#6490 = CARTESIAN_POINT('',(-36.81,-50.8,-1.44));
#6491 = DIRECTION('',(0.,-1.,2.2E-16));
#6492 = DIRECTION('',(1.,0.,0.));
#6493 = FACE_BOUND('',#6494,.T.);
#6494 = EDGE_LOOP('',(#6495,#6506));
#6495 = ORIENTED_EDGE('',*,*,#6496,.F.);
#6496 = EDGE_CURVE('',#6497,#6499,#6501,.T.);
#6497 = VERTEX_POINT('',#6498);
#6498 = CARTESIAN_POINT('',(13.775,-50.8,-1.44));
#6499 = VERTEX_POINT('',#6500);
#6500 = CARTESIAN_POINT('',(11.025,-50.8,-1.44));
#6501 = CIRCLE('',#6502,1.375);
#6502 = AXIS2_PLACEMENT_3D('',#6503,#6504,#6505);
#6503 = CARTESIAN_POINT('',(12.4,-50.8,-1.44));
#6504 = DIRECTION('',(0.,-1.,2.2E-16));
#6505 = DIRECTION('',(1.,0.,0.));
#6506 = ORIENTED_EDGE('',*,*,#6507,.F.);
#6507 = EDGE_CURVE('',#6499,#6497,#6508,.T.);
#6508 = CIRCLE('',#6509,1.375);
#6509 = AXIS2_PLACEMENT_3D('',#6510,#6511,#6512);
#6510 = CARTESIAN_POINT('',(12.4,-50.8,-1.44));
#6511 = DIRECTION('',(0.,-1.,2.2E-16));
#6512 = DIRECTION('',(1.,0.,0.));
#6513 = FACE_BOUND('',#6514,.T.);
#6514 = EDGE_LOOP('',(#6515,#6526));
#6515 = ORIENTED_EDGE('',*,*,#6516,.F.);
#6516 = EDGE_CURVE('',#6517,#6519,#6521,.T.);
#6517 = VERTEX_POINT('',#6518);
#6518 = CARTESIAN_POINT('',(24.565,-50.8,-1.44));
#6519 = VERTEX_POINT('',#6520);
#6520 = CARTESIAN_POINT('',(21.815,-50.8,-1.44));
#6521 = CIRCLE('',#6522,1.375);
#6522 = AXIS2_PLACEMENT_3D('',#6523,#6524,#6525);
#6523 = CARTESIAN_POINT('',(23.19,-50.8,-1.44));
#6524 = DIRECTION('',(0.,-1.,2.2E-16));
#6525 = DIRECTION('',(1.,0.,0.));
#6526 = ORIENTED_EDGE('',*,*,#6527,.F.);
#6527 = EDGE_CURVE('',#6519,#6517,#6528,.T.);
#6528 = CIRCLE('',#6529,1.375);
#6529 = AXIS2_PLACEMENT_3D('',#6530,#6531,#6532);
#6530 = CARTESIAN_POINT('',(23.19,-50.8,-1.44));
#6531 = DIRECTION('',(0.,-1.,2.2E-16));
#6532 = DIRECTION('',(1.,0.,0.));
#6533 = FACE_BOUND('',#6534,.T.);
#6534 = EDGE_LOOP('',(#6535,#6536));
#6535 = ORIENTED_EDGE('',*,*,#2678,.F.);
#6536 = ORIENTED_EDGE('',*,*,#2669,.F.);
#6537 = PLANE('',#6538);
#6538 = AXIS2_PLACEMENT_3D('',#6539,#6540,#6541);
#6539 = CARTESIAN_POINT('',(-2.205755513204,-50.8,5.454244486796));
#6540 = DIRECTION('',(-0.,-1.,-2.5E-16));
#6541 = DIRECTION('',(0.,2.5E-16,-1.));
#6542 = ADVANCED_FACE('',(#6543,#6577,#6580,#6583,#6594),#6605,.T.);
#6543 = FACE_BOUND('',#6544,.T.);
#6544 = EDGE_LOOP('',(#6545,#6553,#6561,#6567,#6568,#6574,#6575,#6576));
#6545 = ORIENTED_EDGE('',*,*,#6546,.F.);
#6546 = EDGE_CURVE('',#6547,#4535,#6549,.T.);
#6547 = VERTEX_POINT('',#6548);
#6548 = CARTESIAN_POINT('',(-57.81,-50.25,-6.));
#6549 = LINE('',#6550,#6551);
#6550 = CARTESIAN_POINT('',(-57.81,-50.25,-6.));
#6551 = VECTOR('',#6552,1.);
#6552 = DIRECTION('',(-0.172380331752,-0.985030467156,-0.));
#6553 = ORIENTED_EDGE('',*,*,#6554,.T.);
#6554 = EDGE_CURVE('',#6547,#6555,#6557,.T.);
#6555 = VERTEX_POINT('',#6556);
#6556 = CARTESIAN_POINT('',(-57.81,50.25,-6.));
#6557 = LINE('',#6558,#6559);
#6558 = CARTESIAN_POINT('',(-57.81,-50.25,-6.));
#6559 = VECTOR('',#6560,1.);
#6560 = DIRECTION('',(0.,1.,-2.2E-16));
#6561 = ORIENTED_EDGE('',*,*,#6562,.T.);
#6562 = EDGE_CURVE('',#6555,#4686,#6563,.T.);
#6563 = LINE('',#6564,#6565);
#6564 = CARTESIAN_POINT('',(-57.81,50.25,-6.));
#6565 = VECTOR('',#6566,1.);
#6566 = DIRECTION('',(-0.172380331752,0.985030467156,0.));
#6567 = ORIENTED_EDGE('',*,*,#4693,.F.);
#6568 = ORIENTED_EDGE('',*,*,#6569,.T.);
#6569 = EDGE_CURVE('',#4660,#2587,#6570,.T.);
#6570 = LINE('',#6571,#6572);
#6571 = CARTESIAN_POINT('',(-57.81,50.8,-6.));
#6572 = VECTOR('',#6573,1.);
#6573 = DIRECTION('',(1.,0.,0.));
#6574 = ORIENTED_EDGE('',*,*,#2586,.F.);
#6575 = ORIENTED_EDGE('',*,*,#6445,.T.);
#6576 = ORIENTED_EDGE('',*,*,#4534,.F.);
#6577 = FACE_BOUND('',#6578,.T.);
#6578 = EDGE_LOOP('',(#6579));
#6579 = ORIENTED_EDGE('',*,*,#2707,.F.);
#6580 = FACE_BOUND('',#6581,.T.);
#6581 = EDGE_LOOP('',(#6582));
#6582 = ORIENTED_EDGE('',*,*,#4510,.F.);
#6583 = FACE_BOUND('',#6584,.T.);
#6584 = EDGE_LOOP('',(#6585));
#6585 = ORIENTED_EDGE('',*,*,#6586,.F.);
#6586 = EDGE_CURVE('',#6587,#6587,#6589,.T.);
#6587 = VERTEX_POINT('',#6588);
#6588 = CARTESIAN_POINT('',(44.565,47.,-6.));
#6589 = CIRCLE('',#6590,1.375);
#6590 = AXIS2_PLACEMENT_3D('',#6591,#6592,#6593);
#6591 = CARTESIAN_POINT('',(43.19,47.,-6.));
#6592 = DIRECTION('',(0.,0.,-1.));
#6593 = DIRECTION('',(1.,0.,0.));
#6594 = FACE_BOUND('',#6595,.T.);
#6595 = EDGE_LOOP('',(#6596));
#6596 = ORIENTED_EDGE('',*,*,#6597,.F.);
#6597 = EDGE_CURVE('',#6598,#6598,#6600,.T.);
#6598 = VERTEX_POINT('',#6599);
#6599 = CARTESIAN_POINT('',(-25.435,47.,-6.));
#6600 = CIRCLE('',#6601,1.375);
#6601 = AXIS2_PLACEMENT_3D('',#6602,#6603,#6604);
#6602 = CARTESIAN_POINT('',(-26.81,47.,-6.));
#6603 = DIRECTION('',(0.,0.,-1.));
#6604 = DIRECTION('',(1.,0.,0.));
#6605 = PLANE('',#6606);
#6606 = AXIS2_PLACEMENT_3D('',#6607,#6608,#6609);
#6607 = CARTESIAN_POINT('',(-1.186977749119,4.4E-16,-6.));
#6608 = DIRECTION('',(-0.,-0.,-1.));
#6609 = DIRECTION('',(-1.,0.,0.));
#6610 = ADVANCED_FACE('',(#6611,#6617,#6628,#6639,#6650,#6661),#6672,.T.
  );
#6611 = FACE_BOUND('',#6612,.T.);
#6612 = EDGE_LOOP('',(#6613,#6614,#6615,#6616));
#6613 = ORIENTED_EDGE('',*,*,#4659,.F.);
#6614 = ORIENTED_EDGE('',*,*,#4733,.T.);
#6615 = ORIENTED_EDGE('',*,*,#2594,.F.);
#6616 = ORIENTED_EDGE('',*,*,#6569,.F.);
#6617 = FACE_BOUND('',#6618,.T.);
#6618 = EDGE_LOOP('',(#6619));
#6619 = ORIENTED_EDGE('',*,*,#6620,.T.);
#6620 = EDGE_CURVE('',#6621,#6621,#6623,.T.);
#6621 = VERTEX_POINT('',#6622);
#6622 = CARTESIAN_POINT('',(-46.225,50.8,-1.44));
#6623 = CIRCLE('',#6624,1.375);
#6624 = AXIS2_PLACEMENT_3D('',#6625,#6626,#6627);
#6625 = CARTESIAN_POINT('',(-47.6,50.8,-1.44));
#6626 = DIRECTION('',(0.,-1.,2.2E-16));
#6627 = DIRECTION('',(1.,0.,0.));
#6628 = FACE_BOUND('',#6629,.T.);
#6629 = EDGE_LOOP('',(#6630));
#6630 = ORIENTED_EDGE('',*,*,#6631,.T.);
#6631 = EDGE_CURVE('',#6632,#6632,#6634,.T.);
#6632 = VERTEX_POINT('',#6633);
#6633 = CARTESIAN_POINT('',(-35.435,50.8,-1.44));
#6634 = CIRCLE('',#6635,1.375);
#6635 = AXIS2_PLACEMENT_3D('',#6636,#6637,#6638);
#6636 = CARTESIAN_POINT('',(-36.81,50.8,-1.44));
#6637 = DIRECTION('',(0.,-1.,2.2E-16));
#6638 = DIRECTION('',(1.,0.,0.));
#6639 = FACE_BOUND('',#6640,.T.);
#6640 = EDGE_LOOP('',(#6641));
#6641 = ORIENTED_EDGE('',*,*,#6642,.T.);
#6642 = EDGE_CURVE('',#6643,#6643,#6645,.T.);
#6643 = VERTEX_POINT('',#6644);
#6644 = CARTESIAN_POINT('',(13.775,50.8,-1.44));
#6645 = CIRCLE('',#6646,1.375);
#6646 = AXIS2_PLACEMENT_3D('',#6647,#6648,#6649);
#6647 = CARTESIAN_POINT('',(12.4,50.8,-1.44));
#6648 = DIRECTION('',(0.,-1.,2.2E-16));
#6649 = DIRECTION('',(1.,0.,0.));
#6650 = FACE_BOUND('',#6651,.T.);
#6651 = EDGE_LOOP('',(#6652));
#6652 = ORIENTED_EDGE('',*,*,#6653,.T.);
#6653 = EDGE_CURVE('',#6654,#6654,#6656,.T.);
#6654 = VERTEX_POINT('',#6655);
#6655 = CARTESIAN_POINT('',(24.565,50.8,-1.44));
#6656 = CIRCLE('',#6657,1.375);
#6657 = AXIS2_PLACEMENT_3D('',#6658,#6659,#6660);
#6658 = CARTESIAN_POINT('',(23.19,50.8,-1.44));
#6659 = DIRECTION('',(0.,-1.,2.2E-16));
#6660 = DIRECTION('',(1.,0.,0.));
#6661 = FACE_BOUND('',#6662,.T.);
#6662 = EDGE_LOOP('',(#6663));
#6663 = ORIENTED_EDGE('',*,*,#6664,.T.);
#6664 = EDGE_CURVE('',#6665,#6665,#6667,.T.);
#6665 = VERTEX_POINT('',#6666);
#6666 = CARTESIAN_POINT('',(54.565,50.8,-1.44));
#6667 = CIRCLE('',#6668,1.375);
#6668 = AXIS2_PLACEMENT_3D('',#6669,#6670,#6671);
#6669 = CARTESIAN_POINT('',(53.19,50.8,-1.44));
#6670 = DIRECTION('',(0.,-1.,2.2E-16));
#6671 = DIRECTION('',(1.,0.,0.));
#6672 = PLANE('',#6673);
#6673 = AXIS2_PLACEMENT_3D('',#6674,#6675,#6676);
#6674 = CARTESIAN_POINT('',(-2.205755513204,50.8,5.454244486796));
#6675 = DIRECTION('',(0.,1.,2.5E-16));
#6676 = DIRECTION('',(0.,-2.5E-16,1.));
#6677 = ADVANCED_FACE('',(#6678),#6689,.T.);
#6678 = FACE_BOUND('',#6679,.T.);
#6679 = EDGE_LOOP('',(#6680,#6681,#6687,#6688));
#6680 = ORIENTED_EDGE('',*,*,#3072,.T.);
#6681 = ORIENTED_EDGE('',*,*,#6682,.T.);
#6682 = EDGE_CURVE('',#3065,#2741,#6683,.T.);
#6683 = LINE('',#6684,#6685);
#6684 = CARTESIAN_POINT('',(-50.97499999991,46.95,-1.45));
#6685 = VECTOR('',#6686,1.);
#6686 = DIRECTION('',(0.,1.,0.));
#6687 = ORIENTED_EDGE('',*,*,#2740,.T.);
#6688 = ORIENTED_EDGE('',*,*,#3029,.T.);
#6689 = PLANE('',#6690);
#6690 = AXIS2_PLACEMENT_3D('',#6691,#6692,#6693);
#6691 = CARTESIAN_POINT('',(-5.905543822566,1.334874953739E-11,-1.45));
#6692 = DIRECTION('',(0.,0.,1.));
#6693 = DIRECTION('',(1.,0.,0.));
#6694 = ADVANCED_FACE('',(#6695),#6706,.T.);
#6695 = FACE_BOUND('',#6696,.T.);
#6696 = EDGE_LOOP('',(#6697,#6703,#6704,#6705));
#6697 = ORIENTED_EDGE('',*,*,#6698,.F.);
#6698 = EDGE_CURVE('',#2749,#3056,#6699,.T.);
#6699 = LINE('',#6700,#6701);
#6700 = CARTESIAN_POINT('',(-50.975,48.75,-1.44));
#6701 = VECTOR('',#6702,1.);
#6702 = DIRECTION('',(0.,-1.,2.2E-16));
#6703 = ORIENTED_EDGE('',*,*,#2748,.T.);
#6704 = ORIENTED_EDGE('',*,*,#6682,.F.);
#6705 = ORIENTED_EDGE('',*,*,#3064,.F.);
#6706 = PLANE('',#6707);
#6707 = AXIS2_PLACEMENT_3D('',#6708,#6709,#6710);
#6708 = CARTESIAN_POINT('',(-50.97499999994,47.85,-3.47));
#6709 = DIRECTION('',(-1.,-0.,-2.352759E-11));
#6710 = DIRECTION('',(2.352759E-11,0.,-1.));
#6711 = ADVANCED_FACE('',(#6712),#6723,.T.);
#6712 = FACE_BOUND('',#6713,.F.);
#6713 = EDGE_LOOP('',(#6714,#6720,#6721,#6722));
#6714 = ORIENTED_EDGE('',*,*,#6715,.T.);
#6715 = EDGE_CURVE('',#2757,#3048,#6716,.T.);
#6716 = LINE('',#6717,#6718);
#6717 = CARTESIAN_POINT('',(-44.225,48.75,-1.44));
#6718 = VECTOR('',#6719,1.);
#6719 = DIRECTION('',(0.,-1.,2.2E-16));
#6720 = ORIENTED_EDGE('',*,*,#3055,.T.);
#6721 = ORIENTED_EDGE('',*,*,#6698,.F.);
#6722 = ORIENTED_EDGE('',*,*,#2756,.F.);
#6723 = CYLINDRICAL_SURFACE('',#6724,3.375);
#6724 = AXIS2_PLACEMENT_3D('',#6725,#6726,#6727);
#6725 = CARTESIAN_POINT('',(-47.6,48.75,-1.44));
#6726 = DIRECTION('',(0.,1.,-2.2E-16));
#6727 = DIRECTION('',(1.,0.,0.));
#6728 = ADVANCED_FACE('',(#6729),#6740,.T.);
#6729 = FACE_BOUND('',#6730,.T.);
#6730 = EDGE_LOOP('',(#6731,#6732,#6733,#6739));
#6731 = ORIENTED_EDGE('',*,*,#6715,.T.);
#6732 = ORIENTED_EDGE('',*,*,#3047,.T.);
#6733 = ORIENTED_EDGE('',*,*,#6734,.T.);
#6734 = EDGE_CURVE('',#868,#2766,#6735,.T.);
#6735 = LINE('',#6736,#6737);
#6736 = CARTESIAN_POINT('',(-44.225,46.95,-4.));
#6737 = VECTOR('',#6738,1.);
#6738 = DIRECTION('',(0.,1.,-2.22044604925E-16));
#6739 = ORIENTED_EDGE('',*,*,#2765,.T.);
#6740 = PLANE('',#6741);
#6741 = AXIS2_PLACEMENT_3D('',#6742,#6743,#6744);
#6742 = CARTESIAN_POINT('',(-44.225,47.85,-2.72));
#6743 = DIRECTION('',(1.,0.,0.));
#6744 = DIRECTION('',(0.,0.,1.));
#6745 = ADVANCED_FACE('',(#6746),#6757,.F.);
#6746 = FACE_BOUND('',#6747,.F.);
#6747 = EDGE_LOOP('',(#6748,#6749,#6750,#6751));
#6748 = ORIENTED_EDGE('',*,*,#3097,.F.);
#6749 = ORIENTED_EDGE('',*,*,#6734,.T.);
#6750 = ORIENTED_EDGE('',*,*,#2773,.F.);
#6751 = ORIENTED_EDGE('',*,*,#6752,.F.);
#6752 = EDGE_CURVE('',#3098,#2774,#6753,.T.);
#6753 = LINE('',#6754,#6755);
#6754 = CARTESIAN_POINT('',(-40.20078125,23.475000000007,-1.45));
#6755 = VECTOR('',#6756,1.);
#6756 = DIRECTION('',(3.504141421473E-16,1.,0.));
#6757 = PLANE('',#6758);
#6758 = AXIS2_PLACEMENT_3D('',#6759,#6760,#6761);
#6759 = CARTESIAN_POINT('',(-44.225,46.95,-4.));
#6760 = DIRECTION('',(0.535251034563,-1.875595321098E-16,-0.84469303892)
  );
#6761 = DIRECTION('',(0.84469303892,1.188496045052E-16,0.535251034563));
#6762 = ADVANCED_FACE('',(#6763),#6774,.T.);
#6763 = FACE_BOUND('',#6764,.T.);
#6764 = EDGE_LOOP('',(#6765,#6766,#6767,#6773));
#6765 = ORIENTED_EDGE('',*,*,#6752,.F.);
#6766 = ORIENTED_EDGE('',*,*,#3131,.T.);
#6767 = ORIENTED_EDGE('',*,*,#6768,.T.);
#6768 = EDGE_CURVE('',#3124,#2782,#6769,.T.);
#6769 = LINE('',#6770,#6771);
#6770 = CARTESIAN_POINT('',(-40.185,46.95,-1.45));
#6771 = VECTOR('',#6772,1.);
#6772 = DIRECTION('',(0.,1.,0.));
#6773 = ORIENTED_EDGE('',*,*,#2781,.T.);
#6774 = PLANE('',#6775);
#6775 = AXIS2_PLACEMENT_3D('',#6776,#6777,#6778);
#6776 = CARTESIAN_POINT('',(-5.905543822566,1.334874953739E-11,-1.45));
#6777 = DIRECTION('',(0.,0.,1.));
#6778 = DIRECTION('',(1.,0.,0.));
#6779 = ADVANCED_FACE('',(#6780),#6791,.T.);
#6780 = FACE_BOUND('',#6781,.T.);
#6781 = EDGE_LOOP('',(#6782,#6788,#6789,#6790));
#6782 = ORIENTED_EDGE('',*,*,#6783,.F.);
#6783 = EDGE_CURVE('',#2790,#3115,#6784,.T.);
#6784 = LINE('',#6785,#6786);
#6785 = CARTESIAN_POINT('',(-40.185,48.75,-1.44));
#6786 = VECTOR('',#6787,1.);
#6787 = DIRECTION('',(0.,-1.,2.2E-16));
#6788 = ORIENTED_EDGE('',*,*,#2789,.T.);
#6789 = ORIENTED_EDGE('',*,*,#6768,.F.);
#6790 = ORIENTED_EDGE('',*,*,#3123,.F.);
#6791 = PLANE('',#6792);
#6792 = AXIS2_PLACEMENT_3D('',#6793,#6794,#6795);
#6793 = CARTESIAN_POINT('',(-40.185,47.85,-3.47));
#6794 = DIRECTION('',(-1.,-0.,-0.));
#6795 = DIRECTION('',(0.,0.,-1.));
#6796 = ADVANCED_FACE('',(#6797),#6803,.T.);
#6797 = FACE_BOUND('',#6798,.F.);
#6798 = EDGE_LOOP('',(#6799,#6800,#6801,#6802));
#6799 = ORIENTED_EDGE('',*,*,#3157,.T.);
#6800 = ORIENTED_EDGE('',*,*,#3114,.T.);
#6801 = ORIENTED_EDGE('',*,*,#6783,.F.);
#6802 = ORIENTED_EDGE('',*,*,#2797,.F.);
#6803 = CYLINDRICAL_SURFACE('',#6804,3.375);
#6804 = AXIS2_PLACEMENT_3D('',#6805,#6806,#6807);
#6805 = CARTESIAN_POINT('',(-36.81,48.75,-1.44));
#6806 = DIRECTION('',(0.,1.,-2.2E-16));
#6807 = DIRECTION('',(1.,0.,0.));
#6808 = ADVANCED_FACE('',(#6809,#6815),#6826,.T.);
#6809 = FACE_BOUND('',#6810,.F.);
#6810 = EDGE_LOOP('',(#6811,#6812,#6813,#6814));
#6811 = ORIENTED_EDGE('',*,*,#3182,.T.);
#6812 = ORIENTED_EDGE('',*,*,#2821,.F.);
#6813 = ORIENTED_EDGE('',*,*,#3224,.F.);
#6814 = ORIENTED_EDGE('',*,*,#3199,.F.);
#6815 = FACE_BOUND('',#6816,.F.);
#6816 = EDGE_LOOP('',(#6817));
#6817 = ORIENTED_EDGE('',*,*,#6818,.T.);
#6818 = EDGE_CURVE('',#6819,#6819,#6821,.T.);
#6819 = VERTEX_POINT('',#6820);
#6820 = CARTESIAN_POINT('',(-25.435,47.,-3.));
#6821 = CIRCLE('',#6822,1.375);
#6822 = AXIS2_PLACEMENT_3D('',#6823,#6824,#6825);
#6823 = CARTESIAN_POINT('',(-26.81,47.,-3.));
#6824 = DIRECTION('',(0.,0.,1.));
#6825 = DIRECTION('',(1.,0.,0.));
#6826 = PLANE('',#6827);
#6827 = AXIS2_PLACEMENT_3D('',#6828,#6829,#6830);
#6828 = CARTESIAN_POINT('',(8.189999999958,-4.809027E-11,-3.));
#6829 = DIRECTION('',(0.,0.,1.));
#6830 = DIRECTION('',(1.,0.,0.));
#6831 = ADVANCED_FACE('',(#6832),#6843,.T.);
#6832 = FACE_BOUND('',#6833,.T.);
#6833 = EDGE_LOOP('',(#6834,#6835,#6836,#6837));
#6834 = ORIENTED_EDGE('',*,*,#2844,.T.);
#6835 = ORIENTED_EDGE('',*,*,#3249,.F.);
#6836 = ORIENTED_EDGE('',*,*,#3290,.T.);
#6837 = ORIENTED_EDGE('',*,*,#6838,.T.);
#6838 = EDGE_CURVE('',#3283,#2845,#6839,.T.);
#6839 = LINE('',#6840,#6841);
#6840 = CARTESIAN_POINT('',(9.025000000087,46.95,-1.45));
#6841 = VECTOR('',#6842,1.);
#6842 = DIRECTION('',(0.,1.,0.));
#6843 = PLANE('',#6844);
#6844 = AXIS2_PLACEMENT_3D('',#6845,#6846,#6847);
#6845 = CARTESIAN_POINT('',(-5.905543822566,1.334874953739E-11,-1.45));
#6846 = DIRECTION('',(0.,0.,1.));
#6847 = DIRECTION('',(1.,0.,0.));
#6848 = ADVANCED_FACE('',(#6849),#6860,.T.);
#6849 = FACE_BOUND('',#6850,.T.);
#6850 = EDGE_LOOP('',(#6851,#6857,#6858,#6859));
#6851 = ORIENTED_EDGE('',*,*,#6852,.F.);
#6852 = EDGE_CURVE('',#2853,#3274,#6853,.T.);
#6853 = LINE('',#6854,#6855);
#6854 = CARTESIAN_POINT('',(9.025,48.75,-1.44));
#6855 = VECTOR('',#6856,1.);
#6856 = DIRECTION('',(0.,-1.,2.2E-16));
#6857 = ORIENTED_EDGE('',*,*,#2852,.T.);
#6858 = ORIENTED_EDGE('',*,*,#6838,.F.);
#6859 = ORIENTED_EDGE('',*,*,#3282,.F.);
#6860 = PLANE('',#6861);
#6861 = AXIS2_PLACEMENT_3D('',#6862,#6863,#6864);
#6862 = CARTESIAN_POINT('',(9.025000000055,47.85,-3.47));
#6863 = DIRECTION('',(-1.,-0.,-2.352807E-11));
#6864 = DIRECTION('',(2.352807E-11,0.,-1.));
#6865 = ADVANCED_FACE('',(#6866),#6877,.T.);
#6866 = FACE_BOUND('',#6867,.F.);
#6867 = EDGE_LOOP('',(#6868,#6874,#6875,#6876));
#6868 = ORIENTED_EDGE('',*,*,#6869,.T.);
#6869 = EDGE_CURVE('',#2861,#3266,#6870,.T.);
#6870 = LINE('',#6871,#6872);
#6871 = CARTESIAN_POINT('',(15.775,48.75,-1.44));
#6872 = VECTOR('',#6873,1.);
#6873 = DIRECTION('',(0.,-1.,2.2E-16));
#6874 = ORIENTED_EDGE('',*,*,#3273,.T.);
#6875 = ORIENTED_EDGE('',*,*,#6852,.F.);
#6876 = ORIENTED_EDGE('',*,*,#2860,.F.);
#6877 = CYLINDRICAL_SURFACE('',#6878,3.375);
#6878 = AXIS2_PLACEMENT_3D('',#6879,#6880,#6881);
#6879 = CARTESIAN_POINT('',(12.4,48.75,-1.44));
#6880 = DIRECTION('',(0.,1.,-2.2E-16));
#6881 = DIRECTION('',(1.,0.,0.));
#6882 = ADVANCED_FACE('',(#6883),#6894,.T.);
#6883 = FACE_BOUND('',#6884,.T.);
#6884 = EDGE_LOOP('',(#6885,#6886,#6887,#6893));
#6885 = ORIENTED_EDGE('',*,*,#6869,.T.);
#6886 = ORIENTED_EDGE('',*,*,#3265,.T.);
#6887 = ORIENTED_EDGE('',*,*,#6888,.T.);
#6888 = EDGE_CURVE('',#795,#2870,#6889,.T.);
#6889 = LINE('',#6890,#6891);
#6890 = CARTESIAN_POINT('',(15.775,46.95,-4.));
#6891 = VECTOR('',#6892,1.);
#6892 = DIRECTION('',(0.,1.,-2.22044604925E-16));
#6893 = ORIENTED_EDGE('',*,*,#2869,.T.);
#6894 = PLANE('',#6895);
#6895 = AXIS2_PLACEMENT_3D('',#6896,#6897,#6898);
#6896 = CARTESIAN_POINT('',(15.775,47.85,-2.72));
#6897 = DIRECTION('',(1.,0.,0.));
#6898 = DIRECTION('',(0.,0.,1.));
#6899 = ADVANCED_FACE('',(#6900),#6911,.F.);
#6900 = FACE_BOUND('',#6901,.F.);
#6901 = EDGE_LOOP('',(#6902,#6903,#6904,#6905));
#6902 = ORIENTED_EDGE('',*,*,#3315,.F.);
#6903 = ORIENTED_EDGE('',*,*,#6888,.T.);
#6904 = ORIENTED_EDGE('',*,*,#2877,.F.);
#6905 = ORIENTED_EDGE('',*,*,#6906,.F.);
#6906 = EDGE_CURVE('',#3316,#2878,#6907,.T.);
#6907 = LINE('',#6908,#6909);
#6908 = CARTESIAN_POINT('',(19.79921875,23.475000000007,-1.45));
#6909 = VECTOR('',#6910,1.);
#6910 = DIRECTION('',(3.504141421473E-16,1.,0.));
#6911 = PLANE('',#6912);
#6912 = AXIS2_PLACEMENT_3D('',#6913,#6914,#6915);
#6913 = CARTESIAN_POINT('',(15.775,46.95,-4.));
#6914 = DIRECTION('',(0.535251034563,-1.875595321098E-16,-0.84469303892)
  );
#6915 = DIRECTION('',(0.84469303892,1.188496045052E-16,0.535251034563));
#6916 = ADVANCED_FACE('',(#6917),#6928,.T.);
#6917 = FACE_BOUND('',#6918,.T.);
#6918 = EDGE_LOOP('',(#6919,#6920,#6921,#6927));
#6919 = ORIENTED_EDGE('',*,*,#6906,.F.);
#6920 = ORIENTED_EDGE('',*,*,#3349,.T.);
#6921 = ORIENTED_EDGE('',*,*,#6922,.T.);
#6922 = EDGE_CURVE('',#3342,#2886,#6923,.T.);
#6923 = LINE('',#6924,#6925);
#6924 = CARTESIAN_POINT('',(19.815,46.95,-1.45));
#6925 = VECTOR('',#6926,1.);
#6926 = DIRECTION('',(0.,1.,0.));
#6927 = ORIENTED_EDGE('',*,*,#2885,.T.);
#6928 = PLANE('',#6929);
#6929 = AXIS2_PLACEMENT_3D('',#6930,#6931,#6932);
#6930 = CARTESIAN_POINT('',(-5.905543822566,1.334874953739E-11,-1.45));
#6931 = DIRECTION('',(0.,0.,1.));
#6932 = DIRECTION('',(1.,0.,0.));
#6933 = ADVANCED_FACE('',(#6934),#6945,.T.);
#6934 = FACE_BOUND('',#6935,.T.);
#6935 = EDGE_LOOP('',(#6936,#6942,#6943,#6944));
#6936 = ORIENTED_EDGE('',*,*,#6937,.F.);
#6937 = EDGE_CURVE('',#2894,#3333,#6938,.T.);
#6938 = LINE('',#6939,#6940);
#6939 = CARTESIAN_POINT('',(19.815,48.75,-1.44));
#6940 = VECTOR('',#6941,1.);
#6941 = DIRECTION('',(0.,-1.,2.2E-16));
#6942 = ORIENTED_EDGE('',*,*,#2893,.T.);
#6943 = ORIENTED_EDGE('',*,*,#6922,.F.);
#6944 = ORIENTED_EDGE('',*,*,#3341,.F.);
#6945 = PLANE('',#6946);
#6946 = AXIS2_PLACEMENT_3D('',#6947,#6948,#6949);
#6947 = CARTESIAN_POINT('',(19.815,47.85,-3.47));
#6948 = DIRECTION('',(-1.,-0.,-0.));
#6949 = DIRECTION('',(0.,0.,-1.));
#6950 = ADVANCED_FACE('',(#6951),#6957,.T.);
#6951 = FACE_BOUND('',#6952,.F.);
#6952 = EDGE_LOOP('',(#6953,#6954,#6955,#6956));
#6953 = ORIENTED_EDGE('',*,*,#3375,.T.);
#6954 = ORIENTED_EDGE('',*,*,#3332,.T.);
#6955 = ORIENTED_EDGE('',*,*,#6937,.F.);
#6956 = ORIENTED_EDGE('',*,*,#2901,.F.);
#6957 = CYLINDRICAL_SURFACE('',#6958,3.375);
#6958 = AXIS2_PLACEMENT_3D('',#6959,#6960,#6961);
#6959 = CARTESIAN_POINT('',(23.19,48.75,-1.44));
#6960 = DIRECTION('',(0.,1.,-2.2E-16));
#6961 = DIRECTION('',(1.,0.,0.));
#6962 = ADVANCED_FACE('',(#6963,#6974),#6985,.T.);
#6963 = FACE_BOUND('',#6964,.F.);
#6964 = EDGE_LOOP('',(#6965,#6966,#6967,#6973));
#6965 = ORIENTED_EDGE('',*,*,#3400,.T.);
#6966 = ORIENTED_EDGE('',*,*,#2925,.F.);
#6967 = ORIENTED_EDGE('',*,*,#6968,.F.);
#6968 = EDGE_CURVE('',#3418,#2926,#6969,.T.);
#6969 = LINE('',#6970,#6971);
#6970 = CARTESIAN_POINT('',(46.564999999984,47.000000000049,-3.));
#6971 = VECTOR('',#6972,1.);
#6972 = DIRECTION('',(0.,1.,0.));
#6973 = ORIENTED_EDGE('',*,*,#3417,.F.);
#6974 = FACE_BOUND('',#6975,.F.);
#6975 = EDGE_LOOP('',(#6976));
#6976 = ORIENTED_EDGE('',*,*,#6977,.T.);
#6977 = EDGE_CURVE('',#6978,#6978,#6980,.T.);
#6978 = VERTEX_POINT('',#6979);
#6979 = CARTESIAN_POINT('',(44.565,47.000000000049,-3.));
#6980 = CIRCLE('',#6981,1.375);
#6981 = AXIS2_PLACEMENT_3D('',#6982,#6983,#6984);
#6982 = CARTESIAN_POINT('',(43.19,47.000000000049,-3.));
#6983 = DIRECTION('',(0.,0.,1.));
#6984 = DIRECTION('',(1.,0.,0.));
#6985 = PLANE('',#6986);
#6986 = AXIS2_PLACEMENT_3D('',#6987,#6988,#6989);
#6987 = CARTESIAN_POINT('',(8.189999999958,-4.809027E-11,-3.));
#6988 = DIRECTION('',(0.,0.,1.));
#6989 = DIRECTION('',(1.,0.,0.));
#6990 = ADVANCED_FACE('',(#6991),#7002,.F.);
#6991 = FACE_BOUND('',#6992,.F.);
#6992 = EDGE_LOOP('',(#6993,#6999,#7000,#7001));
#6993 = ORIENTED_EDGE('',*,*,#6994,.F.);
#6994 = EDGE_CURVE('',#3427,#2934,#6995,.T.);
#6995 = LINE('',#6996,#6997);
#6996 = CARTESIAN_POINT('',(46.565,46.95,-4.));
#6997 = VECTOR('',#6998,1.);
#6998 = DIRECTION('',(0.,1.,-2.22044604925E-16));
#6999 = ORIENTED_EDGE('',*,*,#3426,.T.);
#7000 = ORIENTED_EDGE('',*,*,#6968,.T.);
#7001 = ORIENTED_EDGE('',*,*,#2933,.F.);
#7002 = PLANE('',#7003);
#7003 = AXIS2_PLACEMENT_3D('',#7004,#7005,#7006);
#7004 = CARTESIAN_POINT('',(46.565,46.95,-1.45));
#7005 = DIRECTION('',(-1.,0.,0.));
#7006 = DIRECTION('',(0.,-2.22044604925E-16,-1.));
#7007 = ADVANCED_FACE('',(#7008),#7020,.F.);
#7008 = FACE_BOUND('',#7009,.F.);
#7009 = EDGE_LOOP('',(#7010,#7011,#7012,#7013,#7014));
#7010 = ORIENTED_EDGE('',*,*,#3449,.F.);
#7011 = ORIENTED_EDGE('',*,*,#3434,.T.);
#7012 = ORIENTED_EDGE('',*,*,#6994,.T.);
#7013 = ORIENTED_EDGE('',*,*,#2941,.F.);
#7014 = ORIENTED_EDGE('',*,*,#7015,.F.);
#7015 = EDGE_CURVE('',#3450,#2942,#7016,.T.);
#7016 = LINE('',#7017,#7018);
#7017 = CARTESIAN_POINT('',(49.8023046875,23.475000000007,-1.45));
#7018 = VECTOR('',#7019,1.);
#7019 = DIRECTION('',(2.818925648462E-16,1.,0.));
#7020 = PLANE('',#7021);
#7021 = AXIS2_PLACEMENT_3D('',#7022,#7023,#7024);
#7022 = CARTESIAN_POINT('',(46.565,46.95,-4.));
#7023 = DIRECTION('',(0.618781837411,-1.744299992282E-16,-0.785562879526
    ));
#7024 = DIRECTION('',(0.785562879526,1.373971686228E-16,0.618781837411)
  );
#7025 = ADVANCED_FACE('',(#7026),#7037,.T.);
#7026 = FACE_BOUND('',#7027,.T.);
#7027 = EDGE_LOOP('',(#7028,#7029,#7030,#7031));
#7028 = ORIENTED_EDGE('',*,*,#2949,.F.);
#7029 = ORIENTED_EDGE('',*,*,#7015,.F.);
#7030 = ORIENTED_EDGE('',*,*,#3483,.T.);
#7031 = ORIENTED_EDGE('',*,*,#7032,.T.);
#7032 = EDGE_CURVE('',#3476,#2950,#7033,.T.);
#7033 = LINE('',#7034,#7035);
#7034 = CARTESIAN_POINT('',(49.815,46.95,-1.45));
#7035 = VECTOR('',#7036,1.);
#7036 = DIRECTION('',(-7.894919286223E-15,1.,0.));
#7037 = PLANE('',#7038);
#7038 = AXIS2_PLACEMENT_3D('',#7039,#7040,#7041);
#7039 = CARTESIAN_POINT('',(-5.905543822566,1.334874953739E-11,-1.45));
#7040 = DIRECTION('',(0.,0.,1.));
#7041 = DIRECTION('',(1.,0.,0.));
#7042 = ADVANCED_FACE('',(#7043),#7054,.T.);
#7043 = FACE_BOUND('',#7044,.T.);
#7044 = EDGE_LOOP('',(#7045,#7051,#7052,#7053));
#7045 = ORIENTED_EDGE('',*,*,#7046,.F.);
#7046 = EDGE_CURVE('',#2958,#3467,#7047,.T.);
#7047 = LINE('',#7048,#7049);
#7048 = CARTESIAN_POINT('',(49.815,48.75,-1.44));
#7049 = VECTOR('',#7050,1.);
#7050 = DIRECTION('',(0.,-1.,2.2E-16));
#7051 = ORIENTED_EDGE('',*,*,#2957,.T.);
#7052 = ORIENTED_EDGE('',*,*,#7032,.F.);
#7053 = ORIENTED_EDGE('',*,*,#3475,.F.);
#7054 = PLANE('',#7055);
#7055 = AXIS2_PLACEMENT_3D('',#7056,#7057,#7058);
#7056 = CARTESIAN_POINT('',(49.815,47.85,-3.47));
#7057 = DIRECTION('',(-1.,-0.,-0.));
#7058 = DIRECTION('',(0.,0.,-1.));
#7059 = ADVANCED_FACE('',(#7060),#7066,.T.);
#7060 = FACE_BOUND('',#7061,.F.);
#7061 = EDGE_LOOP('',(#7062,#7063,#7064,#7065));
#7062 = ORIENTED_EDGE('',*,*,#3509,.T.);
#7063 = ORIENTED_EDGE('',*,*,#3466,.T.);
#7064 = ORIENTED_EDGE('',*,*,#7046,.F.);
#7065 = ORIENTED_EDGE('',*,*,#2965,.F.);
#7066 = CYLINDRICAL_SURFACE('',#7067,3.375);
#7067 = AXIS2_PLACEMENT_3D('',#7068,#7069,#7070);
#7068 = CARTESIAN_POINT('',(53.19,48.75,-1.44));
#7069 = DIRECTION('',(0.,1.,-2.2E-16));
#7070 = DIRECTION('',(1.,0.,0.));
#7071 = ADVANCED_FACE('',(#7072,#7078),#7112,.T.);
#7072 = FACE_BOUND('',#7073,.T.);
#7073 = EDGE_LOOP('',(#7074,#7075,#7076,#7077));
#7074 = ORIENTED_EDGE('',*,*,#2998,.T.);
#7075 = ORIENTED_EDGE('',*,*,#4774,.T.);
#7076 = ORIENTED_EDGE('',*,*,#4756,.T.);
#7077 = ORIENTED_EDGE('',*,*,#4716,.T.);
#7078 = FACE_BOUND('',#7079,.T.);
#7079 = EDGE_LOOP('',(#7080,#7090,#7098,#7106));
#7080 = ORIENTED_EDGE('',*,*,#7081,.T.);
#7081 = EDGE_CURVE('',#7082,#7084,#7086,.T.);
#7082 = VERTEX_POINT('',#7083);
#7083 = CARTESIAN_POINT('',(-59.63,12.37,-1.06));
#7084 = VERTEX_POINT('',#7085);
#7085 = CARTESIAN_POINT('',(-59.63,12.37,15.74));
#7086 = LINE('',#7087,#7088);
#7087 = CARTESIAN_POINT('',(-59.63,12.37,3.1825));
#7088 = VECTOR('',#7089,1.);
#7089 = DIRECTION('',(0.,0.,1.));
#7090 = ORIENTED_EDGE('',*,*,#7091,.T.);
#7091 = EDGE_CURVE('',#7084,#7092,#7094,.T.);
#7092 = VERTEX_POINT('',#7093);
#7093 = CARTESIAN_POINT('',(-59.63,44.78,15.74));
#7094 = LINE('',#7095,#7096);
#7095 = CARTESIAN_POINT('',(-59.63,21.49,15.74));
#7096 = VECTOR('',#7097,1.);
#7097 = DIRECTION('',(0.,1.,0.));
#7098 = ORIENTED_EDGE('',*,*,#7099,.T.);
#7099 = EDGE_CURVE('',#7092,#7100,#7102,.T.);
#7100 = VERTEX_POINT('',#7101);
#7101 = CARTESIAN_POINT('',(-59.63,44.78,-1.06));
#7102 = LINE('',#7103,#7104);
#7103 = CARTESIAN_POINT('',(-59.63,44.78,11.5825));
#7104 = VECTOR('',#7105,1.);
#7105 = DIRECTION('',(0.,0.,-1.));
#7106 = ORIENTED_EDGE('',*,*,#7107,.T.);
#7107 = EDGE_CURVE('',#7100,#7082,#7108,.T.);
#7108 = LINE('',#7109,#7110);
#7109 = CARTESIAN_POINT('',(-59.63,37.695,-1.06));
#7110 = VECTOR('',#7111,1.);
#7111 = DIRECTION('',(0.,-1.,0.));
#7112 = PLANE('',#7113);
#7113 = AXIS2_PLACEMENT_3D('',#7114,#7115,#7116);
#7114 = CARTESIAN_POINT('',(-59.63,30.61,7.425));
#7115 = DIRECTION('',(1.,0.,0.));
#7116 = DIRECTION('',(0.,0.,1.));
#7117 = ADVANCED_FACE('',(#7118),#7128,.F.);
#7118 = FACE_BOUND('',#7119,.T.);
#7119 = EDGE_LOOP('',(#7120,#7121,#7126,#7127));
#7120 = ORIENTED_EDGE('',*,*,#6620,.F.);
#7121 = ORIENTED_EDGE('',*,*,#7122,.F.);
#7122 = EDGE_CURVE('',#3081,#6621,#7123,.T.);
#7123 = B_SPLINE_CURVE_WITH_KNOTS('',1,(#7124,#7125),.UNSPECIFIED.,.F.,
  .F.,(2,2),(-1.8,2.05),.PIECEWISE_BEZIER_KNOTS.);
#7124 = CARTESIAN_POINT('',(-46.225,46.95,-1.44));
#7125 = CARTESIAN_POINT('',(-46.225,50.8,-1.44));
#7126 = ORIENTED_EDGE('',*,*,#3080,.T.);
#7127 = ORIENTED_EDGE('',*,*,#7122,.T.);
#7128 = CYLINDRICAL_SURFACE('',#7129,1.375);
#7129 = AXIS2_PLACEMENT_3D('',#7130,#7131,#7132);
#7130 = CARTESIAN_POINT('',(-47.6,48.75,-1.44));
#7131 = DIRECTION('',(0.,1.,-2.2E-16));
#7132 = DIRECTION('',(1.,0.,0.));
#7133 = ADVANCED_FACE('',(#7134),#7144,.F.);
#7134 = FACE_BOUND('',#7135,.T.);
#7135 = EDGE_LOOP('',(#7136,#7137,#7142,#7143));
#7136 = ORIENTED_EDGE('',*,*,#6631,.F.);
#7137 = ORIENTED_EDGE('',*,*,#7138,.F.);
#7138 = EDGE_CURVE('',#3140,#6632,#7139,.T.);
#7139 = B_SPLINE_CURVE_WITH_KNOTS('',1,(#7140,#7141),.UNSPECIFIED.,.F.,
  .F.,(2,2),(-1.8,2.05),.PIECEWISE_BEZIER_KNOTS.);
#7140 = CARTESIAN_POINT('',(-35.435,46.95,-1.44));
#7141 = CARTESIAN_POINT('',(-35.435,50.8,-1.44));
#7142 = ORIENTED_EDGE('',*,*,#3139,.T.);
#7143 = ORIENTED_EDGE('',*,*,#7138,.T.);
#7144 = CYLINDRICAL_SURFACE('',#7145,1.375);
#7145 = AXIS2_PLACEMENT_3D('',#7146,#7147,#7148);
#7146 = CARTESIAN_POINT('',(-36.81,48.75,-1.44));
#7147 = DIRECTION('',(0.,1.,-2.2E-16));
#7148 = DIRECTION('',(1.,0.,0.));
#7149 = ADVANCED_FACE('',(#7150),#7160,.F.);
#7150 = FACE_BOUND('',#7151,.T.);
#7151 = EDGE_LOOP('',(#7152,#7153,#7158,#7159));
#7152 = ORIENTED_EDGE('',*,*,#6642,.F.);
#7153 = ORIENTED_EDGE('',*,*,#7154,.F.);
#7154 = EDGE_CURVE('',#3299,#6643,#7155,.T.);
#7155 = B_SPLINE_CURVE_WITH_KNOTS('',1,(#7156,#7157),.UNSPECIFIED.,.F.,
  .F.,(2,2),(-1.8,2.05),.PIECEWISE_BEZIER_KNOTS.);
#7156 = CARTESIAN_POINT('',(13.775,46.95,-1.44));
#7157 = CARTESIAN_POINT('',(13.775,50.8,-1.44));
#7158 = ORIENTED_EDGE('',*,*,#3298,.T.);
#7159 = ORIENTED_EDGE('',*,*,#7154,.T.);
#7160 = CYLINDRICAL_SURFACE('',#7161,1.375);
#7161 = AXIS2_PLACEMENT_3D('',#7162,#7163,#7164);
#7162 = CARTESIAN_POINT('',(12.4,48.75,-1.44));
#7163 = DIRECTION('',(0.,1.,-2.2E-16));
#7164 = DIRECTION('',(1.,0.,0.));
#7165 = ADVANCED_FACE('',(#7166),#7176,.F.);
#7166 = FACE_BOUND('',#7167,.T.);
#7167 = EDGE_LOOP('',(#7168,#7169,#7174,#7175));
#7168 = ORIENTED_EDGE('',*,*,#6653,.F.);
#7169 = ORIENTED_EDGE('',*,*,#7170,.F.);
#7170 = EDGE_CURVE('',#3358,#6654,#7171,.T.);
#7171 = B_SPLINE_CURVE_WITH_KNOTS('',1,(#7172,#7173),.UNSPECIFIED.,.F.,
  .F.,(2,2),(-1.8,2.05),.PIECEWISE_BEZIER_KNOTS.);
#7172 = CARTESIAN_POINT('',(24.565,46.95,-1.44));
#7173 = CARTESIAN_POINT('',(24.565,50.8,-1.44));
#7174 = ORIENTED_EDGE('',*,*,#3357,.T.);
#7175 = ORIENTED_EDGE('',*,*,#7170,.T.);
#7176 = CYLINDRICAL_SURFACE('',#7177,1.375);
#7177 = AXIS2_PLACEMENT_3D('',#7178,#7179,#7180);
#7178 = CARTESIAN_POINT('',(23.19,48.75,-1.44));
#7179 = DIRECTION('',(0.,1.,-2.2E-16));
#7180 = DIRECTION('',(1.,0.,0.));
#7181 = ADVANCED_FACE('',(#7182),#7192,.F.);
#7182 = FACE_BOUND('',#7183,.T.);
#7183 = EDGE_LOOP('',(#7184,#7185,#7190,#7191));
#7184 = ORIENTED_EDGE('',*,*,#6664,.F.);
#7185 = ORIENTED_EDGE('',*,*,#7186,.F.);
#7186 = EDGE_CURVE('',#3492,#6665,#7187,.T.);
#7187 = B_SPLINE_CURVE_WITH_KNOTS('',1,(#7188,#7189),.UNSPECIFIED.,.F.,
  .F.,(2,2),(-1.8,2.05),.PIECEWISE_BEZIER_KNOTS.);
#7188 = CARTESIAN_POINT('',(54.565,46.95,-1.44));
#7189 = CARTESIAN_POINT('',(54.565,50.8,-1.44));
#7190 = ORIENTED_EDGE('',*,*,#3491,.T.);
#7191 = ORIENTED_EDGE('',*,*,#7186,.T.);
#7192 = CYLINDRICAL_SURFACE('',#7193,1.375);
#7193 = AXIS2_PLACEMENT_3D('',#7194,#7195,#7196);
#7194 = CARTESIAN_POINT('',(53.19,48.75,-1.44));
#7195 = DIRECTION('',(0.,1.,-2.2E-16));
#7196 = DIRECTION('',(1.,0.,0.));
#7197 = ADVANCED_FACE('',(#7198),#7209,.F.);
#7198 = FACE_BOUND('',#7199,.T.);
#7199 = EDGE_LOOP('',(#7200,#7201,#7206,#7207,#7208));
#7200 = ORIENTED_EDGE('',*,*,#3533,.T.);
#7201 = ORIENTED_EDGE('',*,*,#7202,.F.);
#7202 = EDGE_CURVE('',#6519,#3534,#7203,.T.);
#7203 = B_SPLINE_CURVE_WITH_KNOTS('',1,(#7204,#7205),.UNSPECIFIED.,.F.,
  .F.,(2,2),(-0.55,3.3),.PIECEWISE_BEZIER_KNOTS.);
#7204 = CARTESIAN_POINT('',(21.815,-50.8,-1.44));
#7205 = CARTESIAN_POINT('',(21.815,-46.95,-1.44));
#7206 = ORIENTED_EDGE('',*,*,#6527,.T.);
#7207 = ORIENTED_EDGE('',*,*,#6516,.T.);
#7208 = ORIENTED_EDGE('',*,*,#7202,.T.);
#7209 = CYLINDRICAL_SURFACE('',#7210,1.375);
#7210 = AXIS2_PLACEMENT_3D('',#7211,#7212,#7213);
#7211 = CARTESIAN_POINT('',(23.19,-50.25,-1.44));
#7212 = DIRECTION('',(0.,1.,-2.2E-16));
#7213 = DIRECTION('',(1.,0.,0.));
#7214 = ADVANCED_FACE('',(#7215),#7226,.F.);
#7215 = FACE_BOUND('',#7216,.T.);
#7216 = EDGE_LOOP('',(#7217,#7218,#7223,#7224,#7225));
#7217 = ORIENTED_EDGE('',*,*,#3558,.T.);
#7218 = ORIENTED_EDGE('',*,*,#7219,.F.);
#7219 = EDGE_CURVE('',#6499,#3559,#7220,.T.);
#7220 = B_SPLINE_CURVE_WITH_KNOTS('',1,(#7221,#7222),.UNSPECIFIED.,.F.,
  .F.,(2,2),(-0.55,3.3),.PIECEWISE_BEZIER_KNOTS.);
#7221 = CARTESIAN_POINT('',(11.025,-50.8,-1.44));
#7222 = CARTESIAN_POINT('',(11.025,-46.95,-1.44));
#7223 = ORIENTED_EDGE('',*,*,#6507,.T.);
#7224 = ORIENTED_EDGE('',*,*,#6496,.T.);
#7225 = ORIENTED_EDGE('',*,*,#7219,.T.);
#7226 = CYLINDRICAL_SURFACE('',#7227,1.375);
#7227 = AXIS2_PLACEMENT_3D('',#7228,#7229,#7230);
#7228 = CARTESIAN_POINT('',(12.4,-50.25,-1.44));
#7229 = DIRECTION('',(0.,1.,-2.2E-16));
#7230 = DIRECTION('',(1.,0.,0.));
#7231 = ADVANCED_FACE('',(#7232),#7243,.F.);
#7232 = FACE_BOUND('',#7233,.T.);
#7233 = EDGE_LOOP('',(#7234,#7235,#7240,#7241,#7242));
#7234 = ORIENTED_EDGE('',*,*,#3595,.T.);
#7235 = ORIENTED_EDGE('',*,*,#7236,.F.);
#7236 = EDGE_CURVE('',#6479,#3596,#7237,.T.);
#7237 = B_SPLINE_CURVE_WITH_KNOTS('',1,(#7238,#7239),.UNSPECIFIED.,.F.,
  .F.,(2,2),(-0.55,3.3),.PIECEWISE_BEZIER_KNOTS.);
#7238 = CARTESIAN_POINT('',(-38.185,-50.8,-1.44));
#7239 = CARTESIAN_POINT('',(-38.185,-46.95,-1.44));
#7240 = ORIENTED_EDGE('',*,*,#6487,.T.);
#7241 = ORIENTED_EDGE('',*,*,#6476,.T.);
#7242 = ORIENTED_EDGE('',*,*,#7236,.T.);
#7243 = CYLINDRICAL_SURFACE('',#7244,1.375);
#7244 = AXIS2_PLACEMENT_3D('',#7245,#7246,#7247);
#7245 = CARTESIAN_POINT('',(-36.81,-50.25,-1.44));
#7246 = DIRECTION('',(0.,1.,-2.2E-16));
#7247 = DIRECTION('',(1.,0.,0.));
#7248 = ADVANCED_FACE('',(#7249),#7260,.F.);
#7249 = FACE_BOUND('',#7250,.T.);
#7250 = EDGE_LOOP('',(#7251,#7252,#7257,#7258,#7259));
#7251 = ORIENTED_EDGE('',*,*,#3620,.T.);
#7252 = ORIENTED_EDGE('',*,*,#7253,.F.);
#7253 = EDGE_CURVE('',#6459,#3621,#7254,.T.);
#7254 = B_SPLINE_CURVE_WITH_KNOTS('',1,(#7255,#7256),.UNSPECIFIED.,.F.,
  .F.,(2,2),(-0.55,3.3),.PIECEWISE_BEZIER_KNOTS.);
#7255 = CARTESIAN_POINT('',(-48.975,-50.8,-1.44));
#7256 = CARTESIAN_POINT('',(-48.975,-46.95,-1.44));
#7257 = ORIENTED_EDGE('',*,*,#6467,.T.);
#7258 = ORIENTED_EDGE('',*,*,#6456,.T.);
#7259 = ORIENTED_EDGE('',*,*,#7253,.T.);
#7260 = CYLINDRICAL_SURFACE('',#7261,1.375);
#7261 = AXIS2_PLACEMENT_3D('',#7262,#7263,#7264);
#7262 = CARTESIAN_POINT('',(-47.6,-50.25,-1.44));
#7263 = DIRECTION('',(0.,1.,-2.2E-16));
#7264 = DIRECTION('',(1.,0.,0.));
#7265 = ADVANCED_FACE('',(#7266,#7271),#7282,.T.);
#7266 = FACE_BOUND('',#7267,.T.);
#7267 = EDGE_LOOP('',(#7268,#7269,#7270));
#7268 = ORIENTED_EDGE('',*,*,#3712,.T.);
#7269 = ORIENTED_EDGE('',*,*,#3645,.T.);
#7270 = ORIENTED_EDGE('',*,*,#3654,.T.);
#7271 = FACE_BOUND('',#7272,.T.);
#7272 = EDGE_LOOP('',(#7273));
#7273 = ORIENTED_EDGE('',*,*,#7274,.F.);
#7274 = EDGE_CURVE('',#7275,#7275,#7277,.T.);
#7275 = VERTEX_POINT('',#7276);
#7276 = CARTESIAN_POINT('',(-37.8526,-33.1274,0.));
#7277 = CIRCLE('',#7278,1.22);
#7278 = AXIS2_PLACEMENT_3D('',#7279,#7280,#7281);
#7279 = CARTESIAN_POINT('',(-39.0726,-33.1274,0.));
#7280 = DIRECTION('',(0.,0.,1.));
#7281 = DIRECTION('',(1.,0.,0.));
#7282 = PLANE('',#7283);
#7283 = AXIS2_PLACEMENT_3D('',#7284,#7285,#7286);
#7284 = CARTESIAN_POINT('',(-40.75853357064,-33.1274,0.));
#7285 = DIRECTION('',(0.,0.,1.));
#7286 = DIRECTION('',(1.,0.,0.));
#7287 = ADVANCED_FACE('',(#7288,#7299,#7310),#7321,.T.);
#7288 = FACE_BOUND('',#7289,.T.);
#7289 = EDGE_LOOP('',(#7290,#7291,#7292,#7293,#7294,#7295,#7296,#7297,
    #7298));
#7290 = ORIENTED_EDGE('',*,*,#3739,.F.);
#7291 = ORIENTED_EDGE('',*,*,#3728,.F.);
#7292 = ORIENTED_EDGE('',*,*,#3770,.F.);
#7293 = ORIENTED_EDGE('',*,*,#3827,.F.);
#7294 = ORIENTED_EDGE('',*,*,#3862,.F.);
#7295 = ORIENTED_EDGE('',*,*,#3909,.F.);
#7296 = ORIENTED_EDGE('',*,*,#3951,.F.);
#7297 = ORIENTED_EDGE('',*,*,#3895,.T.);
#7298 = ORIENTED_EDGE('',*,*,#3803,.F.);
#7299 = FACE_BOUND('',#7300,.T.);
#7300 = EDGE_LOOP('',(#7301));
#7301 = ORIENTED_EDGE('',*,*,#7302,.T.);
#7302 = EDGE_CURVE('',#7303,#7303,#7305,.T.);
#7303 = VERTEX_POINT('',#7304);
#7304 = CARTESIAN_POINT('',(12.1496,-40.8524,0.));
#7305 = CIRCLE('',#7306,1.22);
#7306 = AXIS2_PLACEMENT_3D('',#7307,#7308,#7309);
#7307 = CARTESIAN_POINT('',(10.9296,-40.8524,0.));
#7308 = DIRECTION('',(0.,0.,-1.));
#7309 = DIRECTION('',(1.,0.,0.));
#7310 = FACE_BOUND('',#7311,.T.);
#7311 = EDGE_LOOP('',(#7312));
#7312 = ORIENTED_EDGE('',*,*,#7313,.T.);
#7313 = EDGE_CURVE('',#7314,#7314,#7316,.T.);
#7314 = VERTEX_POINT('',#7315);
#7315 = CARTESIAN_POINT('',(6.21,-40.81,0.));
#7316 = CIRCLE('',#7317,1.22);
#7317 = AXIS2_PLACEMENT_3D('',#7318,#7319,#7320);
#7318 = CARTESIAN_POINT('',(4.99,-40.81,0.));
#7319 = DIRECTION('',(0.,0.,-1.));
#7320 = DIRECTION('',(1.,0.,0.));
#7321 = PLANE('',#7322);
#7322 = AXIS2_PLACEMENT_3D('',#7323,#7324,#7325);
#7323 = CARTESIAN_POINT('',(6.289397310421,-40.89608406082,0.));
#7324 = DIRECTION('',(0.,0.,1.));
#7325 = DIRECTION('',(1.,0.,0.));
#7326 = ADVANCED_FACE('',(#7327,#7332),#7343,.T.);
#7327 = FACE_BOUND('',#7328,.T.);
#7328 = EDGE_LOOP('',(#7329,#7330,#7331));
#7329 = ORIENTED_EDGE('',*,*,#3967,.F.);
#7330 = ORIENTED_EDGE('',*,*,#3994,.F.);
#7331 = ORIENTED_EDGE('',*,*,#4042,.T.);
#7332 = FACE_BOUND('',#7333,.T.);
#7333 = EDGE_LOOP('',(#7334));
#7334 = ORIENTED_EDGE('',*,*,#7335,.T.);
#7335 = EDGE_CURVE('',#7336,#7336,#7338,.T.);
#7336 = VERTEX_POINT('',#7337);
#7337 = CARTESIAN_POINT('',(40.385,-33.1274,0.));
#7338 = CIRCLE('',#7339,1.22);
#7339 = AXIS2_PLACEMENT_3D('',#7340,#7341,#7342);
#7340 = CARTESIAN_POINT('',(39.165,-33.1274,0.));
#7341 = DIRECTION('',(0.,0.,-1.));
#7342 = DIRECTION('',(1.,0.,0.));
#7343 = PLANE('',#7344);
#7344 = AXIS2_PLACEMENT_3D('',#7345,#7346,#7347);
#7345 = CARTESIAN_POINT('',(37.479066429351,-33.1274,0.));
#7346 = DIRECTION('',(0.,0.,1.));
#7347 = DIRECTION('',(1.,0.,0.));
#7348 = ADVANCED_FACE('',(#7349,#7355),#7366,.T.);
#7349 = FACE_BOUND('',#7350,.T.);
#7350 = EDGE_LOOP('',(#7351,#7352,#7353,#7354));
#7351 = ORIENTED_EDGE('',*,*,#4130,.F.);
#7352 = ORIENTED_EDGE('',*,*,#4090,.F.);
#7353 = ORIENTED_EDGE('',*,*,#4058,.F.);
#7354 = ORIENTED_EDGE('',*,*,#4156,.T.);
#7355 = FACE_BOUND('',#7356,.T.);
#7356 = EDGE_LOOP('',(#7357));
#7357 = ORIENTED_EDGE('',*,*,#7358,.T.);
#7358 = EDGE_CURVE('',#7359,#7359,#7361,.T.);
#7359 = VERTEX_POINT('',#7360);
#7360 = CARTESIAN_POINT('',(33.1808,-0.5172,0.));
#7361 = CIRCLE('',#7362,1.22);
#7362 = AXIS2_PLACEMENT_3D('',#7363,#7364,#7365);
#7363 = CARTESIAN_POINT('',(31.9608,-0.5172,0.));
#7364 = DIRECTION('',(0.,0.,-1.));
#7365 = DIRECTION('',(1.,0.,0.));
#7366 = PLANE('',#7367);
#7367 = AXIS2_PLACEMENT_3D('',#7368,#7369,#7370);
#7368 = CARTESIAN_POINT('',(30.205185158319,-0.5172,0.));
#7369 = DIRECTION('',(0.,0.,1.));
#7370 = DIRECTION('',(1.,0.,0.));
#7371 = ADVANCED_FACE('',(#7372,#7377),#7388,.T.);
#7372 = FACE_BOUND('',#7373,.T.);
#7373 = EDGE_LOOP('',(#7374,#7375,#7376));
#7374 = ORIENTED_EDGE('',*,*,#4196,.F.);
#7375 = ORIENTED_EDGE('',*,*,#4205,.F.);
#7376 = ORIENTED_EDGE('',*,*,#4263,.T.);
#7377 = FACE_BOUND('',#7378,.T.);
#7378 = EDGE_LOOP('',(#7379));
#7379 = ORIENTED_EDGE('',*,*,#7380,.T.);
#7380 = EDGE_CURVE('',#7381,#7381,#7383,.T.);
#7381 = VERTEX_POINT('',#7382);
#7382 = CARTESIAN_POINT('',(6.21,26.51,0.));
#7383 = CIRCLE('',#7384,1.22);
#7384 = AXIS2_PLACEMENT_3D('',#7385,#7386,#7387);
#7385 = CARTESIAN_POINT('',(4.99,26.51,0.));
#7386 = DIRECTION('',(0.,0.,-1.));
#7387 = DIRECTION('',(1.,0.,0.));
#7388 = PLANE('',#7389);
#7389 = AXIS2_PLACEMENT_3D('',#7390,#7391,#7392);
#7390 = CARTESIAN_POINT('',(3.304066429351,26.51,0.));
#7391 = DIRECTION('',(0.,0.,1.));
#7392 = DIRECTION('',(1.,0.,0.));
#7393 = ADVANCED_FACE('',(#7394,#7401),#7412,.T.);
#7394 = FACE_BOUND('',#7395,.T.);
#7395 = EDGE_LOOP('',(#7396,#7397,#7398,#7399,#7400));
#7396 = ORIENTED_EDGE('',*,*,#4290,.F.);
#7397 = ORIENTED_EDGE('',*,*,#4279,.F.);
#7398 = ORIENTED_EDGE('',*,*,#4362,.T.);
#7399 = ORIENTED_EDGE('',*,*,#4385,.F.);
#7400 = ORIENTED_EDGE('',*,*,#4337,.T.);
#7401 = FACE_BOUND('',#7402,.T.);
#7402 = EDGE_LOOP('',(#7403));
#7403 = ORIENTED_EDGE('',*,*,#7404,.T.);
#7404 = EDGE_CURVE('',#7405,#7405,#7407,.T.);
#7405 = VERTEX_POINT('',#7406);
#7406 = CARTESIAN_POINT('',(20.2268,32.0964,0.));
#7407 = CIRCLE('',#7408,1.22);
#7408 = AXIS2_PLACEMENT_3D('',#7409,#7410,#7411);
#7409 = CARTESIAN_POINT('',(19.0068,32.0964,0.));
#7410 = DIRECTION('',(0.,0.,-1.));
#7411 = DIRECTION('',(1.,0.,0.));
#7412 = PLANE('',#7413);
#7413 = AXIS2_PLACEMENT_3D('',#7414,#7415,#7416);
#7414 = CARTESIAN_POINT('',(17.336244404251,32.075978796559,0.));
#7415 = DIRECTION('',(0.,0.,1.));
#7416 = DIRECTION('',(1.,0.,0.));
#7417 = ADVANCED_FACE('',(#7418,#7423),#7434,.T.);
#7418 = FACE_BOUND('',#7419,.T.);
#7419 = EDGE_LOOP('',(#7420,#7421,#7422));
#7420 = ORIENTED_EDGE('',*,*,#4419,.F.);
#7421 = ORIENTED_EDGE('',*,*,#4446,.F.);
#7422 = ORIENTED_EDGE('',*,*,#4494,.T.);
#7423 = FACE_BOUND('',#7424,.T.);
#7424 = EDGE_LOOP('',(#7425));
#7425 = ORIENTED_EDGE('',*,*,#7426,.T.);
#7426 = EDGE_CURVE('',#7427,#7427,#7429,.T.);
#7427 = VERTEX_POINT('',#7428);
#7428 = CARTESIAN_POINT('',(40.385,31.5156,0.));
#7429 = CIRCLE('',#7430,1.22);
#7430 = AXIS2_PLACEMENT_3D('',#7431,#7432,#7433);
#7431 = CARTESIAN_POINT('',(39.165,31.5156,0.));
#7432 = DIRECTION('',(0.,0.,-1.));
#7433 = DIRECTION('',(1.,0.,0.));
#7434 = PLANE('',#7435);
#7435 = AXIS2_PLACEMENT_3D('',#7436,#7437,#7438);
#7436 = CARTESIAN_POINT('',(37.479066429351,31.5156,0.));
#7437 = DIRECTION('',(0.,0.,1.));
#7438 = DIRECTION('',(1.,0.,0.));
#7439 = ADVANCED_FACE('',(#7440),#7451,.F.);
#7440 = FACE_BOUND('',#7441,.F.);
#7441 = EDGE_LOOP('',(#7442,#7443,#7444,#7445));
#7442 = ORIENTED_EDGE('',*,*,#4605,.F.);
#7443 = ORIENTED_EDGE('',*,*,#4589,.T.);
#7444 = ORIENTED_EDGE('',*,*,#4560,.T.);
#7445 = ORIENTED_EDGE('',*,*,#7446,.F.);
#7446 = EDGE_CURVE('',#4606,#4553,#7447,.T.);
#7447 = LINE('',#7448,#7449);
#7448 = CARTESIAN_POINT('',(-61.81,-24.99507990066,17.880351070426));
#7449 = VECTOR('',#7450,1.);
#7450 = DIRECTION('',(0.,-0.999558802173,2.970186859096E-02));
#7451 = PLANE('',#7452);
#7452 = AXIS2_PLACEMENT_3D('',#7453,#7454,#7455);
#7453 = CARTESIAN_POINT('',(-57.81,-50.25,19.31));
#7454 = DIRECTION('',(0.167331945545,-2.928309047045E-02,-0.985465636444
    ));
#7455 = DIRECTION('',(-0.970713676233,0.169874893341,-0.169874893341));
#7456 = ADVANCED_FACE('',(#7457,#7491,#7499,#7533,#7536,#7544,#7550,
    #7584),#7587,.T.);
#7457 = FACE_BOUND('',#7458,.T.);
#7458 = EDGE_LOOP('',(#7459,#7460,#7461,#7467,#7468,#7476,#7484,#7490));
#7459 = ORIENTED_EDGE('',*,*,#7446,.F.);
#7460 = ORIENTED_EDGE('',*,*,#4622,.T.);
#7461 = ORIENTED_EDGE('',*,*,#7462,.T.);
#7462 = EDGE_CURVE('',#4615,#4670,#7463,.T.);
#7463 = LINE('',#7464,#7465);
#7464 = CARTESIAN_POINT('',(-61.81,24.995079900669,17.880351070426));
#7465 = VECTOR('',#7466,1.);
#7466 = DIRECTION('',(0.,0.999558802173,2.970186859096E-02));
#7467 = ORIENTED_EDGE('',*,*,#4677,.F.);
#7468 = ORIENTED_EDGE('',*,*,#7469,.F.);
#7469 = EDGE_CURVE('',#7470,#4678,#7472,.T.);
#7470 = VERTEX_POINT('',#7471);
#7471 = CARTESIAN_POINT('',(-61.81,49.55,-5.3));
#7472 = LINE('',#7473,#7474);
#7473 = CARTESIAN_POINT('',(-61.81,24.963868577102,-4.569423626609));
#7474 = VECTOR('',#7475,1.);
#7475 = DIRECTION('',(0.,0.999558802173,-2.970186859096E-02));
#7476 = ORIENTED_EDGE('',*,*,#7477,.F.);
#7477 = EDGE_CURVE('',#7478,#7470,#7480,.T.);
#7478 = VERTEX_POINT('',#7479);
#7479 = CARTESIAN_POINT('',(-61.81,-49.55,-5.3));
#7480 = LINE('',#7481,#7482);
#7481 = CARTESIAN_POINT('',(-61.81,-50.25,-5.3));
#7482 = VECTOR('',#7483,1.);
#7483 = DIRECTION('',(0.,1.,-2.2E-16));
#7484 = ORIENTED_EDGE('',*,*,#7485,.T.);
#7485 = EDGE_CURVE('',#7478,#4545,#7486,.T.);
#7486 = LINE('',#7487,#7488);
#7487 = CARTESIAN_POINT('',(-61.81,-24.9638685771,-4.569423626609));
#7488 = VECTOR('',#7489,1.);
#7489 = DIRECTION('',(0.,-0.999558802173,-2.970186859096E-02));
#7490 = ORIENTED_EDGE('',*,*,#4552,.T.);
#7491 = FACE_BOUND('',#7492,.T.);
#7492 = EDGE_LOOP('',(#7493,#7494,#7495,#7496,#7497,#7498));
#7493 = ORIENTED_EDGE('',*,*,#5726,.F.);
#7494 = ORIENTED_EDGE('',*,*,#5759,.T.);
#7495 = ORIENTED_EDGE('',*,*,#5784,.T.);
#7496 = ORIENTED_EDGE('',*,*,#5896,.T.);
#7497 = ORIENTED_EDGE('',*,*,#5928,.F.);
#7498 = ORIENTED_EDGE('',*,*,#6033,.T.);
#7499 = FACE_BOUND('',#7500,.T.);
#7500 = EDGE_LOOP('',(#7501,#7511,#7519,#7527));
#7501 = ORIENTED_EDGE('',*,*,#7502,.F.);
#7502 = EDGE_CURVE('',#7503,#7505,#7507,.T.);
#7503 = VERTEX_POINT('',#7504);
#7504 = CARTESIAN_POINT('',(-61.81,11.37,16.74));
#7505 = VERTEX_POINT('',#7506);
#7506 = CARTESIAN_POINT('',(-61.81,45.78,16.74));
#7507 = LINE('',#7508,#7509);
#7508 = CARTESIAN_POINT('',(-61.81,12.37,16.74));
#7509 = VECTOR('',#7510,1.);
#7510 = DIRECTION('',(0.,1.,0.));
#7511 = ORIENTED_EDGE('',*,*,#7512,.F.);
#7512 = EDGE_CURVE('',#7513,#7503,#7515,.T.);
#7513 = VERTEX_POINT('',#7514);
#7514 = CARTESIAN_POINT('',(-61.81,11.37,-2.06));
#7515 = LINE('',#7516,#7517);
#7516 = CARTESIAN_POINT('',(-61.81,11.37,-1.06));
#7517 = VECTOR('',#7518,1.);
#7518 = DIRECTION('',(0.,0.,1.));
#7519 = ORIENTED_EDGE('',*,*,#7520,.F.);
#7520 = EDGE_CURVE('',#7521,#7513,#7523,.T.);
#7521 = VERTEX_POINT('',#7522);
#7522 = CARTESIAN_POINT('',(-61.81,45.78,-2.06));
#7523 = LINE('',#7524,#7525);
#7524 = CARTESIAN_POINT('',(-61.81,44.78,-2.06));
#7525 = VECTOR('',#7526,1.);
#7526 = DIRECTION('',(0.,-1.,0.));
#7527 = ORIENTED_EDGE('',*,*,#7528,.F.);
#7528 = EDGE_CURVE('',#7505,#7521,#7529,.T.);
#7529 = LINE('',#7530,#7531);
#7530 = CARTESIAN_POINT('',(-61.81,45.78,15.74));
#7531 = VECTOR('',#7532,1.);
#7532 = DIRECTION('',(0.,0.,-1.));
#7533 = FACE_BOUND('',#7534,.T.);
#7534 = EDGE_LOOP('',(#7535));
#7535 = ORIENTED_EDGE('',*,*,#5426,.T.);
#7536 = FACE_BOUND('',#7537,.T.);
#7537 = EDGE_LOOP('',(#7538,#7539,#7540,#7541,#7542,#7543));
#7538 = ORIENTED_EDGE('',*,*,#4973,.F.);
#7539 = ORIENTED_EDGE('',*,*,#5006,.T.);
#7540 = ORIENTED_EDGE('',*,*,#5031,.T.);
#7541 = ORIENTED_EDGE('',*,*,#5143,.T.);
#7542 = ORIENTED_EDGE('',*,*,#5175,.F.);
#7543 = ORIENTED_EDGE('',*,*,#5280,.T.);
#7544 = FACE_BOUND('',#7545,.T.);
#7545 = EDGE_LOOP('',(#7546,#7547,#7548,#7549));
#7546 = ORIENTED_EDGE('',*,*,#4789,.F.);
#7547 = ORIENTED_EDGE('',*,*,#4820,.F.);
#7548 = ORIENTED_EDGE('',*,*,#4868,.F.);
#7549 = ORIENTED_EDGE('',*,*,#4844,.F.);
#7550 = FACE_BOUND('',#7551,.T.);
#7551 = EDGE_LOOP('',(#7552,#7562,#7570,#7578));
#7552 = ORIENTED_EDGE('',*,*,#7553,.F.);
#7553 = EDGE_CURVE('',#7554,#7556,#7558,.T.);
#7554 = VERTEX_POINT('',#7555);
#7555 = CARTESIAN_POINT('',(-61.81,-49.,17.));
#7556 = VERTEX_POINT('',#7557);
#7557 = CARTESIAN_POINT('',(-61.81,-10.,17.));
#7558 = LINE('',#7559,#7560);
#7559 = CARTESIAN_POINT('',(-61.81,-49.,17.));
#7560 = VECTOR('',#7561,1.);
#7561 = DIRECTION('',(0.,1.,0.));
#7562 = ORIENTED_EDGE('',*,*,#7563,.F.);
#7563 = EDGE_CURVE('',#7564,#7554,#7566,.T.);
#7564 = VERTEX_POINT('',#7565);
#7565 = CARTESIAN_POINT('',(-61.81,-49.,-2.));
#7566 = LINE('',#7567,#7568);
#7567 = CARTESIAN_POINT('',(-61.81,-49.,-2.));
#7568 = VECTOR('',#7569,1.);
#7569 = DIRECTION('',(0.,0.,1.));
#7570 = ORIENTED_EDGE('',*,*,#7571,.F.);
#7571 = EDGE_CURVE('',#7572,#7564,#7574,.T.);
#7572 = VERTEX_POINT('',#7573);
#7573 = CARTESIAN_POINT('',(-61.81,-10.,-2.));
#7574 = LINE('',#7575,#7576);
#7575 = CARTESIAN_POINT('',(-61.81,-10.,-2.));
#7576 = VECTOR('',#7577,1.);
#7577 = DIRECTION('',(0.,-1.,0.));
#7578 = ORIENTED_EDGE('',*,*,#7579,.F.);
#7579 = EDGE_CURVE('',#7556,#7572,#7580,.T.);
#7580 = LINE('',#7581,#7582);
#7581 = CARTESIAN_POINT('',(-61.81,-10.,17.));
#7582 = VECTOR('',#7583,1.);
#7583 = DIRECTION('',(0.,0.,-1.));
#7584 = FACE_BOUND('',#7585,.T.);
#7585 = EDGE_LOOP('',(#7586));
#7586 = ORIENTED_EDGE('',*,*,#6154,.T.);
#7587 = PLANE('',#7588);
#7588 = AXIS2_PLACEMENT_3D('',#7589,#7590,#7591);
#7589 = CARTESIAN_POINT('',(-61.81,-6.3E-16,7.706284026708));
#7590 = DIRECTION('',(-1.,-0.,-0.));
#7591 = DIRECTION('',(0.,0.,-1.));
#7592 = ADVANCED_FACE('',(#7593),#7604,.T.);
#7593 = FACE_BOUND('',#7594,.T.);
#7594 = EDGE_LOOP('',(#7595,#7601,#7602,#7603));
#7595 = ORIENTED_EDGE('',*,*,#7596,.F.);
#7596 = EDGE_CURVE('',#6547,#7478,#7597,.T.);
#7597 = LINE('',#7598,#7599);
#7598 = CARTESIAN_POINT('',(-59.89680800942,-49.88480859835,
    -5.634808598351));
#7599 = VECTOR('',#7600,1.);
#7600 = DIRECTION('',(-0.970713676233,0.169874893341,0.169874893341));
#7601 = ORIENTED_EDGE('',*,*,#6546,.T.);
#7602 = ORIENTED_EDGE('',*,*,#4544,.T.);
#7603 = ORIENTED_EDGE('',*,*,#7485,.F.);
#7604 = PLANE('',#7605);
#7605 = AXIS2_PLACEMENT_3D('',#7606,#7607,#7608);
#7606 = CARTESIAN_POINT('',(-57.81,-50.25,-6.));
#7607 = DIRECTION('',(-0.167331945545,2.928309047045E-02,-0.985465636444
    ));
#7608 = DIRECTION('',(-0.970713676233,0.169874893341,0.169874893341));
#7609 = ADVANCED_FACE('',(#7610),#7616,.T.);
#7610 = FACE_BOUND('',#7611,.T.);
#7611 = EDGE_LOOP('',(#7612,#7613,#7614,#7615));
#7612 = ORIENTED_EDGE('',*,*,#4614,.F.);
#7613 = ORIENTED_EDGE('',*,*,#4636,.T.);
#7614 = ORIENTED_EDGE('',*,*,#4669,.T.);
#7615 = ORIENTED_EDGE('',*,*,#7462,.F.);
#7616 = PLANE('',#7617);
#7617 = AXIS2_PLACEMENT_3D('',#7618,#7619,#7620);
#7618 = CARTESIAN_POINT('',(-57.81,50.25,19.31));
#7619 = DIRECTION('',(-0.167331945545,-2.928309047045E-02,0.985465636444
    ));
#7620 = DIRECTION('',(-0.970713676233,-0.169874893341,-0.169874893341));
#7621 = ADVANCED_FACE('',(#7622),#7633,.F.);
#7622 = FACE_BOUND('',#7623,.F.);
#7623 = EDGE_LOOP('',(#7624,#7630,#7631,#7632));
#7624 = ORIENTED_EDGE('',*,*,#7625,.F.);
#7625 = EDGE_CURVE('',#6555,#7470,#7626,.T.);
#7626 = LINE('',#7627,#7628);
#7627 = CARTESIAN_POINT('',(-68.18302709069,48.434720259128,
    -4.184720259128));
#7628 = VECTOR('',#7629,1.);
#7629 = DIRECTION('',(-0.970713676233,-0.169874893341,0.169874893341));
#7630 = ORIENTED_EDGE('',*,*,#6562,.T.);
#7631 = ORIENTED_EDGE('',*,*,#4685,.T.);
#7632 = ORIENTED_EDGE('',*,*,#7469,.F.);
#7633 = PLANE('',#7634);
#7634 = AXIS2_PLACEMENT_3D('',#7635,#7636,#7637);
#7635 = CARTESIAN_POINT('',(-57.81,50.25,-6.));
#7636 = DIRECTION('',(0.167331945545,2.928309047045E-02,0.985465636444)
  );
#7637 = DIRECTION('',(-0.970713676233,-0.169874893341,0.169874893341));
#7638 = ADVANCED_FACE('',(#7639),#7645,.T.);
#7639 = FACE_BOUND('',#7640,.T.);
#7640 = EDGE_LOOP('',(#7641,#7642,#7643,#7644));
#7641 = ORIENTED_EDGE('',*,*,#4924,.F.);
#7642 = ORIENTED_EDGE('',*,*,#4942,.T.);
#7643 = ORIENTED_EDGE('',*,*,#4989,.T.);
#7644 = ORIENTED_EDGE('',*,*,#4894,.F.);
#7645 = PLANE('',#7646);
#7646 = AXIS2_PLACEMENT_3D('',#7647,#7648,#7649);
#7647 = CARTESIAN_POINT('',(-60.81,0.756897448336,7.388149274187));
#7648 = DIRECTION('',(1.,0.,0.));
#7649 = DIRECTION('',(0.,0.,1.));
#7650 = ADVANCED_FACE('',(#7651),#7657,.T.);
#7651 = FACE_BOUND('',#7652,.T.);
#7652 = EDGE_LOOP('',(#7653,#7654,#7655,#7656));
#7653 = ORIENTED_EDGE('',*,*,#5085,.F.);
#7654 = ORIENTED_EDGE('',*,*,#5101,.T.);
#7655 = ORIENTED_EDGE('',*,*,#5126,.T.);
#7656 = ORIENTED_EDGE('',*,*,#5054,.F.);
#7657 = PLANE('',#7658);
#7658 = AXIS2_PLACEMENT_3D('',#7659,#7660,#7661);
#7659 = CARTESIAN_POINT('',(-60.81,0.756897448336,7.388149274187));
#7660 = DIRECTION('',(1.,0.,0.));
#7661 = DIRECTION('',(0.,0.,1.));
#7662 = ADVANCED_FACE('',(#7663),#7669,.T.);
#7663 = FACE_BOUND('',#7664,.T.);
#7664 = EDGE_LOOP('',(#7665,#7666,#7667,#7668));
#7665 = ORIENTED_EDGE('',*,*,#5245,.F.);
#7666 = ORIENTED_EDGE('',*,*,#5263,.T.);
#7667 = ORIENTED_EDGE('',*,*,#5191,.T.);
#7668 = ORIENTED_EDGE('',*,*,#5222,.F.);
#7669 = PLANE('',#7670);
#7670 = AXIS2_PLACEMENT_3D('',#7671,#7672,#7673);
#7671 = CARTESIAN_POINT('',(-60.81,0.756897448336,7.388149274187));
#7672 = DIRECTION('',(1.,0.,0.));
#7673 = DIRECTION('',(0.,0.,1.));
#7674 = ADVANCED_FACE('',(#7675),#7681,.T.);
#7675 = FACE_BOUND('',#7676,.T.);
#7676 = EDGE_LOOP('',(#7677,#7678,#7679,#7680));
#7677 = ORIENTED_EDGE('',*,*,#5573,.F.);
#7678 = ORIENTED_EDGE('',*,*,#5304,.T.);
#7679 = ORIENTED_EDGE('',*,*,#5329,.T.);
#7680 = ORIENTED_EDGE('',*,*,#5385,.F.);
#7681 = PLANE('',#7682);
#7682 = AXIS2_PLACEMENT_3D('',#7683,#7684,#7685);
#7683 = CARTESIAN_POINT('',(-60.81,0.756897448336,7.388149274187));
#7684 = DIRECTION('',(1.,0.,0.));
#7685 = DIRECTION('',(0.,0.,1.));
#7686 = ADVANCED_FACE('',(#7687),#7693,.T.);
#7687 = FACE_BOUND('',#7688,.T.);
#7688 = EDGE_LOOP('',(#7689,#7690,#7691,#7692));
#7689 = ORIENTED_EDGE('',*,*,#5538,.F.);
#7690 = ORIENTED_EDGE('',*,*,#5556,.T.);
#7691 = ORIENTED_EDGE('',*,*,#5409,.F.);
#7692 = ORIENTED_EDGE('',*,*,#5515,.F.);
#7693 = PLANE('',#7694);
#7694 = AXIS2_PLACEMENT_3D('',#7695,#7696,#7697);
#7695 = CARTESIAN_POINT('',(-60.81,0.756897448336,7.388149274187));
#7696 = DIRECTION('',(1.,0.,0.));
#7697 = DIRECTION('',(0.,0.,1.));
#7698 = ADVANCED_FACE('',(#7699),#7705,.T.);
#7699 = FACE_BOUND('',#7700,.T.);
#7700 = EDGE_LOOP('',(#7701,#7702,#7703,#7704));
#7701 = ORIENTED_EDGE('',*,*,#5450,.F.);
#7702 = ORIENTED_EDGE('',*,*,#5466,.T.);
#7703 = ORIENTED_EDGE('',*,*,#5491,.T.);
#7704 = ORIENTED_EDGE('',*,*,#5368,.F.);
#7705 = PLANE('',#7706);
#7706 = AXIS2_PLACEMENT_3D('',#7707,#7708,#7709);
#7707 = CARTESIAN_POINT('',(-60.81,0.756897448336,7.388149274187));
#7708 = DIRECTION('',(1.,0.,0.));
#7709 = DIRECTION('',(0.,0.,1.));
#7710 = ADVANCED_FACE('',(#7711,#7714),#7725,.T.);
#7711 = FACE_BOUND('',#7712,.T.);
#7712 = EDGE_LOOP('',(#7713));
#7713 = ORIENTED_EDGE('',*,*,#5596,.T.);
#7714 = FACE_BOUND('',#7715,.F.);
#7715 = EDGE_LOOP('',(#7716));
#7716 = ORIENTED_EDGE('',*,*,#7717,.T.);
#7717 = EDGE_CURVE('',#7718,#7718,#7720,.T.);
#7718 = VERTEX_POINT('',#7719);
#7719 = CARTESIAN_POINT('',(-57.27,-6.17,8.E-02));
#7720 = CIRCLE('',#7721,0.9);
#7721 = AXIS2_PLACEMENT_3D('',#7722,#7723,#7724);
#7722 = CARTESIAN_POINT('',(-57.27,-7.07,8.E-02));
#7723 = DIRECTION('',(1.,0.,0.));
#7724 = DIRECTION('',(0.,1.,0.));
#7725 = PLANE('',#7726);
#7726 = AXIS2_PLACEMENT_3D('',#7727,#7728,#7729);
#7727 = CARTESIAN_POINT('',(-57.27,0.81,7.485));
#7728 = DIRECTION('',(1.,0.,0.));
#7729 = DIRECTION('',(0.,0.,1.));
#7730 = ADVANCED_FACE('',(#7731,#7734),#7745,.T.);
#7731 = FACE_BOUND('',#7732,.T.);
#7732 = EDGE_LOOP('',(#7733));
#7733 = ORIENTED_EDGE('',*,*,#5621,.T.);
#7734 = FACE_BOUND('',#7735,.F.);
#7735 = EDGE_LOOP('',(#7736));
#7736 = ORIENTED_EDGE('',*,*,#7737,.T.);
#7737 = EDGE_CURVE('',#7738,#7738,#7740,.T.);
#7738 = VERTEX_POINT('',#7739);
#7739 = CARTESIAN_POINT('',(-57.27,9.59,14.89));
#7740 = CIRCLE('',#7741,0.9);
#7741 = AXIS2_PLACEMENT_3D('',#7742,#7743,#7744);
#7742 = CARTESIAN_POINT('',(-57.27,8.69,14.89));
#7743 = DIRECTION('',(1.,0.,0.));
#7744 = DIRECTION('',(0.,1.,0.));
#7745 = PLANE('',#7746);
#7746 = AXIS2_PLACEMENT_3D('',#7747,#7748,#7749);
#7747 = CARTESIAN_POINT('',(-57.27,0.81,7.485));
#7748 = DIRECTION('',(1.,0.,0.));
#7749 = DIRECTION('',(0.,0.,1.));
#7750 = ADVANCED_FACE('',(#7751),#7757,.T.);
#7751 = FACE_BOUND('',#7752,.T.);
#7752 = EDGE_LOOP('',(#7753,#7754,#7755,#7756));
#7753 = ORIENTED_EDGE('',*,*,#5647,.F.);
#7754 = ORIENTED_EDGE('',*,*,#5670,.T.);
#7755 = ORIENTED_EDGE('',*,*,#5695,.T.);
#7756 = ORIENTED_EDGE('',*,*,#5742,.T.);
#7757 = PLANE('',#7758);
#7758 = AXIS2_PLACEMENT_3D('',#7759,#7760,#7761);
#7759 = CARTESIAN_POINT('',(-60.81,0.756897448336,7.388149274187));
#7760 = DIRECTION('',(1.,0.,0.));
#7761 = DIRECTION('',(0.,0.,1.));
#7762 = ADVANCED_FACE('',(#7763),#7769,.T.);
#7763 = FACE_BOUND('',#7764,.T.);
#7764 = EDGE_LOOP('',(#7765,#7766,#7767,#7768));
#7765 = ORIENTED_EDGE('',*,*,#5838,.F.);
#7766 = ORIENTED_EDGE('',*,*,#5854,.T.);
#7767 = ORIENTED_EDGE('',*,*,#5879,.T.);
#7768 = ORIENTED_EDGE('',*,*,#5807,.F.);
#7769 = PLANE('',#7770);
#7770 = AXIS2_PLACEMENT_3D('',#7771,#7772,#7773);
#7771 = CARTESIAN_POINT('',(-60.81,0.756897448336,7.388149274187));
#7772 = DIRECTION('',(1.,0.,0.));
#7773 = DIRECTION('',(0.,0.,1.));
#7774 = ADVANCED_FACE('',(#7775),#7781,.T.);
#7775 = FACE_BOUND('',#7776,.T.);
#7776 = EDGE_LOOP('',(#7777,#7778,#7779,#7780));
#7777 = ORIENTED_EDGE('',*,*,#5998,.F.);
#7778 = ORIENTED_EDGE('',*,*,#6016,.T.);
#7779 = ORIENTED_EDGE('',*,*,#5944,.T.);
#7780 = ORIENTED_EDGE('',*,*,#5975,.F.);
#7781 = PLANE('',#7782);
#7782 = AXIS2_PLACEMENT_3D('',#7783,#7784,#7785);
#7783 = CARTESIAN_POINT('',(-60.81,0.756897448336,7.388149274187));
#7784 = DIRECTION('',(1.,0.,0.));
#7785 = DIRECTION('',(0.,0.,1.));
#7786 = ADVANCED_FACE('',(#7787),#7793,.T.);
#7787 = FACE_BOUND('',#7788,.T.);
#7788 = EDGE_LOOP('',(#7789,#7790,#7791,#7792));
#7789 = ORIENTED_EDGE('',*,*,#6058,.F.);
#7790 = ORIENTED_EDGE('',*,*,#6081,.T.);
#7791 = ORIENTED_EDGE('',*,*,#6106,.T.);
#7792 = ORIENTED_EDGE('',*,*,#6179,.F.);
#7793 = PLANE('',#7794);
#7794 = AXIS2_PLACEMENT_3D('',#7795,#7796,#7797);
#7795 = CARTESIAN_POINT('',(-60.81,0.756897448336,7.388149274187));
#7796 = DIRECTION('',(1.,0.,0.));
#7797 = DIRECTION('',(0.,0.,1.));
#7798 = ADVANCED_FACE('',(#7799),#7805,.T.);
#7799 = FACE_BOUND('',#7800,.T.);
#7800 = EDGE_LOOP('',(#7801,#7802,#7803,#7804));
#7801 = ORIENTED_EDGE('',*,*,#6316,.F.);
#7802 = ORIENTED_EDGE('',*,*,#6334,.T.);
#7803 = ORIENTED_EDGE('',*,*,#6196,.F.);
#7804 = ORIENTED_EDGE('',*,*,#6293,.F.);
#7805 = PLANE('',#7806);
#7806 = AXIS2_PLACEMENT_3D('',#7807,#7808,#7809);
#7807 = CARTESIAN_POINT('',(-60.81,0.756897448336,7.388149274187));
#7808 = DIRECTION('',(1.,0.,0.));
#7809 = DIRECTION('',(0.,0.,1.));
#7810 = ADVANCED_FACE('',(#7811),#7818,.T.);
#7811 = FACE_BOUND('',#7812,.T.);
#7812 = EDGE_LOOP('',(#7813,#7814,#7815,#7816,#7817));
#7813 = ORIENTED_EDGE('',*,*,#6251,.F.);
#7814 = ORIENTED_EDGE('',*,*,#6269,.T.);
#7815 = ORIENTED_EDGE('',*,*,#6137,.F.);
#7816 = ORIENTED_EDGE('',*,*,#6162,.F.);
#7817 = ORIENTED_EDGE('',*,*,#6228,.F.);
#7818 = PLANE('',#7819);
#7819 = AXIS2_PLACEMENT_3D('',#7820,#7821,#7822);
#7820 = CARTESIAN_POINT('',(-60.81,0.756897448336,7.388149274187));
#7821 = DIRECTION('',(1.,0.,0.));
#7822 = DIRECTION('',(0.,0.,1.));
#7823 = ADVANCED_FACE('',(#7824,#7858),#7864,.T.);
#7824 = FACE_BOUND('',#7825,.T.);
#7825 = EDGE_LOOP('',(#7826,#7836,#7844,#7852));
#7826 = ORIENTED_EDGE('',*,*,#7827,.T.);
#7827 = EDGE_CURVE('',#7828,#7830,#7832,.T.);
#7828 = VERTEX_POINT('',#7829);
#7829 = CARTESIAN_POINT('',(-60.81,-10.,17.));
#7830 = VERTEX_POINT('',#7831);
#7831 = CARTESIAN_POINT('',(-60.81,-10.,-2.));
#7832 = LINE('',#7833,#7834);
#7833 = CARTESIAN_POINT('',(-60.81,-10.,17.));
#7834 = VECTOR('',#7835,1.);
#7835 = DIRECTION('',(0.,0.,-1.));
#7836 = ORIENTED_EDGE('',*,*,#7837,.T.);
#7837 = EDGE_CURVE('',#7830,#7838,#7840,.T.);
#7838 = VERTEX_POINT('',#7839);
#7839 = CARTESIAN_POINT('',(-60.81,-49.,-2.));
#7840 = LINE('',#7841,#7842);
#7841 = CARTESIAN_POINT('',(-60.81,-10.,-2.));
#7842 = VECTOR('',#7843,1.);
#7843 = DIRECTION('',(0.,-1.,0.));
#7844 = ORIENTED_EDGE('',*,*,#7845,.T.);
#7845 = EDGE_CURVE('',#7838,#7846,#7848,.T.);
#7846 = VERTEX_POINT('',#7847);
#7847 = CARTESIAN_POINT('',(-60.81,-49.,17.));
#7848 = LINE('',#7849,#7850);
#7849 = CARTESIAN_POINT('',(-60.81,-49.,-2.));
#7850 = VECTOR('',#7851,1.);
#7851 = DIRECTION('',(0.,0.,1.));
#7852 = ORIENTED_EDGE('',*,*,#7853,.T.);
#7853 = EDGE_CURVE('',#7846,#7828,#7854,.T.);
#7854 = LINE('',#7855,#7856);
#7855 = CARTESIAN_POINT('',(-60.81,-49.,17.));
#7856 = VECTOR('',#7857,1.);
#7857 = DIRECTION('',(0.,1.,0.));
#7858 = FACE_BOUND('',#7859,.T.);
#7859 = EDGE_LOOP('',(#7860,#7861,#7862,#7863));
#7860 = ORIENTED_EDGE('',*,*,#6390,.F.);
#7861 = ORIENTED_EDGE('',*,*,#6366,.T.);
#7862 = ORIENTED_EDGE('',*,*,#6406,.F.);
#7863 = ORIENTED_EDGE('',*,*,#6430,.F.);
#7864 = PLANE('',#7865);
#7865 = AXIS2_PLACEMENT_3D('',#7866,#7867,#7868);
#7866 = CARTESIAN_POINT('',(-60.81,-29.5,7.5));
#7867 = DIRECTION('',(-1.,-0.,-0.));
#7868 = DIRECTION('',(0.,0.,-1.));
#7869 = ADVANCED_FACE('',(#7870),#7876,.F.);
#7870 = FACE_BOUND('',#7871,.F.);
#7871 = EDGE_LOOP('',(#7872,#7873,#7874,#7875));
#7872 = ORIENTED_EDGE('',*,*,#7596,.F.);
#7873 = ORIENTED_EDGE('',*,*,#6554,.T.);
#7874 = ORIENTED_EDGE('',*,*,#7625,.T.);
#7875 = ORIENTED_EDGE('',*,*,#7477,.F.);
#7876 = PLANE('',#7877);
#7877 = AXIS2_PLACEMENT_3D('',#7878,#7879,#7880);
#7878 = CARTESIAN_POINT('',(-57.81,-50.25,-6.));
#7879 = DIRECTION('',(0.172380331752,2.2E-16,0.985030467156));
#7880 = DIRECTION('',(-0.985030467156,4.E-17,0.172380331752));
#7881 = ADVANCED_FACE('',(#7882),#7892,.F.);
#7882 = FACE_BOUND('',#7883,.T.);
#7883 = EDGE_LOOP('',(#7884,#7885,#7890,#7891));
#7884 = ORIENTED_EDGE('',*,*,#6586,.T.);
#7885 = ORIENTED_EDGE('',*,*,#7886,.F.);
#7886 = EDGE_CURVE('',#6978,#6587,#7887,.T.);
#7887 = B_SPLINE_CURVE_WITH_KNOTS('',1,(#7888,#7889),.UNSPECIFIED.,.F.,
  .F.,(2,2),(-2.5,0.5),.PIECEWISE_BEZIER_KNOTS.);
#7888 = CARTESIAN_POINT('',(44.565,47.000000000049,-3.));
#7889 = CARTESIAN_POINT('',(44.565,47.000000000049,-6.));
#7890 = ORIENTED_EDGE('',*,*,#6977,.T.);
#7891 = ORIENTED_EDGE('',*,*,#7886,.T.);
#7892 = CYLINDRICAL_SURFACE('',#7893,1.375);
#7893 = AXIS2_PLACEMENT_3D('',#7894,#7895,#7896);
#7894 = CARTESIAN_POINT('',(43.19,47.000000000049,-5.5));
#7895 = DIRECTION('',(-0.,-0.,-1.));
#7896 = DIRECTION('',(1.,0.,0.));
#7897 = ADVANCED_FACE('',(#7898),#7908,.F.);
#7898 = FACE_BOUND('',#7899,.T.);
#7899 = EDGE_LOOP('',(#7900,#7901,#7906,#7907));
#7900 = ORIENTED_EDGE('',*,*,#6597,.T.);
#7901 = ORIENTED_EDGE('',*,*,#7902,.F.);
#7902 = EDGE_CURVE('',#6819,#6598,#7903,.T.);
#7903 = B_SPLINE_CURVE_WITH_KNOTS('',1,(#7904,#7905),.UNSPECIFIED.,.F.,
  .F.,(2,2),(-2.5,0.5),.PIECEWISE_BEZIER_KNOTS.);
#7904 = CARTESIAN_POINT('',(-25.435,47.,-3.));
#7905 = CARTESIAN_POINT('',(-25.435,47.,-6.));
#7906 = ORIENTED_EDGE('',*,*,#6818,.T.);
#7907 = ORIENTED_EDGE('',*,*,#7902,.T.);
#7908 = CYLINDRICAL_SURFACE('',#7909,1.375);
#7909 = AXIS2_PLACEMENT_3D('',#7910,#7911,#7912);
#7910 = CARTESIAN_POINT('',(-26.81,47.,-5.5));
#7911 = DIRECTION('',(-0.,-0.,-1.));
#7912 = DIRECTION('',(1.,0.,0.));
#7913 = ADVANCED_FACE('',(#7914),#7939,.F.);
#7914 = FACE_BOUND('',#7915,.F.);
#7915 = EDGE_LOOP('',(#7916,#7924,#7932,#7938));
#7916 = ORIENTED_EDGE('',*,*,#7917,.F.);
#7917 = EDGE_CURVE('',#7918,#7084,#7920,.T.);
#7918 = VERTEX_POINT('',#7919);
#7919 = CARTESIAN_POINT('',(-60.81,12.37,15.74));
#7920 = LINE('',#7921,#7922);
#7921 = CARTESIAN_POINT('',(-61.81,12.37,15.74));
#7922 = VECTOR('',#7923,1.);
#7923 = DIRECTION('',(1.,0.,0.));
#7924 = ORIENTED_EDGE('',*,*,#7925,.F.);
#7925 = EDGE_CURVE('',#7926,#7918,#7928,.T.);
#7926 = VERTEX_POINT('',#7927);
#7927 = CARTESIAN_POINT('',(-60.81,12.37,-1.06));
#7928 = LINE('',#7929,#7930);
#7929 = CARTESIAN_POINT('',(-60.81,12.37,-1.06));
#7930 = VECTOR('',#7931,1.);
#7931 = DIRECTION('',(0.,0.,1.));
#7932 = ORIENTED_EDGE('',*,*,#7933,.T.);
#7933 = EDGE_CURVE('',#7926,#7082,#7934,.T.);
#7934 = LINE('',#7935,#7936);
#7935 = CARTESIAN_POINT('',(-61.81,12.37,-1.06));
#7936 = VECTOR('',#7937,1.);
#7937 = DIRECTION('',(1.,0.,0.));
#7938 = ORIENTED_EDGE('',*,*,#7081,.T.);
#7939 = PLANE('',#7940);
#7940 = AXIS2_PLACEMENT_3D('',#7941,#7942,#7943);
#7941 = CARTESIAN_POINT('',(-61.81,12.37,-1.06));
#7942 = DIRECTION('',(0.,-1.,0.));
#7943 = DIRECTION('',(0.,0.,1.));
#7944 = ADVANCED_FACE('',(#7945),#7963,.F.);
#7945 = FACE_BOUND('',#7946,.F.);
#7946 = EDGE_LOOP('',(#7947,#7948,#7956,#7962));
#7947 = ORIENTED_EDGE('',*,*,#7933,.F.);
#7948 = ORIENTED_EDGE('',*,*,#7949,.F.);
#7949 = EDGE_CURVE('',#7950,#7926,#7952,.T.);
#7950 = VERTEX_POINT('',#7951);
#7951 = CARTESIAN_POINT('',(-60.81,44.78,-1.06));
#7952 = LINE('',#7953,#7954);
#7953 = CARTESIAN_POINT('',(-60.81,44.78,-1.06));
#7954 = VECTOR('',#7955,1.);
#7955 = DIRECTION('',(0.,-1.,0.));
#7956 = ORIENTED_EDGE('',*,*,#7957,.T.);
#7957 = EDGE_CURVE('',#7950,#7100,#7958,.T.);
#7958 = LINE('',#7959,#7960);
#7959 = CARTESIAN_POINT('',(-61.81,44.78,-1.06));
#7960 = VECTOR('',#7961,1.);
#7961 = DIRECTION('',(1.,0.,0.));
#7962 = ORIENTED_EDGE('',*,*,#7107,.T.);
#7963 = PLANE('',#7964);
#7964 = AXIS2_PLACEMENT_3D('',#7965,#7966,#7967);
#7965 = CARTESIAN_POINT('',(-61.81,44.78,-1.06));
#7966 = DIRECTION('',(0.,0.,-1.));
#7967 = DIRECTION('',(0.,-1.,0.));
#7968 = ADVANCED_FACE('',(#7969),#7987,.F.);
#7969 = FACE_BOUND('',#7970,.F.);
#7970 = EDGE_LOOP('',(#7971,#7979,#7985,#7986));
#7971 = ORIENTED_EDGE('',*,*,#7972,.F.);
#7972 = EDGE_CURVE('',#7973,#7092,#7975,.T.);
#7973 = VERTEX_POINT('',#7974);
#7974 = CARTESIAN_POINT('',(-60.81,44.78,15.74));
#7975 = LINE('',#7976,#7977);
#7976 = CARTESIAN_POINT('',(-61.81,44.78,15.74));
#7977 = VECTOR('',#7978,1.);
#7978 = DIRECTION('',(1.,0.,0.));
#7979 = ORIENTED_EDGE('',*,*,#7980,.F.);
#7980 = EDGE_CURVE('',#7918,#7973,#7981,.T.);
#7981 = LINE('',#7982,#7983);
#7982 = CARTESIAN_POINT('',(-60.81,12.37,15.74));
#7983 = VECTOR('',#7984,1.);
#7984 = DIRECTION('',(0.,1.,0.));
#7985 = ORIENTED_EDGE('',*,*,#7917,.T.);
#7986 = ORIENTED_EDGE('',*,*,#7091,.T.);
#7987 = PLANE('',#7988);
#7988 = AXIS2_PLACEMENT_3D('',#7989,#7990,#7991);
#7989 = CARTESIAN_POINT('',(-61.81,12.37,15.74));
#7990 = DIRECTION('',(0.,0.,1.));
#7991 = DIRECTION('',(0.,1.,0.));
#7992 = ADVANCED_FACE('',(#7993),#8004,.F.);
#7993 = FACE_BOUND('',#7994,.F.);
#7994 = EDGE_LOOP('',(#7995,#7996,#8002,#8003));
#7995 = ORIENTED_EDGE('',*,*,#7957,.F.);
#7996 = ORIENTED_EDGE('',*,*,#7997,.F.);
#7997 = EDGE_CURVE('',#7973,#7950,#7998,.T.);
#7998 = LINE('',#7999,#8000);
#7999 = CARTESIAN_POINT('',(-60.81,44.78,15.74));
#8000 = VECTOR('',#8001,1.);
#8001 = DIRECTION('',(0.,0.,-1.));
#8002 = ORIENTED_EDGE('',*,*,#7972,.T.);
#8003 = ORIENTED_EDGE('',*,*,#7099,.T.);
#8004 = PLANE('',#8005);
#8005 = AXIS2_PLACEMENT_3D('',#8006,#8007,#8008);
#8006 = CARTESIAN_POINT('',(-61.81,44.78,15.74));
#8007 = DIRECTION('',(0.,1.,0.));
#8008 = DIRECTION('',(0.,0.,-1.));
#8009 = ADVANCED_FACE('',(#8010),#8029,.F.);
#8010 = FACE_BOUND('',#8011,.T.);
#8011 = EDGE_LOOP('',(#8012,#8021,#8027,#8028));
#8012 = ORIENTED_EDGE('',*,*,#8013,.F.);
#8013 = EDGE_CURVE('',#8014,#8014,#8016,.T.);
#8014 = VERTEX_POINT('',#8015);
#8015 = CARTESIAN_POINT('',(-37.8526,-33.1274,-4.));
#8016 = CIRCLE('',#8017,1.22);
#8017 = AXIS2_PLACEMENT_3D('',#8018,#8019,#8020);
#8018 = CARTESIAN_POINT('',(-39.0726,-33.1274,-4.));
#8019 = DIRECTION('',(0.,0.,1.));
#8020 = DIRECTION('',(1.,0.,0.));
#8021 = ORIENTED_EDGE('',*,*,#8022,.T.);
#8022 = EDGE_CURVE('',#8014,#7275,#8023,.T.);
#8023 = LINE('',#8024,#8025);
#8024 = CARTESIAN_POINT('',(-37.8526,-33.1274,-4.));
#8025 = VECTOR('',#8026,1.);
#8026 = DIRECTION('',(0.,0.,1.));
#8027 = ORIENTED_EDGE('',*,*,#7274,.T.);
#8028 = ORIENTED_EDGE('',*,*,#8022,.F.);
#8029 = CYLINDRICAL_SURFACE('',#8030,1.22);
#8030 = AXIS2_PLACEMENT_3D('',#8031,#8032,#8033);
#8031 = CARTESIAN_POINT('',(-39.0726,-33.1274,-4.));
#8032 = DIRECTION('',(-0.,-0.,-1.));
#8033 = DIRECTION('',(1.,0.,0.));
#8034 = ADVANCED_FACE('',(#8035),#8054,.F.);
#8035 = FACE_BOUND('',#8036,.T.);
#8036 = EDGE_LOOP('',(#8037,#8045,#8052,#8053));
#8037 = ORIENTED_EDGE('',*,*,#8038,.F.);
#8038 = EDGE_CURVE('',#8039,#7303,#8041,.T.);
#8039 = VERTEX_POINT('',#8040);
#8040 = CARTESIAN_POINT('',(12.1496,-40.8524,-4.));
#8041 = LINE('',#8042,#8043);
#8042 = CARTESIAN_POINT('',(12.1496,-40.8524,-4.));
#8043 = VECTOR('',#8044,1.);
#8044 = DIRECTION('',(0.,0.,1.));
#8045 = ORIENTED_EDGE('',*,*,#8046,.F.);
#8046 = EDGE_CURVE('',#8039,#8039,#8047,.T.);
#8047 = CIRCLE('',#8048,1.22);
#8048 = AXIS2_PLACEMENT_3D('',#8049,#8050,#8051);
#8049 = CARTESIAN_POINT('',(10.9296,-40.8524,-4.));
#8050 = DIRECTION('',(0.,0.,1.));
#8051 = DIRECTION('',(1.,0.,0.));
#8052 = ORIENTED_EDGE('',*,*,#8038,.T.);
#8053 = ORIENTED_EDGE('',*,*,#7302,.F.);
#8054 = CYLINDRICAL_SURFACE('',#8055,1.22);
#8055 = AXIS2_PLACEMENT_3D('',#8056,#8057,#8058);
#8056 = CARTESIAN_POINT('',(10.9296,-40.8524,-4.));
#8057 = DIRECTION('',(-0.,-0.,-1.));
#8058 = DIRECTION('',(1.,0.,0.));
#8059 = ADVANCED_FACE('',(#8060),#8079,.F.);
#8060 = FACE_BOUND('',#8061,.T.);
#8061 = EDGE_LOOP('',(#8062,#8070,#8077,#8078));
#8062 = ORIENTED_EDGE('',*,*,#8063,.F.);
#8063 = EDGE_CURVE('',#8064,#7314,#8066,.T.);
#8064 = VERTEX_POINT('',#8065);
#8065 = CARTESIAN_POINT('',(6.21,-40.81,-4.));
#8066 = LINE('',#8067,#8068);
#8067 = CARTESIAN_POINT('',(6.21,-40.81,-4.));
#8068 = VECTOR('',#8069,1.);
#8069 = DIRECTION('',(0.,0.,1.));
#8070 = ORIENTED_EDGE('',*,*,#8071,.F.);
#8071 = EDGE_CURVE('',#8064,#8064,#8072,.T.);
#8072 = CIRCLE('',#8073,1.22);
#8073 = AXIS2_PLACEMENT_3D('',#8074,#8075,#8076);
#8074 = CARTESIAN_POINT('',(4.99,-40.81,-4.));
#8075 = DIRECTION('',(0.,0.,1.));
#8076 = DIRECTION('',(1.,0.,0.));
#8077 = ORIENTED_EDGE('',*,*,#8063,.T.);
#8078 = ORIENTED_EDGE('',*,*,#7313,.F.);
#8079 = CYLINDRICAL_SURFACE('',#8080,1.22);
#8080 = AXIS2_PLACEMENT_3D('',#8081,#8082,#8083);
#8081 = CARTESIAN_POINT('',(4.99,-40.81,-4.));
#8082 = DIRECTION('',(-0.,-0.,-1.));
#8083 = DIRECTION('',(1.,0.,0.));
#8084 = ADVANCED_FACE('',(#8085),#8104,.F.);
#8085 = FACE_BOUND('',#8086,.T.);
#8086 = EDGE_LOOP('',(#8087,#8095,#8096,#8097));
#8087 = ORIENTED_EDGE('',*,*,#8088,.F.);
#8088 = EDGE_CURVE('',#7336,#8089,#8091,.T.);
#8089 = VERTEX_POINT('',#8090);
#8090 = CARTESIAN_POINT('',(40.385,-33.1274,-4.));
#8091 = LINE('',#8092,#8093);
#8092 = CARTESIAN_POINT('',(40.385,-33.1274,0.));
#8093 = VECTOR('',#8094,1.);
#8094 = DIRECTION('',(0.,0.,-1.));
#8095 = ORIENTED_EDGE('',*,*,#7335,.F.);
#8096 = ORIENTED_EDGE('',*,*,#8088,.T.);
#8097 = ORIENTED_EDGE('',*,*,#8098,.F.);
#8098 = EDGE_CURVE('',#8089,#8089,#8099,.T.);
#8099 = CIRCLE('',#8100,1.22);
#8100 = AXIS2_PLACEMENT_3D('',#8101,#8102,#8103);
#8101 = CARTESIAN_POINT('',(39.165,-33.1274,-4.));
#8102 = DIRECTION('',(0.,0.,1.));
#8103 = DIRECTION('',(1.,0.,0.));
#8104 = CYLINDRICAL_SURFACE('',#8105,1.22);
#8105 = AXIS2_PLACEMENT_3D('',#8106,#8107,#8108);
#8106 = CARTESIAN_POINT('',(39.165,-33.1274,0.));
#8107 = DIRECTION('',(0.,0.,1.));
#8108 = DIRECTION('',(1.,0.,0.));
#8109 = ADVANCED_FACE('',(#8110),#8129,.F.);
#8110 = FACE_BOUND('',#8111,.T.);
#8111 = EDGE_LOOP('',(#8112,#8120,#8127,#8128));
#8112 = ORIENTED_EDGE('',*,*,#8113,.F.);
#8113 = EDGE_CURVE('',#8114,#7359,#8116,.T.);
#8114 = VERTEX_POINT('',#8115);
#8115 = CARTESIAN_POINT('',(33.1808,-0.5172,-4.));
#8116 = LINE('',#8117,#8118);
#8117 = CARTESIAN_POINT('',(33.1808,-0.5172,-4.));
#8118 = VECTOR('',#8119,1.);
#8119 = DIRECTION('',(0.,0.,1.));
#8120 = ORIENTED_EDGE('',*,*,#8121,.F.);
#8121 = EDGE_CURVE('',#8114,#8114,#8122,.T.);
#8122 = CIRCLE('',#8123,1.22);
#8123 = AXIS2_PLACEMENT_3D('',#8124,#8125,#8126);
#8124 = CARTESIAN_POINT('',(31.9608,-0.5172,-4.));
#8125 = DIRECTION('',(0.,0.,1.));
#8126 = DIRECTION('',(1.,0.,0.));
#8127 = ORIENTED_EDGE('',*,*,#8113,.T.);
#8128 = ORIENTED_EDGE('',*,*,#7358,.F.);
#8129 = CYLINDRICAL_SURFACE('',#8130,1.22);
#8130 = AXIS2_PLACEMENT_3D('',#8131,#8132,#8133);
#8131 = CARTESIAN_POINT('',(31.9608,-0.5172,-4.));
#8132 = DIRECTION('',(-0.,-0.,-1.));
#8133 = DIRECTION('',(1.,0.,0.));
#8134 = ADVANCED_FACE('',(#8135),#8154,.F.);
#8135 = FACE_BOUND('',#8136,.T.);
#8136 = EDGE_LOOP('',(#8137,#8145,#8152,#8153));
#8137 = ORIENTED_EDGE('',*,*,#8138,.F.);
#8138 = EDGE_CURVE('',#8139,#7381,#8141,.T.);
#8139 = VERTEX_POINT('',#8140);
#8140 = CARTESIAN_POINT('',(6.21,26.51,-4.));
#8141 = LINE('',#8142,#8143);
#8142 = CARTESIAN_POINT('',(6.21,26.51,-4.));
#8143 = VECTOR('',#8144,1.);
#8144 = DIRECTION('',(0.,0.,1.));
#8145 = ORIENTED_EDGE('',*,*,#8146,.F.);
#8146 = EDGE_CURVE('',#8139,#8139,#8147,.T.);
#8147 = CIRCLE('',#8148,1.22);
#8148 = AXIS2_PLACEMENT_3D('',#8149,#8150,#8151);
#8149 = CARTESIAN_POINT('',(4.99,26.51,-4.));
#8150 = DIRECTION('',(0.,0.,1.));
#8151 = DIRECTION('',(1.,0.,0.));
#8152 = ORIENTED_EDGE('',*,*,#8138,.T.);
#8153 = ORIENTED_EDGE('',*,*,#7380,.F.);
#8154 = CYLINDRICAL_SURFACE('',#8155,1.22);
#8155 = AXIS2_PLACEMENT_3D('',#8156,#8157,#8158);
#8156 = CARTESIAN_POINT('',(4.99,26.51,-4.));
#8157 = DIRECTION('',(-0.,-0.,-1.));
#8158 = DIRECTION('',(1.,0.,0.));
#8159 = ADVANCED_FACE('',(#8160),#8179,.F.);
#8160 = FACE_BOUND('',#8161,.T.);
#8161 = EDGE_LOOP('',(#8162,#8170,#8177,#8178));
#8162 = ORIENTED_EDGE('',*,*,#8163,.F.);
#8163 = EDGE_CURVE('',#8164,#7405,#8166,.T.);
#8164 = VERTEX_POINT('',#8165);
#8165 = CARTESIAN_POINT('',(20.2268,32.0964,-4.));
#8166 = LINE('',#8167,#8168);
#8167 = CARTESIAN_POINT('',(20.2268,32.0964,-4.));
#8168 = VECTOR('',#8169,1.);
#8169 = DIRECTION('',(0.,0.,1.));
#8170 = ORIENTED_EDGE('',*,*,#8171,.F.);
#8171 = EDGE_CURVE('',#8164,#8164,#8172,.T.);
#8172 = CIRCLE('',#8173,1.22);
#8173 = AXIS2_PLACEMENT_3D('',#8174,#8175,#8176);
#8174 = CARTESIAN_POINT('',(19.0068,32.0964,-4.));
#8175 = DIRECTION('',(0.,0.,1.));
#8176 = DIRECTION('',(1.,0.,0.));
#8177 = ORIENTED_EDGE('',*,*,#8163,.T.);
#8178 = ORIENTED_EDGE('',*,*,#7404,.F.);
#8179 = CYLINDRICAL_SURFACE('',#8180,1.22);
#8180 = AXIS2_PLACEMENT_3D('',#8181,#8182,#8183);
#8181 = CARTESIAN_POINT('',(19.0068,32.0964,-4.));
#8182 = DIRECTION('',(-0.,-0.,-1.));
#8183 = DIRECTION('',(1.,0.,0.));
#8184 = ADVANCED_FACE('',(#8185),#8204,.F.);
#8185 = FACE_BOUND('',#8186,.T.);
#8186 = EDGE_LOOP('',(#8187,#8195,#8196,#8197));
#8187 = ORIENTED_EDGE('',*,*,#8188,.F.);
#8188 = EDGE_CURVE('',#7427,#8189,#8191,.T.);
#8189 = VERTEX_POINT('',#8190);
#8190 = CARTESIAN_POINT('',(40.385,31.5156,-4.));
#8191 = LINE('',#8192,#8193);
#8192 = CARTESIAN_POINT('',(40.385,31.5156,0.));
#8193 = VECTOR('',#8194,1.);
#8194 = DIRECTION('',(0.,0.,-1.));
#8195 = ORIENTED_EDGE('',*,*,#7426,.F.);
#8196 = ORIENTED_EDGE('',*,*,#8188,.T.);
#8197 = ORIENTED_EDGE('',*,*,#8198,.F.);
#8198 = EDGE_CURVE('',#8189,#8189,#8199,.T.);
#8199 = CIRCLE('',#8200,1.22);
#8200 = AXIS2_PLACEMENT_3D('',#8201,#8202,#8203);
#8201 = CARTESIAN_POINT('',(39.165,31.5156,-4.));
#8202 = DIRECTION('',(0.,0.,1.));
#8203 = DIRECTION('',(1.,0.,0.));
#8204 = CYLINDRICAL_SURFACE('',#8205,1.22);
#8205 = AXIS2_PLACEMENT_3D('',#8206,#8207,#8208);
#8206 = CARTESIAN_POINT('',(39.165,31.5156,0.));
#8207 = DIRECTION('',(0.,0.,1.));
#8208 = DIRECTION('',(1.,0.,0.));
#8209 = ADVANCED_FACE('',(#8210),#8226,.T.);
#8210 = FACE_BOUND('',#8211,.F.);
#8211 = EDGE_LOOP('',(#8212,#8218,#8219,#8225));
#8212 = ORIENTED_EDGE('',*,*,#8213,.F.);
#8213 = EDGE_CURVE('',#7918,#7503,#8214,.T.);
#8214 = LINE('',#8215,#8216);
#8215 = CARTESIAN_POINT('',(-58.34333333333,14.836666666667,
    13.273333333333));
#8216 = VECTOR('',#8217,1.);
#8217 = DIRECTION('',(-0.57735026919,-0.57735026919,0.57735026919));
#8218 = ORIENTED_EDGE('',*,*,#7980,.T.);
#8219 = ORIENTED_EDGE('',*,*,#8220,.T.);
#8220 = EDGE_CURVE('',#7973,#7505,#8221,.T.);
#8221 = LINE('',#8222,#8223);
#8222 = CARTESIAN_POINT('',(-55.74166666666,39.711666666667,
    10.671666666667));
#8223 = VECTOR('',#8224,1.);
#8224 = DIRECTION('',(-0.57735026919,0.57735026919,0.57735026919));
#8225 = ORIENTED_EDGE('',*,*,#7502,.F.);
#8226 = PLANE('',#8227);
#8227 = AXIS2_PLACEMENT_3D('',#8228,#8229,#8230);
#8228 = CARTESIAN_POINT('',(-61.31,12.37,16.24));
#8229 = DIRECTION('',(-0.707106781187,1.E-17,-0.707106781187));
#8230 = DIRECTION('',(-7.071067811865E-18,-1.,-7.071067811865E-18));
#8231 = ADVANCED_FACE('',(#8232),#8243,.T.);
#8232 = FACE_BOUND('',#8233,.F.);
#8233 = EDGE_LOOP('',(#8234,#8240,#8241,#8242));
#8234 = ORIENTED_EDGE('',*,*,#8235,.F.);
#8235 = EDGE_CURVE('',#7926,#7513,#8236,.T.);
#8236 = LINE('',#8237,#8238);
#8237 = CARTESIAN_POINT('',(-55.74166666666,17.438333333333,
    4.008333333333));
#8238 = VECTOR('',#8239,1.);
#8239 = DIRECTION('',(-0.57735026919,-0.57735026919,-0.57735026919));
#8240 = ORIENTED_EDGE('',*,*,#7925,.T.);
#8241 = ORIENTED_EDGE('',*,*,#8213,.T.);
#8242 = ORIENTED_EDGE('',*,*,#7512,.F.);
#8243 = PLANE('',#8244);
#8244 = AXIS2_PLACEMENT_3D('',#8245,#8246,#8247);
#8245 = CARTESIAN_POINT('',(-61.31,11.87,-1.06));
#8246 = DIRECTION('',(-0.707106781187,0.707106781187,-1.E-17));
#8247 = DIRECTION('',(7.071067811865E-18,-7.071067811865E-18,-1.));
#8248 = ADVANCED_FACE('',(#8249),#8260,.T.);
#8249 = FACE_BOUND('',#8250,.F.);
#8250 = EDGE_LOOP('',(#8251,#8252,#8253,#8259));
#8251 = ORIENTED_EDGE('',*,*,#8220,.F.);
#8252 = ORIENTED_EDGE('',*,*,#7997,.T.);
#8253 = ORIENTED_EDGE('',*,*,#8254,.T.);
#8254 = EDGE_CURVE('',#7950,#7521,#8255,.T.);
#8255 = LINE('',#8256,#8257);
#8256 = CARTESIAN_POINT('',(-58.34333333333,42.313333333333,
    1.406666666667));
#8257 = VECTOR('',#8258,1.);
#8258 = DIRECTION('',(-0.57735026919,0.57735026919,-0.57735026919));
#8259 = ORIENTED_EDGE('',*,*,#7528,.F.);
#8260 = PLANE('',#8261);
#8261 = AXIS2_PLACEMENT_3D('',#8262,#8263,#8264);
#8262 = CARTESIAN_POINT('',(-61.31,45.28,15.74));
#8263 = DIRECTION('',(-0.707106781187,-0.707106781187,1.E-17));
#8264 = DIRECTION('',(7.071067811865E-18,7.071067811865E-18,1.));
#8265 = ADVANCED_FACE('',(#8266),#8272,.T.);
#8266 = FACE_BOUND('',#8267,.F.);
#8267 = EDGE_LOOP('',(#8268,#8269,#8270,#8271));
#8268 = ORIENTED_EDGE('',*,*,#8254,.F.);
#8269 = ORIENTED_EDGE('',*,*,#7949,.T.);
#8270 = ORIENTED_EDGE('',*,*,#8235,.T.);
#8271 = ORIENTED_EDGE('',*,*,#7520,.F.);
#8272 = PLANE('',#8273);
#8273 = AXIS2_PLACEMENT_3D('',#8274,#8275,#8276);
#8274 = CARTESIAN_POINT('',(-61.31,44.78,-1.56));
#8275 = DIRECTION('',(-0.707106781187,-1.E-17,0.707106781187));
#8276 = DIRECTION('',(-7.071067811865E-18,1.,7.071067811865E-18));
#8277 = ADVANCED_FACE('',(#8278),#8294,.F.);
#8278 = FACE_BOUND('',#8279,.F.);
#8279 = EDGE_LOOP('',(#8280,#8286,#8287,#8293));
#8280 = ORIENTED_EDGE('',*,*,#8281,.T.);
#8281 = EDGE_CURVE('',#7554,#7846,#8282,.T.);
#8282 = LINE('',#8283,#8284);
#8283 = CARTESIAN_POINT('',(-61.81,-49.,17.));
#8284 = VECTOR('',#8285,1.);
#8285 = DIRECTION('',(1.,0.,0.));
#8286 = ORIENTED_EDGE('',*,*,#7853,.T.);
#8287 = ORIENTED_EDGE('',*,*,#8288,.F.);
#8288 = EDGE_CURVE('',#7556,#7828,#8289,.T.);
#8289 = LINE('',#8290,#8291);
#8290 = CARTESIAN_POINT('',(-61.81,-10.,17.));
#8291 = VECTOR('',#8292,1.);
#8292 = DIRECTION('',(1.,0.,0.));
#8293 = ORIENTED_EDGE('',*,*,#7553,.F.);
#8294 = PLANE('',#8295);
#8295 = AXIS2_PLACEMENT_3D('',#8296,#8297,#8298);
#8296 = CARTESIAN_POINT('',(-61.81,-49.,17.));
#8297 = DIRECTION('',(0.,0.,1.));
#8298 = DIRECTION('',(0.,1.,0.));
#8299 = ADVANCED_FACE('',(#8300),#8311,.F.);
#8300 = FACE_BOUND('',#8301,.F.);
#8301 = EDGE_LOOP('',(#8302,#8308,#8309,#8310));
#8302 = ORIENTED_EDGE('',*,*,#8303,.T.);
#8303 = EDGE_CURVE('',#7564,#7838,#8304,.T.);
#8304 = LINE('',#8305,#8306);
#8305 = CARTESIAN_POINT('',(-61.81,-49.,-2.));
#8306 = VECTOR('',#8307,1.);
#8307 = DIRECTION('',(1.,0.,0.));
#8308 = ORIENTED_EDGE('',*,*,#7845,.T.);
#8309 = ORIENTED_EDGE('',*,*,#8281,.F.);
#8310 = ORIENTED_EDGE('',*,*,#7563,.F.);
#8311 = PLANE('',#8312);
#8312 = AXIS2_PLACEMENT_3D('',#8313,#8314,#8315);
#8313 = CARTESIAN_POINT('',(-61.81,-49.,-2.));
#8314 = DIRECTION('',(0.,-1.,0.));
#8315 = DIRECTION('',(0.,0.,1.));
#8316 = ADVANCED_FACE('',(#8317),#8328,.F.);
#8317 = FACE_BOUND('',#8318,.F.);
#8318 = EDGE_LOOP('',(#8319,#8320,#8321,#8327));
#8319 = ORIENTED_EDGE('',*,*,#8288,.T.);
#8320 = ORIENTED_EDGE('',*,*,#7827,.T.);
#8321 = ORIENTED_EDGE('',*,*,#8322,.F.);
#8322 = EDGE_CURVE('',#7572,#7830,#8323,.T.);
#8323 = LINE('',#8324,#8325);
#8324 = CARTESIAN_POINT('',(-61.81,-10.,-2.));
#8325 = VECTOR('',#8326,1.);
#8326 = DIRECTION('',(1.,0.,0.));
#8327 = ORIENTED_EDGE('',*,*,#7579,.F.);
#8328 = PLANE('',#8329);
#8329 = AXIS2_PLACEMENT_3D('',#8330,#8331,#8332);
#8330 = CARTESIAN_POINT('',(-61.81,-10.,17.));
#8331 = DIRECTION('',(0.,1.,0.));
#8332 = DIRECTION('',(0.,0.,-1.));
#8333 = ADVANCED_FACE('',(#8334),#8340,.F.);
#8334 = FACE_BOUND('',#8335,.F.);
#8335 = EDGE_LOOP('',(#8336,#8337,#8338,#8339));
#8336 = ORIENTED_EDGE('',*,*,#8322,.T.);
#8337 = ORIENTED_EDGE('',*,*,#7837,.T.);
#8338 = ORIENTED_EDGE('',*,*,#8303,.F.);
#8339 = ORIENTED_EDGE('',*,*,#7571,.F.);
#8340 = PLANE('',#8341);
#8341 = AXIS2_PLACEMENT_3D('',#8342,#8343,#8344);
#8342 = CARTESIAN_POINT('',(-61.81,-10.,-2.));
#8343 = DIRECTION('',(0.,0.,-1.));
#8344 = DIRECTION('',(0.,-1.,0.));
#8345 = ADVANCED_FACE('',(#8346),#8364,.F.);
#8346 = FACE_BOUND('',#8347,.T.);
#8347 = EDGE_LOOP('',(#8348,#8357,#8362,#8363));
#8348 = ORIENTED_EDGE('',*,*,#8349,.F.);
#8349 = EDGE_CURVE('',#8350,#8350,#8352,.T.);
#8350 = VERTEX_POINT('',#8351);
#8351 = CARTESIAN_POINT('',(-60.81,-6.17,8.E-02));
#8352 = CIRCLE('',#8353,0.9);
#8353 = AXIS2_PLACEMENT_3D('',#8354,#8355,#8356);
#8354 = CARTESIAN_POINT('',(-60.81,-7.07,8.E-02));
#8355 = DIRECTION('',(1.,0.,0.));
#8356 = DIRECTION('',(0.,1.,0.));
#8357 = ORIENTED_EDGE('',*,*,#8358,.F.);
#8358 = EDGE_CURVE('',#7718,#8350,#8359,.T.);
#8359 = B_SPLINE_CURVE_WITH_KNOTS('',1,(#8360,#8361),.UNSPECIFIED.,.F.,
  .F.,(2,2),(-0.54,3.),.PIECEWISE_BEZIER_KNOTS.);
#8360 = CARTESIAN_POINT('',(-57.27,-6.17,8.E-02));
#8361 = CARTESIAN_POINT('',(-60.81,-6.17,8.E-02));
#8362 = ORIENTED_EDGE('',*,*,#7717,.T.);
#8363 = ORIENTED_EDGE('',*,*,#8358,.T.);
#8364 = CYLINDRICAL_SURFACE('',#8365,0.9);
#8365 = AXIS2_PLACEMENT_3D('',#8366,#8367,#8368);
#8366 = CARTESIAN_POINT('',(-57.81,-7.07,8.E-02));
#8367 = DIRECTION('',(-1.,-0.,-0.));
#8368 = DIRECTION('',(0.,1.,0.));
#8369 = ADVANCED_FACE('',(#8370),#8388,.F.);
#8370 = FACE_BOUND('',#8371,.T.);
#8371 = EDGE_LOOP('',(#8372,#8381,#8386,#8387));
#8372 = ORIENTED_EDGE('',*,*,#8373,.F.);
#8373 = EDGE_CURVE('',#8374,#8374,#8376,.T.);
#8374 = VERTEX_POINT('',#8375);
#8375 = CARTESIAN_POINT('',(-60.81,9.59,14.89));
#8376 = CIRCLE('',#8377,0.9);
#8377 = AXIS2_PLACEMENT_3D('',#8378,#8379,#8380);
#8378 = CARTESIAN_POINT('',(-60.81,8.69,14.89));
#8379 = DIRECTION('',(1.,0.,0.));
#8380 = DIRECTION('',(0.,1.,0.));
#8381 = ORIENTED_EDGE('',*,*,#8382,.F.);
#8382 = EDGE_CURVE('',#7738,#8374,#8383,.T.);
#8383 = B_SPLINE_CURVE_WITH_KNOTS('',1,(#8384,#8385),.UNSPECIFIED.,.F.,
  .F.,(2,2),(-0.54,3.),.PIECEWISE_BEZIER_KNOTS.);
#8384 = CARTESIAN_POINT('',(-57.27,9.59,14.89));
#8385 = CARTESIAN_POINT('',(-60.81,9.59,14.89));
#8386 = ORIENTED_EDGE('',*,*,#7737,.T.);
#8387 = ORIENTED_EDGE('',*,*,#8382,.T.);
#8388 = CYLINDRICAL_SURFACE('',#8389,0.9);
#8389 = AXIS2_PLACEMENT_3D('',#8390,#8391,#8392);
#8390 = CARTESIAN_POINT('',(-57.81,8.69,14.89));
#8391 = DIRECTION('',(-1.,-0.,-0.));
#8392 = DIRECTION('',(0.,1.,0.));
#8393 = ADVANCED_FACE('',(#8394),#8397,.T.);
#8394 = FACE_BOUND('',#8395,.T.);
#8395 = EDGE_LOOP('',(#8396));
#8396 = ORIENTED_EDGE('',*,*,#8013,.T.);
#8397 = PLANE('',#8398);
#8398 = AXIS2_PLACEMENT_3D('',#8399,#8400,#8401);
#8399 = CARTESIAN_POINT('',(0.29388389966,6.402E-13,-4.));
#8400 = DIRECTION('',(0.,0.,1.));
#8401 = DIRECTION('',(1.,0.,0.));
#8402 = ADVANCED_FACE('',(#8403),#8406,.T.);
#8403 = FACE_BOUND('',#8404,.T.);
#8404 = EDGE_LOOP('',(#8405));
#8405 = ORIENTED_EDGE('',*,*,#8046,.T.);
#8406 = PLANE('',#8407);
#8407 = AXIS2_PLACEMENT_3D('',#8408,#8409,#8410);
#8408 = CARTESIAN_POINT('',(0.620228046705,0.101860861105,-4.));
#8409 = DIRECTION('',(0.,0.,1.));
#8410 = DIRECTION('',(1.,0.,0.));
#8411 = ADVANCED_FACE('',(#8412),#8415,.T.);
#8412 = FACE_BOUND('',#8413,.T.);
#8413 = EDGE_LOOP('',(#8414));
#8414 = ORIENTED_EDGE('',*,*,#8071,.T.);
#8415 = PLANE('',#8416);
#8416 = AXIS2_PLACEMENT_3D('',#8417,#8418,#8419);
#8417 = CARTESIAN_POINT('',(0.73638306977,-4.65884E-12,-4.));
#8418 = DIRECTION('',(0.,0.,1.));
#8419 = DIRECTION('',(1.,0.,0.));
#8420 = ADVANCED_FACE('',(#8421),#8424,.T.);
#8421 = FACE_BOUND('',#8422,.T.);
#8422 = EDGE_LOOP('',(#8423));
#8423 = ORIENTED_EDGE('',*,*,#8098,.T.);
#8424 = PLANE('',#8425);
#8425 = AXIS2_PLACEMENT_3D('',#8426,#8427,#8428);
#8426 = CARTESIAN_POINT('',(0.995,8.34E-15,-4.));
#8427 = DIRECTION('',(0.,0.,1.));
#8428 = DIRECTION('',(1.,0.,0.));
#8429 = ADVANCED_FACE('',(#8430),#8433,.T.);
#8430 = FACE_BOUND('',#8431,.T.);
#8431 = EDGE_LOOP('',(#8432));
#8432 = ORIENTED_EDGE('',*,*,#8121,.T.);
#8433 = PLANE('',#8434);
#8434 = AXIS2_PLACEMENT_3D('',#8435,#8436,#8437);
#8435 = CARTESIAN_POINT('',(0.620228046705,0.101860861105,-4.));
#8436 = DIRECTION('',(0.,0.,1.));
#8437 = DIRECTION('',(1.,0.,0.));
#8438 = ADVANCED_FACE('',(#8439),#8442,.T.);
#8439 = FACE_BOUND('',#8440,.T.);
#8440 = EDGE_LOOP('',(#8441));
#8441 = ORIENTED_EDGE('',*,*,#8146,.T.);
#8442 = PLANE('',#8443);
#8443 = AXIS2_PLACEMENT_3D('',#8444,#8445,#8446);
#8444 = CARTESIAN_POINT('',(0.73638306977,-4.65884E-12,-4.));
#8445 = DIRECTION('',(0.,0.,1.));
#8446 = DIRECTION('',(1.,0.,0.));
#8447 = ADVANCED_FACE('',(#8448),#8451,.T.);
#8448 = FACE_BOUND('',#8449,.T.);
#8449 = EDGE_LOOP('',(#8450));
#8450 = ORIENTED_EDGE('',*,*,#8171,.T.);
#8451 = PLANE('',#8452);
#8452 = AXIS2_PLACEMENT_3D('',#8453,#8454,#8455);
#8453 = CARTESIAN_POINT('',(0.620228046705,0.101860861105,-4.));
#8454 = DIRECTION('',(0.,0.,1.));
#8455 = DIRECTION('',(1.,0.,0.));
#8456 = ADVANCED_FACE('',(#8457),#8460,.T.);
#8457 = FACE_BOUND('',#8458,.T.);
#8458 = EDGE_LOOP('',(#8459));
#8459 = ORIENTED_EDGE('',*,*,#8198,.T.);
#8460 = PLANE('',#8461);
#8461 = AXIS2_PLACEMENT_3D('',#8462,#8463,#8464);
#8462 = CARTESIAN_POINT('',(0.995,8.34E-15,-4.));
#8463 = DIRECTION('',(0.,0.,1.));
#8464 = DIRECTION('',(1.,0.,0.));
#8465 = ADVANCED_FACE('',(#8466),#8469,.T.);
#8466 = FACE_BOUND('',#8467,.T.);
#8467 = EDGE_LOOP('',(#8468));
#8468 = ORIENTED_EDGE('',*,*,#8349,.T.);
#8469 = PLANE('',#8470);
#8470 = AXIS2_PLACEMENT_3D('',#8471,#8472,#8473);
#8471 = CARTESIAN_POINT('',(-60.81,0.81,7.485));
#8472 = DIRECTION('',(1.,0.,0.));
#8473 = DIRECTION('',(0.,0.,1.));
#8474 = ADVANCED_FACE('',(#8475),#8478,.T.);
#8475 = FACE_BOUND('',#8476,.T.);
#8476 = EDGE_LOOP('',(#8477));
#8477 = ORIENTED_EDGE('',*,*,#8373,.T.);
#8478 = PLANE('',#8479);
#8479 = AXIS2_PLACEMENT_3D('',#8480,#8481,#8482);
#8480 = CARTESIAN_POINT('',(-60.81,0.81,7.485));
#8481 = DIRECTION('',(1.,0.,0.));
#8482 = DIRECTION('',(0.,0.,1.));
#8483 = ( GEOMETRIC_REPRESENTATION_CONTEXT(3) 
GLOBAL_UNCERTAINTY_ASSIGNED_CONTEXT((#8487)) 
GLOBAL_UNIT_ASSIGNED_CONTEXT((#8484,#8485,#8486)) REPRESENTATION_CONTEXT
('Context #1','3D Context with UNIT and UNCERTAINTY') );
#8484 = ( LENGTH_UNIT() NAMED_UNIT(*) SI_UNIT(.MILLI.,.METRE.) );
#8485 = ( NAMED_UNIT(*) PLANE_ANGLE_UNIT() SI_UNIT($,.RADIAN.) );
#8486 = ( NAMED_UNIT(*) SI_UNIT($,.STERADIAN.) SOLID_ANGLE_UNIT() );
#8487 = UNCERTAINTY_MEASURE_WITH_UNIT(LENGTH_MEASURE(1.E-04),#8484,
  'distance_accuracy_value','confusion accuracy');
#8488 = CONTEXT_DEPENDENT_SHAPE_REPRESENTATION(#8489,#8491);
#8489 = ( REPRESENTATION_RELATIONSHIP('','',#36,#10) 
REPRESENTATION_RELATIONSHIP_WITH_TRANSFORMATION(#8490) 
SHAPE_REPRESENTATION_RELATIONSHIP() );
#8490 = ITEM_DEFINED_TRANSFORMATION('','',#11,#15);
#8491 = PRODUCT_DEFINITION_SHAPE('Placement','Placement of an item',
  #8492);
#8492 = NEXT_ASSEMBLY_USAGE_OCCURRENCE('1','PicoIDE Enclosure','',#5,#31
  ,$);
#8493 = PRODUCT_RELATED_PRODUCT_CATEGORY('part',$,(#33));
#8494 = SHAPE_DEFINITION_REPRESENTATION(#8495,#8501);
#8495 = PRODUCT_DEFINITION_SHAPE('','',#8496);
#8496 = PRODUCT_DEFINITION('design','',#8497,#8500);
#8497 = PRODUCT_DEFINITION_FORMATION('','',#8498);
#8498 = PRODUCT('PicoIDE Logo','PicoIDE Logo','',(#8499));
#8499 = PRODUCT_CONTEXT('',#2,'mechanical');
#8500 = PRODUCT_DEFINITION_CONTEXT('part definition',#2,'design');
#8501 = ADVANCED_BREP_SHAPE_REPRESENTATION('',(#11,#8502),#12163);
#8502 = MANIFOLD_SOLID_BREP('',#8503);
#8503 = CLOSED_SHELL('',(#8504,#8544,#8622,#8647,#8687,#8727,#8758,#8789
    ,#8820,#8851,#8877,#8894,#8925,#8965,#8996,#9027,#9640,#9657,#9688,
    #9713,#9737,#9755,#9786,#9810,#9834,#9851,#9882,#9906,#9930,#9954,
    #9980,#10004,#10028,#10054,#10080,#10104,#10128,#10154,#10178,#10195
    ,#10226,#10250,#10274,#10291,#10324,#10348,#10372,#10398,#10422,
    #10446,#10470,#10494,#10520,#10544,#10568,#10587,#10620,#10644,
    #10668,#10694,#10720,#10744,#10768,#10787,#10818,#10842,#10866,
    #10883,#10914,#10938,#10964,#10988,#11012,#11031,#11062,#11086,
    #11110,#11134,#11158,#11182,#11206,#11230,#11254,#11278,#11302,
    #11326,#11350,#11374,#11398,#11415,#11454,#11466,#11488,#11500,
    #11520,#11602,#11614,#11678,#11702,#11719,#11736,#11748,#11779,
    #11805,#11829,#11855,#11879,#11905,#11929,#11948,#11979,#12003,
    #12027,#12053,#12077,#12096,#12108,#12124,#12138));
#8504 = ADVANCED_FACE('',(#8505),#8539,.F.);
#8505 = FACE_BOUND('',#8506,.F.);
#8506 = EDGE_LOOP('',(#8507,#8517,#8525,#8533));
#8507 = ORIENTED_EDGE('',*,*,#8508,.F.);
#8508 = EDGE_CURVE('',#8509,#8511,#8513,.T.);
#8509 = VERTEX_POINT('',#8510);
#8510 = CARTESIAN_POINT('',(-61.81,-25.37540006054,2.055028285638));
#8511 = VERTEX_POINT('',#8512);
#8512 = CARTESIAN_POINT('',(-61.81,-25.37540006054,3.705028300069));
#8513 = LINE('',#8514,#8515);
#8514 = CARTESIAN_POINT('',(-61.81,-25.37540006054,2.055028285638));
#8515 = VECTOR('',#8516,1.);
#8516 = DIRECTION('',(0.,0.,1.));
#8517 = ORIENTED_EDGE('',*,*,#8518,.T.);
#8518 = EDGE_CURVE('',#8509,#8519,#8521,.T.);
#8519 = VERTEX_POINT('',#8520);
#8520 = CARTESIAN_POINT('',(-60.81,-25.37540006054,2.055028285638));
#8521 = LINE('',#8522,#8523);
#8522 = CARTESIAN_POINT('',(-61.81,-25.37540006054,2.055028285638));
#8523 = VECTOR('',#8524,1.);
#8524 = DIRECTION('',(1.,0.,0.));
#8525 = ORIENTED_EDGE('',*,*,#8526,.T.);
#8526 = EDGE_CURVE('',#8519,#8527,#8529,.T.);
#8527 = VERTEX_POINT('',#8528);
#8528 = CARTESIAN_POINT('',(-60.81,-25.37540006054,3.705028300069));
#8529 = LINE('',#8530,#8531);
#8530 = CARTESIAN_POINT('',(-60.81,-25.37540006054,4.777514142819));
#8531 = VECTOR('',#8532,1.);
#8532 = DIRECTION('',(0.,0.,1.));
#8533 = ORIENTED_EDGE('',*,*,#8534,.F.);
#8534 = EDGE_CURVE('',#8511,#8527,#8535,.T.);
#8535 = LINE('',#8536,#8537);
#8536 = CARTESIAN_POINT('',(-61.81,-25.37540006054,3.705028300069));
#8537 = VECTOR('',#8538,1.);
#8538 = DIRECTION('',(1.,0.,0.));
#8539 = PLANE('',#8540);
#8540 = AXIS2_PLACEMENT_3D('',#8541,#8542,#8543);
#8541 = CARTESIAN_POINT('',(-61.81,-25.37540006054,2.055028285638));
#8542 = DIRECTION('',(0.,-1.,0.));
#8543 = DIRECTION('',(0.,0.,1.));
#8544 = ADVANCED_FACE('',(#8545,#8581,#8606),#8617,.F.);
#8545 = FACE_BOUND('',#8546,.F.);
#8546 = EDGE_LOOP('',(#8547,#8558,#8566,#8575));
#8547 = ORIENTED_EDGE('',*,*,#8548,.F.);
#8548 = EDGE_CURVE('',#8549,#8551,#8553,.T.);
#8549 = VERTEX_POINT('',#8550);
#8550 = CARTESIAN_POINT('',(-61.81,-41.69997459994,7.5028242472E-02));
#8551 = VERTEX_POINT('',#8552);
#8552 = CARTESIAN_POINT('',(-61.81,-41.69997459994,8.075028242472));
#8553 = CIRCLE('',#8554,4.);
#8554 = AXIS2_PLACEMENT_3D('',#8555,#8556,#8557);
#8555 = CARTESIAN_POINT('',(-61.81,-41.69997459994,4.075028242472));
#8556 = DIRECTION('',(-1.,0.,0.));
#8557 = DIRECTION('',(0.,-1.,0.));
#8558 = ORIENTED_EDGE('',*,*,#8559,.T.);
#8559 = EDGE_CURVE('',#8549,#8560,#8562,.T.);
#8560 = VERTEX_POINT('',#8561);
#8561 = CARTESIAN_POINT('',(-61.81,-15.69997459994,7.5028242472E-02));
#8562 = LINE('',#8563,#8564);
#8563 = CARTESIAN_POINT('',(-61.81,-41.69997459994,7.5028242472E-02));
#8564 = VECTOR('',#8565,1.);
#8565 = DIRECTION('',(0.,1.,0.));
#8566 = ORIENTED_EDGE('',*,*,#8567,.F.);
#8567 = EDGE_CURVE('',#8568,#8560,#8570,.T.);
#8568 = VERTEX_POINT('',#8569);
#8569 = CARTESIAN_POINT('',(-61.81,-15.69997459994,8.075028242472));
#8570 = CIRCLE('',#8571,4.);
#8571 = AXIS2_PLACEMENT_3D('',#8572,#8573,#8574);
#8572 = CARTESIAN_POINT('',(-61.81,-15.69997459994,4.075028242472));
#8573 = DIRECTION('',(-1.,0.,0.));
#8574 = DIRECTION('',(0.,-1.,0.));
#8575 = ORIENTED_EDGE('',*,*,#8576,.F.);
#8576 = EDGE_CURVE('',#8551,#8568,#8577,.T.);
#8577 = LINE('',#8578,#8579);
#8578 = CARTESIAN_POINT('',(-61.81,-41.69997459994,8.075028242472));
#8579 = VECTOR('',#8580,1.);
#8580 = DIRECTION('',(0.,1.,0.));
#8581 = FACE_BOUND('',#8582,.F.);
#8582 = EDGE_LOOP('',(#8583,#8591,#8599,#8605));
#8583 = ORIENTED_EDGE('',*,*,#8584,.T.);
#8584 = EDGE_CURVE('',#8511,#8585,#8587,.T.);
#8585 = VERTEX_POINT('',#8586);
#8586 = CARTESIAN_POINT('',(-61.81,-13.37539991624,3.705028300069));
#8587 = LINE('',#8588,#8589);
#8588 = CARTESIAN_POINT('',(-61.81,-25.37540006054,3.705028300069));
#8589 = VECTOR('',#8590,1.);
#8590 = DIRECTION('',(0.,1.,0.));
#8591 = ORIENTED_EDGE('',*,*,#8592,.T.);
#8592 = EDGE_CURVE('',#8585,#8593,#8595,.T.);
#8593 = VERTEX_POINT('',#8594);
#8594 = CARTESIAN_POINT('',(-61.81,-13.37539991624,2.055028285638));
#8595 = LINE('',#8596,#8597);
#8596 = CARTESIAN_POINT('',(-61.81,-13.37539991624,3.705028300069));
#8597 = VECTOR('',#8598,1.);
#8598 = DIRECTION('',(0.,0.,-1.));
#8599 = ORIENTED_EDGE('',*,*,#8600,.T.);
#8600 = EDGE_CURVE('',#8593,#8509,#8601,.T.);
#8601 = LINE('',#8602,#8603);
#8602 = CARTESIAN_POINT('',(-61.81,-13.37539991624,2.055028285638));
#8603 = VECTOR('',#8604,1.);
#8604 = DIRECTION('',(0.,-1.,0.));
#8605 = ORIENTED_EDGE('',*,*,#8508,.T.);
#8606 = FACE_BOUND('',#8607,.F.);
#8607 = EDGE_LOOP('',(#8608));
#8608 = ORIENTED_EDGE('',*,*,#8609,.T.);
#8609 = EDGE_CURVE('',#8610,#8610,#8612,.T.);
#8610 = VERTEX_POINT('',#8611);
#8611 = CARTESIAN_POINT('',(-61.81,-44.69997459994,4.075028242472));
#8612 = CIRCLE('',#8613,3.);
#8613 = AXIS2_PLACEMENT_3D('',#8614,#8615,#8616);
#8614 = CARTESIAN_POINT('',(-61.81,-41.69997459994,4.075028242472));
#8615 = DIRECTION('',(-1.,0.,0.));
#8616 = DIRECTION('',(0.,-1.,0.));
#8617 = PLANE('',#8618);
#8618 = AXIS2_PLACEMENT_3D('',#8619,#8620,#8621);
#8619 = CARTESIAN_POINT('',(-61.81,-29.5,7.5));
#8620 = DIRECTION('',(1.,0.,0.));
#8621 = DIRECTION('',(0.,0.,1.));
#8622 = ADVANCED_FACE('',(#8623),#8642,.F.);
#8623 = FACE_BOUND('',#8624,.F.);
#8624 = EDGE_LOOP('',(#8625,#8633,#8634,#8635));
#8625 = ORIENTED_EDGE('',*,*,#8626,.F.);
#8626 = EDGE_CURVE('',#8610,#8627,#8629,.T.);
#8627 = VERTEX_POINT('',#8628);
#8628 = CARTESIAN_POINT('',(-60.81,-44.69997459994,4.075028242472));
#8629 = LINE('',#8630,#8631);
#8630 = CARTESIAN_POINT('',(-61.81,-44.69997459994,4.075028242472));
#8631 = VECTOR('',#8632,1.);
#8632 = DIRECTION('',(1.,0.,0.));
#8633 = ORIENTED_EDGE('',*,*,#8609,.F.);
#8634 = ORIENTED_EDGE('',*,*,#8626,.T.);
#8635 = ORIENTED_EDGE('',*,*,#8636,.T.);
#8636 = EDGE_CURVE('',#8627,#8627,#8637,.T.);
#8637 = CIRCLE('',#8638,3.);
#8638 = AXIS2_PLACEMENT_3D('',#8639,#8640,#8641);
#8639 = CARTESIAN_POINT('',(-60.81,-41.69997459994,4.075028242472));
#8640 = DIRECTION('',(-1.,0.,0.));
#8641 = DIRECTION('',(0.,-1.,0.));
#8642 = CYLINDRICAL_SURFACE('',#8643,3.);
#8643 = AXIS2_PLACEMENT_3D('',#8644,#8645,#8646);
#8644 = CARTESIAN_POINT('',(-61.81,-41.69997459994,4.075028242472));
#8645 = DIRECTION('',(-1.,0.,0.));
#8646 = DIRECTION('',(0.,-1.,0.));
#8647 = ADVANCED_FACE('',(#8648),#8682,.T.);
#8648 = FACE_BOUND('',#8649,.T.);
#8649 = EDGE_LOOP('',(#8650,#8651,#8652,#8660,#8668,#8676));
#8650 = ORIENTED_EDGE('',*,*,#8534,.F.);
#8651 = ORIENTED_EDGE('',*,*,#8584,.T.);
#8652 = ORIENTED_EDGE('',*,*,#8653,.T.);
#8653 = EDGE_CURVE('',#8585,#8654,#8656,.T.);
#8654 = VERTEX_POINT('',#8655);
#8655 = CARTESIAN_POINT('',(-60.21,-13.37539991624,3.705028300069));
#8656 = LINE('',#8657,#8658);
#8657 = CARTESIAN_POINT('',(-61.81,-13.37539991624,3.705028300069));
#8658 = VECTOR('',#8659,1.);
#8659 = DIRECTION('',(1.,0.,0.));
#8660 = ORIENTED_EDGE('',*,*,#8661,.F.);
#8661 = EDGE_CURVE('',#8662,#8654,#8664,.T.);
#8662 = VERTEX_POINT('',#8663);
#8663 = CARTESIAN_POINT('',(-60.21,-20.60540006054,3.705028300069));
#8664 = LINE('',#8665,#8666);
#8665 = CARTESIAN_POINT('',(-60.21,-25.37540006054,3.705028300069));
#8666 = VECTOR('',#8667,1.);
#8667 = DIRECTION('',(0.,1.,0.));
#8668 = ORIENTED_EDGE('',*,*,#8669,.T.);
#8669 = EDGE_CURVE('',#8662,#8670,#8672,.T.);
#8670 = VERTEX_POINT('',#8671);
#8671 = CARTESIAN_POINT('',(-60.81,-23.87540006054,3.705028300069));
#8672 = LINE('',#8673,#8674);
#8673 = CARTESIAN_POINT('',(-60.41385961414,-21.71643495765,
    3.705028300069));
#8674 = VECTOR('',#8675,1.);
#8675 = DIRECTION('',(-0.180473370806,-0.983579870895,0.));
#8676 = ORIENTED_EDGE('',*,*,#8677,.F.);
#8677 = EDGE_CURVE('',#8527,#8670,#8678,.T.);
#8678 = LINE('',#8679,#8680);
#8679 = CARTESIAN_POINT('',(-60.81,-21.62540002447,3.705028300069));
#8680 = VECTOR('',#8681,1.);
#8681 = DIRECTION('',(9.47E-15,1.,0.));
#8682 = PLANE('',#8683);
#8683 = AXIS2_PLACEMENT_3D('',#8684,#8685,#8686);
#8684 = CARTESIAN_POINT('',(-61.01,-19.37539998839,3.705028300069));
#8685 = DIRECTION('',(-0.,-0.,-1.));
#8686 = DIRECTION('',(-1.,0.,0.));
#8687 = ADVANCED_FACE('',(#8688),#8722,.T.);
#8688 = FACE_BOUND('',#8689,.T.);
#8689 = EDGE_LOOP('',(#8690,#8698,#8699,#8700,#8708,#8716));
#8690 = ORIENTED_EDGE('',*,*,#8691,.F.);
#8691 = EDGE_CURVE('',#8593,#8692,#8694,.T.);
#8692 = VERTEX_POINT('',#8693);
#8693 = CARTESIAN_POINT('',(-60.21,-13.37539991624,2.055028285638));
#8694 = LINE('',#8695,#8696);
#8695 = CARTESIAN_POINT('',(-60.81,-13.37539991624,2.055028285638));
#8696 = VECTOR('',#8697,1.);
#8697 = DIRECTION('',(1.,0.,0.));
#8698 = ORIENTED_EDGE('',*,*,#8600,.T.);
#8699 = ORIENTED_EDGE('',*,*,#8518,.T.);
#8700 = ORIENTED_EDGE('',*,*,#8701,.F.);
#8701 = EDGE_CURVE('',#8702,#8519,#8704,.T.);
#8702 = VERTEX_POINT('',#8703);
#8703 = CARTESIAN_POINT('',(-60.81,-23.87540006054,2.055028285638));
#8704 = LINE('',#8705,#8706);
#8705 = CARTESIAN_POINT('',(-60.81,-21.62540002447,2.055028285638));
#8706 = VECTOR('',#8707,1.);
#8707 = DIRECTION('',(-9.47E-15,-1.,0.));
#8708 = ORIENTED_EDGE('',*,*,#8709,.T.);
#8709 = EDGE_CURVE('',#8702,#8710,#8712,.T.);
#8710 = VERTEX_POINT('',#8711);
#8711 = CARTESIAN_POINT('',(-60.21,-20.60540006054,2.055028285638));
#8712 = LINE('',#8713,#8714);
#8713 = CARTESIAN_POINT('',(-60.41385961414,-21.71643495765,
    2.055028285638));
#8714 = VECTOR('',#8715,1.);
#8715 = DIRECTION('',(0.180473370806,0.983579870895,0.));
#8716 = ORIENTED_EDGE('',*,*,#8717,.F.);
#8717 = EDGE_CURVE('',#8692,#8710,#8718,.T.);
#8718 = LINE('',#8719,#8720);
#8719 = CARTESIAN_POINT('',(-60.21,-13.37539991624,2.055028285638));
#8720 = VECTOR('',#8721,1.);
#8721 = DIRECTION('',(0.,-1.,0.));
#8722 = PLANE('',#8723);
#8723 = AXIS2_PLACEMENT_3D('',#8724,#8725,#8726);
#8724 = CARTESIAN_POINT('',(-61.01,-19.37539998839,2.055028285638));
#8725 = DIRECTION('',(0.,0.,1.));
#8726 = DIRECTION('',(1.,0.,0.));
#8727 = ADVANCED_FACE('',(#8728),#8753,.T.);
#8728 = FACE_BOUND('',#8729,.T.);
#8729 = EDGE_LOOP('',(#8730,#8731,#8739,#8747));
#8730 = ORIENTED_EDGE('',*,*,#8709,.F.);
#8731 = ORIENTED_EDGE('',*,*,#8732,.T.);
#8732 = EDGE_CURVE('',#8702,#8733,#8735,.T.);
#8733 = VERTEX_POINT('',#8734);
#8734 = CARTESIAN_POINT('',(-60.81,-23.87540006054,1.055028285638));
#8735 = LINE('',#8736,#8737);
#8736 = CARTESIAN_POINT('',(-60.81,-23.87540006054,4.705028300069));
#8737 = VECTOR('',#8738,1.);
#8738 = DIRECTION('',(-0.,-0.,-1.));
#8739 = ORIENTED_EDGE('',*,*,#8740,.F.);
#8740 = EDGE_CURVE('',#8741,#8733,#8743,.T.);
#8741 = VERTEX_POINT('',#8742);
#8742 = CARTESIAN_POINT('',(-60.21,-20.60540006054,1.055028285638));
#8743 = LINE('',#8744,#8745);
#8744 = CARTESIAN_POINT('',(-60.94313248106,-24.60097208236,
    1.055028285638));
#8745 = VECTOR('',#8746,1.);
#8746 = DIRECTION('',(-0.180473370806,-0.983579870895,0.));
#8747 = ORIENTED_EDGE('',*,*,#8748,.F.);
#8748 = EDGE_CURVE('',#8710,#8741,#8749,.T.);
#8749 = LINE('',#8750,#8751);
#8750 = CARTESIAN_POINT('',(-60.21,-20.60540006054,4.705028300069));
#8751 = VECTOR('',#8752,1.);
#8752 = DIRECTION('',(-0.,-0.,-1.));
#8753 = PLANE('',#8754);
#8754 = AXIS2_PLACEMENT_3D('',#8755,#8756,#8757);
#8755 = CARTESIAN_POINT('',(-60.81,-23.87540006054,4.705028300069));
#8756 = DIRECTION('',(0.983579870895,-0.180473370806,0.));
#8757 = DIRECTION('',(0.180473370806,0.983579870895,0.));
#8758 = ADVANCED_FACE('',(#8759),#8784,.F.);
#8759 = FACE_BOUND('',#8760,.F.);
#8760 = EDGE_LOOP('',(#8761,#8769,#8770,#8778));
#8761 = ORIENTED_EDGE('',*,*,#8762,.F.);
#8762 = EDGE_CURVE('',#8733,#8763,#8765,.T.);
#8763 = VERTEX_POINT('',#8764);
#8764 = CARTESIAN_POINT('',(-60.81,-12.37539991624,1.055028285638));
#8765 = LINE('',#8766,#8767);
#8766 = CARTESIAN_POINT('',(-60.81,-25.37540006054,1.055028285638));
#8767 = VECTOR('',#8768,1.);
#8768 = DIRECTION('',(0.,1.,0.));
#8769 = ORIENTED_EDGE('',*,*,#8740,.F.);
#8770 = ORIENTED_EDGE('',*,*,#8771,.T.);
#8771 = EDGE_CURVE('',#8741,#8772,#8774,.T.);
#8772 = VERTEX_POINT('',#8773);
#8773 = CARTESIAN_POINT('',(-60.21,-12.37539991624,1.055028285638));
#8774 = LINE('',#8775,#8776);
#8775 = CARTESIAN_POINT('',(-60.21,-25.37540006054,1.055028285638));
#8776 = VECTOR('',#8777,1.);
#8777 = DIRECTION('',(0.,1.,0.));
#8778 = ORIENTED_EDGE('',*,*,#8779,.F.);
#8779 = EDGE_CURVE('',#8763,#8772,#8780,.T.);
#8780 = LINE('',#8781,#8782);
#8781 = CARTESIAN_POINT('',(-60.81,-12.37539991624,1.055028285638));
#8782 = VECTOR('',#8783,1.);
#8783 = DIRECTION('',(1.,0.,0.));
#8784 = PLANE('',#8785);
#8785 = AXIS2_PLACEMENT_3D('',#8786,#8787,#8788);
#8786 = CARTESIAN_POINT('',(-60.81,-25.37540006054,1.055028285638));
#8787 = DIRECTION('',(0.,0.,1.));
#8788 = DIRECTION('',(0.,1.,0.));
#8789 = ADVANCED_FACE('',(#8790),#8815,.T.);
#8790 = FACE_BOUND('',#8791,.T.);
#8791 = EDGE_LOOP('',(#8792,#8802,#8808,#8809));
#8792 = ORIENTED_EDGE('',*,*,#8793,.T.);
#8793 = EDGE_CURVE('',#8794,#8796,#8798,.T.);
#8794 = VERTEX_POINT('',#8795);
#8795 = CARTESIAN_POINT('',(-60.81,-12.37539991624,4.705028300069));
#8796 = VERTEX_POINT('',#8797);
#8797 = CARTESIAN_POINT('',(-60.21,-12.37539991624,4.705028300069));
#8798 = LINE('',#8799,#8800);
#8799 = CARTESIAN_POINT('',(-60.81,-12.37539991624,4.705028300069));
#8800 = VECTOR('',#8801,1.);
#8801 = DIRECTION('',(1.,0.,0.));
#8802 = ORIENTED_EDGE('',*,*,#8803,.T.);
#8803 = EDGE_CURVE('',#8796,#8772,#8804,.T.);
#8804 = LINE('',#8805,#8806);
#8805 = CARTESIAN_POINT('',(-60.21,-12.37539991624,4.705028300069));
#8806 = VECTOR('',#8807,1.);
#8807 = DIRECTION('',(0.,0.,-1.));
#8808 = ORIENTED_EDGE('',*,*,#8779,.F.);
#8809 = ORIENTED_EDGE('',*,*,#8810,.F.);
#8810 = EDGE_CURVE('',#8794,#8763,#8811,.T.);
#8811 = LINE('',#8812,#8813);
#8812 = CARTESIAN_POINT('',(-60.81,-12.37539991624,4.705028300069));
#8813 = VECTOR('',#8814,1.);
#8814 = DIRECTION('',(0.,0.,-1.));
#8815 = PLANE('',#8816);
#8816 = AXIS2_PLACEMENT_3D('',#8817,#8818,#8819);
#8817 = CARTESIAN_POINT('',(-60.81,-12.37539991624,4.705028300069));
#8818 = DIRECTION('',(0.,1.,0.));
#8819 = DIRECTION('',(0.,0.,-1.));
#8820 = ADVANCED_FACE('',(#8821),#8846,.T.);
#8821 = FACE_BOUND('',#8822,.T.);
#8822 = EDGE_LOOP('',(#8823,#8831,#8839,#8845));
#8823 = ORIENTED_EDGE('',*,*,#8824,.F.);
#8824 = EDGE_CURVE('',#8825,#8794,#8827,.T.);
#8825 = VERTEX_POINT('',#8826);
#8826 = CARTESIAN_POINT('',(-60.81,-23.87540006054,4.705028300069));
#8827 = LINE('',#8828,#8829);
#8828 = CARTESIAN_POINT('',(-60.81,-25.37540006054,4.705028300069));
#8829 = VECTOR('',#8830,1.);
#8830 = DIRECTION('',(0.,1.,0.));
#8831 = ORIENTED_EDGE('',*,*,#8832,.T.);
#8832 = EDGE_CURVE('',#8825,#8833,#8835,.T.);
#8833 = VERTEX_POINT('',#8834);
#8834 = CARTESIAN_POINT('',(-60.21,-20.60540006054,4.705028300069));
#8835 = LINE('',#8836,#8837);
#8836 = CARTESIAN_POINT('',(-60.81,-23.87540006054,4.705028300069));
#8837 = VECTOR('',#8838,1.);
#8838 = DIRECTION('',(0.180473370806,0.983579870895,0.));
#8839 = ORIENTED_EDGE('',*,*,#8840,.T.);
#8840 = EDGE_CURVE('',#8833,#8796,#8841,.T.);
#8841 = LINE('',#8842,#8843);
#8842 = CARTESIAN_POINT('',(-60.21,-25.37540006054,4.705028300069));
#8843 = VECTOR('',#8844,1.);
#8844 = DIRECTION('',(0.,1.,0.));
#8845 = ORIENTED_EDGE('',*,*,#8793,.F.);
#8846 = PLANE('',#8847);
#8847 = AXIS2_PLACEMENT_3D('',#8848,#8849,#8850);
#8848 = CARTESIAN_POINT('',(-60.81,-25.37540006054,4.705028300069));
#8849 = DIRECTION('',(0.,0.,1.));
#8850 = DIRECTION('',(0.,1.,0.));
#8851 = ADVANCED_FACE('',(#8852),#8872,.T.);
#8852 = FACE_BOUND('',#8853,.T.);
#8853 = EDGE_LOOP('',(#8854,#8860,#8861,#8867,#8868,#8869,#8870,#8871));
#8854 = ORIENTED_EDGE('',*,*,#8855,.T.);
#8855 = EDGE_CURVE('',#8833,#8662,#8856,.T.);
#8856 = LINE('',#8857,#8858);
#8857 = CARTESIAN_POINT('',(-60.21,-20.60540006054,4.705028300069));
#8858 = VECTOR('',#8859,1.);
#8859 = DIRECTION('',(-0.,-0.,-1.));
#8860 = ORIENTED_EDGE('',*,*,#8661,.T.);
#8861 = ORIENTED_EDGE('',*,*,#8862,.T.);
#8862 = EDGE_CURVE('',#8654,#8692,#8863,.T.);
#8863 = LINE('',#8864,#8865);
#8864 = CARTESIAN_POINT('',(-60.21,-13.37539991624,3.705028300069));
#8865 = VECTOR('',#8866,1.);
#8866 = DIRECTION('',(0.,0.,-1.));
#8867 = ORIENTED_EDGE('',*,*,#8717,.T.);
#8868 = ORIENTED_EDGE('',*,*,#8748,.T.);
#8869 = ORIENTED_EDGE('',*,*,#8771,.T.);
#8870 = ORIENTED_EDGE('',*,*,#8803,.F.);
#8871 = ORIENTED_EDGE('',*,*,#8840,.F.);
#8872 = PLANE('',#8873);
#8873 = AXIS2_PLACEMENT_3D('',#8874,#8875,#8876);
#8874 = CARTESIAN_POINT('',(-60.21,-18.73927433072,2.880028292854));
#8875 = DIRECTION('',(1.,0.,0.));
#8876 = DIRECTION('',(0.,0.,1.));
#8877 = ADVANCED_FACE('',(#8878),#8889,.T.);
#8878 = FACE_BOUND('',#8879,.T.);
#8879 = EDGE_LOOP('',(#8880,#8881,#8887,#8888));
#8880 = ORIENTED_EDGE('',*,*,#8832,.F.);
#8881 = ORIENTED_EDGE('',*,*,#8882,.T.);
#8882 = EDGE_CURVE('',#8825,#8670,#8883,.T.);
#8883 = LINE('',#8884,#8885);
#8884 = CARTESIAN_POINT('',(-60.81,-23.87540006054,4.705028300069));
#8885 = VECTOR('',#8886,1.);
#8886 = DIRECTION('',(-0.,-0.,-1.));
#8887 = ORIENTED_EDGE('',*,*,#8669,.F.);
#8888 = ORIENTED_EDGE('',*,*,#8855,.F.);
#8889 = PLANE('',#8890);
#8890 = AXIS2_PLACEMENT_3D('',#8891,#8892,#8893);
#8891 = CARTESIAN_POINT('',(-60.81,-23.87540006054,4.705028300069));
#8892 = DIRECTION('',(0.983579870895,-0.180473370806,0.));
#8893 = DIRECTION('',(0.180473370806,0.983579870895,0.));
#8894 = ADVANCED_FACE('',(#8895),#8920,.F.);
#8895 = FACE_BOUND('',#8896,.F.);
#8896 = EDGE_LOOP('',(#8897,#8898,#8906,#8914));
#8897 = ORIENTED_EDGE('',*,*,#8559,.F.);
#8898 = ORIENTED_EDGE('',*,*,#8899,.T.);
#8899 = EDGE_CURVE('',#8549,#8900,#8902,.T.);
#8900 = VERTEX_POINT('',#8901);
#8901 = CARTESIAN_POINT('',(-61.31,-41.69997459994,7.5028242472E-02));
#8902 = LINE('',#8903,#8904);
#8903 = CARTESIAN_POINT('',(-61.81,-41.69997459994,7.5028242472E-02));
#8904 = VECTOR('',#8905,1.);
#8905 = DIRECTION('',(1.,0.,0.));
#8906 = ORIENTED_EDGE('',*,*,#8907,.T.);
#8907 = EDGE_CURVE('',#8900,#8908,#8910,.T.);
#8908 = VERTEX_POINT('',#8909);
#8909 = CARTESIAN_POINT('',(-61.31,-15.69997459994,7.5028242472E-02));
#8910 = LINE('',#8911,#8912);
#8911 = CARTESIAN_POINT('',(-61.31,-37.35980228799,7.5028242472E-02));
#8912 = VECTOR('',#8913,1.);
#8913 = DIRECTION('',(0.,1.,0.));
#8914 = ORIENTED_EDGE('',*,*,#8915,.F.);
#8915 = EDGE_CURVE('',#8560,#8908,#8916,.T.);
#8916 = LINE('',#8917,#8918);
#8917 = CARTESIAN_POINT('',(-61.81,-15.69997459994,7.5028242472E-02));
#8918 = VECTOR('',#8919,1.);
#8919 = DIRECTION('',(1.,0.,0.));
#8920 = PLANE('',#8921);
#8921 = AXIS2_PLACEMENT_3D('',#8922,#8923,#8924);
#8922 = CARTESIAN_POINT('',(-61.81,-41.69997459994,7.5028242472E-02));
#8923 = DIRECTION('',(0.,0.,1.));
#8924 = DIRECTION('',(0.,1.,0.));
#8925 = ADVANCED_FACE('',(#8926),#8960,.T.);
#8926 = FACE_BOUND('',#8927,.T.);
#8927 = EDGE_LOOP('',(#8928,#8938,#8946,#8954));
#8928 = ORIENTED_EDGE('',*,*,#8929,.T.);
#8929 = EDGE_CURVE('',#8930,#8932,#8934,.T.);
#8930 = VERTEX_POINT('',#8931);
#8931 = CARTESIAN_POINT('',(-61.81,-10.,17.));
#8932 = VERTEX_POINT('',#8933);
#8933 = CARTESIAN_POINT('',(-60.81,-10.,17.));
#8934 = LINE('',#8935,#8936);
#8935 = CARTESIAN_POINT('',(-61.81,-10.,17.));
#8936 = VECTOR('',#8937,1.);
#8937 = DIRECTION('',(1.,0.,0.));
#8938 = ORIENTED_EDGE('',*,*,#8939,.T.);
#8939 = EDGE_CURVE('',#8932,#8940,#8942,.T.);
#8940 = VERTEX_POINT('',#8941);
#8941 = CARTESIAN_POINT('',(-60.81,-10.,-2.));
#8942 = LINE('',#8943,#8944);
#8943 = CARTESIAN_POINT('',(-60.81,-10.,17.));
#8944 = VECTOR('',#8945,1.);
#8945 = DIRECTION('',(0.,0.,-1.));
#8946 = ORIENTED_EDGE('',*,*,#8947,.F.);
#8947 = EDGE_CURVE('',#8948,#8940,#8950,.T.);
#8948 = VERTEX_POINT('',#8949);
#8949 = CARTESIAN_POINT('',(-61.81,-10.,-2.));
#8950 = LINE('',#8951,#8952);
#8951 = CARTESIAN_POINT('',(-61.81,-10.,-2.));
#8952 = VECTOR('',#8953,1.);
#8953 = DIRECTION('',(1.,0.,0.));
#8954 = ORIENTED_EDGE('',*,*,#8955,.F.);
#8955 = EDGE_CURVE('',#8930,#8948,#8956,.T.);
#8956 = LINE('',#8957,#8958);
#8957 = CARTESIAN_POINT('',(-61.81,-10.,17.));
#8958 = VECTOR('',#8959,1.);
#8959 = DIRECTION('',(0.,0.,-1.));
#8960 = PLANE('',#8961);
#8961 = AXIS2_PLACEMENT_3D('',#8962,#8963,#8964);
#8962 = CARTESIAN_POINT('',(-61.81,-10.,17.));
#8963 = DIRECTION('',(0.,1.,0.));
#8964 = DIRECTION('',(0.,0.,-1.));
#8965 = ADVANCED_FACE('',(#8966),#8991,.T.);
#8966 = FACE_BOUND('',#8967,.T.);
#8967 = EDGE_LOOP('',(#8968,#8978,#8984,#8985));
#8968 = ORIENTED_EDGE('',*,*,#8969,.T.);
#8969 = EDGE_CURVE('',#8970,#8972,#8974,.T.);
#8970 = VERTEX_POINT('',#8971);
#8971 = CARTESIAN_POINT('',(-61.81,-49.,17.));
#8972 = VERTEX_POINT('',#8973);
#8973 = CARTESIAN_POINT('',(-60.81,-49.,17.));
#8974 = LINE('',#8975,#8976);
#8975 = CARTESIAN_POINT('',(-61.81,-49.,17.));
#8976 = VECTOR('',#8977,1.);
#8977 = DIRECTION('',(1.,0.,0.));
#8978 = ORIENTED_EDGE('',*,*,#8979,.T.);
#8979 = EDGE_CURVE('',#8972,#8932,#8980,.T.);
#8980 = LINE('',#8981,#8982);
#8981 = CARTESIAN_POINT('',(-60.81,-49.,17.));
#8982 = VECTOR('',#8983,1.);
#8983 = DIRECTION('',(0.,1.,0.));
#8984 = ORIENTED_EDGE('',*,*,#8929,.F.);
#8985 = ORIENTED_EDGE('',*,*,#8986,.F.);
#8986 = EDGE_CURVE('',#8970,#8930,#8987,.T.);
#8987 = LINE('',#8988,#8989);
#8988 = CARTESIAN_POINT('',(-61.81,-49.,17.));
#8989 = VECTOR('',#8990,1.);
#8990 = DIRECTION('',(0.,1.,0.));
#8991 = PLANE('',#8992);
#8992 = AXIS2_PLACEMENT_3D('',#8993,#8994,#8995);
#8993 = CARTESIAN_POINT('',(-61.81,-49.,17.));
#8994 = DIRECTION('',(0.,0.,1.));
#8995 = DIRECTION('',(0.,1.,0.));
#8996 = ADVANCED_FACE('',(#8997),#9022,.T.);
#8997 = FACE_BOUND('',#8998,.T.);
#8998 = EDGE_LOOP('',(#8999,#9000,#9008,#9016));
#8999 = ORIENTED_EDGE('',*,*,#8947,.T.);
#9000 = ORIENTED_EDGE('',*,*,#9001,.T.);
#9001 = EDGE_CURVE('',#8940,#9002,#9004,.T.);
#9002 = VERTEX_POINT('',#9003);
#9003 = CARTESIAN_POINT('',(-60.81,-49.,-2.));
#9004 = LINE('',#9005,#9006);
#9005 = CARTESIAN_POINT('',(-60.81,-10.,-2.));
#9006 = VECTOR('',#9007,1.);
#9007 = DIRECTION('',(0.,-1.,0.));
#9008 = ORIENTED_EDGE('',*,*,#9009,.F.);
#9009 = EDGE_CURVE('',#9010,#9002,#9012,.T.);
#9010 = VERTEX_POINT('',#9011);
#9011 = CARTESIAN_POINT('',(-61.81,-49.,-2.));
#9012 = LINE('',#9013,#9014);
#9013 = CARTESIAN_POINT('',(-61.81,-49.,-2.));
#9014 = VECTOR('',#9015,1.);
#9015 = DIRECTION('',(1.,0.,0.));
#9016 = ORIENTED_EDGE('',*,*,#9017,.F.);
#9017 = EDGE_CURVE('',#8948,#9010,#9018,.T.);
#9018 = LINE('',#9019,#9020);
#9019 = CARTESIAN_POINT('',(-61.81,-10.,-2.));
#9020 = VECTOR('',#9021,1.);
#9021 = DIRECTION('',(0.,-1.,0.));
#9022 = PLANE('',#9023);
#9023 = AXIS2_PLACEMENT_3D('',#9024,#9025,#9026);
#9024 = CARTESIAN_POINT('',(-61.81,-10.,-2.));
#9025 = DIRECTION('',(-0.,-0.,-1.));
#9026 = DIRECTION('',(0.,-1.,0.));
#9027 = ADVANCED_FACE('',(#9028,#9039,#9075,#9109,#9223,#9257,#9355,
    #9421,#9455,#9505),#9635,.F.);
#9028 = FACE_BOUND('',#9029,.F.);
#9029 = EDGE_LOOP('',(#9030,#9031,#9032,#9038));
#9030 = ORIENTED_EDGE('',*,*,#8955,.F.);
#9031 = ORIENTED_EDGE('',*,*,#8986,.F.);
#9032 = ORIENTED_EDGE('',*,*,#9033,.F.);
#9033 = EDGE_CURVE('',#9010,#8970,#9034,.T.);
#9034 = LINE('',#9035,#9036);
#9035 = CARTESIAN_POINT('',(-61.81,-49.,-2.));
#9036 = VECTOR('',#9037,1.);
#9037 = DIRECTION('',(0.,0.,1.));
#9038 = ORIENTED_EDGE('',*,*,#9017,.F.);
#9039 = FACE_BOUND('',#9040,.F.);
#9040 = EDGE_LOOP('',(#9041,#9051,#9060,#9068));
#9041 = ORIENTED_EDGE('',*,*,#9042,.F.);
#9042 = EDGE_CURVE('',#9043,#9045,#9047,.T.);
#9043 = VERTEX_POINT('',#9044);
#9044 = CARTESIAN_POINT('',(-61.81,-15.69997459994,8.575028242472));
#9045 = VERTEX_POINT('',#9046);
#9046 = CARTESIAN_POINT('',(-61.81,-41.69997459994,8.575028242472));
#9047 = LINE('',#9048,#9049);
#9048 = CARTESIAN_POINT('',(-61.81,-15.69997459994,8.575028242472));
#9049 = VECTOR('',#9050,1.);
#9050 = DIRECTION('',(0.,-1.,0.));
#9051 = ORIENTED_EDGE('',*,*,#9052,.T.);
#9052 = EDGE_CURVE('',#9043,#9053,#9055,.T.);
#9053 = VERTEX_POINT('',#9054);
#9054 = CARTESIAN_POINT('',(-61.81,-15.69997459994,-0.424971757528));
#9055 = CIRCLE('',#9056,4.5);
#9056 = AXIS2_PLACEMENT_3D('',#9057,#9058,#9059);
#9057 = CARTESIAN_POINT('',(-61.81,-15.69997459994,4.075028242472));
#9058 = DIRECTION('',(-1.,0.,0.));
#9059 = DIRECTION('',(0.,-1.,0.));
#9060 = ORIENTED_EDGE('',*,*,#9061,.T.);
#9061 = EDGE_CURVE('',#9053,#9062,#9064,.T.);
#9062 = VERTEX_POINT('',#9063);
#9063 = CARTESIAN_POINT('',(-61.81,-41.69997459994,-0.424971757528));
#9064 = LINE('',#9065,#9066);
#9065 = CARTESIAN_POINT('',(-61.81,-15.69997459994,-0.424971757528));
#9066 = VECTOR('',#9067,1.);
#9067 = DIRECTION('',(0.,-1.,0.));
#9068 = ORIENTED_EDGE('',*,*,#9069,.T.);
#9069 = EDGE_CURVE('',#9062,#9045,#9070,.T.);
#9070 = CIRCLE('',#9071,4.5);
#9071 = AXIS2_PLACEMENT_3D('',#9072,#9073,#9074);
#9072 = CARTESIAN_POINT('',(-61.81,-41.69997459994,4.075028242472));
#9073 = DIRECTION('',(-1.,0.,0.));
#9074 = DIRECTION('',(0.,-1.,0.));
#9075 = FACE_BOUND('',#9076,.F.);
#9076 = EDGE_LOOP('',(#9077,#9087,#9095,#9103));
#9077 = ORIENTED_EDGE('',*,*,#9078,.T.);
#9078 = EDGE_CURVE('',#9079,#9081,#9083,.T.);
#9079 = VERTEX_POINT('',#9080);
#9080 = CARTESIAN_POINT('',(-61.81,-23.60671507975,14.33));
#9081 = VERTEX_POINT('',#9082);
#9082 = CARTESIAN_POINT('',(-61.81,-22.89738618323,11.73));
#9083 = LINE('',#9084,#9085);
#9084 = CARTESIAN_POINT('',(-61.81,-23.60671507975,14.33));
#9085 = VECTOR('',#9086,1.);
#9086 = DIRECTION('',(-0.,0.263199597605,-0.964741401527));
#9087 = ORIENTED_EDGE('',*,*,#9088,.T.);
#9088 = EDGE_CURVE('',#9081,#9089,#9091,.T.);
#9089 = VERTEX_POINT('',#9090);
#9090 = CARTESIAN_POINT('',(-61.81,-24.31745584939,11.73));
#9091 = LINE('',#9092,#9093);
#9092 = CARTESIAN_POINT('',(-61.81,-22.89738618323,11.73));
#9093 = VECTOR('',#9094,1.);
#9094 = DIRECTION('',(0.,-1.,-1.25E-15));
#9095 = ORIENTED_EDGE('',*,*,#9096,.T.);
#9096 = EDGE_CURVE('',#9089,#9097,#9099,.T.);
#9097 = VERTEX_POINT('',#9098);
#9098 = CARTESIAN_POINT('',(-61.81,-25.02678474591,14.33));
#9099 = LINE('',#9100,#9101);
#9100 = CARTESIAN_POINT('',(-61.81,-24.31745584939,11.73));
#9101 = VECTOR('',#9102,1.);
#9102 = DIRECTION('',(0.,-0.263199597605,0.964741401527));
#9103 = ORIENTED_EDGE('',*,*,#9104,.F.);
#9104 = EDGE_CURVE('',#9079,#9097,#9105,.T.);
#9105 = LINE('',#9106,#9107);
#9106 = CARTESIAN_POINT('',(-61.81,-23.60671507975,14.33));
#9107 = VECTOR('',#9108,1.);
#9108 = DIRECTION('',(0.,-1.,0.));
#9109 = FACE_BOUND('',#9110,.F.);
#9110 = EDGE_LOOP('',(#9111,#9121,#9129,#9137,#9145,#9153,#9161,#9169,
    #9177,#9185,#9193,#9201,#9209,#9217));
#9111 = ORIENTED_EDGE('',*,*,#9112,.F.);
#9112 = EDGE_CURVE('',#9113,#9115,#9117,.T.);
#9113 = VERTEX_POINT('',#9114);
#9114 = CARTESIAN_POINT('',(-61.81,-18.15,11.73));
#9115 = VERTEX_POINT('',#9116);
#9116 = CARTESIAN_POINT('',(-61.81,-19.08849669385,15.17));
#9117 = LINE('',#9118,#9119);
#9118 = CARTESIAN_POINT('',(-61.81,-18.15,11.73));
#9119 = VECTOR('',#9120,1.);
#9120 = DIRECTION('',(0.,-0.263199597605,0.964741401527));
#9121 = ORIENTED_EDGE('',*,*,#9122,.T.);
#9122 = EDGE_CURVE('',#9113,#9123,#9125,.T.);
#9123 = VERTEX_POINT('',#9124);
#9124 = CARTESIAN_POINT('',(-61.81,-19.57006966616,11.73));
#9125 = LINE('',#9126,#9127);
#9126 = CARTESIAN_POINT('',(-61.81,-18.15,11.73));
#9127 = VECTOR('',#9128,1.);
#9128 = DIRECTION('',(0.,-1.,-2.5E-15));
#9129 = ORIENTED_EDGE('',*,*,#9130,.T.);
#9130 = EDGE_CURVE('',#9123,#9131,#9133,.T.);
#9131 = VERTEX_POINT('',#9132);
#9132 = CARTESIAN_POINT('',(-61.81,-20.38306970909,14.71));
#9133 = LINE('',#9134,#9135);
#9134 = CARTESIAN_POINT('',(-61.81,-19.57006966616,11.73));
#9135 = VECTOR('',#9136,1.);
#9136 = DIRECTION('',(0.,-0.263199597605,0.964741401527));
#9137 = ORIENTED_EDGE('',*,*,#9138,.T.);
#9138 = EDGE_CURVE('',#9131,#9139,#9141,.T.);
#9139 = VERTEX_POINT('',#9140);
#9140 = CARTESIAN_POINT('',(-61.81,-21.20306970909,14.71));
#9141 = LINE('',#9142,#9143);
#9142 = CARTESIAN_POINT('',(-61.81,-20.38306970909,14.71));
#9143 = VECTOR('',#9144,1.);
#9144 = DIRECTION('',(0.,-1.,0.));
#9145 = ORIENTED_EDGE('',*,*,#9146,.T.);
#9146 = EDGE_CURVE('',#9139,#9147,#9149,.T.);
#9147 = VERTEX_POINT('',#9148);
#9148 = CARTESIAN_POINT('',(-61.81,-21.50416610126,14.45));
#9149 = B_SPLINE_CURVE_WITH_KNOTS('',2,(#9150,#9151,#9152),
  .UNSPECIFIED.,.F.,.F.,(3,3),(0.,1.),.PIECEWISE_BEZIER_KNOTS.);
#9150 = CARTESIAN_POINT('',(-61.81,-21.20306970909,14.71));
#9151 = CARTESIAN_POINT('',(-61.81,-21.57509899091,14.71));
#9152 = CARTESIAN_POINT('',(-61.81,-21.50416610126,14.45));
#9153 = ORIENTED_EDGE('',*,*,#9154,.F.);
#9154 = EDGE_CURVE('',#9155,#9147,#9157,.T.);
#9155 = VERTEX_POINT('',#9156);
#9156 = CARTESIAN_POINT('',(-61.81,-21.321377501,13.78));
#9157 = LINE('',#9158,#9159);
#9158 = CARTESIAN_POINT('',(-61.81,-21.321377501,13.78));
#9159 = VECTOR('',#9160,1.);
#9160 = DIRECTION('',(0.,-0.263199597605,0.964741401527));
#9161 = ORIENTED_EDGE('',*,*,#9162,.F.);
#9162 = EDGE_CURVE('',#9163,#9155,#9165,.T.);
#9163 = VERTEX_POINT('',#9164);
#9164 = CARTESIAN_POINT('',(-61.81,-20.85386163696,13.43));
#9165 = B_SPLINE_CURVE_WITH_KNOTS('',2,(#9166,#9167,#9168),
  .UNSPECIFIED.,.F.,.F.,(3,3),(0.,1.),.PIECEWISE_BEZIER_KNOTS.);
#9166 = CARTESIAN_POINT('',(-61.81,-20.85386163696,13.43));
#9167 = CARTESIAN_POINT('',(-61.81,-21.22589091877,13.43));
#9168 = CARTESIAN_POINT('',(-61.81,-21.321377501,13.78));
#9169 = ORIENTED_EDGE('',*,*,#9170,.F.);
#9170 = EDGE_CURVE('',#9171,#9163,#9173,.T.);
#9171 = VERTEX_POINT('',#9172);
#9172 = CARTESIAN_POINT('',(-61.81,-20.09608389547,13.43));
#9173 = LINE('',#9174,#9175);
#9174 = CARTESIAN_POINT('',(-61.81,-20.09608389547,13.43));
#9175 = VECTOR('',#9176,1.);
#9176 = DIRECTION('',(0.,-1.,0.));
#9177 = ORIENTED_EDGE('',*,*,#9178,.T.);
#9178 = EDGE_CURVE('',#9171,#9179,#9181,.T.);
#9179 = VERTEX_POINT('',#9180);
#9180 = CARTESIAN_POINT('',(-61.81,-20.20610585339,13.13));
#9181 = LINE('',#9182,#9183);
#9182 = CARTESIAN_POINT('',(-61.81,-20.09608389547,13.43));
#9183 = VECTOR('',#9184,1.);
#9184 = DIRECTION('',(0.,-0.344315222252,-0.938854103536));
#9185 = ORIENTED_EDGE('',*,*,#9186,.T.);
#9186 = EDGE_CURVE('',#9179,#9187,#9189,.T.);
#9187 = VERTEX_POINT('',#9188);
#9188 = CARTESIAN_POINT('',(-61.81,-21.48610585339,13.13));
#9189 = LINE('',#9190,#9191);
#9190 = CARTESIAN_POINT('',(-61.81,-20.20610585339,13.13));
#9191 = VECTOR('',#9192,1.);
#9192 = DIRECTION('',(0.,-1.,0.));
#9193 = ORIENTED_EDGE('',*,*,#9194,.T.);
#9194 = EDGE_CURVE('',#9187,#9195,#9197,.T.);
#9195 = VERTEX_POINT('',#9196);
#9196 = CARTESIAN_POINT('',(-61.81,-22.69104623851,13.595258598473));
#9197 = B_SPLINE_CURVE_WITH_KNOTS('',2,(#9198,#9199,#9200),
  .UNSPECIFIED.,.F.,.F.,(3,3),(0.,1.),.PIECEWISE_BEZIER_KNOTS.);
#9198 = CARTESIAN_POINT('',(-61.81,-21.48610585339,13.13));
#9199 = CARTESIAN_POINT('',(-61.81,-22.56411494303,13.13));
#9200 = CARTESIAN_POINT('',(-61.81,-22.69104623851,13.595258598473));
#9201 = ORIENTED_EDGE('',*,*,#9202,.F.);
#9202 = EDGE_CURVE('',#9203,#9195,#9205,.T.);
#9203 = VERTEX_POINT('',#9204);
#9204 = CARTESIAN_POINT('',(-61.81,-22.95424583612,14.56));
#9205 = LINE('',#9206,#9207);
#9206 = CARTESIAN_POINT('',(-61.81,-22.95424583612,14.56));
#9207 = VECTOR('',#9208,1.);
#9208 = DIRECTION('',(-0.,0.263199597605,-0.964741401527));
#9209 = ORIENTED_EDGE('',*,*,#9210,.F.);
#9210 = EDGE_CURVE('',#9211,#9203,#9213,.T.);
#9211 = VERTEX_POINT('',#9212);
#9212 = CARTESIAN_POINT('',(-61.81,-22.04265621835,15.17));
#9213 = B_SPLINE_CURVE_WITH_KNOTS('',2,(#9214,#9215,#9216),
  .UNSPECIFIED.,.F.,.F.,(3,3),(0.,1.),.PIECEWISE_BEZIER_KNOTS.);
#9214 = CARTESIAN_POINT('',(-61.81,-22.04265621835,15.17));
#9215 = CARTESIAN_POINT('',(-61.81,-23.12066530799,15.17));
#9216 = CARTESIAN_POINT('',(-61.81,-22.95424583612,14.56));
#9217 = ORIENTED_EDGE('',*,*,#9218,.F.);
#9218 = EDGE_CURVE('',#9115,#9211,#9219,.T.);
#9219 = LINE('',#9220,#9221);
#9220 = CARTESIAN_POINT('',(-61.81,-19.08849669385,15.17));
#9221 = VECTOR('',#9222,1.);
#9222 = DIRECTION('',(0.,-1.,0.));
#9223 = FACE_BOUND('',#9224,.F.);
#9224 = EDGE_LOOP('',(#9225,#9235,#9243,#9251));
#9225 = ORIENTED_EDGE('',*,*,#9226,.T.);
#9226 = EDGE_CURVE('',#9227,#9229,#9231,.T.);
#9227 = VERTEX_POINT('',#9228);
#9228 = CARTESIAN_POINT('',(-61.81,-25.25595254324,15.17));
#9229 = VERTEX_POINT('',#9230);
#9230 = CARTESIAN_POINT('',(-61.81,-23.83588287708,15.17));
#9231 = LINE('',#9232,#9233);
#9232 = CARTESIAN_POINT('',(-61.81,-25.25595254324,15.17));
#9233 = VECTOR('',#9234,1.);
#9234 = DIRECTION('',(0.,1.,0.));
#9235 = ORIENTED_EDGE('',*,*,#9236,.T.);
#9236 = EDGE_CURVE('',#9229,#9237,#9239,.T.);
#9237 = VERTEX_POINT('',#9238);
#9238 = CARTESIAN_POINT('',(-61.81,-23.71038622616,14.71));
#9239 = LINE('',#9240,#9241);
#9240 = CARTESIAN_POINT('',(-61.81,-23.83588287708,15.17));
#9241 = VECTOR('',#9242,1.);
#9242 = DIRECTION('',(-0.,0.263199597605,-0.964741401527));
#9243 = ORIENTED_EDGE('',*,*,#9244,.T.);
#9244 = EDGE_CURVE('',#9237,#9245,#9247,.T.);
#9245 = VERTEX_POINT('',#9246);
#9246 = CARTESIAN_POINT('',(-61.81,-25.13045589232,14.71));
#9247 = LINE('',#9248,#9249);
#9248 = CARTESIAN_POINT('',(-61.81,-23.71038622616,14.71));
#9249 = VECTOR('',#9250,1.);
#9250 = DIRECTION('',(0.,-1.,-1.376E-14));
#9251 = ORIENTED_EDGE('',*,*,#9252,.T.);
#9252 = EDGE_CURVE('',#9245,#9227,#9253,.T.);
#9253 = LINE('',#9254,#9255);
#9254 = CARTESIAN_POINT('',(-61.81,-25.13045589232,14.71));
#9255 = VECTOR('',#9256,1.);
#9256 = DIRECTION('',(0.,-0.263199597605,0.964741401527));
#9257 = FACE_BOUND('',#9258,.F.);
#9258 = EDGE_LOOP('',(#9259,#9269,#9277,#9285,#9293,#9301,#9309,#9317,
    #9325,#9333,#9341,#9349));
#9259 = ORIENTED_EDGE('',*,*,#9260,.F.);
#9260 = EDGE_CURVE('',#9261,#9263,#9265,.T.);
#9261 = VERTEX_POINT('',#9262);
#9262 = CARTESIAN_POINT('',(-61.81,-25.39281066912,13.43));
#9263 = VERTEX_POINT('',#9264);
#9264 = CARTESIAN_POINT('',(-61.81,-26.82001140464,14.33));
#9265 = B_SPLINE_CURVE_WITH_KNOTS('',2,(#9266,#9267,#9268),
  .UNSPECIFIED.,.F.,.F.,(3,3),(0.,1.),.PIECEWISE_BEZIER_KNOTS.);
#9266 = CARTESIAN_POINT('',(-61.81,-25.39281066912,13.43));
#9267 = CARTESIAN_POINT('',(-61.81,-25.63834759484,14.33));
#9268 = CARTESIAN_POINT('',(-61.81,-26.82001140464,14.33));
#9269 = ORIENTED_EDGE('',*,*,#9270,.T.);
#9270 = EDGE_CURVE('',#9261,#9271,#9273,.T.);
#9271 = VERTEX_POINT('',#9272);
#9272 = CARTESIAN_POINT('',(-61.81,-25.2373039495,12.86));
#9273 = LINE('',#9274,#9275);
#9274 = CARTESIAN_POINT('',(-61.81,-25.39281066912,13.43));
#9275 = VECTOR('',#9276,1.);
#9276 = DIRECTION('',(-0.,0.263199597605,-0.964741401527));
#9277 = ORIENTED_EDGE('',*,*,#9278,.T.);
#9278 = EDGE_CURVE('',#9271,#9279,#9281,.T.);
#9279 = VERTEX_POINT('',#9280);
#9280 = CARTESIAN_POINT('',(-61.81,-26.48383950069,11.73));
#9281 = B_SPLINE_CURVE_WITH_KNOTS('',2,(#9282,#9283,#9284),
  .UNSPECIFIED.,.F.,.F.,(3,3),(0.,1.),.PIECEWISE_BEZIER_KNOTS.);
#9282 = CARTESIAN_POINT('',(-61.81,-25.2373039495,12.86));
#9283 = CARTESIAN_POINT('',(-61.81,-24.92901869832,11.73));
#9284 = CARTESIAN_POINT('',(-61.81,-26.48383950069,11.73));
#9285 = ORIENTED_EDGE('',*,*,#9286,.T.);
#9286 = EDGE_CURVE('',#9279,#9287,#9289,.T.);
#9287 = VERTEX_POINT('',#9288);
#9288 = CARTESIAN_POINT('',(-61.81,-29.09383950069,11.73));
#9289 = LINE('',#9290,#9291);
#9290 = CARTESIAN_POINT('',(-61.81,-26.48383950069,11.73));
#9291 = VECTOR('',#9292,1.);
#9292 = DIRECTION('',(0.,-1.,0.));
#9293 = ORIENTED_EDGE('',*,*,#9294,.T.);
#9294 = EDGE_CURVE('',#9287,#9295,#9297,.T.);
#9295 = VERTEX_POINT('',#9296);
#9296 = CARTESIAN_POINT('',(-61.81,-29.22206433967,12.2));
#9297 = LINE('',#9298,#9299);
#9298 = CARTESIAN_POINT('',(-61.81,-29.09383950069,11.73));
#9299 = VECTOR('',#9300,1.);
#9300 = DIRECTION('',(0.,-0.263199597605,0.964741401527));
#9301 = ORIENTED_EDGE('',*,*,#9302,.F.);
#9302 = EDGE_CURVE('',#9303,#9295,#9305,.T.);
#9303 = VERTEX_POINT('',#9304);
#9304 = CARTESIAN_POINT('',(-61.81,-27.1689073471,12.2));
#9305 = LINE('',#9306,#9307);
#9306 = CARTESIAN_POINT('',(-61.81,-27.1689073471,12.2));
#9307 = VECTOR('',#9308,1.);
#9308 = DIRECTION('',(0.,-1.,0.));
#9309 = ORIENTED_EDGE('',*,*,#9310,.F.);
#9310 = EDGE_CURVE('',#9311,#9303,#9313,.T.);
#9311 = VERTEX_POINT('',#9312);
#9312 = CARTESIAN_POINT('',(-61.81,-26.65737361566,12.86));
#9313 = B_SPLINE_CURVE_WITH_KNOTS('',2,(#9314,#9315,#9316),
  .UNSPECIFIED.,.F.,.F.,(3,3),(0.,1.),.PIECEWISE_BEZIER_KNOTS.);
#9314 = CARTESIAN_POINT('',(-61.81,-26.65737361566,12.86));
#9315 = CARTESIAN_POINT('',(-61.81,-26.47731320347,12.2));
#9316 = CARTESIAN_POINT('',(-61.81,-27.1689073471,12.2));
#9317 = ORIENTED_EDGE('',*,*,#9318,.T.);
#9318 = EDGE_CURVE('',#9311,#9319,#9321,.T.);
#9319 = VERTEX_POINT('',#9320);
#9320 = CARTESIAN_POINT('',(-61.81,-26.81288033528,13.43));
#9321 = LINE('',#9322,#9323);
#9322 = CARTESIAN_POINT('',(-61.81,-26.65737361566,12.86));
#9323 = VECTOR('',#9324,1.);
#9324 = DIRECTION('',(0.,-0.263199597605,0.964741401527));
#9325 = ORIENTED_EDGE('',*,*,#9326,.T.);
#9326 = EDGE_CURVE('',#9319,#9327,#9329,.T.);
#9327 = VERTEX_POINT('',#9328);
#9328 = CARTESIAN_POINT('',(-61.81,-27.62178656565,13.86));
#9329 = B_SPLINE_CURVE_WITH_KNOTS('',2,(#9330,#9331,#9332),
  .UNSPECIFIED.,.F.,.F.,(3,3),(0.,1.),.PIECEWISE_BEZIER_KNOTS.);
#9330 = CARTESIAN_POINT('',(-61.81,-26.81288033528,13.43));
#9331 = CARTESIAN_POINT('',(-61.81,-26.93019242202,13.86));
#9332 = CARTESIAN_POINT('',(-61.81,-27.62178656565,13.86));
#9333 = ORIENTED_EDGE('',*,*,#9334,.T.);
#9334 = EDGE_CURVE('',#9327,#9335,#9337,.T.);
#9335 = VERTEX_POINT('',#9336);
#9336 = CARTESIAN_POINT('',(-61.81,-29.67178656565,13.86));
#9337 = LINE('',#9338,#9339);
#9338 = CARTESIAN_POINT('',(-61.81,-27.62178656565,13.86));
#9339 = VECTOR('',#9340,1.);
#9340 = DIRECTION('',(0.,-1.,0.));
#9341 = ORIENTED_EDGE('',*,*,#9342,.T.);
#9342 = EDGE_CURVE('',#9335,#9343,#9345,.T.);
#9343 = VERTEX_POINT('',#9344);
#9344 = CARTESIAN_POINT('',(-61.81,-29.80001140464,14.33));
#9345 = LINE('',#9346,#9347);
#9346 = CARTESIAN_POINT('',(-61.81,-29.67178656565,13.86));
#9347 = VECTOR('',#9348,1.);
#9348 = DIRECTION('',(0.,-0.263199597605,0.964741401527));
#9349 = ORIENTED_EDGE('',*,*,#9350,.F.);
#9350 = EDGE_CURVE('',#9263,#9343,#9351,.T.);
#9351 = LINE('',#9352,#9353);
#9352 = CARTESIAN_POINT('',(-61.81,-26.82001140464,14.33));
#9353 = VECTOR('',#9354,1.);
#9354 = DIRECTION('',(0.,-1.,-1.073E-14));
#9355 = FACE_BOUND('',#9356,.F.);
#9356 = EDGE_LOOP('',(#9357,#9367,#9375,#9383,#9391,#9399,#9407,#9415));
#9357 = ORIENTED_EDGE('',*,*,#9358,.F.);
#9358 = EDGE_CURVE('',#9359,#9361,#9363,.T.);
#9359 = VERTEX_POINT('',#9360);
#9360 = CARTESIAN_POINT('',(-61.81,-30.07274807971,13.43));
#9361 = VERTEX_POINT('',#9362);
#9362 = CARTESIAN_POINT('',(-61.81,-31.49994881523,14.33));
#9363 = B_SPLINE_CURVE_WITH_KNOTS('',2,(#9364,#9365,#9366),
  .UNSPECIFIED.,.F.,.F.,(3,3),(0.,1.),.PIECEWISE_BEZIER_KNOTS.);
#9364 = CARTESIAN_POINT('',(-61.81,-30.07274807971,13.43));
#9365 = CARTESIAN_POINT('',(-61.81,-30.31828500543,14.33));
#9366 = CARTESIAN_POINT('',(-61.81,-31.49994881523,14.33));
#9367 = ORIENTED_EDGE('',*,*,#9368,.T.);
#9368 = EDGE_CURVE('',#9359,#9369,#9371,.T.);
#9369 = VERTEX_POINT('',#9370);
#9370 = CARTESIAN_POINT('',(-61.81,-29.91724136009,12.86));
#9371 = LINE('',#9372,#9373);
#9372 = CARTESIAN_POINT('',(-61.81,-30.07274807971,13.43));
#9373 = VECTOR('',#9374,1.);
#9374 = DIRECTION('',(-0.,0.263199597605,-0.964741401527));
#9375 = ORIENTED_EDGE('',*,*,#9376,.T.);
#9376 = EDGE_CURVE('',#9369,#9377,#9379,.T.);
#9377 = VERTEX_POINT('',#9378);
#9378 = CARTESIAN_POINT('',(-61.81,-31.2467006874,11.73));
#9379 = B_SPLINE_CURVE_WITH_KNOTS('',2,(#9380,#9381,#9382),
  .UNSPECIFIED.,.F.,.F.,(3,3),(0.,1.),.PIECEWISE_BEZIER_KNOTS.);
#9380 = CARTESIAN_POINT('',(-61.81,-29.91724136009,12.86));
#9381 = CARTESIAN_POINT('',(-61.81,-29.60895610891,11.73));
#9382 = CARTESIAN_POINT('',(-61.81,-31.2467006874,11.73));
#9383 = ORIENTED_EDGE('',*,*,#9384,.T.);
#9384 = EDGE_CURVE('',#9377,#9385,#9387,.T.);
#9385 = VERTEX_POINT('',#9386);
#9386 = CARTESIAN_POINT('',(-61.81,-33.62809577758,11.73));
#9387 = LINE('',#9388,#9389);
#9388 = CARTESIAN_POINT('',(-61.81,-31.2467006874,11.73));
#9389 = VECTOR('',#9390,1.);
#9390 = DIRECTION('',(0.,-1.,9.8E-16));
#9391 = ORIENTED_EDGE('',*,*,#9392,.T.);
#9392 = EDGE_CURVE('',#9385,#9393,#9395,.T.);
#9393 = VERTEX_POINT('',#9394);
#9394 = CARTESIAN_POINT('',(-61.81,-35.04547832132,12.67));
#9395 = B_SPLINE_CURVE_WITH_KNOTS('',2,(#9396,#9397,#9398),
  .UNSPECIFIED.,.F.,.F.,(3,3),(0.,1.),.PIECEWISE_BEZIER_KNOTS.);
#9396 = CARTESIAN_POINT('',(-61.81,-33.62809577758,11.73));
#9397 = CARTESIAN_POINT('',(-61.81,-34.78902864335,11.73));
#9398 = CARTESIAN_POINT('',(-61.81,-35.04547832132,12.67));
#9399 = ORIENTED_EDGE('',*,*,#9400,.F.);
#9400 = EDGE_CURVE('',#9401,#9393,#9403,.T.);
#9401 = VERTEX_POINT('',#9402);
#9402 = CARTESIAN_POINT('',(-61.81,-35.23099510964,13.35));
#9403 = LINE('',#9404,#9405);
#9404 = CARTESIAN_POINT('',(-61.81,-35.23099510964,13.35));
#9405 = VECTOR('',#9406,1.);
#9406 = DIRECTION('',(-0.,0.263199597605,-0.964741401527));
#9407 = ORIENTED_EDGE('',*,*,#9408,.F.);
#9408 = EDGE_CURVE('',#9409,#9401,#9411,.T.);
#9409 = VERTEX_POINT('',#9410);
#9410 = CARTESIAN_POINT('',(-61.81,-33.76998718668,14.33));
#9411 = B_SPLINE_CURVE_WITH_KNOTS('',2,(#9412,#9413,#9414),
  .UNSPECIFIED.,.F.,.F.,(3,3),(0.,1.),.PIECEWISE_BEZIER_KNOTS.);
#9412 = CARTESIAN_POINT('',(-61.81,-33.76998718668,14.33));
#9413 = CARTESIAN_POINT('',(-61.81,-35.49835753987,14.33));
#9414 = CARTESIAN_POINT('',(-61.81,-35.23099510964,13.35));
#9415 = ORIENTED_EDGE('',*,*,#9416,.F.);
#9416 = EDGE_CURVE('',#9361,#9409,#9417,.T.);
#9417 = LINE('',#9418,#9419);
#9418 = CARTESIAN_POINT('',(-61.81,-31.95602958392,14.33));
#9419 = VECTOR('',#9420,1.);
#9420 = DIRECTION('',(0.,-1.,0.));
#9421 = FACE_BOUND('',#9422,.F.);
#9422 = EDGE_LOOP('',(#9423,#9433,#9441,#9449));
#9423 = ORIENTED_EDGE('',*,*,#9424,.F.);
#9424 = EDGE_CURVE('',#9425,#9427,#9429,.T.);
#9425 = VERTEX_POINT('',#9426);
#9426 = CARTESIAN_POINT('',(-61.81,-36.39091554622,15.17));
#9427 = VERTEX_POINT('',#9428);
#9428 = CARTESIAN_POINT('',(-61.81,-37.81091554622,15.17));
#9429 = LINE('',#9430,#9431);
#9430 = CARTESIAN_POINT('',(-61.81,-36.39091554622,15.17));
#9431 = VECTOR('',#9432,1.);
#9432 = DIRECTION('',(0.,-1.,0.));
#9433 = ORIENTED_EDGE('',*,*,#9434,.T.);
#9434 = EDGE_CURVE('',#9425,#9435,#9437,.T.);
#9435 = VERTEX_POINT('',#9436);
#9436 = CARTESIAN_POINT('',(-61.81,-35.45241885236,11.73));
#9437 = LINE('',#9438,#9439);
#9438 = CARTESIAN_POINT('',(-61.81,-36.39091554622,15.17));
#9439 = VECTOR('',#9440,1.);
#9440 = DIRECTION('',(-0.,0.263199597605,-0.964741401527));
#9441 = ORIENTED_EDGE('',*,*,#9442,.T.);
#9442 = EDGE_CURVE('',#9435,#9443,#9445,.T.);
#9443 = VERTEX_POINT('',#9444);
#9444 = CARTESIAN_POINT('',(-61.81,-36.87241885236,11.73));
#9445 = LINE('',#9446,#9447);
#9446 = CARTESIAN_POINT('',(-61.81,-35.45241885236,11.73));
#9447 = VECTOR('',#9448,1.);
#9448 = DIRECTION('',(0.,-1.,0.));
#9449 = ORIENTED_EDGE('',*,*,#9450,.F.);
#9450 = EDGE_CURVE('',#9427,#9443,#9451,.T.);
#9451 = LINE('',#9452,#9453);
#9452 = CARTESIAN_POINT('',(-61.81,-37.81091554622,15.17));
#9453 = VECTOR('',#9454,1.);
#9454 = DIRECTION('',(-0.,0.263199597605,-0.964741401527));
#9455 = FACE_BOUND('',#9456,.F.);
#9456 = EDGE_LOOP('',(#9457,#9467,#9475,#9483,#9491,#9499));
#9457 = ORIENTED_EDGE('',*,*,#9458,.F.);
#9458 = EDGE_CURVE('',#9459,#9461,#9463,.T.);
#9459 = VERTEX_POINT('',#9460);
#9460 = CARTESIAN_POINT('',(-61.81,-38.64015330748,15.17));
#9461 = VERTEX_POINT('',#9462);
#9462 = CARTESIAN_POINT('',(-61.81,-41.12015330748,15.17));
#9463 = LINE('',#9464,#9465);
#9464 = CARTESIAN_POINT('',(-61.81,-38.64015330748,15.17));
#9465 = VECTOR('',#9466,1.);
#9466 = DIRECTION('',(0.,-1.,0.));
#9467 = ORIENTED_EDGE('',*,*,#9468,.T.);
#9468 = EDGE_CURVE('',#9459,#9469,#9471,.T.);
#9469 = VERTEX_POINT('',#9470);
#9470 = CARTESIAN_POINT('',(-61.81,-37.70165661362,11.73));
#9471 = LINE('',#9472,#9473);
#9472 = CARTESIAN_POINT('',(-61.81,-38.64015330748,15.17));
#9473 = VECTOR('',#9474,1.);
#9474 = DIRECTION('',(-0.,0.263199597605,-0.964741401527));
#9475 = ORIENTED_EDGE('',*,*,#9476,.T.);
#9476 = EDGE_CURVE('',#9469,#9477,#9479,.T.);
#9477 = VERTEX_POINT('',#9478);
#9478 = CARTESIAN_POINT('',(-61.81,-40.82165661362,11.73));
#9479 = LINE('',#9480,#9481);
#9480 = CARTESIAN_POINT('',(-61.81,-37.70165661362,11.73));
#9481 = VECTOR('',#9482,1.);
#9482 = DIRECTION('',(0.,-1.,0.));
#9483 = ORIENTED_EDGE('',*,*,#9484,.T.);
#9484 = EDGE_CURVE('',#9477,#9485,#9487,.T.);
#9485 = VERTEX_POINT('',#9486);
#9486 = CARTESIAN_POINT('',(-61.81,-42.1479378938,12.64));
#9487 = B_SPLINE_CURVE_WITH_KNOTS('',2,(#9488,#9489,#9490),
  .UNSPECIFIED.,.F.,.F.,(3,3),(0.,1.),.PIECEWISE_BEZIER_KNOTS.);
#9488 = CARTESIAN_POINT('',(-61.81,-40.82165661362,11.73));
#9489 = CARTESIAN_POINT('',(-61.81,-41.89967278002,11.73));
#9490 = CARTESIAN_POINT('',(-61.81,-42.1479378938,12.64));
#9491 = ORIENTED_EDGE('',*,*,#9492,.F.);
#9492 = EDGE_CURVE('',#9493,#9485,#9495,.T.);
#9493 = VERTEX_POINT('',#9494);
#9494 = CARTESIAN_POINT('',(-61.81,-42.55326527411,14.125701758352));
#9495 = LINE('',#9496,#9497);
#9496 = CARTESIAN_POINT('',(-61.81,-42.55326527411,14.125701758352));
#9497 = VECTOR('',#9498,1.);
#9498 = DIRECTION('',(-0.,0.263199597605,-0.964741401527));
#9499 = ORIENTED_EDGE('',*,*,#9500,.F.);
#9500 = EDGE_CURVE('',#9461,#9493,#9501,.T.);
#9501 = B_SPLINE_CURVE_WITH_KNOTS('',2,(#9502,#9503,#9504),
  .UNSPECIFIED.,.F.,.F.,(3,3),(0.,1.),.PIECEWISE_BEZIER_KNOTS.);
#9502 = CARTESIAN_POINT('',(-61.81,-41.12015330748,15.17));
#9503 = CARTESIAN_POINT('',(-61.81,-42.83816947387,15.17));
#9504 = CARTESIAN_POINT('',(-61.81,-42.55326527411,14.125701758352));
#9505 = FACE_BOUND('',#9506,.F.);
#9506 = EDGE_LOOP('',(#9507,#9517,#9525,#9533,#9541,#9549,#9557,#9565,
    #9573,#9581,#9589,#9597,#9605,#9613,#9621,#9629));
#9507 = ORIENTED_EDGE('',*,*,#9508,.F.);
#9508 = EDGE_CURVE('',#9509,#9511,#9513,.T.);
#9509 = VERTEX_POINT('',#9510);
#9510 = CARTESIAN_POINT('',(-61.81,-43.44973232281,15.17));
#9511 = VERTEX_POINT('',#9512);
#9512 = CARTESIAN_POINT('',(-61.81,-47.39,15.17));
#9513 = LINE('',#9514,#9515);
#9514 = CARTESIAN_POINT('',(-61.81,-43.44973232281,15.17));
#9515 = VECTOR('',#9516,1.);
#9516 = DIRECTION('',(0.,-1.,0.));
#9517 = ORIENTED_EDGE('',*,*,#9518,.T.);
#9518 = EDGE_CURVE('',#9509,#9519,#9521,.T.);
#9519 = VERTEX_POINT('',#9520);
#9520 = CARTESIAN_POINT('',(-61.81,-43.04323230134,13.68));
#9521 = LINE('',#9522,#9523);
#9522 = CARTESIAN_POINT('',(-61.81,-43.44973232281,15.17));
#9523 = VECTOR('',#9524,1.);
#9524 = DIRECTION('',(-0.,0.263199597605,-0.964741401527));
#9525 = ORIENTED_EDGE('',*,*,#9526,.F.);
#9526 = EDGE_CURVE('',#9527,#9519,#9529,.T.);
#9527 = VERTEX_POINT('',#9528);
#9528 = CARTESIAN_POINT('',(-61.81,-42.72323230134,13.68));
#9529 = LINE('',#9530,#9531);
#9530 = CARTESIAN_POINT('',(-61.81,-42.72323230134,13.68));
#9531 = VECTOR('',#9532,1.);
#9532 = DIRECTION('',(0.,-1.,0.));
#9533 = ORIENTED_EDGE('',*,*,#9534,.T.);
#9534 = EDGE_CURVE('',#9527,#9535,#9537,.T.);
#9535 = VERTEX_POINT('',#9536);
#9536 = CARTESIAN_POINT('',(-61.81,-42.59773565042,13.22));
#9537 = LINE('',#9538,#9539);
#9538 = CARTESIAN_POINT('',(-61.81,-42.72323230134,13.68));
#9539 = VECTOR('',#9540,1.);
#9540 = DIRECTION('',(-0.,0.263199597605,-0.964741401527));
#9541 = ORIENTED_EDGE('',*,*,#9542,.T.);
#9542 = EDGE_CURVE('',#9535,#9543,#9545,.T.);
#9543 = VERTEX_POINT('',#9544);
#9544 = CARTESIAN_POINT('',(-61.81,-42.91773565042,13.22));
#9545 = LINE('',#9546,#9547);
#9546 = CARTESIAN_POINT('',(-61.81,-42.59773565042,13.22));
#9547 = VECTOR('',#9548,1.);
#9548 = DIRECTION('',(0.,-1.,1.11E-14));
#9549 = ORIENTED_EDGE('',*,*,#9550,.T.);
#9550 = EDGE_CURVE('',#9543,#9551,#9553,.T.);
#9551 = VERTEX_POINT('',#9552);
#9552 = CARTESIAN_POINT('',(-61.81,-42.51123562895,11.73));
#9553 = LINE('',#9554,#9555);
#9554 = CARTESIAN_POINT('',(-61.81,-42.91773565042,13.22));
#9555 = VECTOR('',#9556,1.);
#9556 = DIRECTION('',(-0.,0.263199597605,-0.964741401527));
#9557 = ORIENTED_EDGE('',*,*,#9558,.T.);
#9558 = EDGE_CURVE('',#9551,#9559,#9561,.T.);
#9559 = VERTEX_POINT('',#9560);
#9560 = CARTESIAN_POINT('',(-61.81,-46.45150330614,11.73));
#9561 = LINE('',#9562,#9563);
#9562 = CARTESIAN_POINT('',(-61.81,-42.51123562895,11.73));
#9563 = VECTOR('',#9564,1.);
#9564 = DIRECTION('',(0.,-1.,4.5E-16));
#9565 = ORIENTED_EDGE('',*,*,#9566,.F.);
#9566 = EDGE_CURVE('',#9567,#9559,#9569,.T.);
#9567 = VERTEX_POINT('',#9568);
#9568 = CARTESIAN_POINT('',(-61.81,-46.57972814512,12.2));
#9569 = LINE('',#9570,#9571);
#9570 = CARTESIAN_POINT('',(-61.81,-46.57972814512,12.2));
#9571 = VECTOR('',#9572,1.);
#9572 = DIRECTION('',(-0.,0.263199597605,-0.964741401527));
#9573 = ORIENTED_EDGE('',*,*,#9574,.F.);
#9574 = EDGE_CURVE('',#9575,#9567,#9577,.T.);
#9575 = VERTEX_POINT('',#9576);
#9576 = CARTESIAN_POINT('',(-61.81,-44.06989560611,12.2));
#9577 = LINE('',#9578,#9579);
#9578 = CARTESIAN_POINT('',(-61.81,-44.06989560611,12.2));
#9579 = VECTOR('',#9580,1.);
#9580 = DIRECTION('',(0.,-1.,7.1E-16));
#9581 = ORIENTED_EDGE('',*,*,#9582,.F.);
#9582 = EDGE_CURVE('',#9583,#9575,#9585,.T.);
#9583 = VERTEX_POINT('',#9584);
#9584 = CARTESIAN_POINT('',(-61.81,-44.34817078859,13.22));
#9585 = LINE('',#9586,#9587);
#9586 = CARTESIAN_POINT('',(-61.81,-44.34817078859,13.22));
#9587 = VECTOR('',#9588,1.);
#9588 = DIRECTION('',(-0.,0.263199597605,-0.964741401527));
#9589 = ORIENTED_EDGE('',*,*,#9590,.T.);
#9590 = EDGE_CURVE('',#9583,#9591,#9593,.T.);
#9591 = VERTEX_POINT('',#9592);
#9592 = CARTESIAN_POINT('',(-61.81,-45.49817078859,13.22));
#9593 = LINE('',#9594,#9595);
#9594 = CARTESIAN_POINT('',(-61.81,-44.34817078859,13.22));
#9595 = VECTOR('',#9596,1.);
#9596 = DIRECTION('',(0.,-1.,1.081E-14));
#9597 = ORIENTED_EDGE('',*,*,#9598,.F.);
#9598 = EDGE_CURVE('',#9599,#9591,#9601,.T.);
#9599 = VERTEX_POINT('',#9600);
#9600 = CARTESIAN_POINT('',(-61.81,-45.62366743952,13.68));
#9601 = LINE('',#9602,#9603);
#9602 = CARTESIAN_POINT('',(-61.81,-45.62366743952,13.68));
#9603 = VECTOR('',#9604,1.);
#9604 = DIRECTION('',(-0.,0.263199597605,-0.964741401527));
#9605 = ORIENTED_EDGE('',*,*,#9606,.F.);
#9606 = EDGE_CURVE('',#9607,#9599,#9609,.T.);
#9607 = VERTEX_POINT('',#9608);
#9608 = CARTESIAN_POINT('',(-61.81,-44.47366743952,13.68));
#9609 = LINE('',#9610,#9611);
#9610 = CARTESIAN_POINT('',(-61.81,-44.47366743952,13.68));
#9611 = VECTOR('',#9612,1.);
#9612 = DIRECTION('',(0.,-1.,-1.54E-15));
#9613 = ORIENTED_EDGE('',*,*,#9614,.F.);
#9614 = EDGE_CURVE('',#9615,#9607,#9617,.T.);
#9615 = VERTEX_POINT('',#9616);
#9616 = CARTESIAN_POINT('',(-61.81,-44.75467081006,14.71));
#9617 = LINE('',#9618,#9619);
#9618 = CARTESIAN_POINT('',(-61.81,-44.75467081006,14.71));
#9619 = VECTOR('',#9620,1.);
#9620 = DIRECTION('',(-0.,0.263199597605,-0.964741401527));
#9621 = ORIENTED_EDGE('',*,*,#9622,.T.);
#9622 = EDGE_CURVE('',#9615,#9623,#9625,.T.);
#9623 = VERTEX_POINT('',#9624);
#9624 = CARTESIAN_POINT('',(-61.81,-47.26450334907,14.71));
#9625 = LINE('',#9626,#9627);
#9626 = CARTESIAN_POINT('',(-61.81,-44.75467081006,14.71));
#9627 = VECTOR('',#9628,1.);
#9628 = DIRECTION('',(0.,-1.,-1.345E-14));
#9629 = ORIENTED_EDGE('',*,*,#9630,.F.);
#9630 = EDGE_CURVE('',#9511,#9623,#9631,.T.);
#9631 = LINE('',#9632,#9633);
#9632 = CARTESIAN_POINT('',(-61.81,-47.39,15.17));
#9633 = VECTOR('',#9634,1.);
#9634 = DIRECTION('',(-0.,0.263199597605,-0.964741401527));
#9635 = PLANE('',#9636);
#9636 = AXIS2_PLACEMENT_3D('',#9637,#9638,#9639);
#9637 = CARTESIAN_POINT('',(-61.81,-29.5,7.5));
#9638 = DIRECTION('',(1.,0.,0.));
#9639 = DIRECTION('',(0.,0.,1.));
#9640 = ADVANCED_FACE('',(#9641),#9652,.T.);
#9641 = FACE_BOUND('',#9642,.T.);
#9642 = EDGE_LOOP('',(#9643,#9644,#9650,#9651));
#9643 = ORIENTED_EDGE('',*,*,#9009,.T.);
#9644 = ORIENTED_EDGE('',*,*,#9645,.T.);
#9645 = EDGE_CURVE('',#9002,#8972,#9646,.T.);
#9646 = LINE('',#9647,#9648);
#9647 = CARTESIAN_POINT('',(-60.81,-49.,-2.));
#9648 = VECTOR('',#9649,1.);
#9649 = DIRECTION('',(0.,0.,1.));
#9650 = ORIENTED_EDGE('',*,*,#8969,.F.);
#9651 = ORIENTED_EDGE('',*,*,#9033,.F.);
#9652 = PLANE('',#9653);
#9653 = AXIS2_PLACEMENT_3D('',#9654,#9655,#9656);
#9654 = CARTESIAN_POINT('',(-61.81,-49.,-2.));
#9655 = DIRECTION('',(0.,-1.,0.));
#9656 = DIRECTION('',(0.,0.,1.));
#9657 = ADVANCED_FACE('',(#9658),#9683,.T.);
#9658 = FACE_BOUND('',#9659,.T.);
#9659 = EDGE_LOOP('',(#9660,#9661,#9669,#9677));
#9660 = ORIENTED_EDGE('',*,*,#9042,.F.);
#9661 = ORIENTED_EDGE('',*,*,#9662,.T.);
#9662 = EDGE_CURVE('',#9043,#9663,#9665,.T.);
#9663 = VERTEX_POINT('',#9664);
#9664 = CARTESIAN_POINT('',(-61.31,-15.69997459994,8.575028242472));
#9665 = LINE('',#9666,#9667);
#9666 = CARTESIAN_POINT('',(-61.81,-15.69997459994,8.575028242472));
#9667 = VECTOR('',#9668,1.);
#9668 = DIRECTION('',(1.,0.,0.));
#9669 = ORIENTED_EDGE('',*,*,#9670,.T.);
#9670 = EDGE_CURVE('',#9663,#9671,#9673,.T.);
#9671 = VERTEX_POINT('',#9672);
#9672 = CARTESIAN_POINT('',(-61.31,-41.69997459994,8.575028242472));
#9673 = LINE('',#9674,#9675);
#9674 = CARTESIAN_POINT('',(-61.31,-24.35980228799,8.575028242472));
#9675 = VECTOR('',#9676,1.);
#9676 = DIRECTION('',(0.,-1.,0.));
#9677 = ORIENTED_EDGE('',*,*,#9678,.F.);
#9678 = EDGE_CURVE('',#9045,#9671,#9679,.T.);
#9679 = LINE('',#9680,#9681);
#9680 = CARTESIAN_POINT('',(-61.81,-41.69997459994,8.575028242472));
#9681 = VECTOR('',#9682,1.);
#9682 = DIRECTION('',(1.,0.,0.));
#9683 = PLANE('',#9684);
#9684 = AXIS2_PLACEMENT_3D('',#9685,#9686,#9687);
#9685 = CARTESIAN_POINT('',(-61.81,-15.69997459994,8.575028242472));
#9686 = DIRECTION('',(0.,0.,-1.));
#9687 = DIRECTION('',(0.,-1.,0.));
#9688 = ADVANCED_FACE('',(#9689),#9708,.F.);
#9689 = FACE_BOUND('',#9690,.F.);
#9690 = EDGE_LOOP('',(#9691,#9692,#9700,#9707));
#9691 = ORIENTED_EDGE('',*,*,#9069,.F.);
#9692 = ORIENTED_EDGE('',*,*,#9693,.T.);
#9693 = EDGE_CURVE('',#9062,#9694,#9696,.T.);
#9694 = VERTEX_POINT('',#9695);
#9695 = CARTESIAN_POINT('',(-61.31,-41.69997459994,-0.424971757528));
#9696 = LINE('',#9697,#9698);
#9697 = CARTESIAN_POINT('',(-61.81,-41.69997459994,-0.424971757528));
#9698 = VECTOR('',#9699,1.);
#9699 = DIRECTION('',(1.,0.,0.));
#9700 = ORIENTED_EDGE('',*,*,#9701,.T.);
#9701 = EDGE_CURVE('',#9694,#9671,#9702,.T.);
#9702 = CIRCLE('',#9703,4.5);
#9703 = AXIS2_PLACEMENT_3D('',#9704,#9705,#9706);
#9704 = CARTESIAN_POINT('',(-61.31,-41.69997459994,4.075028242472));
#9705 = DIRECTION('',(-1.,0.,0.));
#9706 = DIRECTION('',(0.,-1.,0.));
#9707 = ORIENTED_EDGE('',*,*,#9678,.F.);
#9708 = CYLINDRICAL_SURFACE('',#9709,4.5);
#9709 = AXIS2_PLACEMENT_3D('',#9710,#9711,#9712);
#9710 = CARTESIAN_POINT('',(-61.81,-41.69997459994,4.075028242472));
#9711 = DIRECTION('',(-1.,0.,0.));
#9712 = DIRECTION('',(0.,-1.,0.));
#9713 = ADVANCED_FACE('',(#9714),#9732,.F.);
#9714 = FACE_BOUND('',#9715,.F.);
#9715 = EDGE_LOOP('',(#9716,#9717,#9725,#9731));
#9716 = ORIENTED_EDGE('',*,*,#9061,.F.);
#9717 = ORIENTED_EDGE('',*,*,#9718,.T.);
#9718 = EDGE_CURVE('',#9053,#9719,#9721,.T.);
#9719 = VERTEX_POINT('',#9720);
#9720 = CARTESIAN_POINT('',(-61.31,-15.69997459994,-0.424971757528));
#9721 = LINE('',#9722,#9723);
#9722 = CARTESIAN_POINT('',(-61.81,-15.69997459994,-0.424971757528));
#9723 = VECTOR('',#9724,1.);
#9724 = DIRECTION('',(1.,0.,0.));
#9725 = ORIENTED_EDGE('',*,*,#9726,.T.);
#9726 = EDGE_CURVE('',#9719,#9694,#9727,.T.);
#9727 = LINE('',#9728,#9729);
#9728 = CARTESIAN_POINT('',(-61.31,-24.35980228799,-0.424971757528));
#9729 = VECTOR('',#9730,1.);
#9730 = DIRECTION('',(0.,-1.,0.));
#9731 = ORIENTED_EDGE('',*,*,#9693,.F.);
#9732 = PLANE('',#9733);
#9733 = AXIS2_PLACEMENT_3D('',#9734,#9735,#9736);
#9734 = CARTESIAN_POINT('',(-61.81,-15.69997459994,-0.424971757528));
#9735 = DIRECTION('',(0.,0.,-1.));
#9736 = DIRECTION('',(0.,-1.,0.));
#9737 = ADVANCED_FACE('',(#9738),#9750,.F.);
#9738 = FACE_BOUND('',#9739,.F.);
#9739 = EDGE_LOOP('',(#9740,#9741,#9742,#9749));
#9740 = ORIENTED_EDGE('',*,*,#9052,.F.);
#9741 = ORIENTED_EDGE('',*,*,#9662,.T.);
#9742 = ORIENTED_EDGE('',*,*,#9743,.T.);
#9743 = EDGE_CURVE('',#9663,#9719,#9744,.T.);
#9744 = CIRCLE('',#9745,4.5);
#9745 = AXIS2_PLACEMENT_3D('',#9746,#9747,#9748);
#9746 = CARTESIAN_POINT('',(-61.31,-15.69997459994,4.075028242472));
#9747 = DIRECTION('',(-1.,0.,0.));
#9748 = DIRECTION('',(0.,-1.,0.));
#9749 = ORIENTED_EDGE('',*,*,#9718,.F.);
#9750 = CYLINDRICAL_SURFACE('',#9751,4.5);
#9751 = AXIS2_PLACEMENT_3D('',#9752,#9753,#9754);
#9752 = CARTESIAN_POINT('',(-61.81,-15.69997459994,4.075028242472));
#9753 = DIRECTION('',(-1.,0.,0.));
#9754 = DIRECTION('',(0.,-1.,0.));
#9755 = ADVANCED_FACE('',(#9756),#9781,.F.);
#9756 = FACE_BOUND('',#9757,.F.);
#9757 = EDGE_LOOP('',(#9758,#9766,#9774,#9780));
#9758 = ORIENTED_EDGE('',*,*,#9759,.T.);
#9759 = EDGE_CURVE('',#9079,#9760,#9762,.T.);
#9760 = VERTEX_POINT('',#9761);
#9761 = CARTESIAN_POINT('',(-61.31,-23.60671507975,14.33));
#9762 = LINE('',#9763,#9764);
#9763 = CARTESIAN_POINT('',(-61.81,-23.60671507975,14.33));
#9764 = VECTOR('',#9765,1.);
#9765 = DIRECTION('',(1.,0.,0.));
#9766 = ORIENTED_EDGE('',*,*,#9767,.T.);
#9767 = EDGE_CURVE('',#9760,#9768,#9770,.T.);
#9768 = VERTEX_POINT('',#9769);
#9769 = CARTESIAN_POINT('',(-61.31,-22.89738618323,11.73));
#9770 = LINE('',#9771,#9772);
#9771 = CARTESIAN_POINT('',(-61.31,-23.60671507975,14.33));
#9772 = VECTOR('',#9773,1.);
#9773 = DIRECTION('',(-0.,0.263199597605,-0.964741401527));
#9774 = ORIENTED_EDGE('',*,*,#9775,.F.);
#9775 = EDGE_CURVE('',#9081,#9768,#9776,.T.);
#9776 = LINE('',#9777,#9778);
#9777 = CARTESIAN_POINT('',(-61.81,-22.89738618323,11.73));
#9778 = VECTOR('',#9779,1.);
#9779 = DIRECTION('',(1.,0.,0.));
#9780 = ORIENTED_EDGE('',*,*,#9078,.F.);
#9781 = PLANE('',#9782);
#9782 = AXIS2_PLACEMENT_3D('',#9783,#9784,#9785);
#9783 = CARTESIAN_POINT('',(-61.81,-23.60671507975,14.33));
#9784 = DIRECTION('',(0.,0.964741401527,0.263199597605));
#9785 = DIRECTION('',(0.,0.263199597605,-0.964741401527));
#9786 = ADVANCED_FACE('',(#9787),#9805,.T.);
#9787 = FACE_BOUND('',#9788,.T.);
#9788 = EDGE_LOOP('',(#9789,#9790,#9798,#9804));
#9789 = ORIENTED_EDGE('',*,*,#9759,.T.);
#9790 = ORIENTED_EDGE('',*,*,#9791,.T.);
#9791 = EDGE_CURVE('',#9760,#9792,#9794,.T.);
#9792 = VERTEX_POINT('',#9793);
#9793 = CARTESIAN_POINT('',(-61.31,-25.02678474591,14.33));
#9794 = LINE('',#9795,#9796);
#9795 = CARTESIAN_POINT('',(-61.31,-23.60671507975,14.33));
#9796 = VECTOR('',#9797,1.);
#9797 = DIRECTION('',(0.,-1.,0.));
#9798 = ORIENTED_EDGE('',*,*,#9799,.F.);
#9799 = EDGE_CURVE('',#9097,#9792,#9800,.T.);
#9800 = LINE('',#9801,#9802);
#9801 = CARTESIAN_POINT('',(-61.81,-25.02678474591,14.33));
#9802 = VECTOR('',#9803,1.);
#9803 = DIRECTION('',(1.,0.,0.));
#9804 = ORIENTED_EDGE('',*,*,#9104,.F.);
#9805 = PLANE('',#9806);
#9806 = AXIS2_PLACEMENT_3D('',#9807,#9808,#9809);
#9807 = CARTESIAN_POINT('',(-61.81,-23.60671507975,14.33));
#9808 = DIRECTION('',(0.,0.,-1.));
#9809 = DIRECTION('',(0.,-1.,0.));
#9810 = ADVANCED_FACE('',(#9811),#9829,.F.);
#9811 = FACE_BOUND('',#9812,.F.);
#9812 = EDGE_LOOP('',(#9813,#9814,#9822,#9828));
#9813 = ORIENTED_EDGE('',*,*,#9775,.T.);
#9814 = ORIENTED_EDGE('',*,*,#9815,.T.);
#9815 = EDGE_CURVE('',#9768,#9816,#9818,.T.);
#9816 = VERTEX_POINT('',#9817);
#9817 = CARTESIAN_POINT('',(-61.31,-24.31745584939,11.73));
#9818 = LINE('',#9819,#9820);
#9819 = CARTESIAN_POINT('',(-61.31,-22.89738618323,11.73));
#9820 = VECTOR('',#9821,1.);
#9821 = DIRECTION('',(0.,-1.,-1.25E-15));
#9822 = ORIENTED_EDGE('',*,*,#9823,.F.);
#9823 = EDGE_CURVE('',#9089,#9816,#9824,.T.);
#9824 = LINE('',#9825,#9826);
#9825 = CARTESIAN_POINT('',(-61.81,-24.31745584939,11.73));
#9826 = VECTOR('',#9827,1.);
#9827 = DIRECTION('',(1.,0.,0.));
#9828 = ORIENTED_EDGE('',*,*,#9088,.F.);
#9829 = PLANE('',#9830);
#9830 = AXIS2_PLACEMENT_3D('',#9831,#9832,#9833);
#9831 = CARTESIAN_POINT('',(-61.81,-22.89738618323,11.73));
#9832 = DIRECTION('',(0.,1.25E-15,-1.));
#9833 = DIRECTION('',(0.,-1.,-1.25E-15));
#9834 = ADVANCED_FACE('',(#9835),#9846,.F.);
#9835 = FACE_BOUND('',#9836,.F.);
#9836 = EDGE_LOOP('',(#9837,#9838,#9844,#9845));
#9837 = ORIENTED_EDGE('',*,*,#9823,.T.);
#9838 = ORIENTED_EDGE('',*,*,#9839,.T.);
#9839 = EDGE_CURVE('',#9816,#9792,#9840,.T.);
#9840 = LINE('',#9841,#9842);
#9841 = CARTESIAN_POINT('',(-61.31,-24.31745584939,11.73));
#9842 = VECTOR('',#9843,1.);
#9843 = DIRECTION('',(0.,-0.263199597605,0.964741401527));
#9844 = ORIENTED_EDGE('',*,*,#9799,.F.);
#9845 = ORIENTED_EDGE('',*,*,#9096,.F.);
#9846 = PLANE('',#9847);
#9847 = AXIS2_PLACEMENT_3D('',#9848,#9849,#9850);
#9848 = CARTESIAN_POINT('',(-61.81,-24.31745584939,11.73));
#9849 = DIRECTION('',(0.,-0.964741401527,-0.263199597605));
#9850 = DIRECTION('',(0.,-0.263199597605,0.964741401527));
#9851 = ADVANCED_FACE('',(#9852),#9877,.T.);
#9852 = FACE_BOUND('',#9853,.T.);
#9853 = EDGE_LOOP('',(#9854,#9862,#9870,#9876));
#9854 = ORIENTED_EDGE('',*,*,#9855,.T.);
#9855 = EDGE_CURVE('',#9113,#9856,#9858,.T.);
#9856 = VERTEX_POINT('',#9857);
#9857 = CARTESIAN_POINT('',(-61.31,-18.15,11.73));
#9858 = LINE('',#9859,#9860);
#9859 = CARTESIAN_POINT('',(-61.81,-18.15,11.73));
#9860 = VECTOR('',#9861,1.);
#9861 = DIRECTION('',(1.,0.,0.));
#9862 = ORIENTED_EDGE('',*,*,#9863,.T.);
#9863 = EDGE_CURVE('',#9856,#9864,#9866,.T.);
#9864 = VERTEX_POINT('',#9865);
#9865 = CARTESIAN_POINT('',(-61.31,-19.08849669385,15.17));
#9866 = LINE('',#9867,#9868);
#9867 = CARTESIAN_POINT('',(-61.31,-18.15,11.73));
#9868 = VECTOR('',#9869,1.);
#9869 = DIRECTION('',(0.,-0.263199597605,0.964741401527));
#9870 = ORIENTED_EDGE('',*,*,#9871,.F.);
#9871 = EDGE_CURVE('',#9115,#9864,#9872,.T.);
#9872 = LINE('',#9873,#9874);
#9873 = CARTESIAN_POINT('',(-61.81,-19.08849669385,15.17));
#9874 = VECTOR('',#9875,1.);
#9875 = DIRECTION('',(1.,0.,0.));
#9876 = ORIENTED_EDGE('',*,*,#9112,.F.);
#9877 = PLANE('',#9878);
#9878 = AXIS2_PLACEMENT_3D('',#9879,#9880,#9881);
#9879 = CARTESIAN_POINT('',(-61.81,-18.15,11.73));
#9880 = DIRECTION('',(0.,-0.964741401527,-0.263199597605));
#9881 = DIRECTION('',(0.,-0.263199597605,0.964741401527));
#9882 = ADVANCED_FACE('',(#9883),#9901,.F.);
#9883 = FACE_BOUND('',#9884,.F.);
#9884 = EDGE_LOOP('',(#9885,#9886,#9894,#9900));
#9885 = ORIENTED_EDGE('',*,*,#9855,.T.);
#9886 = ORIENTED_EDGE('',*,*,#9887,.T.);
#9887 = EDGE_CURVE('',#9856,#9888,#9890,.T.);
#9888 = VERTEX_POINT('',#9889);
#9889 = CARTESIAN_POINT('',(-61.31,-19.57006966616,11.73));
#9890 = LINE('',#9891,#9892);
#9891 = CARTESIAN_POINT('',(-61.31,-18.15,11.73));
#9892 = VECTOR('',#9893,1.);
#9893 = DIRECTION('',(0.,-1.,-2.5E-15));
#9894 = ORIENTED_EDGE('',*,*,#9895,.F.);
#9895 = EDGE_CURVE('',#9123,#9888,#9896,.T.);
#9896 = LINE('',#9897,#9898);
#9897 = CARTESIAN_POINT('',(-61.81,-19.57006966616,11.73));
#9898 = VECTOR('',#9899,1.);
#9899 = DIRECTION('',(1.,0.,0.));
#9900 = ORIENTED_EDGE('',*,*,#9122,.F.);
#9901 = PLANE('',#9902);
#9902 = AXIS2_PLACEMENT_3D('',#9903,#9904,#9905);
#9903 = CARTESIAN_POINT('',(-61.81,-18.15,11.73));
#9904 = DIRECTION('',(0.,2.5E-15,-1.));
#9905 = DIRECTION('',(0.,-1.,-2.5E-15));
#9906 = ADVANCED_FACE('',(#9907),#9925,.T.);
#9907 = FACE_BOUND('',#9908,.T.);
#9908 = EDGE_LOOP('',(#9909,#9910,#9918,#9924));
#9909 = ORIENTED_EDGE('',*,*,#9871,.T.);
#9910 = ORIENTED_EDGE('',*,*,#9911,.T.);
#9911 = EDGE_CURVE('',#9864,#9912,#9914,.T.);
#9912 = VERTEX_POINT('',#9913);
#9913 = CARTESIAN_POINT('',(-61.31,-22.04265621835,15.17));
#9914 = LINE('',#9915,#9916);
#9915 = CARTESIAN_POINT('',(-61.31,-19.08849669385,15.17));
#9916 = VECTOR('',#9917,1.);
#9917 = DIRECTION('',(0.,-1.,0.));
#9918 = ORIENTED_EDGE('',*,*,#9919,.F.);
#9919 = EDGE_CURVE('',#9211,#9912,#9920,.T.);
#9920 = LINE('',#9921,#9922);
#9921 = CARTESIAN_POINT('',(-61.81,-22.04265621835,15.17));
#9922 = VECTOR('',#9923,1.);
#9923 = DIRECTION('',(1.,0.,0.));
#9924 = ORIENTED_EDGE('',*,*,#9218,.F.);
#9925 = PLANE('',#9926);
#9926 = AXIS2_PLACEMENT_3D('',#9927,#9928,#9929);
#9927 = CARTESIAN_POINT('',(-61.81,-19.08849669385,15.17));
#9928 = DIRECTION('',(0.,0.,-1.));
#9929 = DIRECTION('',(0.,-1.,0.));
#9930 = ADVANCED_FACE('',(#9931),#9949,.F.);
#9931 = FACE_BOUND('',#9932,.F.);
#9932 = EDGE_LOOP('',(#9933,#9934,#9942,#9948));
#9933 = ORIENTED_EDGE('',*,*,#9895,.T.);
#9934 = ORIENTED_EDGE('',*,*,#9935,.T.);
#9935 = EDGE_CURVE('',#9888,#9936,#9938,.T.);
#9936 = VERTEX_POINT('',#9937);
#9937 = CARTESIAN_POINT('',(-61.31,-20.38306970909,14.71));
#9938 = LINE('',#9939,#9940);
#9939 = CARTESIAN_POINT('',(-61.31,-19.57006966616,11.73));
#9940 = VECTOR('',#9941,1.);
#9941 = DIRECTION('',(0.,-0.263199597605,0.964741401527));
#9942 = ORIENTED_EDGE('',*,*,#9943,.F.);
#9943 = EDGE_CURVE('',#9131,#9936,#9944,.T.);
#9944 = LINE('',#9945,#9946);
#9945 = CARTESIAN_POINT('',(-61.81,-20.38306970909,14.71));
#9946 = VECTOR('',#9947,1.);
#9947 = DIRECTION('',(1.,0.,0.));
#9948 = ORIENTED_EDGE('',*,*,#9130,.F.);
#9949 = PLANE('',#9950);
#9950 = AXIS2_PLACEMENT_3D('',#9951,#9952,#9953);
#9951 = CARTESIAN_POINT('',(-61.81,-19.57006966616,11.73));
#9952 = DIRECTION('',(0.,-0.964741401527,-0.263199597605));
#9953 = DIRECTION('',(0.,-0.263199597605,0.964741401527));
#9954 = ADVANCED_FACE('',(#9955),#9973,.T.);
#9955 = FACE_BOUND('',#9956,.T.);
#9956 = EDGE_LOOP('',(#9957,#9958,#9966,#9972));
#9957 = ORIENTED_EDGE('',*,*,#9919,.T.);
#9958 = ORIENTED_EDGE('',*,*,#9959,.T.);
#9959 = EDGE_CURVE('',#9912,#9960,#9962,.T.);
#9960 = VERTEX_POINT('',#9961);
#9961 = CARTESIAN_POINT('',(-61.31,-22.95424583612,14.56));
#9962 = B_SPLINE_CURVE_WITH_KNOTS('',2,(#9963,#9964,#9965),
  .UNSPECIFIED.,.F.,.F.,(3,3),(0.,1.),.PIECEWISE_BEZIER_KNOTS.);
#9963 = CARTESIAN_POINT('',(-61.31,-22.04265621835,15.17));
#9964 = CARTESIAN_POINT('',(-61.31,-23.12066530799,15.17));
#9965 = CARTESIAN_POINT('',(-61.31,-22.95424583612,14.56));
#9966 = ORIENTED_EDGE('',*,*,#9967,.F.);
#9967 = EDGE_CURVE('',#9203,#9960,#9968,.T.);
#9968 = LINE('',#9969,#9970);
#9969 = CARTESIAN_POINT('',(-61.81,-22.95424583612,14.56));
#9970 = VECTOR('',#9971,1.);
#9971 = DIRECTION('',(1.,0.,0.));
#9972 = ORIENTED_EDGE('',*,*,#9210,.F.);
#9973 = SURFACE_OF_LINEAR_EXTRUSION('',#9974,#9978);
#9974 = B_SPLINE_CURVE_WITH_KNOTS('',2,(#9975,#9976,#9977),
  .UNSPECIFIED.,.F.,.F.,(3,3),(0.,1.),.PIECEWISE_BEZIER_KNOTS.);
#9975 = CARTESIAN_POINT('',(-61.81,-22.04265621835,15.17));
#9976 = CARTESIAN_POINT('',(-61.81,-23.12066530799,15.17));
#9977 = CARTESIAN_POINT('',(-61.81,-22.95424583612,14.56));
#9978 = VECTOR('',#9979,1.);
#9979 = DIRECTION('',(-1.,-0.,-0.));
#9980 = ADVANCED_FACE('',(#9981),#9999,.F.);
#9981 = FACE_BOUND('',#9982,.F.);
#9982 = EDGE_LOOP('',(#9983,#9984,#9992,#9998));
#9983 = ORIENTED_EDGE('',*,*,#9943,.T.);
#9984 = ORIENTED_EDGE('',*,*,#9985,.T.);
#9985 = EDGE_CURVE('',#9936,#9986,#9988,.T.);
#9986 = VERTEX_POINT('',#9987);
#9987 = CARTESIAN_POINT('',(-61.31,-21.20306970909,14.71));
#9988 = LINE('',#9989,#9990);
#9989 = CARTESIAN_POINT('',(-61.31,-20.38306970909,14.71));
#9990 = VECTOR('',#9991,1.);
#9991 = DIRECTION('',(0.,-1.,0.));
#9992 = ORIENTED_EDGE('',*,*,#9993,.F.);
#9993 = EDGE_CURVE('',#9139,#9986,#9994,.T.);
#9994 = LINE('',#9995,#9996);
#9995 = CARTESIAN_POINT('',(-61.81,-21.20306970909,14.71));
#9996 = VECTOR('',#9997,1.);
#9997 = DIRECTION('',(1.,0.,0.));
#9998 = ORIENTED_EDGE('',*,*,#9138,.F.);
#9999 = PLANE('',#10000);
#10000 = AXIS2_PLACEMENT_3D('',#10001,#10002,#10003);
#10001 = CARTESIAN_POINT('',(-61.81,-20.38306970909,14.71));
#10002 = DIRECTION('',(0.,0.,-1.));
#10003 = DIRECTION('',(0.,-1.,0.));
#10004 = ADVANCED_FACE('',(#10005),#10023,.T.);
#10005 = FACE_BOUND('',#10006,.T.);
#10006 = EDGE_LOOP('',(#10007,#10008,#10016,#10022));
#10007 = ORIENTED_EDGE('',*,*,#9967,.T.);
#10008 = ORIENTED_EDGE('',*,*,#10009,.T.);
#10009 = EDGE_CURVE('',#9960,#10010,#10012,.T.);
#10010 = VERTEX_POINT('',#10011);
#10011 = CARTESIAN_POINT('',(-61.31,-22.69104623851,13.595258598473));
#10012 = LINE('',#10013,#10014);
#10013 = CARTESIAN_POINT('',(-61.31,-22.95424583612,14.56));
#10014 = VECTOR('',#10015,1.);
#10015 = DIRECTION('',(-0.,0.263199597605,-0.964741401527));
#10016 = ORIENTED_EDGE('',*,*,#10017,.F.);
#10017 = EDGE_CURVE('',#9195,#10010,#10018,.T.);
#10018 = LINE('',#10019,#10020);
#10019 = CARTESIAN_POINT('',(-61.81,-22.69104623851,13.595258598473));
#10020 = VECTOR('',#10021,1.);
#10021 = DIRECTION('',(1.,0.,0.));
#10022 = ORIENTED_EDGE('',*,*,#9202,.F.);
#10023 = PLANE('',#10024);
#10024 = AXIS2_PLACEMENT_3D('',#10025,#10026,#10027);
#10025 = CARTESIAN_POINT('',(-61.81,-22.95424583612,14.56));
#10026 = DIRECTION('',(0.,0.964741401527,0.263199597605));
#10027 = DIRECTION('',(0.,0.263199597605,-0.964741401527));
#10028 = ADVANCED_FACE('',(#10029),#10047,.F.);
#10029 = FACE_BOUND('',#10030,.F.);
#10030 = EDGE_LOOP('',(#10031,#10032,#10040,#10046));
#10031 = ORIENTED_EDGE('',*,*,#9993,.T.);
#10032 = ORIENTED_EDGE('',*,*,#10033,.T.);
#10033 = EDGE_CURVE('',#9986,#10034,#10036,.T.);
#10034 = VERTEX_POINT('',#10035);
#10035 = CARTESIAN_POINT('',(-61.31,-21.50416610126,14.45));
#10036 = B_SPLINE_CURVE_WITH_KNOTS('',2,(#10037,#10038,#10039),
  .UNSPECIFIED.,.F.,.F.,(3,3),(0.,1.),.PIECEWISE_BEZIER_KNOTS.);
#10037 = CARTESIAN_POINT('',(-61.31,-21.20306970909,14.71));
#10038 = CARTESIAN_POINT('',(-61.31,-21.57509899091,14.71));
#10039 = CARTESIAN_POINT('',(-61.31,-21.50416610126,14.45));
#10040 = ORIENTED_EDGE('',*,*,#10041,.F.);
#10041 = EDGE_CURVE('',#9147,#10034,#10042,.T.);
#10042 = LINE('',#10043,#10044);
#10043 = CARTESIAN_POINT('',(-61.81,-21.50416610126,14.45));
#10044 = VECTOR('',#10045,1.);
#10045 = DIRECTION('',(1.,0.,0.));
#10046 = ORIENTED_EDGE('',*,*,#9146,.F.);
#10047 = SURFACE_OF_LINEAR_EXTRUSION('',#10048,#10052);
#10048 = B_SPLINE_CURVE_WITH_KNOTS('',2,(#10049,#10050,#10051),
  .UNSPECIFIED.,.F.,.F.,(3,3),(0.,1.),.PIECEWISE_BEZIER_KNOTS.);
#10049 = CARTESIAN_POINT('',(-61.81,-21.20306970909,14.71));
#10050 = CARTESIAN_POINT('',(-61.81,-21.57509899091,14.71));
#10051 = CARTESIAN_POINT('',(-61.81,-21.50416610126,14.45));
#10052 = VECTOR('',#10053,1.);
#10053 = DIRECTION('',(-1.,-0.,-0.));
#10054 = ADVANCED_FACE('',(#10055),#10073,.F.);
#10055 = FACE_BOUND('',#10056,.F.);
#10056 = EDGE_LOOP('',(#10057,#10065,#10071,#10072));
#10057 = ORIENTED_EDGE('',*,*,#10058,.T.);
#10058 = EDGE_CURVE('',#9187,#10059,#10061,.T.);
#10059 = VERTEX_POINT('',#10060);
#10060 = CARTESIAN_POINT('',(-61.31,-21.48610585339,13.13));
#10061 = LINE('',#10062,#10063);
#10062 = CARTESIAN_POINT('',(-61.81,-21.48610585339,13.13));
#10063 = VECTOR('',#10064,1.);
#10064 = DIRECTION('',(1.,0.,0.));
#10065 = ORIENTED_EDGE('',*,*,#10066,.T.);
#10066 = EDGE_CURVE('',#10059,#10010,#10067,.T.);
#10067 = B_SPLINE_CURVE_WITH_KNOTS('',2,(#10068,#10069,#10070),
  .UNSPECIFIED.,.F.,.F.,(3,3),(0.,1.),.PIECEWISE_BEZIER_KNOTS.);
#10068 = CARTESIAN_POINT('',(-61.31,-21.48610585339,13.13));
#10069 = CARTESIAN_POINT('',(-61.31,-22.56411494303,13.13));
#10070 = CARTESIAN_POINT('',(-61.31,-22.69104623851,13.595258598473));
#10071 = ORIENTED_EDGE('',*,*,#10017,.F.);
#10072 = ORIENTED_EDGE('',*,*,#9194,.F.);
#10073 = SURFACE_OF_LINEAR_EXTRUSION('',#10074,#10078);
#10074 = B_SPLINE_CURVE_WITH_KNOTS('',2,(#10075,#10076,#10077),
  .UNSPECIFIED.,.F.,.F.,(3,3),(0.,1.),.PIECEWISE_BEZIER_KNOTS.);
#10075 = CARTESIAN_POINT('',(-61.81,-21.48610585339,13.13));
#10076 = CARTESIAN_POINT('',(-61.81,-22.56411494303,13.13));
#10077 = CARTESIAN_POINT('',(-61.81,-22.69104623851,13.595258598473));
#10078 = VECTOR('',#10079,1.);
#10079 = DIRECTION('',(-1.,-0.,-0.));
#10080 = ADVANCED_FACE('',(#10081),#10099,.T.);
#10081 = FACE_BOUND('',#10082,.T.);
#10082 = EDGE_LOOP('',(#10083,#10091,#10097,#10098));
#10083 = ORIENTED_EDGE('',*,*,#10084,.T.);
#10084 = EDGE_CURVE('',#9155,#10085,#10087,.T.);
#10085 = VERTEX_POINT('',#10086);
#10086 = CARTESIAN_POINT('',(-61.31,-21.321377501,13.78));
#10087 = LINE('',#10088,#10089);
#10088 = CARTESIAN_POINT('',(-61.81,-21.321377501,13.78));
#10089 = VECTOR('',#10090,1.);
#10090 = DIRECTION('',(1.,0.,0.));
#10091 = ORIENTED_EDGE('',*,*,#10092,.T.);
#10092 = EDGE_CURVE('',#10085,#10034,#10093,.T.);
#10093 = LINE('',#10094,#10095);
#10094 = CARTESIAN_POINT('',(-61.31,-21.321377501,13.78));
#10095 = VECTOR('',#10096,1.);
#10096 = DIRECTION('',(0.,-0.263199597605,0.964741401527));
#10097 = ORIENTED_EDGE('',*,*,#10041,.F.);
#10098 = ORIENTED_EDGE('',*,*,#9154,.F.);
#10099 = PLANE('',#10100);
#10100 = AXIS2_PLACEMENT_3D('',#10101,#10102,#10103);
#10101 = CARTESIAN_POINT('',(-61.81,-21.321377501,13.78));
#10102 = DIRECTION('',(0.,-0.964741401527,-0.263199597605));
#10103 = DIRECTION('',(0.,-0.263199597605,0.964741401527));
#10104 = ADVANCED_FACE('',(#10105),#10123,.F.);
#10105 = FACE_BOUND('',#10106,.F.);
#10106 = EDGE_LOOP('',(#10107,#10115,#10121,#10122));
#10107 = ORIENTED_EDGE('',*,*,#10108,.T.);
#10108 = EDGE_CURVE('',#9179,#10109,#10111,.T.);
#10109 = VERTEX_POINT('',#10110);
#10110 = CARTESIAN_POINT('',(-61.31,-20.20610585339,13.13));
#10111 = LINE('',#10112,#10113);
#10112 = CARTESIAN_POINT('',(-61.81,-20.20610585339,13.13));
#10113 = VECTOR('',#10114,1.);
#10114 = DIRECTION('',(1.,0.,0.));
#10115 = ORIENTED_EDGE('',*,*,#10116,.T.);
#10116 = EDGE_CURVE('',#10109,#10059,#10117,.T.);
#10117 = LINE('',#10118,#10119);
#10118 = CARTESIAN_POINT('',(-61.31,-20.20610585339,13.13));
#10119 = VECTOR('',#10120,1.);
#10120 = DIRECTION('',(0.,-1.,0.));
#10121 = ORIENTED_EDGE('',*,*,#10058,.F.);
#10122 = ORIENTED_EDGE('',*,*,#9186,.F.);
#10123 = PLANE('',#10124);
#10124 = AXIS2_PLACEMENT_3D('',#10125,#10126,#10127);
#10125 = CARTESIAN_POINT('',(-61.81,-20.20610585339,13.13));
#10126 = DIRECTION('',(0.,0.,-1.));
#10127 = DIRECTION('',(0.,-1.,0.));
#10128 = ADVANCED_FACE('',(#10129),#10147,.T.);
#10129 = FACE_BOUND('',#10130,.T.);
#10130 = EDGE_LOOP('',(#10131,#10139,#10145,#10146));
#10131 = ORIENTED_EDGE('',*,*,#10132,.T.);
#10132 = EDGE_CURVE('',#9163,#10133,#10135,.T.);
#10133 = VERTEX_POINT('',#10134);
#10134 = CARTESIAN_POINT('',(-61.31,-20.85386163696,13.43));
#10135 = LINE('',#10136,#10137);
#10136 = CARTESIAN_POINT('',(-61.81,-20.85386163696,13.43));
#10137 = VECTOR('',#10138,1.);
#10138 = DIRECTION('',(1.,0.,0.));
#10139 = ORIENTED_EDGE('',*,*,#10140,.T.);
#10140 = EDGE_CURVE('',#10133,#10085,#10141,.T.);
#10141 = B_SPLINE_CURVE_WITH_KNOTS('',2,(#10142,#10143,#10144),
  .UNSPECIFIED.,.F.,.F.,(3,3),(0.,1.),.PIECEWISE_BEZIER_KNOTS.);
#10142 = CARTESIAN_POINT('',(-61.31,-20.85386163696,13.43));
#10143 = CARTESIAN_POINT('',(-61.31,-21.22589091877,13.43));
#10144 = CARTESIAN_POINT('',(-61.31,-21.321377501,13.78));
#10145 = ORIENTED_EDGE('',*,*,#10084,.F.);
#10146 = ORIENTED_EDGE('',*,*,#9162,.F.);
#10147 = SURFACE_OF_LINEAR_EXTRUSION('',#10148,#10152);
#10148 = B_SPLINE_CURVE_WITH_KNOTS('',2,(#10149,#10150,#10151),
  .UNSPECIFIED.,.F.,.F.,(3,3),(0.,1.),.PIECEWISE_BEZIER_KNOTS.);
#10149 = CARTESIAN_POINT('',(-61.81,-20.85386163696,13.43));
#10150 = CARTESIAN_POINT('',(-61.81,-21.22589091877,13.43));
#10151 = CARTESIAN_POINT('',(-61.81,-21.321377501,13.78));
#10152 = VECTOR('',#10153,1.);
#10153 = DIRECTION('',(-1.,-0.,-0.));
#10154 = ADVANCED_FACE('',(#10155),#10173,.F.);
#10155 = FACE_BOUND('',#10156,.F.);
#10156 = EDGE_LOOP('',(#10157,#10165,#10171,#10172));
#10157 = ORIENTED_EDGE('',*,*,#10158,.T.);
#10158 = EDGE_CURVE('',#9171,#10159,#10161,.T.);
#10159 = VERTEX_POINT('',#10160);
#10160 = CARTESIAN_POINT('',(-61.31,-20.09608389547,13.43));
#10161 = LINE('',#10162,#10163);
#10162 = CARTESIAN_POINT('',(-61.81,-20.09608389547,13.43));
#10163 = VECTOR('',#10164,1.);
#10164 = DIRECTION('',(1.,0.,0.));
#10165 = ORIENTED_EDGE('',*,*,#10166,.T.);
#10166 = EDGE_CURVE('',#10159,#10109,#10167,.T.);
#10167 = LINE('',#10168,#10169);
#10168 = CARTESIAN_POINT('',(-61.31,-20.09608389547,13.43));
#10169 = VECTOR('',#10170,1.);
#10170 = DIRECTION('',(0.,-0.344315222252,-0.938854103536));
#10171 = ORIENTED_EDGE('',*,*,#10108,.F.);
#10172 = ORIENTED_EDGE('',*,*,#9178,.F.);
#10173 = PLANE('',#10174);
#10174 = AXIS2_PLACEMENT_3D('',#10175,#10176,#10177);
#10175 = CARTESIAN_POINT('',(-61.81,-20.09608389547,13.43));
#10176 = DIRECTION('',(0.,0.938854103536,-0.344315222252));
#10177 = DIRECTION('',(0.,-0.344315222252,-0.938854103536));
#10178 = ADVANCED_FACE('',(#10179),#10190,.T.);
#10179 = FACE_BOUND('',#10180,.T.);
#10180 = EDGE_LOOP('',(#10181,#10182,#10188,#10189));
#10181 = ORIENTED_EDGE('',*,*,#10158,.T.);
#10182 = ORIENTED_EDGE('',*,*,#10183,.T.);
#10183 = EDGE_CURVE('',#10159,#10133,#10184,.T.);
#10184 = LINE('',#10185,#10186);
#10185 = CARTESIAN_POINT('',(-61.31,-20.09608389547,13.43));
#10186 = VECTOR('',#10187,1.);
#10187 = DIRECTION('',(0.,-1.,0.));
#10188 = ORIENTED_EDGE('',*,*,#10132,.F.);
#10189 = ORIENTED_EDGE('',*,*,#9170,.F.);
#10190 = PLANE('',#10191);
#10191 = AXIS2_PLACEMENT_3D('',#10192,#10193,#10194);
#10192 = CARTESIAN_POINT('',(-61.81,-20.09608389547,13.43));
#10193 = DIRECTION('',(0.,0.,-1.));
#10194 = DIRECTION('',(0.,-1.,0.));
#10195 = ADVANCED_FACE('',(#10196),#10221,.F.);
#10196 = FACE_BOUND('',#10197,.F.);
#10197 = EDGE_LOOP('',(#10198,#10206,#10214,#10220));
#10198 = ORIENTED_EDGE('',*,*,#10199,.T.);
#10199 = EDGE_CURVE('',#9227,#10200,#10202,.T.);
#10200 = VERTEX_POINT('',#10201);
#10201 = CARTESIAN_POINT('',(-61.31,-25.25595254324,15.17));
#10202 = LINE('',#10203,#10204);
#10203 = CARTESIAN_POINT('',(-61.81,-25.25595254324,15.17));
#10204 = VECTOR('',#10205,1.);
#10205 = DIRECTION('',(1.,0.,0.));
#10206 = ORIENTED_EDGE('',*,*,#10207,.T.);
#10207 = EDGE_CURVE('',#10200,#10208,#10210,.T.);
#10208 = VERTEX_POINT('',#10209);
#10209 = CARTESIAN_POINT('',(-61.31,-23.83588287708,15.17));
#10210 = LINE('',#10211,#10212);
#10211 = CARTESIAN_POINT('',(-61.31,-25.25595254324,15.17));
#10212 = VECTOR('',#10213,1.);
#10213 = DIRECTION('',(0.,1.,0.));
#10214 = ORIENTED_EDGE('',*,*,#10215,.F.);
#10215 = EDGE_CURVE('',#9229,#10208,#10216,.T.);
#10216 = LINE('',#10217,#10218);
#10217 = CARTESIAN_POINT('',(-61.81,-23.83588287708,15.17));
#10218 = VECTOR('',#10219,1.);
#10219 = DIRECTION('',(1.,0.,0.));
#10220 = ORIENTED_EDGE('',*,*,#9226,.F.);
#10221 = PLANE('',#10222);
#10222 = AXIS2_PLACEMENT_3D('',#10223,#10224,#10225);
#10223 = CARTESIAN_POINT('',(-61.81,-25.25595254324,15.17));
#10224 = DIRECTION('',(0.,0.,1.));
#10225 = DIRECTION('',(0.,1.,0.));
#10226 = ADVANCED_FACE('',(#10227),#10245,.F.);
#10227 = FACE_BOUND('',#10228,.F.);
#10228 = EDGE_LOOP('',(#10229,#10237,#10243,#10244));
#10229 = ORIENTED_EDGE('',*,*,#10230,.T.);
#10230 = EDGE_CURVE('',#9245,#10231,#10233,.T.);
#10231 = VERTEX_POINT('',#10232);
#10232 = CARTESIAN_POINT('',(-61.31,-25.13045589232,14.71));
#10233 = LINE('',#10234,#10235);
#10234 = CARTESIAN_POINT('',(-61.81,-25.13045589232,14.71));
#10235 = VECTOR('',#10236,1.);
#10236 = DIRECTION('',(1.,0.,0.));
#10237 = ORIENTED_EDGE('',*,*,#10238,.T.);
#10238 = EDGE_CURVE('',#10231,#10200,#10239,.T.);
#10239 = LINE('',#10240,#10241);
#10240 = CARTESIAN_POINT('',(-61.31,-25.13045589232,14.71));
#10241 = VECTOR('',#10242,1.);
#10242 = DIRECTION('',(0.,-0.263199597605,0.964741401527));
#10243 = ORIENTED_EDGE('',*,*,#10199,.F.);
#10244 = ORIENTED_EDGE('',*,*,#9252,.F.);
#10245 = PLANE('',#10246);
#10246 = AXIS2_PLACEMENT_3D('',#10247,#10248,#10249);
#10247 = CARTESIAN_POINT('',(-61.81,-25.13045589232,14.71));
#10248 = DIRECTION('',(0.,-0.964741401527,-0.263199597605));
#10249 = DIRECTION('',(0.,-0.263199597605,0.964741401527));
#10250 = ADVANCED_FACE('',(#10251),#10269,.F.);
#10251 = FACE_BOUND('',#10252,.F.);
#10252 = EDGE_LOOP('',(#10253,#10254,#10262,#10268));
#10253 = ORIENTED_EDGE('',*,*,#10215,.T.);
#10254 = ORIENTED_EDGE('',*,*,#10255,.T.);
#10255 = EDGE_CURVE('',#10208,#10256,#10258,.T.);
#10256 = VERTEX_POINT('',#10257);
#10257 = CARTESIAN_POINT('',(-61.31,-23.71038622616,14.71));
#10258 = LINE('',#10259,#10260);
#10259 = CARTESIAN_POINT('',(-61.31,-23.83588287708,15.17));
#10260 = VECTOR('',#10261,1.);
#10261 = DIRECTION('',(-0.,0.263199597605,-0.964741401527));
#10262 = ORIENTED_EDGE('',*,*,#10263,.F.);
#10263 = EDGE_CURVE('',#9237,#10256,#10264,.T.);
#10264 = LINE('',#10265,#10266);
#10265 = CARTESIAN_POINT('',(-61.81,-23.71038622616,14.71));
#10266 = VECTOR('',#10267,1.);
#10267 = DIRECTION('',(1.,0.,0.));
#10268 = ORIENTED_EDGE('',*,*,#9236,.F.);
#10269 = PLANE('',#10270);
#10270 = AXIS2_PLACEMENT_3D('',#10271,#10272,#10273);
#10271 = CARTESIAN_POINT('',(-61.81,-23.83588287708,15.17));
#10272 = DIRECTION('',(0.,0.964741401527,0.263199597605));
#10273 = DIRECTION('',(0.,0.263199597605,-0.964741401527));
#10274 = ADVANCED_FACE('',(#10275),#10286,.F.);
#10275 = FACE_BOUND('',#10276,.F.);
#10276 = EDGE_LOOP('',(#10277,#10278,#10284,#10285));
#10277 = ORIENTED_EDGE('',*,*,#10263,.T.);
#10278 = ORIENTED_EDGE('',*,*,#10279,.T.);
#10279 = EDGE_CURVE('',#10256,#10231,#10280,.T.);
#10280 = LINE('',#10281,#10282);
#10281 = CARTESIAN_POINT('',(-61.31,-23.71038622616,14.71));
#10282 = VECTOR('',#10283,1.);
#10283 = DIRECTION('',(0.,-1.,-1.376E-14));
#10284 = ORIENTED_EDGE('',*,*,#10230,.F.);
#10285 = ORIENTED_EDGE('',*,*,#9244,.F.);
#10286 = PLANE('',#10287);
#10287 = AXIS2_PLACEMENT_3D('',#10288,#10289,#10290);
#10288 = CARTESIAN_POINT('',(-61.81,-23.71038622616,14.71));
#10289 = DIRECTION('',(0.,1.376E-14,-1.));
#10290 = DIRECTION('',(0.,-1.,-1.376E-14));
#10291 = ADVANCED_FACE('',(#10292),#10317,.T.);
#10292 = FACE_BOUND('',#10293,.T.);
#10293 = EDGE_LOOP('',(#10294,#10302,#10310,#10316));
#10294 = ORIENTED_EDGE('',*,*,#10295,.T.);
#10295 = EDGE_CURVE('',#9261,#10296,#10298,.T.);
#10296 = VERTEX_POINT('',#10297);
#10297 = CARTESIAN_POINT('',(-61.31,-25.39281066912,13.43));
#10298 = LINE('',#10299,#10300);
#10299 = CARTESIAN_POINT('',(-61.81,-25.39281066912,13.43));
#10300 = VECTOR('',#10301,1.);
#10301 = DIRECTION('',(1.,0.,0.));
#10302 = ORIENTED_EDGE('',*,*,#10303,.T.);
#10303 = EDGE_CURVE('',#10296,#10304,#10306,.T.);
#10304 = VERTEX_POINT('',#10305);
#10305 = CARTESIAN_POINT('',(-61.31,-26.82001140464,14.33));
#10306 = B_SPLINE_CURVE_WITH_KNOTS('',2,(#10307,#10308,#10309),
  .UNSPECIFIED.,.F.,.F.,(3,3),(0.,1.),.PIECEWISE_BEZIER_KNOTS.);
#10307 = CARTESIAN_POINT('',(-61.31,-25.39281066912,13.43));
#10308 = CARTESIAN_POINT('',(-61.31,-25.63834759484,14.33));
#10309 = CARTESIAN_POINT('',(-61.31,-26.82001140464,14.33));
#10310 = ORIENTED_EDGE('',*,*,#10311,.F.);
#10311 = EDGE_CURVE('',#9263,#10304,#10312,.T.);
#10312 = LINE('',#10313,#10314);
#10313 = CARTESIAN_POINT('',(-61.81,-26.82001140464,14.33));
#10314 = VECTOR('',#10315,1.);
#10315 = DIRECTION('',(1.,0.,0.));
#10316 = ORIENTED_EDGE('',*,*,#9260,.F.);
#10317 = SURFACE_OF_LINEAR_EXTRUSION('',#10318,#10322);
#10318 = B_SPLINE_CURVE_WITH_KNOTS('',2,(#10319,#10320,#10321),
  .UNSPECIFIED.,.F.,.F.,(3,3),(0.,1.),.PIECEWISE_BEZIER_KNOTS.);
#10319 = CARTESIAN_POINT('',(-61.81,-25.39281066912,13.43));
#10320 = CARTESIAN_POINT('',(-61.81,-25.63834759484,14.33));
#10321 = CARTESIAN_POINT('',(-61.81,-26.82001140464,14.33));
#10322 = VECTOR('',#10323,1.);
#10323 = DIRECTION('',(-1.,-0.,-0.));
#10324 = ADVANCED_FACE('',(#10325),#10343,.F.);
#10325 = FACE_BOUND('',#10326,.F.);
#10326 = EDGE_LOOP('',(#10327,#10328,#10336,#10342));
#10327 = ORIENTED_EDGE('',*,*,#10295,.T.);
#10328 = ORIENTED_EDGE('',*,*,#10329,.T.);
#10329 = EDGE_CURVE('',#10296,#10330,#10332,.T.);
#10330 = VERTEX_POINT('',#10331);
#10331 = CARTESIAN_POINT('',(-61.31,-25.2373039495,12.86));
#10332 = LINE('',#10333,#10334);
#10333 = CARTESIAN_POINT('',(-61.31,-25.39281066912,13.43));
#10334 = VECTOR('',#10335,1.);
#10335 = DIRECTION('',(-0.,0.263199597605,-0.964741401527));
#10336 = ORIENTED_EDGE('',*,*,#10337,.F.);
#10337 = EDGE_CURVE('',#9271,#10330,#10338,.T.);
#10338 = LINE('',#10339,#10340);
#10339 = CARTESIAN_POINT('',(-61.81,-25.2373039495,12.86));
#10340 = VECTOR('',#10341,1.);
#10341 = DIRECTION('',(1.,0.,0.));
#10342 = ORIENTED_EDGE('',*,*,#9270,.F.);
#10343 = PLANE('',#10344);
#10344 = AXIS2_PLACEMENT_3D('',#10345,#10346,#10347);
#10345 = CARTESIAN_POINT('',(-61.81,-25.39281066912,13.43));
#10346 = DIRECTION('',(0.,0.964741401527,0.263199597605));
#10347 = DIRECTION('',(0.,0.263199597605,-0.964741401527));
#10348 = ADVANCED_FACE('',(#10349),#10367,.T.);
#10349 = FACE_BOUND('',#10350,.T.);
#10350 = EDGE_LOOP('',(#10351,#10352,#10360,#10366));
#10351 = ORIENTED_EDGE('',*,*,#10311,.T.);
#10352 = ORIENTED_EDGE('',*,*,#10353,.T.);
#10353 = EDGE_CURVE('',#10304,#10354,#10356,.T.);
#10354 = VERTEX_POINT('',#10355);
#10355 = CARTESIAN_POINT('',(-61.31,-29.80001140464,14.33));
#10356 = LINE('',#10357,#10358);
#10357 = CARTESIAN_POINT('',(-61.31,-26.82001140464,14.33));
#10358 = VECTOR('',#10359,1.);
#10359 = DIRECTION('',(0.,-1.,-1.073E-14));
#10360 = ORIENTED_EDGE('',*,*,#10361,.F.);
#10361 = EDGE_CURVE('',#9343,#10354,#10362,.T.);
#10362 = LINE('',#10363,#10364);
#10363 = CARTESIAN_POINT('',(-61.81,-29.80001140464,14.33));
#10364 = VECTOR('',#10365,1.);
#10365 = DIRECTION('',(1.,0.,0.));
#10366 = ORIENTED_EDGE('',*,*,#9350,.F.);
#10367 = PLANE('',#10368);
#10368 = AXIS2_PLACEMENT_3D('',#10369,#10370,#10371);
#10369 = CARTESIAN_POINT('',(-61.81,-26.82001140464,14.33));
#10370 = DIRECTION('',(0.,1.073E-14,-1.));
#10371 = DIRECTION('',(0.,-1.,-1.073E-14));
#10372 = ADVANCED_FACE('',(#10373),#10391,.F.);
#10373 = FACE_BOUND('',#10374,.F.);
#10374 = EDGE_LOOP('',(#10375,#10376,#10384,#10390));
#10375 = ORIENTED_EDGE('',*,*,#10337,.T.);
#10376 = ORIENTED_EDGE('',*,*,#10377,.T.);
#10377 = EDGE_CURVE('',#10330,#10378,#10380,.T.);
#10378 = VERTEX_POINT('',#10379);
#10379 = CARTESIAN_POINT('',(-61.31,-26.48383950069,11.73));
#10380 = B_SPLINE_CURVE_WITH_KNOTS('',2,(#10381,#10382,#10383),
  .UNSPECIFIED.,.F.,.F.,(3,3),(0.,1.),.PIECEWISE_BEZIER_KNOTS.);
#10381 = CARTESIAN_POINT('',(-61.31,-25.2373039495,12.86));
#10382 = CARTESIAN_POINT('',(-61.31,-24.92901869832,11.73));
#10383 = CARTESIAN_POINT('',(-61.31,-26.48383950069,11.73));
#10384 = ORIENTED_EDGE('',*,*,#10385,.F.);
#10385 = EDGE_CURVE('',#9279,#10378,#10386,.T.);
#10386 = LINE('',#10387,#10388);
#10387 = CARTESIAN_POINT('',(-61.81,-26.48383950069,11.73));
#10388 = VECTOR('',#10389,1.);
#10389 = DIRECTION('',(1.,0.,0.));
#10390 = ORIENTED_EDGE('',*,*,#9278,.F.);
#10391 = SURFACE_OF_LINEAR_EXTRUSION('',#10392,#10396);
#10392 = B_SPLINE_CURVE_WITH_KNOTS('',2,(#10393,#10394,#10395),
  .UNSPECIFIED.,.F.,.F.,(3,3),(0.,1.),.PIECEWISE_BEZIER_KNOTS.);
#10393 = CARTESIAN_POINT('',(-61.81,-25.2373039495,12.86));
#10394 = CARTESIAN_POINT('',(-61.81,-24.92901869832,11.73));
#10395 = CARTESIAN_POINT('',(-61.81,-26.48383950069,11.73));
#10396 = VECTOR('',#10397,1.);
#10397 = DIRECTION('',(-1.,-0.,-0.));
#10398 = ADVANCED_FACE('',(#10399),#10417,.F.);
#10399 = FACE_BOUND('',#10400,.F.);
#10400 = EDGE_LOOP('',(#10401,#10409,#10415,#10416));
#10401 = ORIENTED_EDGE('',*,*,#10402,.T.);
#10402 = EDGE_CURVE('',#9335,#10403,#10405,.T.);
#10403 = VERTEX_POINT('',#10404);
#10404 = CARTESIAN_POINT('',(-61.31,-29.67178656565,13.86));
#10405 = LINE('',#10406,#10407);
#10406 = CARTESIAN_POINT('',(-61.81,-29.67178656565,13.86));
#10407 = VECTOR('',#10408,1.);
#10408 = DIRECTION('',(1.,0.,0.));
#10409 = ORIENTED_EDGE('',*,*,#10410,.T.);
#10410 = EDGE_CURVE('',#10403,#10354,#10411,.T.);
#10411 = LINE('',#10412,#10413);
#10412 = CARTESIAN_POINT('',(-61.31,-29.67178656565,13.86));
#10413 = VECTOR('',#10414,1.);
#10414 = DIRECTION('',(0.,-0.263199597605,0.964741401527));
#10415 = ORIENTED_EDGE('',*,*,#10361,.F.);
#10416 = ORIENTED_EDGE('',*,*,#9342,.F.);
#10417 = PLANE('',#10418);
#10418 = AXIS2_PLACEMENT_3D('',#10419,#10420,#10421);
#10419 = CARTESIAN_POINT('',(-61.81,-29.67178656565,13.86));
#10420 = DIRECTION('',(0.,-0.964741401527,-0.263199597605));
#10421 = DIRECTION('',(0.,-0.263199597605,0.964741401527));
#10422 = ADVANCED_FACE('',(#10423),#10441,.F.);
#10423 = FACE_BOUND('',#10424,.F.);
#10424 = EDGE_LOOP('',(#10425,#10426,#10434,#10440));
#10425 = ORIENTED_EDGE('',*,*,#10385,.T.);
#10426 = ORIENTED_EDGE('',*,*,#10427,.T.);
#10427 = EDGE_CURVE('',#10378,#10428,#10430,.T.);
#10428 = VERTEX_POINT('',#10429);
#10429 = CARTESIAN_POINT('',(-61.31,-29.09383950069,11.73));
#10430 = LINE('',#10431,#10432);
#10431 = CARTESIAN_POINT('',(-61.31,-26.48383950069,11.73));
#10432 = VECTOR('',#10433,1.);
#10433 = DIRECTION('',(0.,-1.,0.));
#10434 = ORIENTED_EDGE('',*,*,#10435,.F.);
#10435 = EDGE_CURVE('',#9287,#10428,#10436,.T.);
#10436 = LINE('',#10437,#10438);
#10437 = CARTESIAN_POINT('',(-61.81,-29.09383950069,11.73));
#10438 = VECTOR('',#10439,1.);
#10439 = DIRECTION('',(1.,0.,0.));
#10440 = ORIENTED_EDGE('',*,*,#9286,.F.);
#10441 = PLANE('',#10442);
#10442 = AXIS2_PLACEMENT_3D('',#10443,#10444,#10445);
#10443 = CARTESIAN_POINT('',(-61.81,-26.48383950069,11.73));
#10444 = DIRECTION('',(0.,0.,-1.));
#10445 = DIRECTION('',(0.,-1.,0.));
#10446 = ADVANCED_FACE('',(#10447),#10465,.F.);
#10447 = FACE_BOUND('',#10448,.F.);
#10448 = EDGE_LOOP('',(#10449,#10457,#10463,#10464));
#10449 = ORIENTED_EDGE('',*,*,#10450,.T.);
#10450 = EDGE_CURVE('',#9327,#10451,#10453,.T.);
#10451 = VERTEX_POINT('',#10452);
#10452 = CARTESIAN_POINT('',(-61.31,-27.62178656565,13.86));
#10453 = LINE('',#10454,#10455);
#10454 = CARTESIAN_POINT('',(-61.81,-27.62178656565,13.86));
#10455 = VECTOR('',#10456,1.);
#10456 = DIRECTION('',(1.,0.,0.));
#10457 = ORIENTED_EDGE('',*,*,#10458,.T.);
#10458 = EDGE_CURVE('',#10451,#10403,#10459,.T.);
#10459 = LINE('',#10460,#10461);
#10460 = CARTESIAN_POINT('',(-61.31,-27.62178656565,13.86));
#10461 = VECTOR('',#10462,1.);
#10462 = DIRECTION('',(0.,-1.,0.));
#10463 = ORIENTED_EDGE('',*,*,#10402,.F.);
#10464 = ORIENTED_EDGE('',*,*,#9334,.F.);
#10465 = PLANE('',#10466);
#10466 = AXIS2_PLACEMENT_3D('',#10467,#10468,#10469);
#10467 = CARTESIAN_POINT('',(-61.81,-27.62178656565,13.86));
#10468 = DIRECTION('',(0.,0.,-1.));
#10469 = DIRECTION('',(0.,-1.,0.));
#10470 = ADVANCED_FACE('',(#10471),#10489,.F.);
#10471 = FACE_BOUND('',#10472,.F.);
#10472 = EDGE_LOOP('',(#10473,#10474,#10482,#10488));
#10473 = ORIENTED_EDGE('',*,*,#10435,.T.);
#10474 = ORIENTED_EDGE('',*,*,#10475,.T.);
#10475 = EDGE_CURVE('',#10428,#10476,#10478,.T.);
#10476 = VERTEX_POINT('',#10477);
#10477 = CARTESIAN_POINT('',(-61.31,-29.22206433967,12.2));
#10478 = LINE('',#10479,#10480);
#10479 = CARTESIAN_POINT('',(-61.31,-29.09383950069,11.73));
#10480 = VECTOR('',#10481,1.);
#10481 = DIRECTION('',(0.,-0.263199597605,0.964741401527));
#10482 = ORIENTED_EDGE('',*,*,#10483,.F.);
#10483 = EDGE_CURVE('',#9295,#10476,#10484,.T.);
#10484 = LINE('',#10485,#10486);
#10485 = CARTESIAN_POINT('',(-61.81,-29.22206433967,12.2));
#10486 = VECTOR('',#10487,1.);
#10487 = DIRECTION('',(1.,0.,0.));
#10488 = ORIENTED_EDGE('',*,*,#9294,.F.);
#10489 = PLANE('',#10490);
#10490 = AXIS2_PLACEMENT_3D('',#10491,#10492,#10493);
#10491 = CARTESIAN_POINT('',(-61.81,-29.09383950069,11.73));
#10492 = DIRECTION('',(0.,-0.964741401527,-0.263199597605));
#10493 = DIRECTION('',(0.,-0.263199597605,0.964741401527));
#10494 = ADVANCED_FACE('',(#10495),#10513,.F.);
#10495 = FACE_BOUND('',#10496,.F.);
#10496 = EDGE_LOOP('',(#10497,#10505,#10511,#10512));
#10497 = ORIENTED_EDGE('',*,*,#10498,.T.);
#10498 = EDGE_CURVE('',#9319,#10499,#10501,.T.);
#10499 = VERTEX_POINT('',#10500);
#10500 = CARTESIAN_POINT('',(-61.31,-26.81288033528,13.43));
#10501 = LINE('',#10502,#10503);
#10502 = CARTESIAN_POINT('',(-61.81,-26.81288033528,13.43));
#10503 = VECTOR('',#10504,1.);
#10504 = DIRECTION('',(1.,0.,0.));
#10505 = ORIENTED_EDGE('',*,*,#10506,.T.);
#10506 = EDGE_CURVE('',#10499,#10451,#10507,.T.);
#10507 = B_SPLINE_CURVE_WITH_KNOTS('',2,(#10508,#10509,#10510),
  .UNSPECIFIED.,.F.,.F.,(3,3),(0.,1.),.PIECEWISE_BEZIER_KNOTS.);
#10508 = CARTESIAN_POINT('',(-61.31,-26.81288033528,13.43));
#10509 = CARTESIAN_POINT('',(-61.31,-26.93019242202,13.86));
#10510 = CARTESIAN_POINT('',(-61.31,-27.62178656565,13.86));
#10511 = ORIENTED_EDGE('',*,*,#10450,.F.);
#10512 = ORIENTED_EDGE('',*,*,#9326,.F.);
#10513 = SURFACE_OF_LINEAR_EXTRUSION('',#10514,#10518);
#10514 = B_SPLINE_CURVE_WITH_KNOTS('',2,(#10515,#10516,#10517),
  .UNSPECIFIED.,.F.,.F.,(3,3),(0.,1.),.PIECEWISE_BEZIER_KNOTS.);
#10515 = CARTESIAN_POINT('',(-61.81,-26.81288033528,13.43));
#10516 = CARTESIAN_POINT('',(-61.81,-26.93019242202,13.86));
#10517 = CARTESIAN_POINT('',(-61.81,-27.62178656565,13.86));
#10518 = VECTOR('',#10519,1.);
#10519 = DIRECTION('',(-1.,-0.,-0.));
#10520 = ADVANCED_FACE('',(#10521),#10539,.T.);
#10521 = FACE_BOUND('',#10522,.T.);
#10522 = EDGE_LOOP('',(#10523,#10531,#10537,#10538));
#10523 = ORIENTED_EDGE('',*,*,#10524,.T.);
#10524 = EDGE_CURVE('',#9303,#10525,#10527,.T.);
#10525 = VERTEX_POINT('',#10526);
#10526 = CARTESIAN_POINT('',(-61.31,-27.1689073471,12.2));
#10527 = LINE('',#10528,#10529);
#10528 = CARTESIAN_POINT('',(-61.81,-27.1689073471,12.2));
#10529 = VECTOR('',#10530,1.);
#10530 = DIRECTION('',(1.,0.,0.));
#10531 = ORIENTED_EDGE('',*,*,#10532,.T.);
#10532 = EDGE_CURVE('',#10525,#10476,#10533,.T.);
#10533 = LINE('',#10534,#10535);
#10534 = CARTESIAN_POINT('',(-61.31,-27.1689073471,12.2));
#10535 = VECTOR('',#10536,1.);
#10536 = DIRECTION('',(0.,-1.,0.));
#10537 = ORIENTED_EDGE('',*,*,#10483,.F.);
#10538 = ORIENTED_EDGE('',*,*,#9302,.F.);
#10539 = PLANE('',#10540);
#10540 = AXIS2_PLACEMENT_3D('',#10541,#10542,#10543);
#10541 = CARTESIAN_POINT('',(-61.81,-27.1689073471,12.2));
#10542 = DIRECTION('',(0.,0.,-1.));
#10543 = DIRECTION('',(0.,-1.,0.));
#10544 = ADVANCED_FACE('',(#10545),#10563,.F.);
#10545 = FACE_BOUND('',#10546,.F.);
#10546 = EDGE_LOOP('',(#10547,#10555,#10561,#10562));
#10547 = ORIENTED_EDGE('',*,*,#10548,.T.);
#10548 = EDGE_CURVE('',#9311,#10549,#10551,.T.);
#10549 = VERTEX_POINT('',#10550);
#10550 = CARTESIAN_POINT('',(-61.31,-26.65737361566,12.86));
#10551 = LINE('',#10552,#10553);
#10552 = CARTESIAN_POINT('',(-61.81,-26.65737361566,12.86));
#10553 = VECTOR('',#10554,1.);
#10554 = DIRECTION('',(1.,0.,0.));
#10555 = ORIENTED_EDGE('',*,*,#10556,.T.);
#10556 = EDGE_CURVE('',#10549,#10499,#10557,.T.);
#10557 = LINE('',#10558,#10559);
#10558 = CARTESIAN_POINT('',(-61.31,-26.65737361566,12.86));
#10559 = VECTOR('',#10560,1.);
#10560 = DIRECTION('',(0.,-0.263199597605,0.964741401527));
#10561 = ORIENTED_EDGE('',*,*,#10498,.F.);
#10562 = ORIENTED_EDGE('',*,*,#9318,.F.);
#10563 = PLANE('',#10564);
#10564 = AXIS2_PLACEMENT_3D('',#10565,#10566,#10567);
#10565 = CARTESIAN_POINT('',(-61.81,-26.65737361566,12.86));
#10566 = DIRECTION('',(0.,-0.964741401527,-0.263199597605));
#10567 = DIRECTION('',(0.,-0.263199597605,0.964741401527));
#10568 = ADVANCED_FACE('',(#10569),#10580,.T.);
#10569 = FACE_BOUND('',#10570,.T.);
#10570 = EDGE_LOOP('',(#10571,#10572,#10578,#10579));
#10571 = ORIENTED_EDGE('',*,*,#10548,.T.);
#10572 = ORIENTED_EDGE('',*,*,#10573,.T.);
#10573 = EDGE_CURVE('',#10549,#10525,#10574,.T.);
#10574 = B_SPLINE_CURVE_WITH_KNOTS('',2,(#10575,#10576,#10577),
  .UNSPECIFIED.,.F.,.F.,(3,3),(0.,1.),.PIECEWISE_BEZIER_KNOTS.);
#10575 = CARTESIAN_POINT('',(-61.31,-26.65737361566,12.86));
#10576 = CARTESIAN_POINT('',(-61.31,-26.47731320347,12.2));
#10577 = CARTESIAN_POINT('',(-61.31,-27.1689073471,12.2));
#10578 = ORIENTED_EDGE('',*,*,#10524,.F.);
#10579 = ORIENTED_EDGE('',*,*,#9310,.F.);
#10580 = SURFACE_OF_LINEAR_EXTRUSION('',#10581,#10585);
#10581 = B_SPLINE_CURVE_WITH_KNOTS('',2,(#10582,#10583,#10584),
  .UNSPECIFIED.,.F.,.F.,(3,3),(0.,1.),.PIECEWISE_BEZIER_KNOTS.);
#10582 = CARTESIAN_POINT('',(-61.81,-26.65737361566,12.86));
#10583 = CARTESIAN_POINT('',(-61.81,-26.47731320347,12.2));
#10584 = CARTESIAN_POINT('',(-61.81,-27.1689073471,12.2));
#10585 = VECTOR('',#10586,1.);
#10586 = DIRECTION('',(-1.,-0.,-0.));
#10587 = ADVANCED_FACE('',(#10588),#10613,.T.);
#10588 = FACE_BOUND('',#10589,.T.);
#10589 = EDGE_LOOP('',(#10590,#10598,#10606,#10612));
#10590 = ORIENTED_EDGE('',*,*,#10591,.T.);
#10591 = EDGE_CURVE('',#9359,#10592,#10594,.T.);
#10592 = VERTEX_POINT('',#10593);
#10593 = CARTESIAN_POINT('',(-61.31,-30.07274807971,13.43));
#10594 = LINE('',#10595,#10596);
#10595 = CARTESIAN_POINT('',(-61.81,-30.07274807971,13.43));
#10596 = VECTOR('',#10597,1.);
#10597 = DIRECTION('',(1.,0.,0.));
#10598 = ORIENTED_EDGE('',*,*,#10599,.T.);
#10599 = EDGE_CURVE('',#10592,#10600,#10602,.T.);
#10600 = VERTEX_POINT('',#10601);
#10601 = CARTESIAN_POINT('',(-61.31,-31.49994881523,14.33));
#10602 = B_SPLINE_CURVE_WITH_KNOTS('',2,(#10603,#10604,#10605),
  .UNSPECIFIED.,.F.,.F.,(3,3),(0.,1.),.PIECEWISE_BEZIER_KNOTS.);
#10603 = CARTESIAN_POINT('',(-61.31,-30.07274807971,13.43));
#10604 = CARTESIAN_POINT('',(-61.31,-30.31828500543,14.33));
#10605 = CARTESIAN_POINT('',(-61.31,-31.49994881523,14.33));
#10606 = ORIENTED_EDGE('',*,*,#10607,.F.);
#10607 = EDGE_CURVE('',#9361,#10600,#10608,.T.);
#10608 = LINE('',#10609,#10610);
#10609 = CARTESIAN_POINT('',(-61.81,-31.49994881523,14.33));
#10610 = VECTOR('',#10611,1.);
#10611 = DIRECTION('',(1.,0.,0.));
#10612 = ORIENTED_EDGE('',*,*,#9358,.F.);
#10613 = SURFACE_OF_LINEAR_EXTRUSION('',#10614,#10618);
#10614 = B_SPLINE_CURVE_WITH_KNOTS('',2,(#10615,#10616,#10617),
  .UNSPECIFIED.,.F.,.F.,(3,3),(0.,1.),.PIECEWISE_BEZIER_KNOTS.);
#10615 = CARTESIAN_POINT('',(-61.81,-30.07274807971,13.43));
#10616 = CARTESIAN_POINT('',(-61.81,-30.31828500543,14.33));
#10617 = CARTESIAN_POINT('',(-61.81,-31.49994881523,14.33));
#10618 = VECTOR('',#10619,1.);
#10619 = DIRECTION('',(-1.,-0.,-0.));
#10620 = ADVANCED_FACE('',(#10621),#10639,.F.);
#10621 = FACE_BOUND('',#10622,.F.);
#10622 = EDGE_LOOP('',(#10623,#10624,#10632,#10638));
#10623 = ORIENTED_EDGE('',*,*,#10591,.T.);
#10624 = ORIENTED_EDGE('',*,*,#10625,.T.);
#10625 = EDGE_CURVE('',#10592,#10626,#10628,.T.);
#10626 = VERTEX_POINT('',#10627);
#10627 = CARTESIAN_POINT('',(-61.31,-29.91724136009,12.86));
#10628 = LINE('',#10629,#10630);
#10629 = CARTESIAN_POINT('',(-61.31,-30.07274807971,13.43));
#10630 = VECTOR('',#10631,1.);
#10631 = DIRECTION('',(-0.,0.263199597605,-0.964741401527));
#10632 = ORIENTED_EDGE('',*,*,#10633,.F.);
#10633 = EDGE_CURVE('',#9369,#10626,#10634,.T.);
#10634 = LINE('',#10635,#10636);
#10635 = CARTESIAN_POINT('',(-61.81,-29.91724136009,12.86));
#10636 = VECTOR('',#10637,1.);
#10637 = DIRECTION('',(1.,0.,0.));
#10638 = ORIENTED_EDGE('',*,*,#9368,.F.);
#10639 = PLANE('',#10640);
#10640 = AXIS2_PLACEMENT_3D('',#10641,#10642,#10643);
#10641 = CARTESIAN_POINT('',(-61.81,-30.07274807971,13.43));
#10642 = DIRECTION('',(0.,0.964741401527,0.263199597605));
#10643 = DIRECTION('',(0.,0.263199597605,-0.964741401527));
#10644 = ADVANCED_FACE('',(#10645),#10663,.F.);
#10645 = FACE_BOUND('',#10646,.F.);
#10646 = EDGE_LOOP('',(#10647,#10655,#10661,#10662));
#10647 = ORIENTED_EDGE('',*,*,#10648,.T.);
#10648 = EDGE_CURVE('',#9409,#10649,#10651,.T.);
#10649 = VERTEX_POINT('',#10650);
#10650 = CARTESIAN_POINT('',(-61.31,-33.76998718668,14.33));
#10651 = LINE('',#10652,#10653);
#10652 = CARTESIAN_POINT('',(-61.81,-33.76998718668,14.33));
#10653 = VECTOR('',#10654,1.);
#10654 = DIRECTION('',(1.,0.,0.));
#10655 = ORIENTED_EDGE('',*,*,#10656,.F.);
#10656 = EDGE_CURVE('',#10600,#10649,#10657,.T.);
#10657 = LINE('',#10658,#10659);
#10658 = CARTESIAN_POINT('',(-61.31,-31.49994881523,14.33));
#10659 = VECTOR('',#10660,1.);
#10660 = DIRECTION('',(0.,-1.,0.));
#10661 = ORIENTED_EDGE('',*,*,#10607,.F.);
#10662 = ORIENTED_EDGE('',*,*,#9416,.T.);
#10663 = PLANE('',#10664);
#10664 = AXIS2_PLACEMENT_3D('',#10665,#10666,#10667);
#10665 = CARTESIAN_POINT('',(-61.56,-32.63496800096,14.33));
#10666 = DIRECTION('',(0.,0.,1.));
#10667 = DIRECTION('',(1.,0.,0.));
#10668 = ADVANCED_FACE('',(#10669),#10687,.F.);
#10669 = FACE_BOUND('',#10670,.F.);
#10670 = EDGE_LOOP('',(#10671,#10672,#10680,#10686));
#10671 = ORIENTED_EDGE('',*,*,#10633,.T.);
#10672 = ORIENTED_EDGE('',*,*,#10673,.T.);
#10673 = EDGE_CURVE('',#10626,#10674,#10676,.T.);
#10674 = VERTEX_POINT('',#10675);
#10675 = CARTESIAN_POINT('',(-61.31,-31.2467006874,11.73));
#10676 = B_SPLINE_CURVE_WITH_KNOTS('',2,(#10677,#10678,#10679),
  .UNSPECIFIED.,.F.,.F.,(3,3),(0.,1.),.PIECEWISE_BEZIER_KNOTS.);
#10677 = CARTESIAN_POINT('',(-61.31,-29.91724136009,12.86));
#10678 = CARTESIAN_POINT('',(-61.31,-29.60895610891,11.73));
#10679 = CARTESIAN_POINT('',(-61.31,-31.2467006874,11.73));
#10680 = ORIENTED_EDGE('',*,*,#10681,.F.);
#10681 = EDGE_CURVE('',#9377,#10674,#10682,.T.);
#10682 = LINE('',#10683,#10684);
#10683 = CARTESIAN_POINT('',(-61.81,-31.2467006874,11.73));
#10684 = VECTOR('',#10685,1.);
#10685 = DIRECTION('',(1.,0.,0.));
#10686 = ORIENTED_EDGE('',*,*,#9376,.F.);
#10687 = SURFACE_OF_LINEAR_EXTRUSION('',#10688,#10692);
#10688 = B_SPLINE_CURVE_WITH_KNOTS('',2,(#10689,#10690,#10691),
  .UNSPECIFIED.,.F.,.F.,(3,3),(0.,1.),.PIECEWISE_BEZIER_KNOTS.);
#10689 = CARTESIAN_POINT('',(-61.81,-29.91724136009,12.86));
#10690 = CARTESIAN_POINT('',(-61.81,-29.60895610891,11.73));
#10691 = CARTESIAN_POINT('',(-61.81,-31.2467006874,11.73));
#10692 = VECTOR('',#10693,1.);
#10693 = DIRECTION('',(-1.,-0.,-0.));
#10694 = ADVANCED_FACE('',(#10695),#10713,.T.);
#10695 = FACE_BOUND('',#10696,.T.);
#10696 = EDGE_LOOP('',(#10697,#10698,#10706,#10712));
#10697 = ORIENTED_EDGE('',*,*,#10648,.T.);
#10698 = ORIENTED_EDGE('',*,*,#10699,.T.);
#10699 = EDGE_CURVE('',#10649,#10700,#10702,.T.);
#10700 = VERTEX_POINT('',#10701);
#10701 = CARTESIAN_POINT('',(-61.31,-35.23099510964,13.35));
#10702 = B_SPLINE_CURVE_WITH_KNOTS('',2,(#10703,#10704,#10705),
  .UNSPECIFIED.,.F.,.F.,(3,3),(0.,1.),.PIECEWISE_BEZIER_KNOTS.);
#10703 = CARTESIAN_POINT('',(-61.31,-33.76998718668,14.33));
#10704 = CARTESIAN_POINT('',(-61.31,-35.49835753987,14.33));
#10705 = CARTESIAN_POINT('',(-61.31,-35.23099510964,13.35));
#10706 = ORIENTED_EDGE('',*,*,#10707,.F.);
#10707 = EDGE_CURVE('',#9401,#10700,#10708,.T.);
#10708 = LINE('',#10709,#10710);
#10709 = CARTESIAN_POINT('',(-61.81,-35.23099510964,13.35));
#10710 = VECTOR('',#10711,1.);
#10711 = DIRECTION('',(1.,0.,0.));
#10712 = ORIENTED_EDGE('',*,*,#9408,.F.);
#10713 = SURFACE_OF_LINEAR_EXTRUSION('',#10714,#10718);
#10714 = B_SPLINE_CURVE_WITH_KNOTS('',2,(#10715,#10716,#10717),
  .UNSPECIFIED.,.F.,.F.,(3,3),(0.,1.),.PIECEWISE_BEZIER_KNOTS.);
#10715 = CARTESIAN_POINT('',(-61.81,-33.76998718668,14.33));
#10716 = CARTESIAN_POINT('',(-61.81,-35.49835753987,14.33));
#10717 = CARTESIAN_POINT('',(-61.81,-35.23099510964,13.35));
#10718 = VECTOR('',#10719,1.);
#10719 = DIRECTION('',(-1.,-0.,-0.));
#10720 = ADVANCED_FACE('',(#10721),#10739,.F.);
#10721 = FACE_BOUND('',#10722,.F.);
#10722 = EDGE_LOOP('',(#10723,#10724,#10732,#10738));
#10723 = ORIENTED_EDGE('',*,*,#10681,.T.);
#10724 = ORIENTED_EDGE('',*,*,#10725,.T.);
#10725 = EDGE_CURVE('',#10674,#10726,#10728,.T.);
#10726 = VERTEX_POINT('',#10727);
#10727 = CARTESIAN_POINT('',(-61.31,-33.62809577758,11.73));
#10728 = LINE('',#10729,#10730);
#10729 = CARTESIAN_POINT('',(-61.31,-33.36895897719,11.73));
#10730 = VECTOR('',#10731,1.);
#10731 = DIRECTION('',(0.,-1.,0.));
#10732 = ORIENTED_EDGE('',*,*,#10733,.F.);
#10733 = EDGE_CURVE('',#9385,#10726,#10734,.T.);
#10734 = LINE('',#10735,#10736);
#10735 = CARTESIAN_POINT('',(-61.81,-33.62809577758,11.73));
#10736 = VECTOR('',#10737,1.);
#10737 = DIRECTION('',(1.,0.,0.));
#10738 = ORIENTED_EDGE('',*,*,#9384,.F.);
#10739 = PLANE('',#10740);
#10740 = AXIS2_PLACEMENT_3D('',#10741,#10742,#10743);
#10741 = CARTESIAN_POINT('',(-61.56,-32.43739823249,11.73));
#10742 = DIRECTION('',(-0.,-8.6E-16,-1.));
#10743 = DIRECTION('',(0.,-1.,8.6E-16));
#10744 = ADVANCED_FACE('',(#10745),#10763,.T.);
#10745 = FACE_BOUND('',#10746,.T.);
#10746 = EDGE_LOOP('',(#10747,#10748,#10756,#10762));
#10747 = ORIENTED_EDGE('',*,*,#10707,.T.);
#10748 = ORIENTED_EDGE('',*,*,#10749,.T.);
#10749 = EDGE_CURVE('',#10700,#10750,#10752,.T.);
#10750 = VERTEX_POINT('',#10751);
#10751 = CARTESIAN_POINT('',(-61.31,-35.04547832132,12.67));
#10752 = LINE('',#10753,#10754);
#10753 = CARTESIAN_POINT('',(-61.31,-35.23099510964,13.35));
#10754 = VECTOR('',#10755,1.);
#10755 = DIRECTION('',(-0.,0.263199597605,-0.964741401527));
#10756 = ORIENTED_EDGE('',*,*,#10757,.F.);
#10757 = EDGE_CURVE('',#9393,#10750,#10758,.T.);
#10758 = LINE('',#10759,#10760);
#10759 = CARTESIAN_POINT('',(-61.81,-35.04547832132,12.67));
#10760 = VECTOR('',#10761,1.);
#10761 = DIRECTION('',(1.,0.,0.));
#10762 = ORIENTED_EDGE('',*,*,#9400,.F.);
#10763 = PLANE('',#10764);
#10764 = AXIS2_PLACEMENT_3D('',#10765,#10766,#10767);
#10765 = CARTESIAN_POINT('',(-61.81,-35.23099510964,13.35));
#10766 = DIRECTION('',(0.,0.964741401527,0.263199597605));
#10767 = DIRECTION('',(0.,0.263199597605,-0.964741401527));
#10768 = ADVANCED_FACE('',(#10769),#10780,.F.);
#10769 = FACE_BOUND('',#10770,.F.);
#10770 = EDGE_LOOP('',(#10771,#10772,#10778,#10779));
#10771 = ORIENTED_EDGE('',*,*,#10733,.T.);
#10772 = ORIENTED_EDGE('',*,*,#10773,.T.);
#10773 = EDGE_CURVE('',#10726,#10750,#10774,.T.);
#10774 = B_SPLINE_CURVE_WITH_KNOTS('',2,(#10775,#10776,#10777),
  .UNSPECIFIED.,.F.,.F.,(3,3),(0.,1.),.PIECEWISE_BEZIER_KNOTS.);
#10775 = CARTESIAN_POINT('',(-61.31,-33.62809577758,11.73));
#10776 = CARTESIAN_POINT('',(-61.31,-34.78902864335,11.73));
#10777 = CARTESIAN_POINT('',(-61.31,-35.04547832132,12.67));
#10778 = ORIENTED_EDGE('',*,*,#10757,.F.);
#10779 = ORIENTED_EDGE('',*,*,#9392,.F.);
#10780 = SURFACE_OF_LINEAR_EXTRUSION('',#10781,#10785);
#10781 = B_SPLINE_CURVE_WITH_KNOTS('',2,(#10782,#10783,#10784),
  .UNSPECIFIED.,.F.,.F.,(3,3),(0.,1.),.PIECEWISE_BEZIER_KNOTS.);
#10782 = CARTESIAN_POINT('',(-61.81,-33.62809577758,11.73));
#10783 = CARTESIAN_POINT('',(-61.81,-34.78902864335,11.73));
#10784 = CARTESIAN_POINT('',(-61.81,-35.04547832132,12.67));
#10785 = VECTOR('',#10786,1.);
#10786 = DIRECTION('',(-1.,-0.,-0.));
#10787 = ADVANCED_FACE('',(#10788),#10813,.T.);
#10788 = FACE_BOUND('',#10789,.T.);
#10789 = EDGE_LOOP('',(#10790,#10798,#10806,#10812));
#10790 = ORIENTED_EDGE('',*,*,#10791,.T.);
#10791 = EDGE_CURVE('',#9425,#10792,#10794,.T.);
#10792 = VERTEX_POINT('',#10793);
#10793 = CARTESIAN_POINT('',(-61.31,-36.39091554622,15.17));
#10794 = LINE('',#10795,#10796);
#10795 = CARTESIAN_POINT('',(-61.81,-36.39091554622,15.17));
#10796 = VECTOR('',#10797,1.);
#10797 = DIRECTION('',(1.,0.,0.));
#10798 = ORIENTED_EDGE('',*,*,#10799,.T.);
#10799 = EDGE_CURVE('',#10792,#10800,#10802,.T.);
#10800 = VERTEX_POINT('',#10801);
#10801 = CARTESIAN_POINT('',(-61.31,-37.81091554622,15.17));
#10802 = LINE('',#10803,#10804);
#10803 = CARTESIAN_POINT('',(-61.31,-36.39091554622,15.17));
#10804 = VECTOR('',#10805,1.);
#10805 = DIRECTION('',(0.,-1.,0.));
#10806 = ORIENTED_EDGE('',*,*,#10807,.F.);
#10807 = EDGE_CURVE('',#9427,#10800,#10808,.T.);
#10808 = LINE('',#10809,#10810);
#10809 = CARTESIAN_POINT('',(-61.81,-37.81091554622,15.17));
#10810 = VECTOR('',#10811,1.);
#10811 = DIRECTION('',(1.,0.,0.));
#10812 = ORIENTED_EDGE('',*,*,#9424,.F.);
#10813 = PLANE('',#10814);
#10814 = AXIS2_PLACEMENT_3D('',#10815,#10816,#10817);
#10815 = CARTESIAN_POINT('',(-61.81,-36.39091554622,15.17));
#10816 = DIRECTION('',(0.,0.,-1.));
#10817 = DIRECTION('',(0.,-1.,0.));
#10818 = ADVANCED_FACE('',(#10819),#10837,.F.);
#10819 = FACE_BOUND('',#10820,.F.);
#10820 = EDGE_LOOP('',(#10821,#10822,#10830,#10836));
#10821 = ORIENTED_EDGE('',*,*,#10791,.T.);
#10822 = ORIENTED_EDGE('',*,*,#10823,.T.);
#10823 = EDGE_CURVE('',#10792,#10824,#10826,.T.);
#10824 = VERTEX_POINT('',#10825);
#10825 = CARTESIAN_POINT('',(-61.31,-35.45241885236,11.73));
#10826 = LINE('',#10827,#10828);
#10827 = CARTESIAN_POINT('',(-61.31,-36.39091554622,15.17));
#10828 = VECTOR('',#10829,1.);
#10829 = DIRECTION('',(-0.,0.263199597605,-0.964741401527));
#10830 = ORIENTED_EDGE('',*,*,#10831,.F.);
#10831 = EDGE_CURVE('',#9435,#10824,#10832,.T.);
#10832 = LINE('',#10833,#10834);
#10833 = CARTESIAN_POINT('',(-61.81,-35.45241885236,11.73));
#10834 = VECTOR('',#10835,1.);
#10835 = DIRECTION('',(1.,0.,0.));
#10836 = ORIENTED_EDGE('',*,*,#9434,.F.);
#10837 = PLANE('',#10838);
#10838 = AXIS2_PLACEMENT_3D('',#10839,#10840,#10841);
#10839 = CARTESIAN_POINT('',(-61.81,-36.39091554622,15.17));
#10840 = DIRECTION('',(0.,0.964741401527,0.263199597605));
#10841 = DIRECTION('',(0.,0.263199597605,-0.964741401527));
#10842 = ADVANCED_FACE('',(#10843),#10861,.T.);
#10843 = FACE_BOUND('',#10844,.T.);
#10844 = EDGE_LOOP('',(#10845,#10846,#10854,#10860));
#10845 = ORIENTED_EDGE('',*,*,#10807,.T.);
#10846 = ORIENTED_EDGE('',*,*,#10847,.T.);
#10847 = EDGE_CURVE('',#10800,#10848,#10850,.T.);
#10848 = VERTEX_POINT('',#10849);
#10849 = CARTESIAN_POINT('',(-61.31,-36.87241885236,11.73));
#10850 = LINE('',#10851,#10852);
#10851 = CARTESIAN_POINT('',(-61.31,-37.81091554622,15.17));
#10852 = VECTOR('',#10853,1.);
#10853 = DIRECTION('',(-0.,0.263199597605,-0.964741401527));
#10854 = ORIENTED_EDGE('',*,*,#10855,.F.);
#10855 = EDGE_CURVE('',#9443,#10848,#10856,.T.);
#10856 = LINE('',#10857,#10858);
#10857 = CARTESIAN_POINT('',(-61.81,-36.87241885236,11.73));
#10858 = VECTOR('',#10859,1.);
#10859 = DIRECTION('',(1.,0.,0.));
#10860 = ORIENTED_EDGE('',*,*,#9450,.F.);
#10861 = PLANE('',#10862);
#10862 = AXIS2_PLACEMENT_3D('',#10863,#10864,#10865);
#10863 = CARTESIAN_POINT('',(-61.81,-37.81091554622,15.17));
#10864 = DIRECTION('',(0.,0.964741401527,0.263199597605));
#10865 = DIRECTION('',(0.,0.263199597605,-0.964741401527));
#10866 = ADVANCED_FACE('',(#10867),#10878,.F.);
#10867 = FACE_BOUND('',#10868,.F.);
#10868 = EDGE_LOOP('',(#10869,#10870,#10876,#10877));
#10869 = ORIENTED_EDGE('',*,*,#10831,.T.);
#10870 = ORIENTED_EDGE('',*,*,#10871,.T.);
#10871 = EDGE_CURVE('',#10824,#10848,#10872,.T.);
#10872 = LINE('',#10873,#10874);
#10873 = CARTESIAN_POINT('',(-61.31,-35.45241885236,11.73));
#10874 = VECTOR('',#10875,1.);
#10875 = DIRECTION('',(0.,-1.,0.));
#10876 = ORIENTED_EDGE('',*,*,#10855,.F.);
#10877 = ORIENTED_EDGE('',*,*,#9442,.F.);
#10878 = PLANE('',#10879);
#10879 = AXIS2_PLACEMENT_3D('',#10880,#10881,#10882);
#10880 = CARTESIAN_POINT('',(-61.81,-35.45241885236,11.73));
#10881 = DIRECTION('',(0.,0.,-1.));
#10882 = DIRECTION('',(0.,-1.,0.));
#10883 = ADVANCED_FACE('',(#10884),#10909,.T.);
#10884 = FACE_BOUND('',#10885,.T.);
#10885 = EDGE_LOOP('',(#10886,#10894,#10902,#10908));
#10886 = ORIENTED_EDGE('',*,*,#10887,.T.);
#10887 = EDGE_CURVE('',#9459,#10888,#10890,.T.);
#10888 = VERTEX_POINT('',#10889);
#10889 = CARTESIAN_POINT('',(-61.31,-38.64015330748,15.17));
#10890 = LINE('',#10891,#10892);
#10891 = CARTESIAN_POINT('',(-61.81,-38.64015330748,15.17));
#10892 = VECTOR('',#10893,1.);
#10893 = DIRECTION('',(1.,0.,0.));
#10894 = ORIENTED_EDGE('',*,*,#10895,.T.);
#10895 = EDGE_CURVE('',#10888,#10896,#10898,.T.);
#10896 = VERTEX_POINT('',#10897);
#10897 = CARTESIAN_POINT('',(-61.31,-41.12015330748,15.17));
#10898 = LINE('',#10899,#10900);
#10899 = CARTESIAN_POINT('',(-61.31,-38.64015330748,15.17));
#10900 = VECTOR('',#10901,1.);
#10901 = DIRECTION('',(0.,-1.,0.));
#10902 = ORIENTED_EDGE('',*,*,#10903,.F.);
#10903 = EDGE_CURVE('',#9461,#10896,#10904,.T.);
#10904 = LINE('',#10905,#10906);
#10905 = CARTESIAN_POINT('',(-61.81,-41.12015330748,15.17));
#10906 = VECTOR('',#10907,1.);
#10907 = DIRECTION('',(1.,0.,0.));
#10908 = ORIENTED_EDGE('',*,*,#9458,.F.);
#10909 = PLANE('',#10910);
#10910 = AXIS2_PLACEMENT_3D('',#10911,#10912,#10913);
#10911 = CARTESIAN_POINT('',(-61.81,-38.64015330748,15.17));
#10912 = DIRECTION('',(0.,0.,-1.));
#10913 = DIRECTION('',(0.,-1.,0.));
#10914 = ADVANCED_FACE('',(#10915),#10933,.F.);
#10915 = FACE_BOUND('',#10916,.F.);
#10916 = EDGE_LOOP('',(#10917,#10918,#10926,#10932));
#10917 = ORIENTED_EDGE('',*,*,#10887,.T.);
#10918 = ORIENTED_EDGE('',*,*,#10919,.T.);
#10919 = EDGE_CURVE('',#10888,#10920,#10922,.T.);
#10920 = VERTEX_POINT('',#10921);
#10921 = CARTESIAN_POINT('',(-61.31,-37.70165661362,11.73));
#10922 = LINE('',#10923,#10924);
#10923 = CARTESIAN_POINT('',(-61.31,-38.64015330748,15.17));
#10924 = VECTOR('',#10925,1.);
#10925 = DIRECTION('',(-0.,0.263199597605,-0.964741401527));
#10926 = ORIENTED_EDGE('',*,*,#10927,.F.);
#10927 = EDGE_CURVE('',#9469,#10920,#10928,.T.);
#10928 = LINE('',#10929,#10930);
#10929 = CARTESIAN_POINT('',(-61.81,-37.70165661362,11.73));
#10930 = VECTOR('',#10931,1.);
#10931 = DIRECTION('',(1.,0.,0.));
#10932 = ORIENTED_EDGE('',*,*,#9468,.F.);
#10933 = PLANE('',#10934);
#10934 = AXIS2_PLACEMENT_3D('',#10935,#10936,#10937);
#10935 = CARTESIAN_POINT('',(-61.81,-38.64015330748,15.17));
#10936 = DIRECTION('',(0.,0.964741401527,0.263199597605));
#10937 = DIRECTION('',(0.,0.263199597605,-0.964741401527));
#10938 = ADVANCED_FACE('',(#10939),#10957,.T.);
#10939 = FACE_BOUND('',#10940,.T.);
#10940 = EDGE_LOOP('',(#10941,#10942,#10950,#10956));
#10941 = ORIENTED_EDGE('',*,*,#10903,.T.);
#10942 = ORIENTED_EDGE('',*,*,#10943,.T.);
#10943 = EDGE_CURVE('',#10896,#10944,#10946,.T.);
#10944 = VERTEX_POINT('',#10945);
#10945 = CARTESIAN_POINT('',(-61.31,-42.55326527411,14.125701758352));
#10946 = B_SPLINE_CURVE_WITH_KNOTS('',2,(#10947,#10948,#10949),
  .UNSPECIFIED.,.F.,.F.,(3,3),(0.,1.),.PIECEWISE_BEZIER_KNOTS.);
#10947 = CARTESIAN_POINT('',(-61.31,-41.12015330748,15.17));
#10948 = CARTESIAN_POINT('',(-61.31,-42.83816947387,15.17));
#10949 = CARTESIAN_POINT('',(-61.31,-42.55326527411,14.125701758352));
#10950 = ORIENTED_EDGE('',*,*,#10951,.F.);
#10951 = EDGE_CURVE('',#9493,#10944,#10952,.T.);
#10952 = LINE('',#10953,#10954);
#10953 = CARTESIAN_POINT('',(-61.81,-42.55326527411,14.125701758352));
#10954 = VECTOR('',#10955,1.);
#10955 = DIRECTION('',(1.,0.,0.));
#10956 = ORIENTED_EDGE('',*,*,#9500,.F.);
#10957 = SURFACE_OF_LINEAR_EXTRUSION('',#10958,#10962);
#10958 = B_SPLINE_CURVE_WITH_KNOTS('',2,(#10959,#10960,#10961),
  .UNSPECIFIED.,.F.,.F.,(3,3),(0.,1.),.PIECEWISE_BEZIER_KNOTS.);
#10959 = CARTESIAN_POINT('',(-61.81,-41.12015330748,15.17));
#10960 = CARTESIAN_POINT('',(-61.81,-42.83816947387,15.17));
#10961 = CARTESIAN_POINT('',(-61.81,-42.55326527411,14.125701758352));
#10962 = VECTOR('',#10963,1.);
#10963 = DIRECTION('',(-1.,-0.,-0.));
#10964 = ADVANCED_FACE('',(#10965),#10983,.F.);
#10965 = FACE_BOUND('',#10966,.F.);
#10966 = EDGE_LOOP('',(#10967,#10968,#10976,#10982));
#10967 = ORIENTED_EDGE('',*,*,#10927,.T.);
#10968 = ORIENTED_EDGE('',*,*,#10969,.T.);
#10969 = EDGE_CURVE('',#10920,#10970,#10972,.T.);
#10970 = VERTEX_POINT('',#10971);
#10971 = CARTESIAN_POINT('',(-61.31,-40.82165661362,11.73));
#10972 = LINE('',#10973,#10974);
#10973 = CARTESIAN_POINT('',(-61.31,-37.70165661362,11.73));
#10974 = VECTOR('',#10975,1.);
#10975 = DIRECTION('',(0.,-1.,0.));
#10976 = ORIENTED_EDGE('',*,*,#10977,.F.);
#10977 = EDGE_CURVE('',#9477,#10970,#10978,.T.);
#10978 = LINE('',#10979,#10980);
#10979 = CARTESIAN_POINT('',(-61.81,-40.82165661362,11.73));
#10980 = VECTOR('',#10981,1.);
#10981 = DIRECTION('',(1.,0.,0.));
#10982 = ORIENTED_EDGE('',*,*,#9476,.F.);
#10983 = PLANE('',#10984);
#10984 = AXIS2_PLACEMENT_3D('',#10985,#10986,#10987);
#10985 = CARTESIAN_POINT('',(-61.81,-37.70165661362,11.73));
#10986 = DIRECTION('',(0.,0.,-1.));
#10987 = DIRECTION('',(0.,-1.,0.));
#10988 = ADVANCED_FACE('',(#10989),#11007,.T.);
#10989 = FACE_BOUND('',#10990,.T.);
#10990 = EDGE_LOOP('',(#10991,#10992,#11000,#11006));
#10991 = ORIENTED_EDGE('',*,*,#10951,.T.);
#10992 = ORIENTED_EDGE('',*,*,#10993,.T.);
#10993 = EDGE_CURVE('',#10944,#10994,#10996,.T.);
#10994 = VERTEX_POINT('',#10995);
#10995 = CARTESIAN_POINT('',(-61.31,-42.1479378938,12.64));
#10996 = LINE('',#10997,#10998);
#10997 = CARTESIAN_POINT('',(-61.31,-42.55326527411,14.125701758352));
#10998 = VECTOR('',#10999,1.);
#10999 = DIRECTION('',(-0.,0.263199597605,-0.964741401527));
#11000 = ORIENTED_EDGE('',*,*,#11001,.F.);
#11001 = EDGE_CURVE('',#9485,#10994,#11002,.T.);
#11002 = LINE('',#11003,#11004);
#11003 = CARTESIAN_POINT('',(-61.81,-42.1479378938,12.64));
#11004 = VECTOR('',#11005,1.);
#11005 = DIRECTION('',(1.,0.,0.));
#11006 = ORIENTED_EDGE('',*,*,#9492,.F.);
#11007 = PLANE('',#11008);
#11008 = AXIS2_PLACEMENT_3D('',#11009,#11010,#11011);
#11009 = CARTESIAN_POINT('',(-61.81,-42.55326527411,14.125701758352));
#11010 = DIRECTION('',(0.,0.964741401527,0.263199597605));
#11011 = DIRECTION('',(0.,0.263199597605,-0.964741401527));
#11012 = ADVANCED_FACE('',(#11013),#11024,.F.);
#11013 = FACE_BOUND('',#11014,.F.);
#11014 = EDGE_LOOP('',(#11015,#11016,#11022,#11023));
#11015 = ORIENTED_EDGE('',*,*,#10977,.T.);
#11016 = ORIENTED_EDGE('',*,*,#11017,.T.);
#11017 = EDGE_CURVE('',#10970,#10994,#11018,.T.);
#11018 = B_SPLINE_CURVE_WITH_KNOTS('',2,(#11019,#11020,#11021),
  .UNSPECIFIED.,.F.,.F.,(3,3),(0.,1.),.PIECEWISE_BEZIER_KNOTS.);
#11019 = CARTESIAN_POINT('',(-61.31,-40.82165661362,11.73));
#11020 = CARTESIAN_POINT('',(-61.31,-41.89967278002,11.73));
#11021 = CARTESIAN_POINT('',(-61.31,-42.1479378938,12.64));
#11022 = ORIENTED_EDGE('',*,*,#11001,.F.);
#11023 = ORIENTED_EDGE('',*,*,#9484,.F.);
#11024 = SURFACE_OF_LINEAR_EXTRUSION('',#11025,#11029);
#11025 = B_SPLINE_CURVE_WITH_KNOTS('',2,(#11026,#11027,#11028),
  .UNSPECIFIED.,.F.,.F.,(3,3),(0.,1.),.PIECEWISE_BEZIER_KNOTS.);
#11026 = CARTESIAN_POINT('',(-61.81,-40.82165661362,11.73));
#11027 = CARTESIAN_POINT('',(-61.81,-41.89967278002,11.73));
#11028 = CARTESIAN_POINT('',(-61.81,-42.1479378938,12.64));
#11029 = VECTOR('',#11030,1.);
#11030 = DIRECTION('',(-1.,-0.,-0.));
#11031 = ADVANCED_FACE('',(#11032),#11057,.T.);
#11032 = FACE_BOUND('',#11033,.T.);
#11033 = EDGE_LOOP('',(#11034,#11042,#11050,#11056));
#11034 = ORIENTED_EDGE('',*,*,#11035,.T.);
#11035 = EDGE_CURVE('',#9509,#11036,#11038,.T.);
#11036 = VERTEX_POINT('',#11037);
#11037 = CARTESIAN_POINT('',(-61.31,-43.44973232281,15.17));
#11038 = LINE('',#11039,#11040);
#11039 = CARTESIAN_POINT('',(-61.81,-43.44973232281,15.17));
#11040 = VECTOR('',#11041,1.);
#11041 = DIRECTION('',(1.,0.,0.));
#11042 = ORIENTED_EDGE('',*,*,#11043,.T.);
#11043 = EDGE_CURVE('',#11036,#11044,#11046,.T.);
#11044 = VERTEX_POINT('',#11045);
#11045 = CARTESIAN_POINT('',(-61.31,-47.39,15.17));
#11046 = LINE('',#11047,#11048);
#11047 = CARTESIAN_POINT('',(-61.31,-43.44973232281,15.17));
#11048 = VECTOR('',#11049,1.);
#11049 = DIRECTION('',(0.,-1.,0.));
#11050 = ORIENTED_EDGE('',*,*,#11051,.F.);
#11051 = EDGE_CURVE('',#9511,#11044,#11052,.T.);
#11052 = LINE('',#11053,#11054);
#11053 = CARTESIAN_POINT('',(-61.81,-47.39,15.17));
#11054 = VECTOR('',#11055,1.);
#11055 = DIRECTION('',(1.,0.,0.));
#11056 = ORIENTED_EDGE('',*,*,#9508,.F.);
#11057 = PLANE('',#11058);
#11058 = AXIS2_PLACEMENT_3D('',#11059,#11060,#11061);
#11059 = CARTESIAN_POINT('',(-61.81,-43.44973232281,15.17));
#11060 = DIRECTION('',(0.,0.,-1.));
#11061 = DIRECTION('',(0.,-1.,0.));
#11062 = ADVANCED_FACE('',(#11063),#11081,.F.);
#11063 = FACE_BOUND('',#11064,.F.);
#11064 = EDGE_LOOP('',(#11065,#11066,#11074,#11080));
#11065 = ORIENTED_EDGE('',*,*,#11035,.T.);
#11066 = ORIENTED_EDGE('',*,*,#11067,.T.);
#11067 = EDGE_CURVE('',#11036,#11068,#11070,.T.);
#11068 = VERTEX_POINT('',#11069);
#11069 = CARTESIAN_POINT('',(-61.31,-43.04323230134,13.68));
#11070 = LINE('',#11071,#11072);
#11071 = CARTESIAN_POINT('',(-61.31,-43.44973232281,15.17));
#11072 = VECTOR('',#11073,1.);
#11073 = DIRECTION('',(-0.,0.263199597605,-0.964741401527));
#11074 = ORIENTED_EDGE('',*,*,#11075,.F.);
#11075 = EDGE_CURVE('',#9519,#11068,#11076,.T.);
#11076 = LINE('',#11077,#11078);
#11077 = CARTESIAN_POINT('',(-61.81,-43.04323230134,13.68));
#11078 = VECTOR('',#11079,1.);
#11079 = DIRECTION('',(1.,0.,0.));
#11080 = ORIENTED_EDGE('',*,*,#9518,.F.);
#11081 = PLANE('',#11082);
#11082 = AXIS2_PLACEMENT_3D('',#11083,#11084,#11085);
#11083 = CARTESIAN_POINT('',(-61.81,-43.44973232281,15.17));
#11084 = DIRECTION('',(0.,0.964741401527,0.263199597605));
#11085 = DIRECTION('',(0.,0.263199597605,-0.964741401527));
#11086 = ADVANCED_FACE('',(#11087),#11105,.T.);
#11087 = FACE_BOUND('',#11088,.T.);
#11088 = EDGE_LOOP('',(#11089,#11090,#11098,#11104));
#11089 = ORIENTED_EDGE('',*,*,#11051,.T.);
#11090 = ORIENTED_EDGE('',*,*,#11091,.T.);
#11091 = EDGE_CURVE('',#11044,#11092,#11094,.T.);
#11092 = VERTEX_POINT('',#11093);
#11093 = CARTESIAN_POINT('',(-61.31,-47.26450334907,14.71));
#11094 = LINE('',#11095,#11096);
#11095 = CARTESIAN_POINT('',(-61.31,-47.39,15.17));
#11096 = VECTOR('',#11097,1.);
#11097 = DIRECTION('',(-0.,0.263199597605,-0.964741401527));
#11098 = ORIENTED_EDGE('',*,*,#11099,.F.);
#11099 = EDGE_CURVE('',#9623,#11092,#11100,.T.);
#11100 = LINE('',#11101,#11102);
#11101 = CARTESIAN_POINT('',(-61.81,-47.26450334907,14.71));
#11102 = VECTOR('',#11103,1.);
#11103 = DIRECTION('',(1.,0.,0.));
#11104 = ORIENTED_EDGE('',*,*,#9630,.F.);
#11105 = PLANE('',#11106);
#11106 = AXIS2_PLACEMENT_3D('',#11107,#11108,#11109);
#11107 = CARTESIAN_POINT('',(-61.81,-47.39,15.17));
#11108 = DIRECTION('',(0.,0.964741401527,0.263199597605));
#11109 = DIRECTION('',(0.,0.263199597605,-0.964741401527));
#11110 = ADVANCED_FACE('',(#11111),#11129,.T.);
#11111 = FACE_BOUND('',#11112,.T.);
#11112 = EDGE_LOOP('',(#11113,#11121,#11127,#11128));
#11113 = ORIENTED_EDGE('',*,*,#11114,.T.);
#11114 = EDGE_CURVE('',#9527,#11115,#11117,.T.);
#11115 = VERTEX_POINT('',#11116);
#11116 = CARTESIAN_POINT('',(-61.31,-42.72323230134,13.68));
#11117 = LINE('',#11118,#11119);
#11118 = CARTESIAN_POINT('',(-61.81,-42.72323230134,13.68));
#11119 = VECTOR('',#11120,1.);
#11120 = DIRECTION('',(1.,0.,0.));
#11121 = ORIENTED_EDGE('',*,*,#11122,.T.);
#11122 = EDGE_CURVE('',#11115,#11068,#11123,.T.);
#11123 = LINE('',#11124,#11125);
#11124 = CARTESIAN_POINT('',(-61.31,-42.72323230134,13.68));
#11125 = VECTOR('',#11126,1.);
#11126 = DIRECTION('',(0.,-1.,0.));
#11127 = ORIENTED_EDGE('',*,*,#11075,.F.);
#11128 = ORIENTED_EDGE('',*,*,#9526,.F.);
#11129 = PLANE('',#11130);
#11130 = AXIS2_PLACEMENT_3D('',#11131,#11132,#11133);
#11131 = CARTESIAN_POINT('',(-61.81,-42.72323230134,13.68));
#11132 = DIRECTION('',(0.,0.,-1.));
#11133 = DIRECTION('',(0.,-1.,0.));
#11134 = ADVANCED_FACE('',(#11135),#11153,.F.);
#11135 = FACE_BOUND('',#11136,.F.);
#11136 = EDGE_LOOP('',(#11137,#11145,#11151,#11152));
#11137 = ORIENTED_EDGE('',*,*,#11138,.T.);
#11138 = EDGE_CURVE('',#9615,#11139,#11141,.T.);
#11139 = VERTEX_POINT('',#11140);
#11140 = CARTESIAN_POINT('',(-61.31,-44.75467081006,14.71));
#11141 = LINE('',#11142,#11143);
#11142 = CARTESIAN_POINT('',(-61.81,-44.75467081006,14.71));
#11143 = VECTOR('',#11144,1.);
#11144 = DIRECTION('',(1.,0.,0.));
#11145 = ORIENTED_EDGE('',*,*,#11146,.T.);
#11146 = EDGE_CURVE('',#11139,#11092,#11147,.T.);
#11147 = LINE('',#11148,#11149);
#11148 = CARTESIAN_POINT('',(-61.31,-44.75467081006,14.71));
#11149 = VECTOR('',#11150,1.);
#11150 = DIRECTION('',(0.,-1.,-1.345E-14));
#11151 = ORIENTED_EDGE('',*,*,#11099,.F.);
#11152 = ORIENTED_EDGE('',*,*,#9622,.F.);
#11153 = PLANE('',#11154);
#11154 = AXIS2_PLACEMENT_3D('',#11155,#11156,#11157);
#11155 = CARTESIAN_POINT('',(-61.81,-44.75467081006,14.71));
#11156 = DIRECTION('',(0.,1.345E-14,-1.));
#11157 = DIRECTION('',(0.,-1.,-1.345E-14));
#11158 = ADVANCED_FACE('',(#11159),#11177,.F.);
#11159 = FACE_BOUND('',#11160,.F.);
#11160 = EDGE_LOOP('',(#11161,#11162,#11170,#11176));
#11161 = ORIENTED_EDGE('',*,*,#11114,.T.);
#11162 = ORIENTED_EDGE('',*,*,#11163,.T.);
#11163 = EDGE_CURVE('',#11115,#11164,#11166,.T.);
#11164 = VERTEX_POINT('',#11165);
#11165 = CARTESIAN_POINT('',(-61.31,-42.59773565042,13.22));
#11166 = LINE('',#11167,#11168);
#11167 = CARTESIAN_POINT('',(-61.31,-42.72323230134,13.68));
#11168 = VECTOR('',#11169,1.);
#11169 = DIRECTION('',(-0.,0.263199597605,-0.964741401527));
#11170 = ORIENTED_EDGE('',*,*,#11171,.F.);
#11171 = EDGE_CURVE('',#9535,#11164,#11172,.T.);
#11172 = LINE('',#11173,#11174);
#11173 = CARTESIAN_POINT('',(-61.81,-42.59773565042,13.22));
#11174 = VECTOR('',#11175,1.);
#11175 = DIRECTION('',(1.,0.,0.));
#11176 = ORIENTED_EDGE('',*,*,#9534,.F.);
#11177 = PLANE('',#11178);
#11178 = AXIS2_PLACEMENT_3D('',#11179,#11180,#11181);
#11179 = CARTESIAN_POINT('',(-61.81,-42.72323230134,13.68));
#11180 = DIRECTION('',(0.,0.964741401527,0.263199597605));
#11181 = DIRECTION('',(0.,0.263199597605,-0.964741401527));
#11182 = ADVANCED_FACE('',(#11183),#11201,.T.);
#11183 = FACE_BOUND('',#11184,.T.);
#11184 = EDGE_LOOP('',(#11185,#11186,#11194,#11200));
#11185 = ORIENTED_EDGE('',*,*,#11138,.T.);
#11186 = ORIENTED_EDGE('',*,*,#11187,.T.);
#11187 = EDGE_CURVE('',#11139,#11188,#11190,.T.);
#11188 = VERTEX_POINT('',#11189);
#11189 = CARTESIAN_POINT('',(-61.31,-44.47366743952,13.68));
#11190 = LINE('',#11191,#11192);
#11191 = CARTESIAN_POINT('',(-61.31,-44.75467081006,14.71));
#11192 = VECTOR('',#11193,1.);
#11193 = DIRECTION('',(-0.,0.263199597605,-0.964741401527));
#11194 = ORIENTED_EDGE('',*,*,#11195,.F.);
#11195 = EDGE_CURVE('',#9607,#11188,#11196,.T.);
#11196 = LINE('',#11197,#11198);
#11197 = CARTESIAN_POINT('',(-61.81,-44.47366743952,13.68));
#11198 = VECTOR('',#11199,1.);
#11199 = DIRECTION('',(1.,0.,0.));
#11200 = ORIENTED_EDGE('',*,*,#9614,.F.);
#11201 = PLANE('',#11202);
#11202 = AXIS2_PLACEMENT_3D('',#11203,#11204,#11205);
#11203 = CARTESIAN_POINT('',(-61.81,-44.75467081006,14.71));
#11204 = DIRECTION('',(0.,0.964741401527,0.263199597605));
#11205 = DIRECTION('',(0.,0.263199597605,-0.964741401527));
#11206 = ADVANCED_FACE('',(#11207),#11225,.F.);
#11207 = FACE_BOUND('',#11208,.F.);
#11208 = EDGE_LOOP('',(#11209,#11210,#11218,#11224));
#11209 = ORIENTED_EDGE('',*,*,#11171,.T.);
#11210 = ORIENTED_EDGE('',*,*,#11211,.T.);
#11211 = EDGE_CURVE('',#11164,#11212,#11214,.T.);
#11212 = VERTEX_POINT('',#11213);
#11213 = CARTESIAN_POINT('',(-61.31,-42.91773565042,13.22));
#11214 = LINE('',#11215,#11216);
#11215 = CARTESIAN_POINT('',(-61.31,-42.59773565042,13.22));
#11216 = VECTOR('',#11217,1.);
#11217 = DIRECTION('',(0.,-1.,1.11E-14));
#11218 = ORIENTED_EDGE('',*,*,#11219,.F.);
#11219 = EDGE_CURVE('',#9543,#11212,#11220,.T.);
#11220 = LINE('',#11221,#11222);
#11221 = CARTESIAN_POINT('',(-61.81,-42.91773565042,13.22));
#11222 = VECTOR('',#11223,1.);
#11223 = DIRECTION('',(1.,0.,0.));
#11224 = ORIENTED_EDGE('',*,*,#9542,.F.);
#11225 = PLANE('',#11226);
#11226 = AXIS2_PLACEMENT_3D('',#11227,#11228,#11229);
#11227 = CARTESIAN_POINT('',(-61.81,-42.59773565042,13.22));
#11228 = DIRECTION('',(0.,-1.11E-14,-1.));
#11229 = DIRECTION('',(0.,-1.,1.11E-14));
#11230 = ADVANCED_FACE('',(#11231),#11249,.T.);
#11231 = FACE_BOUND('',#11232,.T.);
#11232 = EDGE_LOOP('',(#11233,#11234,#11242,#11248));
#11233 = ORIENTED_EDGE('',*,*,#11195,.T.);
#11234 = ORIENTED_EDGE('',*,*,#11235,.T.);
#11235 = EDGE_CURVE('',#11188,#11236,#11238,.T.);
#11236 = VERTEX_POINT('',#11237);
#11237 = CARTESIAN_POINT('',(-61.31,-45.62366743952,13.68));
#11238 = LINE('',#11239,#11240);
#11239 = CARTESIAN_POINT('',(-61.31,-44.47366743952,13.68));
#11240 = VECTOR('',#11241,1.);
#11241 = DIRECTION('',(0.,-1.,-1.54E-15));
#11242 = ORIENTED_EDGE('',*,*,#11243,.F.);
#11243 = EDGE_CURVE('',#9599,#11236,#11244,.T.);
#11244 = LINE('',#11245,#11246);
#11245 = CARTESIAN_POINT('',(-61.81,-45.62366743952,13.68));
#11246 = VECTOR('',#11247,1.);
#11247 = DIRECTION('',(1.,0.,0.));
#11248 = ORIENTED_EDGE('',*,*,#9606,.F.);
#11249 = PLANE('',#11250);
#11250 = AXIS2_PLACEMENT_3D('',#11251,#11252,#11253);
#11251 = CARTESIAN_POINT('',(-61.81,-44.47366743952,13.68));
#11252 = DIRECTION('',(0.,1.54E-15,-1.));
#11253 = DIRECTION('',(0.,-1.,-1.54E-15));
#11254 = ADVANCED_FACE('',(#11255),#11273,.F.);
#11255 = FACE_BOUND('',#11256,.F.);
#11256 = EDGE_LOOP('',(#11257,#11258,#11266,#11272));
#11257 = ORIENTED_EDGE('',*,*,#11219,.T.);
#11258 = ORIENTED_EDGE('',*,*,#11259,.T.);
#11259 = EDGE_CURVE('',#11212,#11260,#11262,.T.);
#11260 = VERTEX_POINT('',#11261);
#11261 = CARTESIAN_POINT('',(-61.31,-42.51123562895,11.73));
#11262 = LINE('',#11263,#11264);
#11263 = CARTESIAN_POINT('',(-61.31,-42.91773565042,13.22));
#11264 = VECTOR('',#11265,1.);
#11265 = DIRECTION('',(-0.,0.263199597605,-0.964741401527));
#11266 = ORIENTED_EDGE('',*,*,#11267,.F.);
#11267 = EDGE_CURVE('',#9551,#11260,#11268,.T.);
#11268 = LINE('',#11269,#11270);
#11269 = CARTESIAN_POINT('',(-61.81,-42.51123562895,11.73));
#11270 = VECTOR('',#11271,1.);
#11271 = DIRECTION('',(1.,0.,0.));
#11272 = ORIENTED_EDGE('',*,*,#9550,.F.);
#11273 = PLANE('',#11274);
#11274 = AXIS2_PLACEMENT_3D('',#11275,#11276,#11277);
#11275 = CARTESIAN_POINT('',(-61.81,-42.91773565042,13.22));
#11276 = DIRECTION('',(0.,0.964741401527,0.263199597605));
#11277 = DIRECTION('',(0.,0.263199597605,-0.964741401527));
#11278 = ADVANCED_FACE('',(#11279),#11297,.T.);
#11279 = FACE_BOUND('',#11280,.T.);
#11280 = EDGE_LOOP('',(#11281,#11282,#11290,#11296));
#11281 = ORIENTED_EDGE('',*,*,#11243,.T.);
#11282 = ORIENTED_EDGE('',*,*,#11283,.T.);
#11283 = EDGE_CURVE('',#11236,#11284,#11286,.T.);
#11284 = VERTEX_POINT('',#11285);
#11285 = CARTESIAN_POINT('',(-61.31,-45.49817078859,13.22));
#11286 = LINE('',#11287,#11288);
#11287 = CARTESIAN_POINT('',(-61.31,-45.62366743952,13.68));
#11288 = VECTOR('',#11289,1.);
#11289 = DIRECTION('',(-0.,0.263199597605,-0.964741401527));
#11290 = ORIENTED_EDGE('',*,*,#11291,.F.);
#11291 = EDGE_CURVE('',#9591,#11284,#11292,.T.);
#11292 = LINE('',#11293,#11294);
#11293 = CARTESIAN_POINT('',(-61.81,-45.49817078859,13.22));
#11294 = VECTOR('',#11295,1.);
#11295 = DIRECTION('',(1.,0.,0.));
#11296 = ORIENTED_EDGE('',*,*,#9598,.F.);
#11297 = PLANE('',#11298);
#11298 = AXIS2_PLACEMENT_3D('',#11299,#11300,#11301);
#11299 = CARTESIAN_POINT('',(-61.81,-45.62366743952,13.68));
#11300 = DIRECTION('',(0.,0.964741401527,0.263199597605));
#11301 = DIRECTION('',(0.,0.263199597605,-0.964741401527));
#11302 = ADVANCED_FACE('',(#11303),#11321,.F.);
#11303 = FACE_BOUND('',#11304,.F.);
#11304 = EDGE_LOOP('',(#11305,#11306,#11314,#11320));
#11305 = ORIENTED_EDGE('',*,*,#11267,.T.);
#11306 = ORIENTED_EDGE('',*,*,#11307,.T.);
#11307 = EDGE_CURVE('',#11260,#11308,#11310,.T.);
#11308 = VERTEX_POINT('',#11309);
#11309 = CARTESIAN_POINT('',(-61.31,-46.45150330614,11.73));
#11310 = LINE('',#11311,#11312);
#11311 = CARTESIAN_POINT('',(-61.31,-42.51123562895,11.73));
#11312 = VECTOR('',#11313,1.);
#11313 = DIRECTION('',(0.,-1.,4.5E-16));
#11314 = ORIENTED_EDGE('',*,*,#11315,.F.);
#11315 = EDGE_CURVE('',#9559,#11308,#11316,.T.);
#11316 = LINE('',#11317,#11318);
#11317 = CARTESIAN_POINT('',(-61.81,-46.45150330614,11.73));
#11318 = VECTOR('',#11319,1.);
#11319 = DIRECTION('',(1.,0.,0.));
#11320 = ORIENTED_EDGE('',*,*,#9558,.F.);
#11321 = PLANE('',#11322);
#11322 = AXIS2_PLACEMENT_3D('',#11323,#11324,#11325);
#11323 = CARTESIAN_POINT('',(-61.81,-42.51123562895,11.73));
#11324 = DIRECTION('',(0.,-4.5E-16,-1.));
#11325 = DIRECTION('',(0.,-1.,4.5E-16));
#11326 = ADVANCED_FACE('',(#11327),#11345,.F.);
#11327 = FACE_BOUND('',#11328,.F.);
#11328 = EDGE_LOOP('',(#11329,#11337,#11343,#11344));
#11329 = ORIENTED_EDGE('',*,*,#11330,.T.);
#11330 = EDGE_CURVE('',#9583,#11331,#11333,.T.);
#11331 = VERTEX_POINT('',#11332);
#11332 = CARTESIAN_POINT('',(-61.31,-44.34817078859,13.22));
#11333 = LINE('',#11334,#11335);
#11334 = CARTESIAN_POINT('',(-61.81,-44.34817078859,13.22));
#11335 = VECTOR('',#11336,1.);
#11336 = DIRECTION('',(1.,0.,0.));
#11337 = ORIENTED_EDGE('',*,*,#11338,.T.);
#11338 = EDGE_CURVE('',#11331,#11284,#11339,.T.);
#11339 = LINE('',#11340,#11341);
#11340 = CARTESIAN_POINT('',(-61.31,-44.34817078859,13.22));
#11341 = VECTOR('',#11342,1.);
#11342 = DIRECTION('',(0.,-1.,1.081E-14));
#11343 = ORIENTED_EDGE('',*,*,#11291,.F.);
#11344 = ORIENTED_EDGE('',*,*,#9590,.F.);
#11345 = PLANE('',#11346);
#11346 = AXIS2_PLACEMENT_3D('',#11347,#11348,#11349);
#11347 = CARTESIAN_POINT('',(-61.81,-44.34817078859,13.22));
#11348 = DIRECTION('',(0.,-1.081E-14,-1.));
#11349 = DIRECTION('',(0.,-1.,1.081E-14));
#11350 = ADVANCED_FACE('',(#11351),#11369,.T.);
#11351 = FACE_BOUND('',#11352,.T.);
#11352 = EDGE_LOOP('',(#11353,#11361,#11367,#11368));
#11353 = ORIENTED_EDGE('',*,*,#11354,.T.);
#11354 = EDGE_CURVE('',#9567,#11355,#11357,.T.);
#11355 = VERTEX_POINT('',#11356);
#11356 = CARTESIAN_POINT('',(-61.31,-46.57972814512,12.2));
#11357 = LINE('',#11358,#11359);
#11358 = CARTESIAN_POINT('',(-61.81,-46.57972814512,12.2));
#11359 = VECTOR('',#11360,1.);
#11360 = DIRECTION('',(1.,0.,0.));
#11361 = ORIENTED_EDGE('',*,*,#11362,.T.);
#11362 = EDGE_CURVE('',#11355,#11308,#11363,.T.);
#11363 = LINE('',#11364,#11365);
#11364 = CARTESIAN_POINT('',(-61.31,-46.57972814512,12.2));
#11365 = VECTOR('',#11366,1.);
#11366 = DIRECTION('',(-0.,0.263199597605,-0.964741401527));
#11367 = ORIENTED_EDGE('',*,*,#11315,.F.);
#11368 = ORIENTED_EDGE('',*,*,#9566,.F.);
#11369 = PLANE('',#11370);
#11370 = AXIS2_PLACEMENT_3D('',#11371,#11372,#11373);
#11371 = CARTESIAN_POINT('',(-61.81,-46.57972814512,12.2));
#11372 = DIRECTION('',(0.,0.964741401527,0.263199597605));
#11373 = DIRECTION('',(0.,0.263199597605,-0.964741401527));
#11374 = ADVANCED_FACE('',(#11375),#11393,.T.);
#11375 = FACE_BOUND('',#11376,.T.);
#11376 = EDGE_LOOP('',(#11377,#11378,#11386,#11392));
#11377 = ORIENTED_EDGE('',*,*,#11330,.T.);
#11378 = ORIENTED_EDGE('',*,*,#11379,.T.);
#11379 = EDGE_CURVE('',#11331,#11380,#11382,.T.);
#11380 = VERTEX_POINT('',#11381);
#11381 = CARTESIAN_POINT('',(-61.31,-44.06989560611,12.2));
#11382 = LINE('',#11383,#11384);
#11383 = CARTESIAN_POINT('',(-61.31,-44.34817078859,13.22));
#11384 = VECTOR('',#11385,1.);
#11385 = DIRECTION('',(-0.,0.263199597605,-0.964741401527));
#11386 = ORIENTED_EDGE('',*,*,#11387,.F.);
#11387 = EDGE_CURVE('',#9575,#11380,#11388,.T.);
#11388 = LINE('',#11389,#11390);
#11389 = CARTESIAN_POINT('',(-61.81,-44.06989560611,12.2));
#11390 = VECTOR('',#11391,1.);
#11391 = DIRECTION('',(1.,0.,0.));
#11392 = ORIENTED_EDGE('',*,*,#9582,.F.);
#11393 = PLANE('',#11394);
#11394 = AXIS2_PLACEMENT_3D('',#11395,#11396,#11397);
#11395 = CARTESIAN_POINT('',(-61.81,-44.34817078859,13.22));
#11396 = DIRECTION('',(0.,0.964741401527,0.263199597605));
#11397 = DIRECTION('',(0.,0.263199597605,-0.964741401527));
#11398 = ADVANCED_FACE('',(#11399),#11410,.T.);
#11399 = FACE_BOUND('',#11400,.T.);
#11400 = EDGE_LOOP('',(#11401,#11402,#11408,#11409));
#11401 = ORIENTED_EDGE('',*,*,#11387,.T.);
#11402 = ORIENTED_EDGE('',*,*,#11403,.T.);
#11403 = EDGE_CURVE('',#11380,#11355,#11404,.T.);
#11404 = LINE('',#11405,#11406);
#11405 = CARTESIAN_POINT('',(-61.31,-44.06989560611,12.2));
#11406 = VECTOR('',#11407,1.);
#11407 = DIRECTION('',(0.,-1.,7.1E-16));
#11408 = ORIENTED_EDGE('',*,*,#11354,.F.);
#11409 = ORIENTED_EDGE('',*,*,#9574,.F.);
#11410 = PLANE('',#11411);
#11411 = AXIS2_PLACEMENT_3D('',#11412,#11413,#11414);
#11412 = CARTESIAN_POINT('',(-61.81,-44.06989560611,12.2));
#11413 = DIRECTION('',(0.,-7.1E-16,-1.));
#11414 = DIRECTION('',(0.,-1.,7.1E-16));
#11415 = ADVANCED_FACE('',(#11416,#11422),#11449,.F.);
#11416 = FACE_BOUND('',#11417,.F.);
#11417 = EDGE_LOOP('',(#11418,#11419,#11420,#11421));
#11418 = ORIENTED_EDGE('',*,*,#9743,.F.);
#11419 = ORIENTED_EDGE('',*,*,#9670,.T.);
#11420 = ORIENTED_EDGE('',*,*,#9701,.F.);
#11421 = ORIENTED_EDGE('',*,*,#9726,.F.);
#11422 = FACE_BOUND('',#11423,.F.);
#11423 = EDGE_LOOP('',(#11424,#11425,#11434,#11442));
#11424 = ORIENTED_EDGE('',*,*,#8907,.F.);
#11425 = ORIENTED_EDGE('',*,*,#11426,.T.);
#11426 = EDGE_CURVE('',#8900,#11427,#11429,.T.);
#11427 = VERTEX_POINT('',#11428);
#11428 = CARTESIAN_POINT('',(-61.31,-41.69997459994,8.075028242472));
#11429 = CIRCLE('',#11430,4.);
#11430 = AXIS2_PLACEMENT_3D('',#11431,#11432,#11433);
#11431 = CARTESIAN_POINT('',(-61.31,-41.69997459994,4.075028242472));
#11432 = DIRECTION('',(-1.,0.,0.));
#11433 = DIRECTION('',(0.,-1.,0.));
#11434 = ORIENTED_EDGE('',*,*,#11435,.T.);
#11435 = EDGE_CURVE('',#11427,#11436,#11438,.T.);
#11436 = VERTEX_POINT('',#11437);
#11437 = CARTESIAN_POINT('',(-61.31,-15.69997459994,8.075028242472));
#11438 = LINE('',#11439,#11440);
#11439 = CARTESIAN_POINT('',(-61.31,-37.35980228799,8.075028242472));
#11440 = VECTOR('',#11441,1.);
#11441 = DIRECTION('',(0.,1.,0.));
#11442 = ORIENTED_EDGE('',*,*,#11443,.T.);
#11443 = EDGE_CURVE('',#11436,#8908,#11444,.T.);
#11444 = CIRCLE('',#11445,4.);
#11445 = AXIS2_PLACEMENT_3D('',#11446,#11447,#11448);
#11446 = CARTESIAN_POINT('',(-61.31,-15.69997459994,4.075028242472));
#11447 = DIRECTION('',(-1.,0.,0.));
#11448 = DIRECTION('',(0.,-1.,0.));
#11449 = PLANE('',#11450);
#11450 = AXIS2_PLACEMENT_3D('',#11451,#11452,#11453);
#11451 = CARTESIAN_POINT('',(-61.31,-33.01962997604,13.385526732855));
#11452 = DIRECTION('',(1.,0.,0.));
#11453 = DIRECTION('',(0.,0.,1.));
#11454 = ADVANCED_FACE('',(#11455),#11461,.F.);
#11455 = FACE_BOUND('',#11456,.T.);
#11456 = EDGE_LOOP('',(#11457,#11458,#11459,#11460));
#11457 = ORIENTED_EDGE('',*,*,#9815,.T.);
#11458 = ORIENTED_EDGE('',*,*,#9839,.T.);
#11459 = ORIENTED_EDGE('',*,*,#9791,.F.);
#11460 = ORIENTED_EDGE('',*,*,#9767,.T.);
#11461 = PLANE('',#11462);
#11462 = AXIS2_PLACEMENT_3D('',#11463,#11464,#11465);
#11463 = CARTESIAN_POINT('',(-61.31,-33.01962997604,13.385526732855));
#11464 = DIRECTION('',(1.,0.,0.));
#11465 = DIRECTION('',(0.,0.,1.));
#11466 = ADVANCED_FACE('',(#11467),#11483,.F.);
#11467 = FACE_BOUND('',#11468,.F.);
#11468 = EDGE_LOOP('',(#11469,#11470,#11471,#11472,#11473,#11474,#11475,
    #11476,#11477,#11478,#11479,#11480,#11481,#11482));
#11469 = ORIENTED_EDGE('',*,*,#9887,.F.);
#11470 = ORIENTED_EDGE('',*,*,#9863,.T.);
#11471 = ORIENTED_EDGE('',*,*,#9911,.T.);
#11472 = ORIENTED_EDGE('',*,*,#9959,.T.);
#11473 = ORIENTED_EDGE('',*,*,#10009,.T.);
#11474 = ORIENTED_EDGE('',*,*,#10066,.F.);
#11475 = ORIENTED_EDGE('',*,*,#10116,.F.);
#11476 = ORIENTED_EDGE('',*,*,#10166,.F.);
#11477 = ORIENTED_EDGE('',*,*,#10183,.T.);
#11478 = ORIENTED_EDGE('',*,*,#10140,.T.);
#11479 = ORIENTED_EDGE('',*,*,#10092,.T.);
#11480 = ORIENTED_EDGE('',*,*,#10033,.F.);
#11481 = ORIENTED_EDGE('',*,*,#9985,.F.);
#11482 = ORIENTED_EDGE('',*,*,#9935,.F.);
#11483 = PLANE('',#11484);
#11484 = AXIS2_PLACEMENT_3D('',#11485,#11486,#11487);
#11485 = CARTESIAN_POINT('',(-61.31,-33.01962997604,13.385526732855));
#11486 = DIRECTION('',(1.,0.,0.));
#11487 = DIRECTION('',(0.,0.,1.));
#11488 = ADVANCED_FACE('',(#11489),#11495,.F.);
#11489 = FACE_BOUND('',#11490,.T.);
#11490 = EDGE_LOOP('',(#11491,#11492,#11493,#11494));
#11491 = ORIENTED_EDGE('',*,*,#10255,.T.);
#11492 = ORIENTED_EDGE('',*,*,#10279,.T.);
#11493 = ORIENTED_EDGE('',*,*,#10238,.T.);
#11494 = ORIENTED_EDGE('',*,*,#10207,.T.);
#11495 = PLANE('',#11496);
#11496 = AXIS2_PLACEMENT_3D('',#11497,#11498,#11499);
#11497 = CARTESIAN_POINT('',(-61.31,-33.01962997604,13.385526732855));
#11498 = DIRECTION('',(1.,0.,0.));
#11499 = DIRECTION('',(0.,0.,1.));
#11500 = ADVANCED_FACE('',(#11501),#11515,.F.);
#11501 = FACE_BOUND('',#11502,.T.);
#11502 = EDGE_LOOP('',(#11503,#11504,#11505,#11506,#11507,#11508,#11509,
    #11510,#11511,#11512,#11513,#11514));
#11503 = ORIENTED_EDGE('',*,*,#10329,.T.);
#11504 = ORIENTED_EDGE('',*,*,#10377,.T.);
#11505 = ORIENTED_EDGE('',*,*,#10427,.T.);
#11506 = ORIENTED_EDGE('',*,*,#10475,.T.);
#11507 = ORIENTED_EDGE('',*,*,#10532,.F.);
#11508 = ORIENTED_EDGE('',*,*,#10573,.F.);
#11509 = ORIENTED_EDGE('',*,*,#10556,.T.);
#11510 = ORIENTED_EDGE('',*,*,#10506,.T.);
#11511 = ORIENTED_EDGE('',*,*,#10458,.T.);
#11512 = ORIENTED_EDGE('',*,*,#10410,.T.);
#11513 = ORIENTED_EDGE('',*,*,#10353,.F.);
#11514 = ORIENTED_EDGE('',*,*,#10303,.F.);
#11515 = PLANE('',#11516);
#11516 = AXIS2_PLACEMENT_3D('',#11517,#11518,#11519);
#11517 = CARTESIAN_POINT('',(-61.31,-33.01962997604,13.385526732855));
#11518 = DIRECTION('',(1.,0.,0.));
#11519 = DIRECTION('',(0.,0.,1.));
#11520 = ADVANCED_FACE('',(#11521,#11531),#11597,.F.);
#11521 = FACE_BOUND('',#11522,.T.);
#11522 = EDGE_LOOP('',(#11523,#11524,#11525,#11526,#11527,#11528,#11529,
    #11530));
#11523 = ORIENTED_EDGE('',*,*,#10599,.F.);
#11524 = ORIENTED_EDGE('',*,*,#10625,.T.);
#11525 = ORIENTED_EDGE('',*,*,#10673,.T.);
#11526 = ORIENTED_EDGE('',*,*,#10725,.T.);
#11527 = ORIENTED_EDGE('',*,*,#10773,.T.);
#11528 = ORIENTED_EDGE('',*,*,#10749,.F.);
#11529 = ORIENTED_EDGE('',*,*,#10699,.F.);
#11530 = ORIENTED_EDGE('',*,*,#10656,.F.);
#11531 = FACE_BOUND('',#11532,.F.);
#11532 = EDGE_LOOP('',(#11533,#11543,#11551,#11559,#11567,#11575,#11583,
    #11591));
#11533 = ORIENTED_EDGE('',*,*,#11534,.F.);
#11534 = EDGE_CURVE('',#11535,#11537,#11539,.T.);
#11535 = VERTEX_POINT('',#11536);
#11536 = CARTESIAN_POINT('',(-61.31,-31.33731102625,12.86));
#11537 = VERTEX_POINT('',#11538);
#11538 = CARTESIAN_POINT('',(-61.31,-31.49281774587,13.43));
#11539 = LINE('',#11540,#11541);
#11540 = CARTESIAN_POINT('',(-61.31,-31.33731102625,12.86));
#11541 = VECTOR('',#11542,1.);
#11542 = DIRECTION('',(0.,-0.263199597605,0.964741401527));
#11543 = ORIENTED_EDGE('',*,*,#11544,.T.);
#11544 = EDGE_CURVE('',#11535,#11545,#11547,.T.);
#11545 = VERTEX_POINT('',#11546);
#11546 = CARTESIAN_POINT('',(-61.31,-31.96575743129,12.2));
#11547 = B_SPLINE_CURVE_WITH_KNOTS('',2,(#11548,#11549,#11550),
  .UNSPECIFIED.,.F.,.F.,(3,3),(0.,1.),.PIECEWISE_BEZIER_KNOTS.);
#11548 = CARTESIAN_POINT('',(-61.31,-31.33731102625,12.86));
#11549 = CARTESIAN_POINT('',(-61.31,-31.15725061406,12.2));
#11550 = CARTESIAN_POINT('',(-61.31,-31.96575743129,12.2));
#11551 = ORIENTED_EDGE('',*,*,#11552,.T.);
#11552 = EDGE_CURVE('',#11545,#11553,#11555,.T.);
#11553 = VERTEX_POINT('',#11554);
#11554 = CARTESIAN_POINT('',(-61.31,-32.81306266313,12.2));
#11555 = LINE('',#11556,#11557);
#11556 = CARTESIAN_POINT('',(-61.31,-31.96575743129,12.2));
#11557 = VECTOR('',#11558,1.);
#11558 = DIRECTION('',(0.,-1.,0.));
#11559 = ORIENTED_EDGE('',*,*,#11560,.F.);
#11560 = EDGE_CURVE('',#11561,#11553,#11563,.T.);
#11561 = VERTEX_POINT('',#11562);
#11562 = CARTESIAN_POINT('',(-61.31,-33.62540865516,12.67));
#11563 = B_SPLINE_CURVE_WITH_KNOTS('',2,(#11564,#11565,#11566),
  .UNSPECIFIED.,.F.,.F.,(3,3),(0.,1.),.PIECEWISE_BEZIER_KNOTS.);
#11564 = CARTESIAN_POINT('',(-61.31,-33.62540865516,12.67));
#11565 = CARTESIAN_POINT('',(-61.31,-33.49718381617,12.2));
#11566 = CARTESIAN_POINT('',(-61.31,-32.81306266313,12.2));
#11567 = ORIENTED_EDGE('',*,*,#11568,.F.);
#11568 = EDGE_CURVE('',#11569,#11561,#11571,.T.);
#11569 = VERTEX_POINT('',#11570);
#11570 = CARTESIAN_POINT('',(-61.31,-33.81092544348,13.35));
#11571 = LINE('',#11572,#11573);
#11572 = CARTESIAN_POINT('',(-61.31,-33.81092544348,13.35));
#11573 = VECTOR('',#11574,1.);
#11574 = DIRECTION('',(-0.,0.263199597605,-0.964741401527));
#11575 = ORIENTED_EDGE('',*,*,#11576,.F.);
#11576 = EDGE_CURVE('',#11577,#11569,#11579,.T.);
#11577 = VERTEX_POINT('',#11578);
#11578 = CARTESIAN_POINT('',(-61.31,-33.26594188168,13.86));
#11579 = B_SPLINE_CURVE_WITH_KNOTS('',2,(#11580,#11581,#11582),
  .UNSPECIFIED.,.F.,.F.,(3,3),(0.,1.),.PIECEWISE_BEZIER_KNOTS.);
#11580 = CARTESIAN_POINT('',(-61.31,-33.26594188168,13.86));
#11581 = CARTESIAN_POINT('',(-61.31,-33.95006303472,13.86));
#11582 = CARTESIAN_POINT('',(-61.31,-33.81092544348,13.35));
#11583 = ORIENTED_EDGE('',*,*,#11584,.F.);
#11584 = EDGE_CURVE('',#11585,#11577,#11587,.T.);
#11585 = VERTEX_POINT('',#11586);
#11586 = CARTESIAN_POINT('',(-61.31,-32.41863664984,13.86));
#11587 = LINE('',#11588,#11589);
#11588 = CARTESIAN_POINT('',(-61.31,-32.41863664984,13.86));
#11589 = VECTOR('',#11590,1.);
#11590 = DIRECTION('',(0.,-1.,0.));
#11591 = ORIENTED_EDGE('',*,*,#11592,.F.);
#11592 = EDGE_CURVE('',#11537,#11585,#11593,.T.);
#11593 = B_SPLINE_CURVE_WITH_KNOTS('',2,(#11594,#11595,#11596),
  .UNSPECIFIED.,.F.,.F.,(3,3),(0.,1.),.PIECEWISE_BEZIER_KNOTS.);
#11594 = CARTESIAN_POINT('',(-61.31,-31.49281774587,13.43));
#11595 = CARTESIAN_POINT('',(-61.31,-31.6101298326,13.86));
#11596 = CARTESIAN_POINT('',(-61.31,-32.41863664984,13.86));
#11597 = PLANE('',#11598);
#11598 = AXIS2_PLACEMENT_3D('',#11599,#11600,#11601);
#11599 = CARTESIAN_POINT('',(-61.31,-33.01962997604,13.385526732855));
#11600 = DIRECTION('',(1.,0.,0.));
#11601 = DIRECTION('',(0.,0.,1.));
#11602 = ADVANCED_FACE('',(#11603),#11609,.F.);
#11603 = FACE_BOUND('',#11604,.T.);
#11604 = EDGE_LOOP('',(#11605,#11606,#11607,#11608));
#11605 = ORIENTED_EDGE('',*,*,#10799,.F.);
#11606 = ORIENTED_EDGE('',*,*,#10823,.T.);
#11607 = ORIENTED_EDGE('',*,*,#10871,.T.);
#11608 = ORIENTED_EDGE('',*,*,#10847,.F.);
#11609 = PLANE('',#11610);
#11610 = AXIS2_PLACEMENT_3D('',#11611,#11612,#11613);
#11611 = CARTESIAN_POINT('',(-61.31,-33.01962997604,13.385526732855));
#11612 = DIRECTION('',(1.,0.,0.));
#11613 = DIRECTION('',(0.,0.,1.));
#11614 = ADVANCED_FACE('',(#11615,#11623),#11673,.F.);
#11615 = FACE_BOUND('',#11616,.T.);
#11616 = EDGE_LOOP('',(#11617,#11618,#11619,#11620,#11621,#11622));
#11617 = ORIENTED_EDGE('',*,*,#10895,.F.);
#11618 = ORIENTED_EDGE('',*,*,#10919,.T.);
#11619 = ORIENTED_EDGE('',*,*,#10969,.T.);
#11620 = ORIENTED_EDGE('',*,*,#11017,.T.);
#11621 = ORIENTED_EDGE('',*,*,#10993,.F.);
#11622 = ORIENTED_EDGE('',*,*,#10943,.F.);
#11623 = FACE_BOUND('',#11624,.F.);
#11624 = EDGE_LOOP('',(#11625,#11635,#11643,#11651,#11659,#11667));
#11625 = ORIENTED_EDGE('',*,*,#11626,.F.);
#11626 = EDGE_CURVE('',#11627,#11629,#11631,.T.);
#11627 = VERTEX_POINT('',#11628);
#11628 = CARTESIAN_POINT('',(-61.31,-39.94509179474,14.71));
#11629 = VERTEX_POINT('',#11630);
#11630 = CARTESIAN_POINT('',(-61.31,-40.58509179474,14.71));
#11631 = LINE('',#11632,#11633);
#11632 = CARTESIAN_POINT('',(-61.31,-39.94509179474,14.71));
#11633 = VECTOR('',#11634,1.);
#11634 = DIRECTION('',(0.,-1.,-1.665E-14));
#11635 = ORIENTED_EDGE('',*,*,#11636,.T.);
#11636 = EDGE_CURVE('',#11627,#11637,#11639,.T.);
#11637 = VERTEX_POINT('',#11638);
#11638 = CARTESIAN_POINT('',(-61.31,-39.26031659079,12.2));
#11639 = LINE('',#11640,#11641);
#11640 = CARTESIAN_POINT('',(-61.31,-39.94509179474,14.71));
#11641 = VECTOR('',#11642,1.);
#11642 = DIRECTION('',(-0.,0.263199597605,-0.964741401527));
#11643 = ORIENTED_EDGE('',*,*,#11644,.T.);
#11644 = EDGE_CURVE('',#11637,#11645,#11647,.T.);
#11645 = VERTEX_POINT('',#11646);
#11646 = CARTESIAN_POINT('',(-61.31,-39.76031659079,12.2));
#11647 = LINE('',#11648,#11649);
#11648 = CARTESIAN_POINT('',(-61.31,-39.26031659079,12.2));
#11649 = VECTOR('',#11650,1.);
#11650 = DIRECTION('',(0.,-1.,0.));
#11651 = ORIENTED_EDGE('',*,*,#11652,.T.);
#11652 = EDGE_CURVE('',#11645,#11653,#11655,.T.);
#11653 = VERTEX_POINT('',#11654);
#11654 = CARTESIAN_POINT('',(-61.31,-40.73606100495,12.86));
#11655 = B_SPLINE_CURVE_WITH_KNOTS('',2,(#11656,#11657,#11658),
  .UNSPECIFIED.,.F.,.F.,(3,3),(0.,1.),.PIECEWISE_BEZIER_KNOTS.);
#11656 = CARTESIAN_POINT('',(-61.31,-39.76031659079,12.2));
#11657 = CARTESIAN_POINT('',(-61.31,-40.55600059276,12.2));
#11658 = CARTESIAN_POINT('',(-61.31,-40.73606100495,12.86));
#11659 = ORIENTED_EDGE('',*,*,#11660,.F.);
#11660 = EDGE_CURVE('',#11661,#11653,#11663,.T.);
#11661 = VERTEX_POINT('',#11662);
#11662 = CARTESIAN_POINT('',(-61.31,-41.08348447379,14.133458650016));
#11663 = LINE('',#11664,#11665);
#11664 = CARTESIAN_POINT('',(-61.31,-41.08348447379,14.133458650016));
#11665 = VECTOR('',#11666,1.);
#11666 = DIRECTION('',(-0.,0.263199597605,-0.964741401527));
#11667 = ORIENTED_EDGE('',*,*,#11668,.F.);
#11668 = EDGE_CURVE('',#11629,#11661,#11669,.T.);
#11669 = B_SPLINE_CURVE_WITH_KNOTS('',2,(#11670,#11671,#11672),
  .UNSPECIFIED.,.F.,.F.,(3,3),(0.,1.),.PIECEWISE_BEZIER_KNOTS.);
#11670 = CARTESIAN_POINT('',(-61.31,-40.58509179474,14.71));
#11671 = CARTESIAN_POINT('',(-61.31,-41.24077579671,14.71));
#11672 = CARTESIAN_POINT('',(-61.31,-41.08348447379,14.133458650016));
#11673 = PLANE('',#11674);
#11674 = AXIS2_PLACEMENT_3D('',#11675,#11676,#11677);
#11675 = CARTESIAN_POINT('',(-61.31,-33.01962997604,13.385526732855));
#11676 = DIRECTION('',(1.,0.,0.));
#11677 = DIRECTION('',(0.,0.,1.));
#11678 = ADVANCED_FACE('',(#11679),#11697,.F.);
#11679 = FACE_BOUND('',#11680,.T.);
#11680 = EDGE_LOOP('',(#11681,#11682,#11683,#11684,#11685,#11686,#11687,
    #11688,#11689,#11690,#11691,#11692,#11693,#11694,#11695,#11696));
#11681 = ORIENTED_EDGE('',*,*,#11067,.T.);
#11682 = ORIENTED_EDGE('',*,*,#11122,.F.);
#11683 = ORIENTED_EDGE('',*,*,#11163,.T.);
#11684 = ORIENTED_EDGE('',*,*,#11211,.T.);
#11685 = ORIENTED_EDGE('',*,*,#11259,.T.);
#11686 = ORIENTED_EDGE('',*,*,#11307,.T.);
#11687 = ORIENTED_EDGE('',*,*,#11362,.F.);
#11688 = ORIENTED_EDGE('',*,*,#11403,.F.);
#11689 = ORIENTED_EDGE('',*,*,#11379,.F.);
#11690 = ORIENTED_EDGE('',*,*,#11338,.T.);
#11691 = ORIENTED_EDGE('',*,*,#11283,.F.);
#11692 = ORIENTED_EDGE('',*,*,#11235,.F.);
#11693 = ORIENTED_EDGE('',*,*,#11187,.F.);
#11694 = ORIENTED_EDGE('',*,*,#11146,.T.);
#11695 = ORIENTED_EDGE('',*,*,#11091,.F.);
#11696 = ORIENTED_EDGE('',*,*,#11043,.F.);
#11697 = PLANE('',#11698);
#11698 = AXIS2_PLACEMENT_3D('',#11699,#11700,#11701);
#11699 = CARTESIAN_POINT('',(-61.31,-33.01962997604,13.385526732855));
#11700 = DIRECTION('',(1.,0.,0.));
#11701 = DIRECTION('',(0.,0.,1.));
#11702 = ADVANCED_FACE('',(#11703),#11714,.T.);
#11703 = FACE_BOUND('',#11704,.T.);
#11704 = EDGE_LOOP('',(#11705,#11706,#11712,#11713));
#11705 = ORIENTED_EDGE('',*,*,#8567,.F.);
#11706 = ORIENTED_EDGE('',*,*,#11707,.T.);
#11707 = EDGE_CURVE('',#8568,#11436,#11708,.T.);
#11708 = LINE('',#11709,#11710);
#11709 = CARTESIAN_POINT('',(-61.81,-15.69997459994,8.075028242472));
#11710 = VECTOR('',#11711,1.);
#11711 = DIRECTION('',(1.,0.,0.));
#11712 = ORIENTED_EDGE('',*,*,#11443,.T.);
#11713 = ORIENTED_EDGE('',*,*,#8915,.F.);
#11714 = CYLINDRICAL_SURFACE('',#11715,4.);
#11715 = AXIS2_PLACEMENT_3D('',#11716,#11717,#11718);
#11716 = CARTESIAN_POINT('',(-61.81,-15.69997459994,4.075028242472));
#11717 = DIRECTION('',(-1.,0.,0.));
#11718 = DIRECTION('',(0.,-1.,0.));
#11719 = ADVANCED_FACE('',(#11720),#11731,.T.);
#11720 = FACE_BOUND('',#11721,.T.);
#11721 = EDGE_LOOP('',(#11722,#11723,#11729,#11730));
#11722 = ORIENTED_EDGE('',*,*,#8576,.F.);
#11723 = ORIENTED_EDGE('',*,*,#11724,.T.);
#11724 = EDGE_CURVE('',#8551,#11427,#11725,.T.);
#11725 = LINE('',#11726,#11727);
#11726 = CARTESIAN_POINT('',(-61.81,-41.69997459994,8.075028242472));
#11727 = VECTOR('',#11728,1.);
#11728 = DIRECTION('',(1.,0.,0.));
#11729 = ORIENTED_EDGE('',*,*,#11435,.T.);
#11730 = ORIENTED_EDGE('',*,*,#11707,.F.);
#11731 = PLANE('',#11732);
#11732 = AXIS2_PLACEMENT_3D('',#11733,#11734,#11735);
#11733 = CARTESIAN_POINT('',(-61.81,-41.69997459994,8.075028242472));
#11734 = DIRECTION('',(0.,0.,1.));
#11735 = DIRECTION('',(0.,1.,0.));
#11736 = ADVANCED_FACE('',(#11737),#11743,.T.);
#11737 = FACE_BOUND('',#11738,.T.);
#11738 = EDGE_LOOP('',(#11739,#11740,#11741,#11742));
#11739 = ORIENTED_EDGE('',*,*,#8548,.F.);
#11740 = ORIENTED_EDGE('',*,*,#8899,.T.);
#11741 = ORIENTED_EDGE('',*,*,#11426,.T.);
#11742 = ORIENTED_EDGE('',*,*,#11724,.F.);
#11743 = CYLINDRICAL_SURFACE('',#11744,4.);
#11744 = AXIS2_PLACEMENT_3D('',#11745,#11746,#11747);
#11745 = CARTESIAN_POINT('',(-61.81,-41.69997459994,4.075028242472));
#11746 = DIRECTION('',(-1.,0.,0.));
#11747 = DIRECTION('',(0.,-1.,0.));
#11748 = ADVANCED_FACE('',(#11749),#11774,.F.);
#11749 = FACE_BOUND('',#11750,.F.);
#11750 = EDGE_LOOP('',(#11751,#11759,#11760,#11768));
#11751 = ORIENTED_EDGE('',*,*,#11752,.T.);
#11752 = EDGE_CURVE('',#11753,#11535,#11755,.T.);
#11753 = VERTEX_POINT('',#11754);
#11754 = CARTESIAN_POINT('',(-61.81,-31.33731102625,12.86));
#11755 = LINE('',#11756,#11757);
#11756 = CARTESIAN_POINT('',(-61.81,-31.33731102625,12.86));
#11757 = VECTOR('',#11758,1.);
#11758 = DIRECTION('',(1.,0.,0.));
#11759 = ORIENTED_EDGE('',*,*,#11534,.T.);
#11760 = ORIENTED_EDGE('',*,*,#11761,.F.);
#11761 = EDGE_CURVE('',#11762,#11537,#11764,.T.);
#11762 = VERTEX_POINT('',#11763);
#11763 = CARTESIAN_POINT('',(-61.81,-31.49281774587,13.43));
#11764 = LINE('',#11765,#11766);
#11765 = CARTESIAN_POINT('',(-61.81,-31.49281774587,13.43));
#11766 = VECTOR('',#11767,1.);
#11767 = DIRECTION('',(1.,0.,0.));
#11768 = ORIENTED_EDGE('',*,*,#11769,.F.);
#11769 = EDGE_CURVE('',#11753,#11762,#11770,.T.);
#11770 = LINE('',#11771,#11772);
#11771 = CARTESIAN_POINT('',(-61.81,-31.33731102625,12.86));
#11772 = VECTOR('',#11773,1.);
#11773 = DIRECTION('',(0.,-0.263199597605,0.964741401527));
#11774 = PLANE('',#11775);
#11775 = AXIS2_PLACEMENT_3D('',#11776,#11777,#11778);
#11776 = CARTESIAN_POINT('',(-61.81,-31.33731102625,12.86));
#11777 = DIRECTION('',(0.,-0.964741401527,-0.263199597605));
#11778 = DIRECTION('',(0.,-0.263199597605,0.964741401527));
#11779 = ADVANCED_FACE('',(#11780),#11798,.T.);
#11780 = FACE_BOUND('',#11781,.T.);
#11781 = EDGE_LOOP('',(#11782,#11783,#11784,#11792));
#11782 = ORIENTED_EDGE('',*,*,#11752,.T.);
#11783 = ORIENTED_EDGE('',*,*,#11544,.T.);
#11784 = ORIENTED_EDGE('',*,*,#11785,.F.);
#11785 = EDGE_CURVE('',#11786,#11545,#11788,.T.);
#11786 = VERTEX_POINT('',#11787);
#11787 = CARTESIAN_POINT('',(-61.81,-31.96575743129,12.2));
#11788 = LINE('',#11789,#11790);
#11789 = CARTESIAN_POINT('',(-61.81,-31.96575743129,12.2));
#11790 = VECTOR('',#11791,1.);
#11791 = DIRECTION('',(1.,0.,0.));
#11792 = ORIENTED_EDGE('',*,*,#11793,.F.);
#11793 = EDGE_CURVE('',#11753,#11786,#11794,.T.);
#11794 = B_SPLINE_CURVE_WITH_KNOTS('',2,(#11795,#11796,#11797),
  .UNSPECIFIED.,.F.,.F.,(3,3),(0.,1.),.PIECEWISE_BEZIER_KNOTS.);
#11795 = CARTESIAN_POINT('',(-61.81,-31.33731102625,12.86));
#11796 = CARTESIAN_POINT('',(-61.81,-31.15725061406,12.2));
#11797 = CARTESIAN_POINT('',(-61.81,-31.96575743129,12.2));
#11798 = SURFACE_OF_LINEAR_EXTRUSION('',#11799,#11803);
#11799 = B_SPLINE_CURVE_WITH_KNOTS('',2,(#11800,#11801,#11802),
  .UNSPECIFIED.,.F.,.F.,(3,3),(0.,1.),.PIECEWISE_BEZIER_KNOTS.);
#11800 = CARTESIAN_POINT('',(-61.81,-31.33731102625,12.86));
#11801 = CARTESIAN_POINT('',(-61.81,-31.15725061406,12.2));
#11802 = CARTESIAN_POINT('',(-61.81,-31.96575743129,12.2));
#11803 = VECTOR('',#11804,1.);
#11804 = DIRECTION('',(-1.,-0.,-0.));
#11805 = ADVANCED_FACE('',(#11806),#11824,.T.);
#11806 = FACE_BOUND('',#11807,.T.);
#11807 = EDGE_LOOP('',(#11808,#11809,#11810,#11818));
#11808 = ORIENTED_EDGE('',*,*,#11785,.T.);
#11809 = ORIENTED_EDGE('',*,*,#11552,.T.);
#11810 = ORIENTED_EDGE('',*,*,#11811,.F.);
#11811 = EDGE_CURVE('',#11812,#11553,#11814,.T.);
#11812 = VERTEX_POINT('',#11813);
#11813 = CARTESIAN_POINT('',(-61.81,-32.81306266313,12.2));
#11814 = LINE('',#11815,#11816);
#11815 = CARTESIAN_POINT('',(-61.81,-32.81306266313,12.2));
#11816 = VECTOR('',#11817,1.);
#11817 = DIRECTION('',(1.,0.,0.));
#11818 = ORIENTED_EDGE('',*,*,#11819,.F.);
#11819 = EDGE_CURVE('',#11786,#11812,#11820,.T.);
#11820 = LINE('',#11821,#11822);
#11821 = CARTESIAN_POINT('',(-61.81,-31.96575743129,12.2));
#11822 = VECTOR('',#11823,1.);
#11823 = DIRECTION('',(0.,-1.,0.));
#11824 = PLANE('',#11825);
#11825 = AXIS2_PLACEMENT_3D('',#11826,#11827,#11828);
#11826 = CARTESIAN_POINT('',(-61.81,-31.96575743129,12.2));
#11827 = DIRECTION('',(0.,0.,-1.));
#11828 = DIRECTION('',(0.,-1.,0.));
#11829 = ADVANCED_FACE('',(#11830),#11848,.F.);
#11830 = FACE_BOUND('',#11831,.F.);
#11831 = EDGE_LOOP('',(#11832,#11840,#11841,#11842));
#11832 = ORIENTED_EDGE('',*,*,#11833,.T.);
#11833 = EDGE_CURVE('',#11834,#11561,#11836,.T.);
#11834 = VERTEX_POINT('',#11835);
#11835 = CARTESIAN_POINT('',(-61.81,-33.62540865516,12.67));
#11836 = LINE('',#11837,#11838);
#11837 = CARTESIAN_POINT('',(-61.81,-33.62540865516,12.67));
#11838 = VECTOR('',#11839,1.);
#11839 = DIRECTION('',(1.,0.,0.));
#11840 = ORIENTED_EDGE('',*,*,#11560,.T.);
#11841 = ORIENTED_EDGE('',*,*,#11811,.F.);
#11842 = ORIENTED_EDGE('',*,*,#11843,.F.);
#11843 = EDGE_CURVE('',#11834,#11812,#11844,.T.);
#11844 = B_SPLINE_CURVE_WITH_KNOTS('',2,(#11845,#11846,#11847),
  .UNSPECIFIED.,.F.,.F.,(3,3),(0.,1.),.PIECEWISE_BEZIER_KNOTS.);
#11845 = CARTESIAN_POINT('',(-61.81,-33.62540865516,12.67));
#11846 = CARTESIAN_POINT('',(-61.81,-33.49718381617,12.2));
#11847 = CARTESIAN_POINT('',(-61.81,-32.81306266313,12.2));
#11848 = SURFACE_OF_LINEAR_EXTRUSION('',#11849,#11853);
#11849 = B_SPLINE_CURVE_WITH_KNOTS('',2,(#11850,#11851,#11852),
  .UNSPECIFIED.,.F.,.F.,(3,3),(0.,1.),.PIECEWISE_BEZIER_KNOTS.);
#11850 = CARTESIAN_POINT('',(-61.81,-33.62540865516,12.67));
#11851 = CARTESIAN_POINT('',(-61.81,-33.49718381617,12.2));
#11852 = CARTESIAN_POINT('',(-61.81,-32.81306266313,12.2));
#11853 = VECTOR('',#11854,1.);
#11854 = DIRECTION('',(-1.,-0.,-0.));
#11855 = ADVANCED_FACE('',(#11856),#11874,.F.);
#11856 = FACE_BOUND('',#11857,.F.);
#11857 = EDGE_LOOP('',(#11858,#11866,#11867,#11868));
#11858 = ORIENTED_EDGE('',*,*,#11859,.T.);
#11859 = EDGE_CURVE('',#11860,#11569,#11862,.T.);
#11860 = VERTEX_POINT('',#11861);
#11861 = CARTESIAN_POINT('',(-61.81,-33.81092544348,13.35));
#11862 = LINE('',#11863,#11864);
#11863 = CARTESIAN_POINT('',(-61.81,-33.81092544348,13.35));
#11864 = VECTOR('',#11865,1.);
#11865 = DIRECTION('',(1.,0.,0.));
#11866 = ORIENTED_EDGE('',*,*,#11568,.T.);
#11867 = ORIENTED_EDGE('',*,*,#11833,.F.);
#11868 = ORIENTED_EDGE('',*,*,#11869,.F.);
#11869 = EDGE_CURVE('',#11860,#11834,#11870,.T.);
#11870 = LINE('',#11871,#11872);
#11871 = CARTESIAN_POINT('',(-61.81,-33.81092544348,13.35));
#11872 = VECTOR('',#11873,1.);
#11873 = DIRECTION('',(-0.,0.263199597605,-0.964741401527));
#11874 = PLANE('',#11875);
#11875 = AXIS2_PLACEMENT_3D('',#11876,#11877,#11878);
#11876 = CARTESIAN_POINT('',(-61.81,-33.81092544348,13.35));
#11877 = DIRECTION('',(0.,0.964741401527,0.263199597605));
#11878 = DIRECTION('',(0.,0.263199597605,-0.964741401527));
#11879 = ADVANCED_FACE('',(#11880),#11898,.F.);
#11880 = FACE_BOUND('',#11881,.F.);
#11881 = EDGE_LOOP('',(#11882,#11890,#11891,#11892));
#11882 = ORIENTED_EDGE('',*,*,#11883,.T.);
#11883 = EDGE_CURVE('',#11884,#11577,#11886,.T.);
#11884 = VERTEX_POINT('',#11885);
#11885 = CARTESIAN_POINT('',(-61.81,-33.26594188168,13.86));
#11886 = LINE('',#11887,#11888);
#11887 = CARTESIAN_POINT('',(-61.81,-33.26594188168,13.86));
#11888 = VECTOR('',#11889,1.);
#11889 = DIRECTION('',(1.,0.,0.));
#11890 = ORIENTED_EDGE('',*,*,#11576,.T.);
#11891 = ORIENTED_EDGE('',*,*,#11859,.F.);
#11892 = ORIENTED_EDGE('',*,*,#11893,.F.);
#11893 = EDGE_CURVE('',#11884,#11860,#11894,.T.);
#11894 = B_SPLINE_CURVE_WITH_KNOTS('',2,(#11895,#11896,#11897),
  .UNSPECIFIED.,.F.,.F.,(3,3),(0.,1.),.PIECEWISE_BEZIER_KNOTS.);
#11895 = CARTESIAN_POINT('',(-61.81,-33.26594188168,13.86));
#11896 = CARTESIAN_POINT('',(-61.81,-33.95006303472,13.86));
#11897 = CARTESIAN_POINT('',(-61.81,-33.81092544348,13.35));
#11898 = SURFACE_OF_LINEAR_EXTRUSION('',#11899,#11903);
#11899 = B_SPLINE_CURVE_WITH_KNOTS('',2,(#11900,#11901,#11902),
  .UNSPECIFIED.,.F.,.F.,(3,3),(0.,1.),.PIECEWISE_BEZIER_KNOTS.);
#11900 = CARTESIAN_POINT('',(-61.81,-33.26594188168,13.86));
#11901 = CARTESIAN_POINT('',(-61.81,-33.95006303472,13.86));
#11902 = CARTESIAN_POINT('',(-61.81,-33.81092544348,13.35));
#11903 = VECTOR('',#11904,1.);
#11904 = DIRECTION('',(-1.,-0.,-0.));
#11905 = ADVANCED_FACE('',(#11906),#11924,.F.);
#11906 = FACE_BOUND('',#11907,.F.);
#11907 = EDGE_LOOP('',(#11908,#11916,#11917,#11918));
#11908 = ORIENTED_EDGE('',*,*,#11909,.T.);
#11909 = EDGE_CURVE('',#11910,#11585,#11912,.T.);
#11910 = VERTEX_POINT('',#11911);
#11911 = CARTESIAN_POINT('',(-61.81,-32.41863664984,13.86));
#11912 = LINE('',#11913,#11914);
#11913 = CARTESIAN_POINT('',(-61.81,-32.41863664984,13.86));
#11914 = VECTOR('',#11915,1.);
#11915 = DIRECTION('',(1.,0.,0.));
#11916 = ORIENTED_EDGE('',*,*,#11584,.T.);
#11917 = ORIENTED_EDGE('',*,*,#11883,.F.);
#11918 = ORIENTED_EDGE('',*,*,#11919,.F.);
#11919 = EDGE_CURVE('',#11910,#11884,#11920,.T.);
#11920 = LINE('',#11921,#11922);
#11921 = CARTESIAN_POINT('',(-61.81,-32.41863664984,13.86));
#11922 = VECTOR('',#11923,1.);
#11923 = DIRECTION('',(0.,-1.,0.));
#11924 = PLANE('',#11925);
#11925 = AXIS2_PLACEMENT_3D('',#11926,#11927,#11928);
#11926 = CARTESIAN_POINT('',(-61.81,-32.41863664984,13.86));
#11927 = DIRECTION('',(0.,0.,-1.));
#11928 = DIRECTION('',(0.,-1.,0.));
#11929 = ADVANCED_FACE('',(#11930),#11941,.F.);
#11930 = FACE_BOUND('',#11931,.F.);
#11931 = EDGE_LOOP('',(#11932,#11933,#11934,#11935));
#11932 = ORIENTED_EDGE('',*,*,#11761,.T.);
#11933 = ORIENTED_EDGE('',*,*,#11592,.T.);
#11934 = ORIENTED_EDGE('',*,*,#11909,.F.);
#11935 = ORIENTED_EDGE('',*,*,#11936,.F.);
#11936 = EDGE_CURVE('',#11762,#11910,#11937,.T.);
#11937 = B_SPLINE_CURVE_WITH_KNOTS('',2,(#11938,#11939,#11940),
  .UNSPECIFIED.,.F.,.F.,(3,3),(0.,1.),.PIECEWISE_BEZIER_KNOTS.);
#11938 = CARTESIAN_POINT('',(-61.81,-31.49281774587,13.43));
#11939 = CARTESIAN_POINT('',(-61.81,-31.6101298326,13.86));
#11940 = CARTESIAN_POINT('',(-61.81,-32.41863664984,13.86));
#11941 = SURFACE_OF_LINEAR_EXTRUSION('',#11942,#11946);
#11942 = B_SPLINE_CURVE_WITH_KNOTS('',2,(#11943,#11944,#11945),
  .UNSPECIFIED.,.F.,.F.,(3,3),(0.,1.),.PIECEWISE_BEZIER_KNOTS.);
#11943 = CARTESIAN_POINT('',(-61.81,-31.49281774587,13.43));
#11944 = CARTESIAN_POINT('',(-61.81,-31.6101298326,13.86));
#11945 = CARTESIAN_POINT('',(-61.81,-32.41863664984,13.86));
#11946 = VECTOR('',#11947,1.);
#11947 = DIRECTION('',(-1.,-0.,-0.));
#11948 = ADVANCED_FACE('',(#11949),#11974,.F.);
#11949 = FACE_BOUND('',#11950,.F.);
#11950 = EDGE_LOOP('',(#11951,#11959,#11960,#11968));
#11951 = ORIENTED_EDGE('',*,*,#11952,.T.);
#11952 = EDGE_CURVE('',#11953,#11627,#11955,.T.);
#11953 = VERTEX_POINT('',#11954);
#11954 = CARTESIAN_POINT('',(-61.81,-39.94509179474,14.71));
#11955 = LINE('',#11956,#11957);
#11956 = CARTESIAN_POINT('',(-61.81,-39.94509179474,14.71));
#11957 = VECTOR('',#11958,1.);
#11958 = DIRECTION('',(1.,0.,0.));
#11959 = ORIENTED_EDGE('',*,*,#11626,.T.);
#11960 = ORIENTED_EDGE('',*,*,#11961,.F.);
#11961 = EDGE_CURVE('',#11962,#11629,#11964,.T.);
#11962 = VERTEX_POINT('',#11963);
#11963 = CARTESIAN_POINT('',(-61.81,-40.58509179474,14.71));
#11964 = LINE('',#11965,#11966);
#11965 = CARTESIAN_POINT('',(-61.81,-40.58509179474,14.71));
#11966 = VECTOR('',#11967,1.);
#11967 = DIRECTION('',(1.,0.,0.));
#11968 = ORIENTED_EDGE('',*,*,#11969,.F.);
#11969 = EDGE_CURVE('',#11953,#11962,#11970,.T.);
#11970 = LINE('',#11971,#11972);
#11971 = CARTESIAN_POINT('',(-61.81,-39.94509179474,14.71));
#11972 = VECTOR('',#11973,1.);
#11973 = DIRECTION('',(0.,-1.,-1.665E-14));
#11974 = PLANE('',#11975);
#11975 = AXIS2_PLACEMENT_3D('',#11976,#11977,#11978);
#11976 = CARTESIAN_POINT('',(-61.81,-39.94509179474,14.71));
#11977 = DIRECTION('',(0.,1.665E-14,-1.));
#11978 = DIRECTION('',(0.,-1.,-1.665E-14));
#11979 = ADVANCED_FACE('',(#11980),#11998,.T.);
#11980 = FACE_BOUND('',#11981,.T.);
#11981 = EDGE_LOOP('',(#11982,#11983,#11984,#11992));
#11982 = ORIENTED_EDGE('',*,*,#11952,.T.);
#11983 = ORIENTED_EDGE('',*,*,#11636,.T.);
#11984 = ORIENTED_EDGE('',*,*,#11985,.F.);
#11985 = EDGE_CURVE('',#11986,#11637,#11988,.T.);
#11986 = VERTEX_POINT('',#11987);
#11987 = CARTESIAN_POINT('',(-61.81,-39.26031659079,12.2));
#11988 = LINE('',#11989,#11990);
#11989 = CARTESIAN_POINT('',(-61.81,-39.26031659079,12.2));
#11990 = VECTOR('',#11991,1.);
#11991 = DIRECTION('',(1.,0.,0.));
#11992 = ORIENTED_EDGE('',*,*,#11993,.F.);
#11993 = EDGE_CURVE('',#11953,#11986,#11994,.T.);
#11994 = LINE('',#11995,#11996);
#11995 = CARTESIAN_POINT('',(-61.81,-39.94509179474,14.71));
#11996 = VECTOR('',#11997,1.);
#11997 = DIRECTION('',(-0.,0.263199597605,-0.964741401527));
#11998 = PLANE('',#11999);
#11999 = AXIS2_PLACEMENT_3D('',#12000,#12001,#12002);
#12000 = CARTESIAN_POINT('',(-61.81,-39.94509179474,14.71));
#12001 = DIRECTION('',(0.,0.964741401527,0.263199597605));
#12002 = DIRECTION('',(0.,0.263199597605,-0.964741401527));
#12003 = ADVANCED_FACE('',(#12004),#12022,.T.);
#12004 = FACE_BOUND('',#12005,.T.);
#12005 = EDGE_LOOP('',(#12006,#12007,#12008,#12016));
#12006 = ORIENTED_EDGE('',*,*,#11985,.T.);
#12007 = ORIENTED_EDGE('',*,*,#11644,.T.);
#12008 = ORIENTED_EDGE('',*,*,#12009,.F.);
#12009 = EDGE_CURVE('',#12010,#11645,#12012,.T.);
#12010 = VERTEX_POINT('',#12011);
#12011 = CARTESIAN_POINT('',(-61.81,-39.76031659079,12.2));
#12012 = LINE('',#12013,#12014);
#12013 = CARTESIAN_POINT('',(-61.81,-39.76031659079,12.2));
#12014 = VECTOR('',#12015,1.);
#12015 = DIRECTION('',(1.,0.,0.));
#12016 = ORIENTED_EDGE('',*,*,#12017,.F.);
#12017 = EDGE_CURVE('',#11986,#12010,#12018,.T.);
#12018 = LINE('',#12019,#12020);
#12019 = CARTESIAN_POINT('',(-61.81,-39.26031659079,12.2));
#12020 = VECTOR('',#12021,1.);
#12021 = DIRECTION('',(0.,-1.,0.));
#12022 = PLANE('',#12023);
#12023 = AXIS2_PLACEMENT_3D('',#12024,#12025,#12026);
#12024 = CARTESIAN_POINT('',(-61.81,-39.26031659079,12.2));
#12025 = DIRECTION('',(0.,0.,-1.));
#12026 = DIRECTION('',(0.,-1.,0.));
#12027 = ADVANCED_FACE('',(#12028),#12046,.T.);
#12028 = FACE_BOUND('',#12029,.T.);
#12029 = EDGE_LOOP('',(#12030,#12031,#12032,#12040));
#12030 = ORIENTED_EDGE('',*,*,#12009,.T.);
#12031 = ORIENTED_EDGE('',*,*,#11652,.T.);
#12032 = ORIENTED_EDGE('',*,*,#12033,.F.);
#12033 = EDGE_CURVE('',#12034,#11653,#12036,.T.);
#12034 = VERTEX_POINT('',#12035);
#12035 = CARTESIAN_POINT('',(-61.81,-40.73606100495,12.86));
#12036 = LINE('',#12037,#12038);
#12037 = CARTESIAN_POINT('',(-61.81,-40.73606100495,12.86));
#12038 = VECTOR('',#12039,1.);
#12039 = DIRECTION('',(1.,0.,0.));
#12040 = ORIENTED_EDGE('',*,*,#12041,.F.);
#12041 = EDGE_CURVE('',#12010,#12034,#12042,.T.);
#12042 = B_SPLINE_CURVE_WITH_KNOTS('',2,(#12043,#12044,#12045),
  .UNSPECIFIED.,.F.,.F.,(3,3),(0.,1.),.PIECEWISE_BEZIER_KNOTS.);
#12043 = CARTESIAN_POINT('',(-61.81,-39.76031659079,12.2));
#12044 = CARTESIAN_POINT('',(-61.81,-40.55600059276,12.2));
#12045 = CARTESIAN_POINT('',(-61.81,-40.73606100495,12.86));
#12046 = SURFACE_OF_LINEAR_EXTRUSION('',#12047,#12051);
#12047 = B_SPLINE_CURVE_WITH_KNOTS('',2,(#12048,#12049,#12050),
  .UNSPECIFIED.,.F.,.F.,(3,3),(0.,1.),.PIECEWISE_BEZIER_KNOTS.);
#12048 = CARTESIAN_POINT('',(-61.81,-39.76031659079,12.2));
#12049 = CARTESIAN_POINT('',(-61.81,-40.55600059276,12.2));
#12050 = CARTESIAN_POINT('',(-61.81,-40.73606100495,12.86));
#12051 = VECTOR('',#12052,1.);
#12052 = DIRECTION('',(-1.,-0.,-0.));
#12053 = ADVANCED_FACE('',(#12054),#12072,.F.);
#12054 = FACE_BOUND('',#12055,.F.);
#12055 = EDGE_LOOP('',(#12056,#12064,#12065,#12066));
#12056 = ORIENTED_EDGE('',*,*,#12057,.T.);
#12057 = EDGE_CURVE('',#12058,#11661,#12060,.T.);
#12058 = VERTEX_POINT('',#12059);
#12059 = CARTESIAN_POINT('',(-61.81,-41.08348447379,14.133458650016));
#12060 = LINE('',#12061,#12062);
#12061 = CARTESIAN_POINT('',(-61.81,-41.08348447379,14.133458650016));
#12062 = VECTOR('',#12063,1.);
#12063 = DIRECTION('',(1.,0.,0.));
#12064 = ORIENTED_EDGE('',*,*,#11660,.T.);
#12065 = ORIENTED_EDGE('',*,*,#12033,.F.);
#12066 = ORIENTED_EDGE('',*,*,#12067,.F.);
#12067 = EDGE_CURVE('',#12058,#12034,#12068,.T.);
#12068 = LINE('',#12069,#12070);
#12069 = CARTESIAN_POINT('',(-61.81,-41.08348447379,14.133458650016));
#12070 = VECTOR('',#12071,1.);
#12071 = DIRECTION('',(-0.,0.263199597605,-0.964741401527));
#12072 = PLANE('',#12073);
#12073 = AXIS2_PLACEMENT_3D('',#12074,#12075,#12076);
#12074 = CARTESIAN_POINT('',(-61.81,-41.08348447379,14.133458650016));
#12075 = DIRECTION('',(0.,0.964741401527,0.263199597605));
#12076 = DIRECTION('',(0.,0.263199597605,-0.964741401527));
#12077 = ADVANCED_FACE('',(#12078),#12089,.F.);
#12078 = FACE_BOUND('',#12079,.F.);
#12079 = EDGE_LOOP('',(#12080,#12081,#12082,#12083));
#12080 = ORIENTED_EDGE('',*,*,#11961,.T.);
#12081 = ORIENTED_EDGE('',*,*,#11668,.T.);
#12082 = ORIENTED_EDGE('',*,*,#12057,.F.);
#12083 = ORIENTED_EDGE('',*,*,#12084,.F.);
#12084 = EDGE_CURVE('',#11962,#12058,#12085,.T.);
#12085 = B_SPLINE_CURVE_WITH_KNOTS('',2,(#12086,#12087,#12088),
  .UNSPECIFIED.,.F.,.F.,(3,3),(0.,1.),.PIECEWISE_BEZIER_KNOTS.);
#12086 = CARTESIAN_POINT('',(-61.81,-40.58509179474,14.71));
#12087 = CARTESIAN_POINT('',(-61.81,-41.24077579671,14.71));
#12088 = CARTESIAN_POINT('',(-61.81,-41.08348447379,14.133458650016));
#12089 = SURFACE_OF_LINEAR_EXTRUSION('',#12090,#12094);
#12090 = B_SPLINE_CURVE_WITH_KNOTS('',2,(#12091,#12092,#12093),
  .UNSPECIFIED.,.F.,.F.,(3,3),(0.,1.),.PIECEWISE_BEZIER_KNOTS.);
#12091 = CARTESIAN_POINT('',(-61.81,-40.58509179474,14.71));
#12092 = CARTESIAN_POINT('',(-61.81,-41.24077579671,14.71));
#12093 = CARTESIAN_POINT('',(-61.81,-41.08348447379,14.133458650016));
#12094 = VECTOR('',#12095,1.);
#12095 = DIRECTION('',(-1.,-0.,-0.));
#12096 = ADVANCED_FACE('',(#12097),#12103,.T.);
#12097 = FACE_BOUND('',#12098,.T.);
#12098 = EDGE_LOOP('',(#12099,#12100,#12101,#12102));
#12099 = ORIENTED_EDGE('',*,*,#8592,.T.);
#12100 = ORIENTED_EDGE('',*,*,#8691,.T.);
#12101 = ORIENTED_EDGE('',*,*,#8862,.F.);
#12102 = ORIENTED_EDGE('',*,*,#8653,.F.);
#12103 = PLANE('',#12104);
#12104 = AXIS2_PLACEMENT_3D('',#12105,#12106,#12107);
#12105 = CARTESIAN_POINT('',(-61.01,-13.37539991624,2.880028292854));
#12106 = DIRECTION('',(1.07E-15,-1.,0.));
#12107 = DIRECTION('',(-1.,-1.07E-15,0.));
#12108 = ADVANCED_FACE('',(#12109),#12119,.F.);
#12109 = FACE_BOUND('',#12110,.F.);
#12110 = EDGE_LOOP('',(#12111,#12112,#12113,#12114,#12115,#12116,#12117,
    #12118));
#12111 = ORIENTED_EDGE('',*,*,#11793,.F.);
#12112 = ORIENTED_EDGE('',*,*,#11769,.T.);
#12113 = ORIENTED_EDGE('',*,*,#11936,.T.);
#12114 = ORIENTED_EDGE('',*,*,#11919,.T.);
#12115 = ORIENTED_EDGE('',*,*,#11893,.T.);
#12116 = ORIENTED_EDGE('',*,*,#11869,.T.);
#12117 = ORIENTED_EDGE('',*,*,#11843,.T.);
#12118 = ORIENTED_EDGE('',*,*,#11819,.F.);
#12119 = PLANE('',#12120);
#12120 = AXIS2_PLACEMENT_3D('',#12121,#12122,#12123);
#12121 = CARTESIAN_POINT('',(-61.81,-29.5,7.5));
#12122 = DIRECTION('',(1.,0.,0.));
#12123 = DIRECTION('',(0.,0.,1.));
#12124 = ADVANCED_FACE('',(#12125),#12133,.F.);
#12125 = FACE_BOUND('',#12126,.F.);
#12126 = EDGE_LOOP('',(#12127,#12128,#12129,#12130,#12131,#12132));
#12127 = ORIENTED_EDGE('',*,*,#11993,.F.);
#12128 = ORIENTED_EDGE('',*,*,#11969,.T.);
#12129 = ORIENTED_EDGE('',*,*,#12084,.T.);
#12130 = ORIENTED_EDGE('',*,*,#12067,.T.);
#12131 = ORIENTED_EDGE('',*,*,#12041,.F.);
#12132 = ORIENTED_EDGE('',*,*,#12017,.F.);
#12133 = PLANE('',#12134);
#12134 = AXIS2_PLACEMENT_3D('',#12135,#12136,#12137);
#12135 = CARTESIAN_POINT('',(-61.81,-29.5,7.5));
#12136 = DIRECTION('',(1.,0.,0.));
#12137 = DIRECTION('',(0.,0.,1.));
#12138 = ADVANCED_FACE('',(#12139,#12145,#12155),#12158,.T.);
#12139 = FACE_BOUND('',#12140,.T.);
#12140 = EDGE_LOOP('',(#12141,#12142,#12143,#12144));
#12141 = ORIENTED_EDGE('',*,*,#8939,.F.);
#12142 = ORIENTED_EDGE('',*,*,#8979,.F.);
#12143 = ORIENTED_EDGE('',*,*,#9645,.F.);
#12144 = ORIENTED_EDGE('',*,*,#9001,.F.);
#12145 = FACE_BOUND('',#12146,.T.);
#12146 = EDGE_LOOP('',(#12147,#12148,#12149,#12150,#12151,#12152,#12153,
    #12154));
#12147 = ORIENTED_EDGE('',*,*,#8526,.T.);
#12148 = ORIENTED_EDGE('',*,*,#8677,.T.);
#12149 = ORIENTED_EDGE('',*,*,#8882,.F.);
#12150 = ORIENTED_EDGE('',*,*,#8824,.T.);
#12151 = ORIENTED_EDGE('',*,*,#8810,.T.);
#12152 = ORIENTED_EDGE('',*,*,#8762,.F.);
#12153 = ORIENTED_EDGE('',*,*,#8732,.F.);
#12154 = ORIENTED_EDGE('',*,*,#8701,.T.);
#12155 = FACE_BOUND('',#12156,.T.);
#12156 = EDGE_LOOP('',(#12157));
#12157 = ORIENTED_EDGE('',*,*,#8636,.T.);
#12158 = PLANE('',#12159);
#12159 = AXIS2_PLACEMENT_3D('',#12160,#12161,#12162);
#12160 = CARTESIAN_POINT('',(-60.81,-29.5,7.5));
#12161 = DIRECTION('',(1.,0.,0.));
#12162 = DIRECTION('',(0.,0.,1.));
#12163 = ( GEOMETRIC_REPRESENTATION_CONTEXT(3) 
GLOBAL_UNCERTAINTY_ASSIGNED_CONTEXT((#12167)) 
GLOBAL_UNIT_ASSIGNED_CONTEXT((#12164,#12165,#12166)) 
REPRESENTATION_CONTEXT('Context #1',
  '3D Context with UNIT and UNCERTAINTY') );
#12164 = ( LENGTH_UNIT() NAMED_UNIT(*) SI_UNIT(.MILLI.,.METRE.) );
#12165 = ( NAMED_UNIT(*) PLANE_ANGLE_UNIT() SI_UNIT($,.RADIAN.) );
#12166 = ( NAMED_UNIT(*) SI_UNIT($,.STERADIAN.) SOLID_ANGLE_UNIT() );
#12167 = UNCERTAINTY_MEASURE_WITH_UNIT(LENGTH_MEASURE(5.E-07),#12164,
  'distance_accuracy_value','confusion accuracy');
#12168 = CONTEXT_DEPENDENT_SHAPE_REPRESENTATION(#12169,#12171);
#12169 = ( REPRESENTATION_RELATIONSHIP('','',#8501,#10) 
REPRESENTATION_RELATIONSHIP_WITH_TRANSFORMATION(#12170) 
SHAPE_REPRESENTATION_RELATIONSHIP() );
#12170 = ITEM_DEFINED_TRANSFORMATION('','',#11,#19);
#12171 = PRODUCT_DEFINITION_SHAPE('Placement','Placement of an item',
  #12172);
#12172 = NEXT_ASSEMBLY_USAGE_OCCURRENCE('2','PicoIDE Logo','',#5,#8496,$
  );
#12173 = PRODUCT_RELATED_PRODUCT_CATEGORY('part',$,(#8498));
#12174 = MECHANICAL_DESIGN_GEOMETRIC_PRESENTATION_REPRESENTATION('',(
    #12175),#8483);
#12175 = STYLED_ITEM('color',(#12176),#37);
#12176 = PRESENTATION_STYLE_ASSIGNMENT((#12177,#12183));
#12177 = SURFACE_STYLE_USAGE(.BOTH.,#12178);
#12178 = SURFACE_SIDE_STYLE('',(#12179));
#12179 = SURFACE_STYLE_FILL_AREA(#12180);
#12180 = FILL_AREA_STYLE('',(#12181));
#12181 = FILL_AREA_STYLE_COLOUR('',#12182);
#12182 = COLOUR_RGB('',0.741176476869,0.741176476869,0.654901979974);
#12183 = CURVE_STYLE('',#12184,POSITIVE_LENGTH_MEASURE(0.1),#12185);
#12184 = DRAUGHTING_PRE_DEFINED_CURVE_FONT('continuous');
#12185 = COLOUR_RGB('',9.803921802644E-02,9.803921802644E-02,
  9.803921802644E-02);
#12186 = MECHANICAL_DESIGN_GEOMETRIC_PRESENTATION_REPRESENTATION('',(
    #12187),#12163);
#12187 = STYLED_ITEM('color',(#12188),#8502);
#12188 = PRESENTATION_STYLE_ASSIGNMENT((#12189,#12194));
#12189 = SURFACE_STYLE_USAGE(.BOTH.,#12190);
#12190 = SURFACE_SIDE_STYLE('',(#12191));
#12191 = SURFACE_STYLE_FILL_AREA(#12192);
#12192 = FILL_AREA_STYLE('',(#12193));
#12193 = FILL_AREA_STYLE_COLOUR('',#12182);
#12194 = CURVE_STYLE('',#12195,POSITIVE_LENGTH_MEASURE(0.1),#12185);
#12195 = DRAUGHTING_PRE_DEFINED_CURVE_FONT('continuous');
ENDSEC;
END-ISO-10303-21;
