ISO-10303-21;
HEADER;
FILE_DESCRIPTION(('FreeCAD Model'),'2;1');
FILE_NAME('Open CASCADE Shape Model','2025-11-17T20:22:35',(''),(''),
  'Open CASCADE STEP processor 7.8','FreeCAD','Unknown');
FILE_SCHEMA(('AUTOMOTIVE_DESIGN { 1 0 10303 214 1 1 1 1 }'));
ENDSEC;
DATA;
#1 = APPLICATION_PROTOCOL_DEFINITION('international standard',
  'automotive_design',2000,#2);
#2 = APPLICATION_CONTEXT(
  'core data for automotive mechanical design processes');
#3 = SHAPE_DEFINITION_REPRESENTATION(#4,#10);
#4 = PRODUCT_DEFINITION_SHAPE('','',#5);
#5 = PRODUCT_DEFINITION('design','',#6,#9);
#6 = PRODUCT_DEFINITION_FORMATION('','',#7);
#7 = PRODUCT('Silicone Buttons','Silicone Buttons','',(#8));
#8 = PRODUCT_CONTEXT('',#2,'mechanical');
#9 = PRODUCT_DEFINITION_CONTEXT('part definition',#2,'design');
#10 = ADVANCED_BREP_SHAPE_REPRESENTATION('',(#11,#15),#4064);
#11 = AXIS2_PLACEMENT_3D('',#12,#13,#14);
#12 = CARTESIAN_POINT('',(0.,0.,0.));
#13 = DIRECTION('',(0.,0.,1.));
#14 = DIRECTION('',(1.,0.,-0.));
#15 = MANIFOLD_SOLID_BREP('',#16);
#16 = CLOSED_SHELL('',(#17,#282,#313,#338,#363,#387,#411,#429,#461,#485,
    #510,#534,#558,#610,#641,#665,#682,#713,#737,#761,#778,#803,#828,
    #853,#884,#909,#934,#958,#982,#1000,#1031,#1056,#1081,#1105,#1129,
    #1147,#1270,#1280,#1292,#1317,#1342,#1373,#1398,#1423,#1447,#1471,
    #1489,#1522,#1548,#1574,#1599,#1624,#1642,#1684,#1708,#1732,#1756,
    #1780,#1804,#1829,#1853,#1878,#1902,#1919,#1945,#1971,#2004,#2030,
    #2056,#2081,#2106,#2124,#2164,#2312,#2419,#2478,#2518,#2549,#2573,
    #2590,#2615,#2647,#2671,#2695,#2720,#2745,#2762,#2787,#2819,#2843,
    #2867,#2892,#2917,#2934,#2965,#2989,#3013,#3037,#3061,#3085,#3109,
    #3133,#3157,#3181,#3205,#3222,#3253,#3277,#3301,#3325,#3349,#3366,
    #3397,#3421,#3438,#3449,#3474,#3506,#3530,#3554,#3579,#3604,#3621,
    #3646,#3678,#3702,#3726,#3751,#3776,#3793,#3813,#3827,#3838,#3858,
    #3883,#3903,#3928,#3953,#3978,#4003,#4028,#4037,#4046,#4055));
#17 = ADVANCED_FACE('',(#18,#71,#157,#191,#202,#213,#224),#277,.F.);
#18 = FACE_BOUND('',#19,.F.);
#19 = EDGE_LOOP('',(#20,#30,#39,#47,#56,#64));
#20 = ORIENTED_EDGE('',*,*,#21,.F.);
#21 = EDGE_CURVE('',#22,#24,#26,.T.);
#22 = VERTEX_POINT('',#23);
#23 = CARTESIAN_POINT('',(-57.81,4.407562943531,13.482963793358));
#24 = VERTEX_POINT('',#25);
#25 = CARTESIAN_POINT('',(-57.81,1.754526274029,16.457917586649));
#26 = LINE('',#27,#28);
#27 = CARTESIAN_POINT('',(-57.81,4.407562943531,13.482963793358));
#28 = VECTOR('',#29,1.);
#29 = DIRECTION('',(0.,-0.665572858913,0.746332881145));
#30 = ORIENTED_EDGE('',*,*,#31,.F.);
#31 = EDGE_CURVE('',#32,#22,#34,.T.);
#32 = VERTEX_POINT('',#33);
#33 = CARTESIAN_POINT('',(-57.81,3.164350380986,10.7));
#34 = CIRCLE('',#35,1.670001267707);
#35 = AXIS2_PLACEMENT_3D('',#36,#37,#38);
#36 = CARTESIAN_POINT('',(-57.81,3.162486643045,12.37));
#37 = DIRECTION('',(1.,-0.,0.));
#38 = DIRECTION('',(0.,1.360391398745E-03,-0.999999074667));
#39 = ORIENTED_EDGE('',*,*,#40,.F.);
#40 = EDGE_CURVE('',#41,#32,#43,.T.);
#41 = VERTEX_POINT('',#42);
#42 = CARTESIAN_POINT('',(-57.81,-2.166057736434,10.7000002776));
#43 = LINE('',#44,#45);
#44 = CARTESIAN_POINT('',(-57.81,-2.165649619014,10.7));
#45 = VECTOR('',#46,1.);
#46 = DIRECTION('',(0.,1.,0.));
#47 = ORIENTED_EDGE('',*,*,#48,.F.);
#48 = EDGE_CURVE('',#49,#41,#51,.T.);
#49 = VERTEX_POINT('',#50);
#50 = CARTESIAN_POINT('',(-57.81,-3.408302399984,13.483589732649));
#51 = CIRCLE('',#52,1.670001267707);
#52 = AXIS2_PLACEMENT_3D('',#53,#54,#55);
#53 = CARTESIAN_POINT('',(-57.81,-2.163785881074,12.37));
#54 = DIRECTION('',(1.,0.,0.));
#55 = DIRECTION('',(0.,-0.745383546934,0.666635858592));
#56 = ORIENTED_EDGE('',*,*,#57,.F.);
#57 = EDGE_CURVE('',#58,#49,#60,.T.);
#58 = VERTEX_POINT('',#59);
#59 = CARTESIAN_POINT('',(-57.81,-0.734877080423,16.464566797639));
#60 = LINE('',#61,#62);
#61 = CARTESIAN_POINT('',(-57.81,-0.735152451309,16.46426017194));
#62 = VECTOR('',#63,1.);
#63 = DIRECTION('',(0.,-0.667659204264,-0.744467048943));
#64 = ORIENTED_EDGE('',*,*,#65,.F.);
#65 = EDGE_CURVE('',#24,#58,#66,.T.);
#66 = CIRCLE('',#67,1.670001267707);
#67 = AXIS2_PLACEMENT_3D('',#68,#69,#70);
#68 = CARTESIAN_POINT('',(-57.81,0.506850935983,15.34786819577));
#69 = DIRECTION('',(1.,0.,-0.));
#70 = DIRECTION('',(0.,0.747280676182,0.664508533433));
#71 = FACE_BOUND('',#72,.F.);
#72 = EDGE_LOOP('',(#73,#84,#92,#100,#108,#117,#126,#134,#142,#151));
#73 = ORIENTED_EDGE('',*,*,#74,.F.);
#74 = EDGE_CURVE('',#75,#77,#79,.T.);
#75 = VERTEX_POINT('',#76);
#76 = CARTESIAN_POINT('',(-57.81,-7.3752,-2.7808));
#77 = VERTEX_POINT('',#78);
#78 = CARTESIAN_POINT('',(-57.81,-9.8752,-0.2808));
#79 = CIRCLE('',#80,2.5);
#80 = AXIS2_PLACEMENT_3D('',#81,#82,#83);
#81 = CARTESIAN_POINT('',(-57.81,-7.3752,-0.2808));
#82 = DIRECTION('',(-1.,0.,0.));
#83 = DIRECTION('',(0.,0.,1.));
#84 = ORIENTED_EDGE('',*,*,#85,.F.);
#85 = EDGE_CURVE('',#86,#75,#88,.T.);
#86 = VERTEX_POINT('',#87);
#87 = CARTESIAN_POINT('',(-57.81,10.809999999955,-2.7808));
#88 = LINE('',#89,#90);
#89 = CARTESIAN_POINT('',(-57.81,10.809999999955,-2.7808));
#90 = VECTOR('',#91,1.);
#91 = DIRECTION('',(0.,-1.,2.6E-16));
#92 = ORIENTED_EDGE('',*,*,#93,.T.);
#93 = EDGE_CURVE('',#86,#94,#96,.T.);
#94 = VERTEX_POINT('',#95);
#95 = CARTESIAN_POINT('',(-57.81,10.809999999955,12.35656547042));
#96 = LINE('',#97,#98);
#97 = CARTESIAN_POINT('',(-57.81,10.809999999955,-2.7808));
#98 = VECTOR('',#99,1.);
#99 = DIRECTION('',(0.,0.,1.));
#100 = ORIENTED_EDGE('',*,*,#101,.T.);
#101 = EDGE_CURVE('',#94,#102,#104,.T.);
#102 = VERTEX_POINT('',#103);
#103 = CARTESIAN_POINT('',(-57.81,8.759999999951,12.35656547042));
#104 = LINE('',#105,#106);
#105 = CARTESIAN_POINT('',(-57.81,10.809999999955,12.35656547042));
#106 = VECTOR('',#107,1.);
#107 = DIRECTION('',(0.,-1.,0.));
#108 = ORIENTED_EDGE('',*,*,#109,.F.);
#109 = EDGE_CURVE('',#110,#102,#112,.T.);
#110 = VERTEX_POINT('',#111);
#111 = CARTESIAN_POINT('',(-57.81,8.639999999955,12.35656547042));
#112 = CIRCLE('',#113,2.544142135624);
#113 = AXIS2_PLACEMENT_3D('',#114,#115,#116);
#114 = CARTESIAN_POINT('',(-57.81,8.699999999953,14.9));
#115 = DIRECTION('',(1.,0.,0.));
#116 = DIRECTION('',(0.,1.,0.));
#117 = ORIENTED_EDGE('',*,*,#118,.F.);
#118 = EDGE_CURVE('',#119,#110,#121,.T.);
#119 = VERTEX_POINT('',#120);
#120 = CARTESIAN_POINT('',(-57.81,6.15585786433,14.9));
#121 = CIRCLE('',#122,2.544142135624);
#122 = AXIS2_PLACEMENT_3D('',#123,#124,#125);
#123 = CARTESIAN_POINT('',(-57.81,8.699999999953,14.9));
#124 = DIRECTION('',(1.,0.,0.));
#125 = DIRECTION('',(0.,1.,0.));
#126 = ORIENTED_EDGE('',*,*,#127,.T.);
#127 = EDGE_CURVE('',#119,#128,#130,.T.);
#128 = VERTEX_POINT('',#129);
#129 = CARTESIAN_POINT('',(-57.81,6.15585786433,17.7678));
#130 = LINE('',#131,#132);
#131 = CARTESIAN_POINT('',(-57.81,6.15585786433,14.9));
#132 = VECTOR('',#133,1.);
#133 = DIRECTION('',(0.,0.,1.));
#134 = ORIENTED_EDGE('',*,*,#135,.F.);
#135 = EDGE_CURVE('',#136,#128,#138,.T.);
#136 = VERTEX_POINT('',#137);
#137 = CARTESIAN_POINT('',(-57.81,-7.3752,17.7678));
#138 = LINE('',#139,#140);
#139 = CARTESIAN_POINT('',(-57.81,-9.8752,17.7678));
#140 = VECTOR('',#141,1.);
#141 = DIRECTION('',(0.,1.,-1.7E-16));
#142 = ORIENTED_EDGE('',*,*,#143,.F.);
#143 = EDGE_CURVE('',#144,#136,#146,.T.);
#144 = VERTEX_POINT('',#145);
#145 = CARTESIAN_POINT('',(-57.81,-9.8752,15.2678));
#146 = CIRCLE('',#147,2.5);
#147 = AXIS2_PLACEMENT_3D('',#148,#149,#150);
#148 = CARTESIAN_POINT('',(-57.81,-7.3752,15.2678));
#149 = DIRECTION('',(-1.,0.,0.));
#150 = DIRECTION('',(0.,0.,1.));
#151 = ORIENTED_EDGE('',*,*,#152,.F.);
#152 = EDGE_CURVE('',#77,#144,#153,.T.);
#153 = LINE('',#154,#155);
#154 = CARTESIAN_POINT('',(-57.81,-9.8752,-2.7808));
#155 = VECTOR('',#156,1.);
#156 = DIRECTION('',(0.,0.,1.));
#157 = FACE_BOUND('',#158,.F.);
#158 = EDGE_LOOP('',(#159,#169,#177,#185));
#159 = ORIENTED_EDGE('',*,*,#160,.T.);
#160 = EDGE_CURVE('',#161,#163,#165,.T.);
#161 = VERTEX_POINT('',#162);
#162 = CARTESIAN_POINT('',(-57.81,5.44,0.87));
#163 = VERTEX_POINT('',#164);
#164 = CARTESIAN_POINT('',(-57.81,10.18,0.87));
#165 = LINE('',#166,#167);
#166 = CARTESIAN_POINT('',(-57.81,5.44,0.87));
#167 = VECTOR('',#168,1.);
#168 = DIRECTION('',(0.,1.,0.));
#169 = ORIENTED_EDGE('',*,*,#170,.T.);
#170 = EDGE_CURVE('',#163,#171,#173,.T.);
#171 = VERTEX_POINT('',#172);
#172 = CARTESIAN_POINT('',(-57.81,10.18,-1.17));
#173 = LINE('',#174,#175);
#174 = CARTESIAN_POINT('',(-57.81,10.18,0.87));
#175 = VECTOR('',#176,1.);
#176 = DIRECTION('',(0.,0.,-1.));
#177 = ORIENTED_EDGE('',*,*,#178,.T.);
#178 = EDGE_CURVE('',#171,#179,#181,.T.);
#179 = VERTEX_POINT('',#180);
#180 = CARTESIAN_POINT('',(-57.81,5.44,-1.17));
#181 = LINE('',#182,#183);
#182 = CARTESIAN_POINT('',(-57.81,10.18,-1.17));
#183 = VECTOR('',#184,1.);
#184 = DIRECTION('',(0.,-1.,0.));
#185 = ORIENTED_EDGE('',*,*,#186,.T.);
#186 = EDGE_CURVE('',#179,#161,#187,.T.);
#187 = LINE('',#188,#189);
#188 = CARTESIAN_POINT('',(-57.81,5.44,-1.17));
#189 = VECTOR('',#190,1.);
#190 = DIRECTION('',(0.,0.,1.));
#191 = FACE_BOUND('',#192,.F.);
#192 = EDGE_LOOP('',(#193));
#193 = ORIENTED_EDGE('',*,*,#194,.F.);
#194 = EDGE_CURVE('',#195,#195,#197,.T.);
#195 = VERTEX_POINT('',#196);
#196 = CARTESIAN_POINT('',(-57.81,-4.508770613634,8.940000000001E-02));
#197 = CIRCLE('',#198,2.547029386366);
#198 = AXIS2_PLACEMENT_3D('',#199,#200,#201);
#199 = CARTESIAN_POINT('',(-57.81,-7.0558,8.94E-02));
#200 = DIRECTION('',(1.,0.,0.));
#201 = DIRECTION('',(0.,1.,0.));
#202 = FACE_BOUND('',#203,.F.);
#203 = EDGE_LOOP('',(#204));
#204 = ORIENTED_EDGE('',*,*,#205,.T.);
#205 = EDGE_CURVE('',#206,#206,#208,.T.);
#206 = VERTEX_POINT('',#207);
#207 = CARTESIAN_POINT('',(-57.81,3.24,7.49));
#208 = CIRCLE('',#209,3.77);
#209 = AXIS2_PLACEMENT_3D('',#210,#211,#212);
#210 = CARTESIAN_POINT('',(-57.81,7.01,7.49));
#211 = DIRECTION('',(-1.,0.,0.));
#212 = DIRECTION('',(0.,-1.,0.));
#213 = FACE_BOUND('',#214,.F.);
#214 = EDGE_LOOP('',(#215));
#215 = ORIENTED_EDGE('',*,*,#216,.T.);
#216 = EDGE_CURVE('',#217,#217,#219,.T.);
#217 = VERTEX_POINT('',#218);
#218 = CARTESIAN_POINT('',(-57.81,-9.76,7.49));
#219 = CIRCLE('',#220,3.77);
#220 = AXIS2_PLACEMENT_3D('',#221,#222,#223);
#221 = CARTESIAN_POINT('',(-57.81,-5.99,7.49));
#222 = DIRECTION('',(-1.,0.,0.));
#223 = DIRECTION('',(0.,-1.,0.));
#224 = FACE_BOUND('',#225,.F.);
#225 = EDGE_LOOP('',(#226,#236,#245,#253,#262,#270));
#226 = ORIENTED_EDGE('',*,*,#227,.F.);
#227 = EDGE_CURVE('',#228,#230,#232,.T.);
#228 = VERTEX_POINT('',#229);
#229 = CARTESIAN_POINT('',(-57.81,3.159941535698,4.28));
#230 = VERTEX_POINT('',#231);
#231 = CARTESIAN_POINT('',(-57.81,-2.140058464299,4.28));
#232 = LINE('',#233,#234);
#233 = CARTESIAN_POINT('',(-57.81,3.159941535698,4.28));
#234 = VECTOR('',#235,1.);
#235 = DIRECTION('',(0.,-1.,0.));
#236 = ORIENTED_EDGE('',*,*,#237,.F.);
#237 = EDGE_CURVE('',#238,#228,#240,.T.);
#238 = VERTEX_POINT('',#239);
#239 = CARTESIAN_POINT('',(-57.81,4.40360600274,1.495395089111));
#240 = CIRCLE('',#241,1.670000001247);
#241 = AXIS2_PLACEMENT_3D('',#242,#243,#244);
#242 = CARTESIAN_POINT('',(-57.81,3.16,2.61));
#243 = DIRECTION('',(1.,-0.,0.));
#244 = DIRECTION('',(0.,0.744689602718,-0.667410964552));
#245 = ORIENTED_EDGE('',*,*,#246,.F.);
#246 = EDGE_CURVE('',#247,#238,#249,.T.);
#247 = VERTEX_POINT('',#248);
#248 = CARTESIAN_POINT('',(-57.81,1.753437088268,-1.460871832716));
#249 = LINE('',#250,#251);
#250 = CARTESIAN_POINT('',(-57.81,1.753446402499,-1.460861443165));
#251 = VECTOR('',#252,1.);
#252 = DIRECTION('',(0.,0.667506295401,0.744604153628));
#253 = ORIENTED_EDGE('',*,*,#254,.F.);
#254 = EDGE_CURVE('',#255,#247,#257,.T.);
#255 = VERTEX_POINT('',#256);
#256 = CARTESIAN_POINT('',(-57.81,-0.733527959096,-1.460770467024));
#257 = CIRCLE('',#258,1.670000001247);
#258 = AXIS2_PLACEMENT_3D('',#259,#260,#261);
#259 = CARTESIAN_POINT('',(-57.81,0.51,-0.346078483397));
#260 = DIRECTION('',(1.,0.,0.));
#261 = DIRECTION('',(0.,-0.744632636913,-0.667474520895));
#262 = ORIENTED_EDGE('',*,*,#263,.F.);
#263 = EDGE_CURVE('',#264,#255,#266,.T.);
#264 = VERTEX_POINT('',#265);
#265 = CARTESIAN_POINT('',(-57.81,-3.383536504581,1.495317549281));
#266 = LINE('',#267,#268);
#267 = CARTESIAN_POINT('',(-57.81,-3.383527959103,1.495308016379));
#268 = VECTOR('',#269,1.);
#269 = DIRECTION('',(0.,0.667506297229,-0.744604151989));
#270 = ORIENTED_EDGE('',*,*,#271,.F.);
#271 = EDGE_CURVE('',#230,#264,#272,.T.);
#272 = CIRCLE('',#273,1.670000001247);
#273 = AXIS2_PLACEMENT_3D('',#274,#275,#276);
#274 = CARTESIAN_POINT('',(-57.81,-2.14,2.61));
#275 = DIRECTION('',(1.,0.,0.));
#276 = DIRECTION('',(0.,-4.267467065209E-05,0.999999999089));
#277 = PLANE('',#278);
#278 = AXIS2_PLACEMENT_3D('',#279,#280,#281);
#279 = CARTESIAN_POINT('',(-57.81,9.003198172992E-02,7.16625279045));
#280 = DIRECTION('',(1.,0.,0.));
#281 = DIRECTION('',(0.,0.,1.));
#282 = ADVANCED_FACE('',(#283),#308,.T.);
#283 = FACE_BOUND('',#284,.F.);
#284 = EDGE_LOOP('',(#285,#293,#294,#302));
#285 = ORIENTED_EDGE('',*,*,#286,.F.);
#286 = EDGE_CURVE('',#22,#287,#289,.T.);
#287 = VERTEX_POINT('',#288);
#288 = CARTESIAN_POINT('',(-58.11,4.183663079188,13.283291935684));
#289 = LINE('',#290,#291);
#290 = CARTESIAN_POINT('',(-57.96,4.295613011359,13.383127864521));
#291 = VECTOR('',#292,1.);
#292 = DIRECTION('',(-0.707106781187,-0.52773704128,-0.470631081911));
#293 = ORIENTED_EDGE('',*,*,#21,.T.);
#294 = ORIENTED_EDGE('',*,*,#295,.T.);
#295 = EDGE_CURVE('',#24,#296,#298,.T.);
#296 = VERTEX_POINT('',#297);
#297 = CARTESIAN_POINT('',(-58.11,1.530626409686,16.258245728975));
#298 = LINE('',#299,#300);
#299 = CARTESIAN_POINT('',(-57.96,1.642576341857,16.358081657812));
#300 = VECTOR('',#301,1.);
#301 = DIRECTION('',(-0.707106781187,-0.52773704128,-0.470631081911));
#302 = ORIENTED_EDGE('',*,*,#303,.F.);
#303 = EDGE_CURVE('',#287,#296,#304,.T.);
#304 = LINE('',#305,#306);
#305 = CARTESIAN_POINT('',(-58.11,4.183663079188,13.283291935684));
#306 = VECTOR('',#307,1.);
#307 = DIRECTION('',(0.,-0.665572858913,0.746332881145));
#308 = PLANE('',#309);
#309 = AXIS2_PLACEMENT_3D('',#310,#311,#312);
#310 = CARTESIAN_POINT('',(-57.96,4.295613011359,13.383127864521));
#311 = DIRECTION('',(-0.707106781187,0.52773704128,0.470631081911));
#312 = DIRECTION('',(1.0107811239E-16,0.665572858913,-0.746332881145));
#313 = ADVANCED_FACE('',(#314),#333,.T.);
#314 = FACE_BOUND('',#315,.F.);
#315 = EDGE_LOOP('',(#316,#324,#325,#326));
#316 = ORIENTED_EDGE('',*,*,#317,.F.);
#317 = EDGE_CURVE('',#32,#318,#320,.T.);
#318 = VERTEX_POINT('',#319);
#319 = CARTESIAN_POINT('',(-58.11,3.164350380986,11.));
#320 = LINE('',#321,#322);
#321 = CARTESIAN_POINT('',(-57.96,3.164350380986,10.85));
#322 = VECTOR('',#323,1.);
#323 = DIRECTION('',(-0.707106781187,1.476145395785E-35,0.707106781187)
  );
#324 = ORIENTED_EDGE('',*,*,#31,.T.);
#325 = ORIENTED_EDGE('',*,*,#286,.T.);
#326 = ORIENTED_EDGE('',*,*,#327,.F.);
#327 = EDGE_CURVE('',#318,#287,#328,.T.);
#328 = CIRCLE('',#329,1.370001267707);
#329 = AXIS2_PLACEMENT_3D('',#330,#331,#332);
#330 = CARTESIAN_POINT('',(-58.11,3.162486643045,12.37));
#331 = DIRECTION('',(1.,-0.,0.));
#332 = DIRECTION('',(0.,1.360391398745E-03,-0.999999074667));
#333 = CONICAL_SURFACE('',#334,1.370001267707,0.785398163397);
#334 = AXIS2_PLACEMENT_3D('',#335,#336,#337);
#335 = CARTESIAN_POINT('',(-58.11,3.162486643045,12.37));
#336 = DIRECTION('',(1.,-0.,-0.));
#337 = DIRECTION('',(0.,1.360391398745E-03,-0.999999074667));
#338 = ADVANCED_FACE('',(#339),#358,.T.);
#339 = FACE_BOUND('',#340,.F.);
#340 = EDGE_LOOP('',(#341,#342,#343,#351));
#341 = ORIENTED_EDGE('',*,*,#295,.F.);
#342 = ORIENTED_EDGE('',*,*,#65,.T.);
#343 = ORIENTED_EDGE('',*,*,#344,.T.);
#344 = EDGE_CURVE('',#58,#345,#347,.T.);
#345 = VERTEX_POINT('',#346);
#346 = CARTESIAN_POINT('',(-58.11,-0.511812336626,16.263962410661));
#347 = LINE('',#348,#349);
#348 = CARTESIAN_POINT('',(-58.11,-0.511812336626,16.263962410661));
#349 = VECTOR('',#350,1.);
#350 = DIRECTION('',(-0.707106781187,0.525768643275,-0.472829074559));
#351 = ORIENTED_EDGE('',*,*,#352,.F.);
#352 = EDGE_CURVE('',#296,#345,#353,.T.);
#353 = CIRCLE('',#354,1.370001267707);
#354 = AXIS2_PLACEMENT_3D('',#355,#356,#357);
#355 = CARTESIAN_POINT('',(-58.11,0.506850935983,15.34786819577));
#356 = DIRECTION('',(1.,0.,-0.));
#357 = DIRECTION('',(0.,0.747280676182,0.664508533433));
#358 = CONICAL_SURFACE('',#359,1.370001267707,0.785398163397);
#359 = AXIS2_PLACEMENT_3D('',#360,#361,#362);
#360 = CARTESIAN_POINT('',(-58.11,0.506850935983,15.34786819577));
#361 = DIRECTION('',(1.,-0.,-0.));
#362 = DIRECTION('',(0.,0.747280676182,0.664508533433));
#363 = ADVANCED_FACE('',(#364),#382,.T.);
#364 = FACE_BOUND('',#365,.F.);
#365 = EDGE_LOOP('',(#366,#374,#375,#376));
#366 = ORIENTED_EDGE('',*,*,#367,.F.);
#367 = EDGE_CURVE('',#41,#368,#370,.T.);
#368 = VERTEX_POINT('',#369);
#369 = CARTESIAN_POINT('',(-58.11,-2.165649619014,11.));
#370 = LINE('',#371,#372);
#371 = CARTESIAN_POINT('',(-58.11,-2.165649619014,11.));
#372 = VECTOR('',#373,1.);
#373 = DIRECTION('',(-0.707106781187,9.619419828856E-04,0.707106126877)
  );
#374 = ORIENTED_EDGE('',*,*,#40,.T.);
#375 = ORIENTED_EDGE('',*,*,#317,.T.);
#376 = ORIENTED_EDGE('',*,*,#377,.F.);
#377 = EDGE_CURVE('',#368,#318,#378,.T.);
#378 = LINE('',#379,#380);
#379 = CARTESIAN_POINT('',(-58.11,-2.165649619014,11.));
#380 = VECTOR('',#381,1.);
#381 = DIRECTION('',(0.,1.,0.));
#382 = PLANE('',#383);
#383 = AXIS2_PLACEMENT_3D('',#384,#385,#386);
#384 = CARTESIAN_POINT('',(-57.96,-2.165649619014,10.85));
#385 = DIRECTION('',(-0.707106781187,1.946445733015E-18,-0.707106781187)
  );
#386 = DIRECTION('',(-1.376344977026E-18,-1.,-1.376344977026E-18));
#387 = ADVANCED_FACE('',(#388),#406,.T.);
#388 = FACE_BOUND('',#389,.F.);
#389 = EDGE_LOOP('',(#390,#391,#392,#400));
#390 = ORIENTED_EDGE('',*,*,#344,.F.);
#391 = ORIENTED_EDGE('',*,*,#57,.T.);
#392 = ORIENTED_EDGE('',*,*,#393,.T.);
#393 = EDGE_CURVE('',#49,#394,#396,.T.);
#394 = VERTEX_POINT('',#395);
#395 = CARTESIAN_POINT('',(-58.11,-3.184962285301,13.28329197137));
#396 = LINE('',#397,#398);
#397 = CARTESIAN_POINT('',(-57.96,-3.296632342643,13.38344085201));
#398 = VECTOR('',#399,1.);
#399 = DIRECTION('',(-0.707106781187,0.526417698677,-0.472106350857));
#400 = ORIENTED_EDGE('',*,*,#401,.F.);
#401 = EDGE_CURVE('',#345,#394,#402,.T.);
#402 = LINE('',#403,#404);
#403 = CARTESIAN_POINT('',(-58.11,-0.511812336626,16.263962410661));
#404 = VECTOR('',#405,1.);
#405 = DIRECTION('',(0.,-0.667659204264,-0.744467048943));
#406 = PLANE('',#407);
#407 = AXIS2_PLACEMENT_3D('',#408,#409,#410);
#408 = CARTESIAN_POINT('',(-57.96,-0.623482393967,16.3641112913));
#409 = DIRECTION('',(-0.707106781187,-0.526417698677,0.472106350857));
#410 = DIRECTION('',(1.171732391114E-16,0.667659204264,0.744467048943));
#411 = ADVANCED_FACE('',(#412),#424,.T.);
#412 = FACE_BOUND('',#413,.F.);
#413 = EDGE_LOOP('',(#414,#415,#416,#417));
#414 = ORIENTED_EDGE('',*,*,#393,.F.);
#415 = ORIENTED_EDGE('',*,*,#48,.T.);
#416 = ORIENTED_EDGE('',*,*,#367,.T.);
#417 = ORIENTED_EDGE('',*,*,#418,.F.);
#418 = EDGE_CURVE('',#394,#368,#419,.T.);
#419 = CIRCLE('',#420,1.370001267707);
#420 = AXIS2_PLACEMENT_3D('',#421,#422,#423);
#421 = CARTESIAN_POINT('',(-58.11,-2.163785881074,12.37));
#422 = DIRECTION('',(1.,0.,0.));
#423 = DIRECTION('',(0.,-0.745383546934,0.666635858592));
#424 = CONICAL_SURFACE('',#425,1.370001267707,0.785398163397);
#425 = AXIS2_PLACEMENT_3D('',#426,#427,#428);
#426 = CARTESIAN_POINT('',(-58.11,-2.163785881074,12.37));
#427 = DIRECTION('',(1.,-0.,-0.));
#428 = DIRECTION('',(0.,-0.745383546934,0.666635858592));
#429 = ADVANCED_FACE('',(#430),#456,.T.);
#430 = FACE_BOUND('',#431,.F.);
#431 = EDGE_LOOP('',(#432,#433,#441,#450));
#432 = ORIENTED_EDGE('',*,*,#74,.T.);
#433 = ORIENTED_EDGE('',*,*,#434,.T.);
#434 = EDGE_CURVE('',#77,#435,#437,.T.);
#435 = VERTEX_POINT('',#436);
#436 = CARTESIAN_POINT('',(-57.25,-9.8752,-0.2808));
#437 = LINE('',#438,#439);
#438 = CARTESIAN_POINT('',(-57.81,-9.8752,-0.2808));
#439 = VECTOR('',#440,1.);
#440 = DIRECTION('',(1.,0.,0.));
#441 = ORIENTED_EDGE('',*,*,#442,.F.);
#442 = EDGE_CURVE('',#443,#435,#445,.T.);
#443 = VERTEX_POINT('',#444);
#444 = CARTESIAN_POINT('',(-57.25,-7.3752,-2.7808));
#445 = CIRCLE('',#446,2.5);
#446 = AXIS2_PLACEMENT_3D('',#447,#448,#449);
#447 = CARTESIAN_POINT('',(-57.25,-7.3752,-0.2808));
#448 = DIRECTION('',(-1.,0.,0.));
#449 = DIRECTION('',(0.,0.,1.));
#450 = ORIENTED_EDGE('',*,*,#451,.F.);
#451 = EDGE_CURVE('',#75,#443,#452,.T.);
#452 = LINE('',#453,#454);
#453 = CARTESIAN_POINT('',(-57.81,-7.3752,-2.7808));
#454 = VECTOR('',#455,1.);
#455 = DIRECTION('',(1.,0.,0.));
#456 = CYLINDRICAL_SURFACE('',#457,2.5);
#457 = AXIS2_PLACEMENT_3D('',#458,#459,#460);
#458 = CARTESIAN_POINT('',(-57.81,-7.3752,-0.2808));
#459 = DIRECTION('',(1.,0.,0.));
#460 = DIRECTION('',(0.,-2.6E-16,-1.));
#461 = ADVANCED_FACE('',(#462),#480,.T.);
#462 = FACE_BOUND('',#463,.T.);
#463 = EDGE_LOOP('',(#464,#465,#466,#474));
#464 = ORIENTED_EDGE('',*,*,#152,.F.);
#465 = ORIENTED_EDGE('',*,*,#434,.T.);
#466 = ORIENTED_EDGE('',*,*,#467,.T.);
#467 = EDGE_CURVE('',#435,#468,#470,.T.);
#468 = VERTEX_POINT('',#469);
#469 = CARTESIAN_POINT('',(-57.25,-9.8752,15.2678));
#470 = LINE('',#471,#472);
#471 = CARTESIAN_POINT('',(-57.25,-9.8752,28.3596));
#472 = VECTOR('',#473,1.);
#473 = DIRECTION('',(0.,0.,1.));
#474 = ORIENTED_EDGE('',*,*,#475,.F.);
#475 = EDGE_CURVE('',#144,#468,#476,.T.);
#476 = LINE('',#477,#478);
#477 = CARTESIAN_POINT('',(-57.81,-9.8752,15.2678));
#478 = VECTOR('',#479,1.);
#479 = DIRECTION('',(1.,0.,0.));
#480 = PLANE('',#481);
#481 = AXIS2_PLACEMENT_3D('',#482,#483,#484);
#482 = CARTESIAN_POINT('',(-57.81,-9.8752,-2.7808));
#483 = DIRECTION('',(0.,-1.,0.));
#484 = DIRECTION('',(0.,0.,1.));
#485 = ADVANCED_FACE('',(#486),#505,.T.);
#486 = FACE_BOUND('',#487,.F.);
#487 = EDGE_LOOP('',(#488,#489,#497,#504));
#488 = ORIENTED_EDGE('',*,*,#143,.T.);
#489 = ORIENTED_EDGE('',*,*,#490,.T.);
#490 = EDGE_CURVE('',#136,#491,#493,.T.);
#491 = VERTEX_POINT('',#492);
#492 = CARTESIAN_POINT('',(-57.25,-7.3752,17.7678));
#493 = LINE('',#494,#495);
#494 = CARTESIAN_POINT('',(-57.81,-7.3752,17.7678));
#495 = VECTOR('',#496,1.);
#496 = DIRECTION('',(1.,0.,0.));
#497 = ORIENTED_EDGE('',*,*,#498,.F.);
#498 = EDGE_CURVE('',#468,#491,#499,.T.);
#499 = CIRCLE('',#500,2.5);
#500 = AXIS2_PLACEMENT_3D('',#501,#502,#503);
#501 = CARTESIAN_POINT('',(-57.25,-7.3752,15.2678));
#502 = DIRECTION('',(-1.,0.,0.));
#503 = DIRECTION('',(0.,0.,1.));
#504 = ORIENTED_EDGE('',*,*,#475,.F.);
#505 = CYLINDRICAL_SURFACE('',#506,2.5);
#506 = AXIS2_PLACEMENT_3D('',#507,#508,#509);
#507 = CARTESIAN_POINT('',(-57.81,-7.3752,15.2678));
#508 = DIRECTION('',(1.,0.,0.));
#509 = DIRECTION('',(0.,-1.,0.));
#510 = ADVANCED_FACE('',(#511),#529,.T.);
#511 = FACE_BOUND('',#512,.T.);
#512 = EDGE_LOOP('',(#513,#514,#515,#523));
#513 = ORIENTED_EDGE('',*,*,#135,.F.);
#514 = ORIENTED_EDGE('',*,*,#490,.T.);
#515 = ORIENTED_EDGE('',*,*,#516,.T.);
#516 = EDGE_CURVE('',#491,#517,#519,.T.);
#517 = VERTEX_POINT('',#518);
#518 = CARTESIAN_POINT('',(-57.25,6.15585786433,17.7678));
#519 = LINE('',#520,#521);
#520 = CARTESIAN_POINT('',(-57.25,-77.3376,17.7678));
#521 = VECTOR('',#522,1.);
#522 = DIRECTION('',(2.2E-16,1.,-1.7E-16));
#523 = ORIENTED_EDGE('',*,*,#524,.F.);
#524 = EDGE_CURVE('',#128,#517,#525,.T.);
#525 = LINE('',#526,#527);
#526 = CARTESIAN_POINT('',(-57.81,6.15585786433,17.7678));
#527 = VECTOR('',#528,1.);
#528 = DIRECTION('',(1.,0.,0.));
#529 = PLANE('',#530);
#530 = AXIS2_PLACEMENT_3D('',#531,#532,#533);
#531 = CARTESIAN_POINT('',(-57.81,-9.8752,17.7678));
#532 = DIRECTION('',(0.,1.7E-16,1.));
#533 = DIRECTION('',(0.,1.,-1.7E-16));
#534 = ADVANCED_FACE('',(#535),#553,.T.);
#535 = FACE_BOUND('',#536,.T.);
#536 = EDGE_LOOP('',(#537,#538,#539,#547));
#537 = ORIENTED_EDGE('',*,*,#127,.T.);
#538 = ORIENTED_EDGE('',*,*,#524,.T.);
#539 = ORIENTED_EDGE('',*,*,#540,.F.);
#540 = EDGE_CURVE('',#541,#517,#543,.T.);
#541 = VERTEX_POINT('',#542);
#542 = CARTESIAN_POINT('',(-57.25,6.15585786433,14.89998943353));
#543 = LINE('',#544,#545);
#544 = CARTESIAN_POINT('',(-57.25,6.15585786433,37.2));
#545 = VECTOR('',#546,1.);
#546 = DIRECTION('',(0.,0.,1.));
#547 = ORIENTED_EDGE('',*,*,#548,.F.);
#548 = EDGE_CURVE('',#119,#541,#549,.T.);
#549 = LINE('',#550,#551);
#550 = CARTESIAN_POINT('',(-57.81,6.15585786433,14.9));
#551 = VECTOR('',#552,1.);
#552 = DIRECTION('',(1.,0.,0.));
#553 = PLANE('',#554);
#554 = AXIS2_PLACEMENT_3D('',#555,#556,#557);
#555 = CARTESIAN_POINT('',(-57.53,6.15585786433,16.3339));
#556 = DIRECTION('',(-1.109E-14,1.,0.));
#557 = DIRECTION('',(1.,1.109E-14,0.));
#558 = ADVANCED_FACE('',(#559),#605,.F.);
#559 = FACE_BOUND('',#560,.T.);
#560 = EDGE_LOOP('',(#561,#572,#580,#589,#595,#596,#597,#598));
#561 = ORIENTED_EDGE('',*,*,#562,.F.);
#562 = EDGE_CURVE('',#563,#565,#567,.T.);
#563 = VERTEX_POINT('',#564);
#564 = CARTESIAN_POINT('',(-57.25,8.639999999955,12.35656547042));
#565 = VERTEX_POINT('',#566);
#566 = CARTESIAN_POINT('',(-57.25,8.637120726564,12.35656547042));
#567 = CIRCLE('',#568,2.544142135624);
#568 = AXIS2_PLACEMENT_3D('',#569,#570,#571);
#569 = CARTESIAN_POINT('',(-57.25,8.699999999953,14.9));
#570 = DIRECTION('',(-1.,0.,0.));
#571 = DIRECTION('',(0.,1.,0.));
#572 = ORIENTED_EDGE('',*,*,#573,.T.);
#573 = EDGE_CURVE('',#563,#574,#576,.T.);
#574 = VERTEX_POINT('',#575);
#575 = CARTESIAN_POINT('',(-57.5,8.639999999955,12.35656547042));
#576 = LINE('',#577,#578);
#577 = CARTESIAN_POINT('',(-57.81,8.639999999955,12.35656547042));
#578 = VECTOR('',#579,1.);
#579 = DIRECTION('',(-1.,-0.,-0.));
#580 = ORIENTED_EDGE('',*,*,#581,.F.);
#581 = EDGE_CURVE('',#582,#574,#584,.T.);
#582 = VERTEX_POINT('',#583);
#583 = CARTESIAN_POINT('',(-57.5,8.759999999951,12.35656547042));
#584 = CIRCLE('',#585,2.544142135624);
#585 = AXIS2_PLACEMENT_3D('',#586,#587,#588);
#586 = CARTESIAN_POINT('',(-57.5,8.699999999953,14.9));
#587 = DIRECTION('',(-1.,0.,0.));
#588 = DIRECTION('',(0.,1.,0.));
#589 = ORIENTED_EDGE('',*,*,#590,.T.);
#590 = EDGE_CURVE('',#582,#102,#591,.T.);
#591 = LINE('',#592,#593);
#592 = CARTESIAN_POINT('',(-57.81,8.759999999951,12.35656547042));
#593 = VECTOR('',#594,1.);
#594 = DIRECTION('',(-1.,-0.,-0.));
#595 = ORIENTED_EDGE('',*,*,#109,.F.);
#596 = ORIENTED_EDGE('',*,*,#118,.F.);
#597 = ORIENTED_EDGE('',*,*,#548,.T.);
#598 = ORIENTED_EDGE('',*,*,#599,.F.);
#599 = EDGE_CURVE('',#565,#541,#600,.T.);
#600 = CIRCLE('',#601,2.544142135624);
#601 = AXIS2_PLACEMENT_3D('',#602,#603,#604);
#602 = CARTESIAN_POINT('',(-57.25,8.699999999953,14.9));
#603 = DIRECTION('',(-1.,0.,0.));
#604 = DIRECTION('',(0.,1.,0.));
#605 = CYLINDRICAL_SURFACE('',#606,2.544142135624);
#606 = AXIS2_PLACEMENT_3D('',#607,#608,#609);
#607 = CARTESIAN_POINT('',(-57.81,8.699999999953,14.9));
#608 = DIRECTION('',(-1.,-0.,-0.));
#609 = DIRECTION('',(0.,1.,0.));
#610 = ADVANCED_FACE('',(#611),#636,.T.);
#611 = FACE_BOUND('',#612,.T.);
#612 = EDGE_LOOP('',(#613,#614,#615,#621,#622,#630));
#613 = ORIENTED_EDGE('',*,*,#101,.T.);
#614 = ORIENTED_EDGE('',*,*,#590,.F.);
#615 = ORIENTED_EDGE('',*,*,#616,.T.);
#616 = EDGE_CURVE('',#582,#574,#617,.T.);
#617 = LINE('',#618,#619);
#618 = CARTESIAN_POINT('',(-57.5,10.559999999955,12.35656547042));
#619 = VECTOR('',#620,1.);
#620 = DIRECTION('',(0.,-1.,0.));
#621 = ORIENTED_EDGE('',*,*,#573,.F.);
#622 = ORIENTED_EDGE('',*,*,#623,.F.);
#623 = EDGE_CURVE('',#624,#563,#626,.T.);
#624 = VERTEX_POINT('',#625);
#625 = CARTESIAN_POINT('',(-57.25,10.809999999955,12.35656547042));
#626 = LINE('',#627,#628);
#627 = CARTESIAN_POINT('',(-57.25,5.559385526653,12.35656547042));
#628 = VECTOR('',#629,1.);
#629 = DIRECTION('',(0.,-1.,0.));
#630 = ORIENTED_EDGE('',*,*,#631,.F.);
#631 = EDGE_CURVE('',#94,#624,#632,.T.);
#632 = LINE('',#633,#634);
#633 = CARTESIAN_POINT('',(-57.81,10.809999999955,12.35656547042));
#634 = VECTOR('',#635,1.);
#635 = DIRECTION('',(1.,0.,0.));
#636 = PLANE('',#637);
#637 = AXIS2_PLACEMENT_3D('',#638,#639,#640);
#638 = CARTESIAN_POINT('',(-57.52318681318,9.731813186768,12.35656547042
    ));
#639 = DIRECTION('',(0.,0.,1.));
#640 = DIRECTION('',(1.,0.,0.));
#641 = ADVANCED_FACE('',(#642),#660,.F.);
#642 = FACE_BOUND('',#643,.F.);
#643 = EDGE_LOOP('',(#644,#645,#653,#659));
#644 = ORIENTED_EDGE('',*,*,#93,.F.);
#645 = ORIENTED_EDGE('',*,*,#646,.T.);
#646 = EDGE_CURVE('',#86,#647,#649,.T.);
#647 = VERTEX_POINT('',#648);
#648 = CARTESIAN_POINT('',(-57.25,10.809999999955,-2.7808));
#649 = LINE('',#650,#651);
#650 = CARTESIAN_POINT('',(-57.81,10.809999999955,-2.7808));
#651 = VECTOR('',#652,1.);
#652 = DIRECTION('',(1.,0.,0.));
#653 = ORIENTED_EDGE('',*,*,#654,.T.);
#654 = EDGE_CURVE('',#647,#624,#655,.T.);
#655 = LINE('',#656,#657);
#656 = CARTESIAN_POINT('',(-57.25,10.809999999955,28.3596));
#657 = VECTOR('',#658,1.);
#658 = DIRECTION('',(0.,0.,1.));
#659 = ORIENTED_EDGE('',*,*,#631,.F.);
#660 = PLANE('',#661);
#661 = AXIS2_PLACEMENT_3D('',#662,#663,#664);
#662 = CARTESIAN_POINT('',(-57.81,10.809999999955,-2.7808));
#663 = DIRECTION('',(0.,-1.,0.));
#664 = DIRECTION('',(0.,0.,1.));
#665 = ADVANCED_FACE('',(#666),#677,.T.);
#666 = FACE_BOUND('',#667,.T.);
#667 = EDGE_LOOP('',(#668,#669,#670,#676));
#668 = ORIENTED_EDGE('',*,*,#85,.F.);
#669 = ORIENTED_EDGE('',*,*,#646,.T.);
#670 = ORIENTED_EDGE('',*,*,#671,.T.);
#671 = EDGE_CURVE('',#647,#443,#672,.T.);
#672 = LINE('',#673,#674);
#673 = CARTESIAN_POINT('',(-57.25,-66.99500000002,-2.7808));
#674 = VECTOR('',#675,1.);
#675 = DIRECTION('',(-2.2E-16,-1.,2.6E-16));
#676 = ORIENTED_EDGE('',*,*,#451,.F.);
#677 = PLANE('',#678);
#678 = AXIS2_PLACEMENT_3D('',#679,#680,#681);
#679 = CARTESIAN_POINT('',(-57.81,10.809999999955,-2.7808));
#680 = DIRECTION('',(0.,-2.6E-16,-1.));
#681 = DIRECTION('',(0.,-1.,2.6E-16));
#682 = ADVANCED_FACE('',(#683),#708,.F.);
#683 = FACE_BOUND('',#684,.F.);
#684 = EDGE_LOOP('',(#685,#686,#694,#702));
#685 = ORIENTED_EDGE('',*,*,#160,.F.);
#686 = ORIENTED_EDGE('',*,*,#687,.T.);
#687 = EDGE_CURVE('',#161,#688,#690,.T.);
#688 = VERTEX_POINT('',#689);
#689 = CARTESIAN_POINT('',(-61.81,5.44,0.87));
#690 = LINE('',#691,#692);
#691 = CARTESIAN_POINT('',(-57.81,5.44,0.87));
#692 = VECTOR('',#693,1.);
#693 = DIRECTION('',(-1.,0.,0.));
#694 = ORIENTED_EDGE('',*,*,#695,.F.);
#695 = EDGE_CURVE('',#696,#688,#698,.T.);
#696 = VERTEX_POINT('',#697);
#697 = CARTESIAN_POINT('',(-61.81,10.18,0.87));
#698 = LINE('',#699,#700);
#699 = CARTESIAN_POINT('',(-61.81,2.72,0.87));
#700 = VECTOR('',#701,1.);
#701 = DIRECTION('',(0.,-1.,0.));
#702 = ORIENTED_EDGE('',*,*,#703,.F.);
#703 = EDGE_CURVE('',#163,#696,#704,.T.);
#704 = LINE('',#705,#706);
#705 = CARTESIAN_POINT('',(-57.81,10.18,0.87));
#706 = VECTOR('',#707,1.);
#707 = DIRECTION('',(-1.,0.,0.));
#708 = PLANE('',#709);
#709 = AXIS2_PLACEMENT_3D('',#710,#711,#712);
#710 = CARTESIAN_POINT('',(-57.81,5.44,0.87));
#711 = DIRECTION('',(0.,0.,-1.));
#712 = DIRECTION('',(0.,1.,0.));
#713 = ADVANCED_FACE('',(#714),#732,.F.);
#714 = FACE_BOUND('',#715,.F.);
#715 = EDGE_LOOP('',(#716,#717,#725,#731));
#716 = ORIENTED_EDGE('',*,*,#186,.F.);
#717 = ORIENTED_EDGE('',*,*,#718,.T.);
#718 = EDGE_CURVE('',#179,#719,#721,.T.);
#719 = VERTEX_POINT('',#720);
#720 = CARTESIAN_POINT('',(-61.81,5.44,-1.17));
#721 = LINE('',#722,#723);
#722 = CARTESIAN_POINT('',(-57.81,5.44,-1.17));
#723 = VECTOR('',#724,1.);
#724 = DIRECTION('',(-1.,0.,0.));
#725 = ORIENTED_EDGE('',*,*,#726,.F.);
#726 = EDGE_CURVE('',#688,#719,#727,.T.);
#727 = LINE('',#728,#729);
#728 = CARTESIAN_POINT('',(-61.81,5.44,2.7425));
#729 = VECTOR('',#730,1.);
#730 = DIRECTION('',(0.,0.,-1.));
#731 = ORIENTED_EDGE('',*,*,#687,.F.);
#732 = PLANE('',#733);
#733 = AXIS2_PLACEMENT_3D('',#734,#735,#736);
#734 = CARTESIAN_POINT('',(-57.81,5.44,-1.17));
#735 = DIRECTION('',(0.,1.,0.));
#736 = DIRECTION('',(0.,0.,1.));
#737 = ADVANCED_FACE('',(#738),#756,.F.);
#738 = FACE_BOUND('',#739,.F.);
#739 = EDGE_LOOP('',(#740,#741,#742,#750));
#740 = ORIENTED_EDGE('',*,*,#170,.F.);
#741 = ORIENTED_EDGE('',*,*,#703,.T.);
#742 = ORIENTED_EDGE('',*,*,#743,.F.);
#743 = EDGE_CURVE('',#744,#696,#746,.T.);
#744 = VERTEX_POINT('',#745);
#745 = CARTESIAN_POINT('',(-61.81,10.18,-1.17));
#746 = LINE('',#747,#748);
#747 = CARTESIAN_POINT('',(-61.81,10.18,3.7625));
#748 = VECTOR('',#749,1.);
#749 = DIRECTION('',(0.,0.,1.));
#750 = ORIENTED_EDGE('',*,*,#751,.F.);
#751 = EDGE_CURVE('',#171,#744,#752,.T.);
#752 = LINE('',#753,#754);
#753 = CARTESIAN_POINT('',(-57.81,10.18,-1.17));
#754 = VECTOR('',#755,1.);
#755 = DIRECTION('',(-1.,0.,0.));
#756 = PLANE('',#757);
#757 = AXIS2_PLACEMENT_3D('',#758,#759,#760);
#758 = CARTESIAN_POINT('',(-57.81,10.18,0.87));
#759 = DIRECTION('',(-0.,-1.,-0.));
#760 = DIRECTION('',(0.,0.,-1.));
#761 = ADVANCED_FACE('',(#762),#773,.F.);
#762 = FACE_BOUND('',#763,.F.);
#763 = EDGE_LOOP('',(#764,#765,#766,#772));
#764 = ORIENTED_EDGE('',*,*,#178,.F.);
#765 = ORIENTED_EDGE('',*,*,#751,.T.);
#766 = ORIENTED_EDGE('',*,*,#767,.F.);
#767 = EDGE_CURVE('',#719,#744,#768,.T.);
#768 = LINE('',#769,#770);
#769 = CARTESIAN_POINT('',(-61.81,5.09,-1.17));
#770 = VECTOR('',#771,1.);
#771 = DIRECTION('',(0.,1.,0.));
#772 = ORIENTED_EDGE('',*,*,#718,.F.);
#773 = PLANE('',#774);
#774 = AXIS2_PLACEMENT_3D('',#775,#776,#777);
#775 = CARTESIAN_POINT('',(-57.81,10.18,-1.17));
#776 = DIRECTION('',(0.,0.,1.));
#777 = DIRECTION('',(0.,-1.,0.));
#778 = ADVANCED_FACE('',(#779),#798,.F.);
#779 = FACE_BOUND('',#780,.T.);
#780 = EDGE_LOOP('',(#781,#782,#790,#797));
#781 = ORIENTED_EDGE('',*,*,#194,.F.);
#782 = ORIENTED_EDGE('',*,*,#783,.T.);
#783 = EDGE_CURVE('',#195,#784,#786,.T.);
#784 = VERTEX_POINT('',#785);
#785 = CARTESIAN_POINT('',(-57.25,-4.508770613634,8.940000000001E-02));
#786 = LINE('',#787,#788);
#787 = CARTESIAN_POINT('',(-57.81,-4.508770613634,8.94E-02));
#788 = VECTOR('',#789,1.);
#789 = DIRECTION('',(1.,0.,0.));
#790 = ORIENTED_EDGE('',*,*,#791,.F.);
#791 = EDGE_CURVE('',#784,#784,#792,.T.);
#792 = CIRCLE('',#793,2.547029386366);
#793 = AXIS2_PLACEMENT_3D('',#794,#795,#796);
#794 = CARTESIAN_POINT('',(-57.25,-7.0558,8.94E-02));
#795 = DIRECTION('',(-1.,0.,0.));
#796 = DIRECTION('',(0.,1.,0.));
#797 = ORIENTED_EDGE('',*,*,#783,.F.);
#798 = CYLINDRICAL_SURFACE('',#799,2.547029386366);
#799 = AXIS2_PLACEMENT_3D('',#800,#801,#802);
#800 = CARTESIAN_POINT('',(-57.81,-7.0558,8.94E-02));
#801 = DIRECTION('',(-1.,-0.,-0.));
#802 = DIRECTION('',(0.,1.,0.));
#803 = ADVANCED_FACE('',(#804),#823,.T.);
#804 = FACE_BOUND('',#805,.T.);
#805 = EDGE_LOOP('',(#806,#814,#815,#816));
#806 = ORIENTED_EDGE('',*,*,#807,.F.);
#807 = EDGE_CURVE('',#206,#808,#810,.T.);
#808 = VERTEX_POINT('',#809);
#809 = CARTESIAN_POINT('',(-58.11,3.54,7.49));
#810 = LINE('',#811,#812);
#811 = CARTESIAN_POINT('',(-58.11,3.54,7.49));
#812 = VECTOR('',#813,1.);
#813 = DIRECTION('',(-0.707106781187,0.707106781187,0.));
#814 = ORIENTED_EDGE('',*,*,#205,.T.);
#815 = ORIENTED_EDGE('',*,*,#807,.T.);
#816 = ORIENTED_EDGE('',*,*,#817,.F.);
#817 = EDGE_CURVE('',#808,#808,#818,.T.);
#818 = CIRCLE('',#819,3.47);
#819 = AXIS2_PLACEMENT_3D('',#820,#821,#822);
#820 = CARTESIAN_POINT('',(-58.11,7.01,7.49));
#821 = DIRECTION('',(-1.,0.,0.));
#822 = DIRECTION('',(0.,-1.,0.));
#823 = CONICAL_SURFACE('',#824,3.47,0.785398163397);
#824 = AXIS2_PLACEMENT_3D('',#825,#826,#827);
#825 = CARTESIAN_POINT('',(-58.11,7.01,7.49));
#826 = DIRECTION('',(1.,-0.,-0.));
#827 = DIRECTION('',(0.,-1.,0.));
#828 = ADVANCED_FACE('',(#829),#848,.T.);
#829 = FACE_BOUND('',#830,.T.);
#830 = EDGE_LOOP('',(#831,#839,#840,#841));
#831 = ORIENTED_EDGE('',*,*,#832,.F.);
#832 = EDGE_CURVE('',#217,#833,#835,.T.);
#833 = VERTEX_POINT('',#834);
#834 = CARTESIAN_POINT('',(-58.11,-9.46,7.49));
#835 = LINE('',#836,#837);
#836 = CARTESIAN_POINT('',(-58.11,-9.46,7.49));
#837 = VECTOR('',#838,1.);
#838 = DIRECTION('',(-0.707106781187,0.707106781187,0.));
#839 = ORIENTED_EDGE('',*,*,#216,.T.);
#840 = ORIENTED_EDGE('',*,*,#832,.T.);
#841 = ORIENTED_EDGE('',*,*,#842,.F.);
#842 = EDGE_CURVE('',#833,#833,#843,.T.);
#843 = CIRCLE('',#844,3.47);
#844 = AXIS2_PLACEMENT_3D('',#845,#846,#847);
#845 = CARTESIAN_POINT('',(-58.11,-5.99,7.49));
#846 = DIRECTION('',(-1.,0.,0.));
#847 = DIRECTION('',(0.,-1.,0.));
#848 = CONICAL_SURFACE('',#849,3.47,0.785398163397);
#849 = AXIS2_PLACEMENT_3D('',#850,#851,#852);
#850 = CARTESIAN_POINT('',(-58.11,-5.99,7.49));
#851 = DIRECTION('',(1.,-0.,-0.));
#852 = DIRECTION('',(0.,-1.,0.));
#853 = ADVANCED_FACE('',(#854),#879,.T.);
#854 = FACE_BOUND('',#855,.F.);
#855 = EDGE_LOOP('',(#856,#864,#865,#873));
#856 = ORIENTED_EDGE('',*,*,#857,.F.);
#857 = EDGE_CURVE('',#228,#858,#860,.T.);
#858 = VERTEX_POINT('',#859);
#859 = CARTESIAN_POINT('',(-58.11,3.159941535698,3.98));
#860 = LINE('',#861,#862);
#861 = CARTESIAN_POINT('',(-57.96,3.159941535698,4.13));
#862 = VECTOR('',#863,1.);
#863 = DIRECTION('',(-0.707106781187,1.821566357218E-35,-0.707106781187)
  );
#864 = ORIENTED_EDGE('',*,*,#227,.T.);
#865 = ORIENTED_EDGE('',*,*,#866,.T.);
#866 = EDGE_CURVE('',#230,#867,#869,.T.);
#867 = VERTEX_POINT('',#868);
#868 = CARTESIAN_POINT('',(-58.11,-2.140058464299,3.98));
#869 = LINE('',#870,#871);
#870 = CARTESIAN_POINT('',(-57.96,-2.140058464299,4.13));
#871 = VECTOR('',#872,1.);
#872 = DIRECTION('',(-0.707106781187,1.821566357218E-35,-0.707106781187)
  );
#873 = ORIENTED_EDGE('',*,*,#874,.F.);
#874 = EDGE_CURVE('',#858,#867,#875,.T.);
#875 = LINE('',#876,#877);
#876 = CARTESIAN_POINT('',(-58.11,3.159941535698,3.98));
#877 = VECTOR('',#878,1.);
#878 = DIRECTION('',(0.,-1.,0.));
#879 = PLANE('',#880);
#880 = AXIS2_PLACEMENT_3D('',#881,#882,#883);
#881 = CARTESIAN_POINT('',(-57.96,3.159941535698,4.13));
#882 = DIRECTION('',(-0.707106781187,2.093718223221E-18,0.707106781187)
  );
#883 = DIRECTION('',(1.480482353533E-18,1.,-1.480482353533E-18));
#884 = ADVANCED_FACE('',(#885),#904,.T.);
#885 = FACE_BOUND('',#886,.F.);
#886 = EDGE_LOOP('',(#887,#895,#896,#897));
#887 = ORIENTED_EDGE('',*,*,#888,.F.);
#888 = EDGE_CURVE('',#238,#889,#891,.T.);
#889 = VERTEX_POINT('',#890);
#890 = CARTESIAN_POINT('',(-58.11,4.180224756652,1.695646977731));
#891 = LINE('',#892,#893);
#892 = CARTESIAN_POINT('',(-57.96,4.291915379696,1.595521033421));
#893 = VECTOR('',#894,1.);
#894 = DIRECTION('',(-0.707106781187,-0.52651464633,0.471998227963));
#895 = ORIENTED_EDGE('',*,*,#237,.T.);
#896 = ORIENTED_EDGE('',*,*,#857,.T.);
#897 = ORIENTED_EDGE('',*,*,#898,.F.);
#898 = EDGE_CURVE('',#889,#858,#899,.T.);
#899 = CIRCLE('',#900,1.370000001247);
#900 = AXIS2_PLACEMENT_3D('',#901,#902,#903);
#901 = CARTESIAN_POINT('',(-58.11,3.16,2.61));
#902 = DIRECTION('',(1.,-0.,0.));
#903 = DIRECTION('',(0.,0.744689602718,-0.667410964552));
#904 = CONICAL_SURFACE('',#905,1.370000001247,0.785398163397);
#905 = AXIS2_PLACEMENT_3D('',#906,#907,#908);
#906 = CARTESIAN_POINT('',(-58.11,3.16,2.61));
#907 = DIRECTION('',(1.,-0.,-0.));
#908 = DIRECTION('',(0.,0.744689602718,-0.667410964552));
#909 = ADVANCED_FACE('',(#910),#929,.T.);
#910 = FACE_BOUND('',#911,.F.);
#911 = EDGE_LOOP('',(#912,#913,#914,#922));
#912 = ORIENTED_EDGE('',*,*,#866,.F.);
#913 = ORIENTED_EDGE('',*,*,#271,.T.);
#914 = ORIENTED_EDGE('',*,*,#915,.T.);
#915 = EDGE_CURVE('',#264,#916,#918,.T.);
#916 = VERTEX_POINT('',#917);
#917 = CARTESIAN_POINT('',(-58.11,-3.160146713506,1.695559905548));
#918 = LINE('',#919,#920);
#919 = CARTESIAN_POINT('',(-58.11,-3.160146713506,1.695559905548));
#920 = VECTOR('',#921,1.);
#921 = DIRECTION('',(-0.707106781187,0.526534787057,0.47197575999));
#922 = ORIENTED_EDGE('',*,*,#923,.F.);
#923 = EDGE_CURVE('',#867,#916,#924,.T.);
#924 = CIRCLE('',#925,1.370000001247);
#925 = AXIS2_PLACEMENT_3D('',#926,#927,#928);
#926 = CARTESIAN_POINT('',(-58.11,-2.14,2.61));
#927 = DIRECTION('',(1.,0.,0.));
#928 = DIRECTION('',(0.,-4.267467065209E-05,0.999999999089));
#929 = CONICAL_SURFACE('',#930,1.370000001247,0.785398163397);
#930 = AXIS2_PLACEMENT_3D('',#931,#932,#933);
#931 = CARTESIAN_POINT('',(-58.11,-2.14,2.61));
#932 = DIRECTION('',(1.,-0.,-0.));
#933 = DIRECTION('',(0.,-4.267467065209E-05,0.999999999089));
#934 = ADVANCED_FACE('',(#935),#953,.F.);
#935 = FACE_BOUND('',#936,.F.);
#936 = EDGE_LOOP('',(#937,#945,#946,#947));
#937 = ORIENTED_EDGE('',*,*,#938,.F.);
#938 = EDGE_CURVE('',#247,#939,#941,.T.);
#939 = VERTEX_POINT('',#940);
#940 = CARTESIAN_POINT('',(-58.11,1.530065156411,-1.260609554545));
#941 = LINE('',#942,#943);
#942 = CARTESIAN_POINT('',(-58.11,1.530065156411,-1.260609554545));
#943 = VECTOR('',#944,1.);
#944 = DIRECTION('',(-0.707106781187,-0.526492692477,0.472022716369));
#945 = ORIENTED_EDGE('',*,*,#246,.T.);
#946 = ORIENTED_EDGE('',*,*,#888,.T.);
#947 = ORIENTED_EDGE('',*,*,#948,.F.);
#948 = EDGE_CURVE('',#939,#889,#949,.T.);
#949 = LINE('',#950,#951);
#950 = CARTESIAN_POINT('',(-58.11,1.530065156411,-1.260609554545));
#951 = VECTOR('',#952,1.);
#952 = DIRECTION('',(0.,0.667506295401,0.744604153628));
#953 = PLANE('',#954);
#954 = AXIS2_PLACEMENT_3D('',#955,#956,#957);
#955 = CARTESIAN_POINT('',(-57.96,1.641755779455,-1.360735498855));
#956 = DIRECTION('',(0.707106781187,-0.52651464633,0.471998227963));
#957 = DIRECTION('',(-4.036241347757E-18,0.667506295401,0.744604153628)
  );
#958 = ADVANCED_FACE('',(#959),#977,.F.);
#959 = FACE_BOUND('',#960,.F.);
#960 = EDGE_LOOP('',(#961,#962,#963,#971));
#961 = ORIENTED_EDGE('',*,*,#915,.F.);
#962 = ORIENTED_EDGE('',*,*,#263,.T.);
#963 = ORIENTED_EDGE('',*,*,#964,.T.);
#964 = EDGE_CURVE('',#255,#965,#967,.T.);
#965 = VERTEX_POINT('',#966);
#966 = CARTESIAN_POINT('',(-58.11,-0.5101467135,-1.260518577856));
#967 = LINE('',#968,#969);
#968 = CARTESIAN_POINT('',(-57.96,-0.621837336298,-1.36064452244));
#969 = VECTOR('',#970,1.);
#970 = DIRECTION('',(-0.707106781187,0.526514645171,0.471998229255));
#971 = ORIENTED_EDGE('',*,*,#972,.F.);
#972 = EDGE_CURVE('',#916,#965,#973,.T.);
#973 = LINE('',#974,#975);
#974 = CARTESIAN_POINT('',(-58.11,-3.160146713506,1.695559905548));
#975 = VECTOR('',#976,1.);
#976 = DIRECTION('',(0.,0.667506297229,-0.744604151989));
#977 = PLANE('',#978);
#978 = AXIS2_PLACEMENT_3D('',#979,#980,#981);
#979 = CARTESIAN_POINT('',(-57.96,-3.271837336304,1.595433960964));
#980 = DIRECTION('',(0.707106781187,0.526514645171,0.471998229255));
#981 = DIRECTION('',(-4.539177379909E-18,0.667506297229,-0.744604151989)
  );
#982 = ADVANCED_FACE('',(#983),#995,.T.);
#983 = FACE_BOUND('',#984,.F.);
#984 = EDGE_LOOP('',(#985,#986,#987,#988));
#985 = ORIENTED_EDGE('',*,*,#964,.F.);
#986 = ORIENTED_EDGE('',*,*,#254,.T.);
#987 = ORIENTED_EDGE('',*,*,#938,.T.);
#988 = ORIENTED_EDGE('',*,*,#989,.F.);
#989 = EDGE_CURVE('',#965,#939,#990,.T.);
#990 = CIRCLE('',#991,1.370000001247);
#991 = AXIS2_PLACEMENT_3D('',#992,#993,#994);
#992 = CARTESIAN_POINT('',(-58.11,0.51,-0.346078483397));
#993 = DIRECTION('',(1.,0.,0.));
#994 = DIRECTION('',(0.,-0.744632636913,-0.667474520895));
#995 = CONICAL_SURFACE('',#996,1.370000001247,0.785398163397);
#996 = AXIS2_PLACEMENT_3D('',#997,#998,#999);
#997 = CARTESIAN_POINT('',(-58.11,0.51,-0.346078483397));
#998 = DIRECTION('',(1.,-0.,-0.));
#999 = DIRECTION('',(0.,-0.744632636913,-0.667474520895));
#1000 = ADVANCED_FACE('',(#1001),#1026,.T.);
#1001 = FACE_BOUND('',#1002,.T.);
#1002 = EDGE_LOOP('',(#1003,#1011,#1012,#1020));
#1003 = ORIENTED_EDGE('',*,*,#1004,.F.);
#1004 = EDGE_CURVE('',#296,#1005,#1007,.T.);
#1005 = VERTEX_POINT('',#1006);
#1006 = CARTESIAN_POINT('',(-63.31,1.530626409686,16.258245728975));
#1007 = LINE('',#1008,#1009);
#1008 = CARTESIAN_POINT('',(-57.81,1.530626409686,16.258245728975));
#1009 = VECTOR('',#1010,1.);
#1010 = DIRECTION('',(-1.,0.,0.));
#1011 = ORIENTED_EDGE('',*,*,#303,.F.);
#1012 = ORIENTED_EDGE('',*,*,#1013,.T.);
#1013 = EDGE_CURVE('',#287,#1014,#1016,.T.);
#1014 = VERTEX_POINT('',#1015);
#1015 = CARTESIAN_POINT('',(-63.31,4.183663079188,13.283291935684));
#1016 = LINE('',#1017,#1018);
#1017 = CARTESIAN_POINT('',(-57.81,4.183663079188,13.283291935684));
#1018 = VECTOR('',#1019,1.);
#1019 = DIRECTION('',(-1.,0.,0.));
#1020 = ORIENTED_EDGE('',*,*,#1021,.T.);
#1021 = EDGE_CURVE('',#1014,#1005,#1022,.T.);
#1022 = LINE('',#1023,#1024);
#1023 = CARTESIAN_POINT('',(-63.31,4.183663079188,13.283291935684));
#1024 = VECTOR('',#1025,1.);
#1025 = DIRECTION('',(0.,-0.665572858913,0.746332881145));
#1026 = PLANE('',#1027);
#1027 = AXIS2_PLACEMENT_3D('',#1028,#1029,#1030);
#1028 = CARTESIAN_POINT('',(-57.81,4.183663079188,13.283291935684));
#1029 = DIRECTION('',(0.,0.746332881145,0.665572858913));
#1030 = DIRECTION('',(0.,-0.665572858913,0.746332881145));
#1031 = ADVANCED_FACE('',(#1032),#1051,.T.);
#1032 = FACE_BOUND('',#1033,.F.);
#1033 = EDGE_LOOP('',(#1034,#1042,#1043,#1044));
#1034 = ORIENTED_EDGE('',*,*,#1035,.F.);
#1035 = EDGE_CURVE('',#318,#1036,#1038,.T.);
#1036 = VERTEX_POINT('',#1037);
#1037 = CARTESIAN_POINT('',(-63.31,3.164350380986,11.));
#1038 = LINE('',#1039,#1040);
#1039 = CARTESIAN_POINT('',(-57.81,3.164350380986,11.));
#1040 = VECTOR('',#1041,1.);
#1041 = DIRECTION('',(-1.,0.,0.));
#1042 = ORIENTED_EDGE('',*,*,#327,.T.);
#1043 = ORIENTED_EDGE('',*,*,#1013,.T.);
#1044 = ORIENTED_EDGE('',*,*,#1045,.F.);
#1045 = EDGE_CURVE('',#1036,#1014,#1046,.T.);
#1046 = CIRCLE('',#1047,1.370001267707);
#1047 = AXIS2_PLACEMENT_3D('',#1048,#1049,#1050);
#1048 = CARTESIAN_POINT('',(-63.31,3.162486643045,12.37));
#1049 = DIRECTION('',(1.,-0.,0.));
#1050 = DIRECTION('',(0.,1.360391398745E-03,-0.999999074667));
#1051 = CYLINDRICAL_SURFACE('',#1052,1.370001267707);
#1052 = AXIS2_PLACEMENT_3D('',#1053,#1054,#1055);
#1053 = CARTESIAN_POINT('',(-57.81,3.162486643045,12.37));
#1054 = DIRECTION('',(1.,0.,0.));
#1055 = DIRECTION('',(0.,-1.,0.));
#1056 = ADVANCED_FACE('',(#1057),#1076,.T.);
#1057 = FACE_BOUND('',#1058,.F.);
#1058 = EDGE_LOOP('',(#1059,#1060,#1061,#1069));
#1059 = ORIENTED_EDGE('',*,*,#1004,.F.);
#1060 = ORIENTED_EDGE('',*,*,#352,.T.);
#1061 = ORIENTED_EDGE('',*,*,#1062,.T.);
#1062 = EDGE_CURVE('',#345,#1063,#1065,.T.);
#1063 = VERTEX_POINT('',#1064);
#1064 = CARTESIAN_POINT('',(-63.31,-0.511812336626,16.263962410661));
#1065 = LINE('',#1066,#1067);
#1066 = CARTESIAN_POINT('',(-57.81,-0.511812336626,16.263962410661));
#1067 = VECTOR('',#1068,1.);
#1068 = DIRECTION('',(-1.,0.,0.));
#1069 = ORIENTED_EDGE('',*,*,#1070,.F.);
#1070 = EDGE_CURVE('',#1005,#1063,#1071,.T.);
#1071 = CIRCLE('',#1072,1.370001267707);
#1072 = AXIS2_PLACEMENT_3D('',#1073,#1074,#1075);
#1073 = CARTESIAN_POINT('',(-63.31,0.506850935983,15.34786819577));
#1074 = DIRECTION('',(1.,0.,-0.));
#1075 = DIRECTION('',(0.,0.747280676182,0.664508533433));
#1076 = CYLINDRICAL_SURFACE('',#1077,1.370001267707);
#1077 = AXIS2_PLACEMENT_3D('',#1078,#1079,#1080);
#1078 = CARTESIAN_POINT('',(-57.81,0.506850935983,15.34786819577));
#1079 = DIRECTION('',(1.,0.,0.));
#1080 = DIRECTION('',(0.,-1.,0.));
#1081 = ADVANCED_FACE('',(#1082),#1100,.T.);
#1082 = FACE_BOUND('',#1083,.T.);
#1083 = EDGE_LOOP('',(#1084,#1085,#1086,#1094));
#1084 = ORIENTED_EDGE('',*,*,#1035,.F.);
#1085 = ORIENTED_EDGE('',*,*,#377,.F.);
#1086 = ORIENTED_EDGE('',*,*,#1087,.T.);
#1087 = EDGE_CURVE('',#368,#1088,#1090,.T.);
#1088 = VERTEX_POINT('',#1089);
#1089 = CARTESIAN_POINT('',(-63.31,-2.165649619014,11.));
#1090 = LINE('',#1091,#1092);
#1091 = CARTESIAN_POINT('',(-57.81,-2.165649619014,11.));
#1092 = VECTOR('',#1093,1.);
#1093 = DIRECTION('',(-1.,0.,0.));
#1094 = ORIENTED_EDGE('',*,*,#1095,.T.);
#1095 = EDGE_CURVE('',#1088,#1036,#1096,.T.);
#1096 = LINE('',#1097,#1098);
#1097 = CARTESIAN_POINT('',(-63.31,-2.165649619014,11.));
#1098 = VECTOR('',#1099,1.);
#1099 = DIRECTION('',(0.,1.,0.));
#1100 = PLANE('',#1101);
#1101 = AXIS2_PLACEMENT_3D('',#1102,#1103,#1104);
#1102 = CARTESIAN_POINT('',(-57.81,-2.165649619014,11.));
#1103 = DIRECTION('',(0.,0.,-1.));
#1104 = DIRECTION('',(0.,1.,0.));
#1105 = ADVANCED_FACE('',(#1106),#1124,.T.);
#1106 = FACE_BOUND('',#1107,.T.);
#1107 = EDGE_LOOP('',(#1108,#1116,#1117,#1118));
#1108 = ORIENTED_EDGE('',*,*,#1109,.F.);
#1109 = EDGE_CURVE('',#394,#1110,#1112,.T.);
#1110 = VERTEX_POINT('',#1111);
#1111 = CARTESIAN_POINT('',(-63.31,-3.184962285301,13.28329197137));
#1112 = LINE('',#1113,#1114);
#1113 = CARTESIAN_POINT('',(-57.81,-3.184962285301,13.28329197137));
#1114 = VECTOR('',#1115,1.);
#1115 = DIRECTION('',(-1.,0.,0.));
#1116 = ORIENTED_EDGE('',*,*,#401,.F.);
#1117 = ORIENTED_EDGE('',*,*,#1062,.T.);
#1118 = ORIENTED_EDGE('',*,*,#1119,.T.);
#1119 = EDGE_CURVE('',#1063,#1110,#1120,.T.);
#1120 = LINE('',#1121,#1122);
#1121 = CARTESIAN_POINT('',(-63.31,-0.511812336626,16.263962410661));
#1122 = VECTOR('',#1123,1.);
#1123 = DIRECTION('',(-0.,-0.667659204264,-0.744467048943));
#1124 = PLANE('',#1125);
#1125 = AXIS2_PLACEMENT_3D('',#1126,#1127,#1128);
#1126 = CARTESIAN_POINT('',(-57.81,-0.511812336626,16.263962410661));
#1127 = DIRECTION('',(0.,-0.744467048943,0.667659204264));
#1128 = DIRECTION('',(0.,-0.667659204264,-0.744467048943));
#1129 = ADVANCED_FACE('',(#1130),#1142,.T.);
#1130 = FACE_BOUND('',#1131,.F.);
#1131 = EDGE_LOOP('',(#1132,#1133,#1134,#1135));
#1132 = ORIENTED_EDGE('',*,*,#1109,.F.);
#1133 = ORIENTED_EDGE('',*,*,#418,.T.);
#1134 = ORIENTED_EDGE('',*,*,#1087,.T.);
#1135 = ORIENTED_EDGE('',*,*,#1136,.F.);
#1136 = EDGE_CURVE('',#1110,#1088,#1137,.T.);
#1137 = CIRCLE('',#1138,1.370001267707);
#1138 = AXIS2_PLACEMENT_3D('',#1139,#1140,#1141);
#1139 = CARTESIAN_POINT('',(-63.31,-2.163785881074,12.37));
#1140 = DIRECTION('',(1.,0.,0.));
#1141 = DIRECTION('',(0.,-0.745383546934,0.666635858592));
#1142 = CYLINDRICAL_SURFACE('',#1143,1.370001267707);
#1143 = AXIS2_PLACEMENT_3D('',#1144,#1145,#1146);
#1144 = CARTESIAN_POINT('',(-57.81,-2.163785881074,12.37));
#1145 = DIRECTION('',(1.,0.,0.));
#1146 = DIRECTION('',(0.,-1.,0.));
#1147 = ADVANCED_FACE('',(#1148,#1160,#1262),#1265,.T.);
#1148 = FACE_BOUND('',#1149,.T.);
#1149 = EDGE_LOOP('',(#1150,#1151,#1152,#1153,#1154,#1155,#1156,#1157,
    #1158,#1159));
#1150 = ORIENTED_EDGE('',*,*,#442,.F.);
#1151 = ORIENTED_EDGE('',*,*,#671,.F.);
#1152 = ORIENTED_EDGE('',*,*,#654,.T.);
#1153 = ORIENTED_EDGE('',*,*,#623,.T.);
#1154 = ORIENTED_EDGE('',*,*,#562,.T.);
#1155 = ORIENTED_EDGE('',*,*,#599,.T.);
#1156 = ORIENTED_EDGE('',*,*,#540,.T.);
#1157 = ORIENTED_EDGE('',*,*,#516,.F.);
#1158 = ORIENTED_EDGE('',*,*,#498,.F.);
#1159 = ORIENTED_EDGE('',*,*,#467,.F.);
#1160 = FACE_BOUND('',#1161,.T.);
#1161 = EDGE_LOOP('',(#1162,#1173,#1182,#1190,#1198,#1206,#1214,#1222,
    #1231,#1239,#1248,#1256));
#1162 = ORIENTED_EDGE('',*,*,#1163,.T.);
#1163 = EDGE_CURVE('',#1164,#1166,#1168,.T.);
#1164 = VERTEX_POINT('',#1165);
#1165 = CARTESIAN_POINT('',(-57.25,5.90585786433,14.89997886706));
#1166 = VERTEX_POINT('',#1167);
#1167 = CARTESIAN_POINT('',(-57.25,8.637120726564,12.10656547042));
#1168 = CIRCLE('',#1169,2.794142135624);
#1169 = AXIS2_PLACEMENT_3D('',#1170,#1171,#1172);
#1170 = CARTESIAN_POINT('',(-57.25,8.699999999953,14.9));
#1171 = DIRECTION('',(1.,0.,0.));
#1172 = DIRECTION('',(0.,1.,0.));
#1173 = ORIENTED_EDGE('',*,*,#1174,.T.);
#1174 = EDGE_CURVE('',#1166,#1175,#1177,.T.);
#1175 = VERTEX_POINT('',#1176);
#1176 = CARTESIAN_POINT('',(-57.25,8.762879273343,12.10656547042));
#1177 = CIRCLE('',#1178,2.794142135624);
#1178 = AXIS2_PLACEMENT_3D('',#1179,#1180,#1181);
#1179 = CARTESIAN_POINT('',(-57.25,8.699999999953,14.9));
#1180 = DIRECTION('',(1.,0.,0.));
#1181 = DIRECTION('',(0.,1.,0.));
#1182 = ORIENTED_EDGE('',*,*,#1183,.T.);
#1183 = EDGE_CURVE('',#1175,#1184,#1186,.T.);
#1184 = VERTEX_POINT('',#1185);
#1185 = CARTESIAN_POINT('',(-57.25,10.559999999955,12.10656547042));
#1186 = LINE('',#1187,#1188);
#1187 = CARTESIAN_POINT('',(-57.25,4.597945889958,12.10656547042));
#1188 = VECTOR('',#1189,1.);
#1189 = DIRECTION('',(0.,1.,0.));
#1190 = ORIENTED_EDGE('',*,*,#1191,.T.);
#1191 = EDGE_CURVE('',#1184,#1192,#1194,.T.);
#1192 = VERTEX_POINT('',#1193);
#1193 = CARTESIAN_POINT('',(-57.25,10.559999999955,1.25));
#1194 = LINE('',#1195,#1196);
#1195 = CARTESIAN_POINT('',(-57.25,10.559999999955,12.814902814241));
#1196 = VECTOR('',#1197,1.);
#1197 = DIRECTION('',(0.,0.,-1.));
#1198 = ORIENTED_EDGE('',*,*,#1199,.T.);
#1199 = EDGE_CURVE('',#1192,#1200,#1202,.T.);
#1200 = VERTEX_POINT('',#1201);
#1201 = CARTESIAN_POINT('',(-57.25,5.06,1.25));
#1202 = LINE('',#1203,#1204);
#1203 = CARTESIAN_POINT('',(-57.25,10.559999999955,1.25));
#1204 = VECTOR('',#1205,1.);
#1205 = DIRECTION('',(0.,-1.,0.));
#1206 = ORIENTED_EDGE('',*,*,#1207,.T.);
#1207 = EDGE_CURVE('',#1200,#1208,#1210,.T.);
#1208 = VERTEX_POINT('',#1209);
#1209 = CARTESIAN_POINT('',(-57.25,5.06,-2.5308));
#1210 = LINE('',#1211,#1212);
#1211 = CARTESIAN_POINT('',(-57.25,5.06,1.25));
#1212 = VECTOR('',#1213,1.);
#1213 = DIRECTION('',(0.,0.,-1.));
#1214 = ORIENTED_EDGE('',*,*,#1215,.F.);
#1215 = EDGE_CURVE('',#1216,#1208,#1218,.T.);
#1216 = VERTEX_POINT('',#1217);
#1217 = CARTESIAN_POINT('',(-57.25,-6.085345346723,-2.5308));
#1218 = LINE('',#1219,#1220);
#1219 = CARTESIAN_POINT('',(-57.25,-6.085345346723,-2.5308));
#1220 = VECTOR('',#1221,1.);
#1221 = DIRECTION('',(0.,1.,0.));
#1222 = ORIENTED_EDGE('',*,*,#1223,.T.);
#1223 = EDGE_CURVE('',#1216,#1224,#1226,.T.);
#1224 = VERTEX_POINT('',#1225);
#1225 = CARTESIAN_POINT('',(-57.25,-9.6252,1.187313436509));
#1226 = CIRCLE('',#1227,2.794142135624);
#1227 = AXIS2_PLACEMENT_3D('',#1228,#1229,#1230);
#1228 = CARTESIAN_POINT('',(-57.25,-7.0558,8.94E-02));
#1229 = DIRECTION('',(1.,0.,0.));
#1230 = DIRECTION('',(0.,1.,0.));
#1231 = ORIENTED_EDGE('',*,*,#1232,.F.);
#1232 = EDGE_CURVE('',#1233,#1224,#1235,.T.);
#1233 = VERTEX_POINT('',#1234);
#1234 = CARTESIAN_POINT('',(-57.25,-9.6252,15.267799857465));
#1235 = LINE('',#1236,#1237);
#1236 = CARTESIAN_POINT('',(-57.25,-9.6252,15.267799857465));
#1237 = VECTOR('',#1238,1.);
#1238 = DIRECTION('',(0.,0.,-1.));
#1239 = ORIENTED_EDGE('',*,*,#1240,.F.);
#1240 = EDGE_CURVE('',#1241,#1233,#1243,.T.);
#1241 = VERTEX_POINT('',#1242);
#1242 = CARTESIAN_POINT('',(-57.25,-7.375199982012,17.5178));
#1243 = CIRCLE('',#1244,2.25);
#1244 = AXIS2_PLACEMENT_3D('',#1245,#1246,#1247);
#1245 = CARTESIAN_POINT('',(-57.25,-7.3752,15.2678));
#1246 = DIRECTION('',(1.,0.,0.));
#1247 = DIRECTION('',(0.,1.,0.));
#1248 = ORIENTED_EDGE('',*,*,#1249,.T.);
#1249 = EDGE_CURVE('',#1241,#1250,#1252,.T.);
#1250 = VERTEX_POINT('',#1251);
#1251 = CARTESIAN_POINT('',(-57.25,5.90585786433,17.5178));
#1252 = LINE('',#1253,#1254);
#1253 = CARTESIAN_POINT('',(-57.25,-7.375199982012,17.5178));
#1254 = VECTOR('',#1255,1.);
#1255 = DIRECTION('',(0.,1.,0.));
#1256 = ORIENTED_EDGE('',*,*,#1257,.T.);
#1257 = EDGE_CURVE('',#1250,#1164,#1258,.T.);
#1258 = LINE('',#1259,#1260);
#1259 = CARTESIAN_POINT('',(-57.25,5.90585786433,38.5089));
#1260 = VECTOR('',#1261,1.);
#1261 = DIRECTION('',(0.,0.,-1.));
#1262 = FACE_BOUND('',#1263,.T.);
#1263 = EDGE_LOOP('',(#1264));
#1264 = ORIENTED_EDGE('',*,*,#791,.T.);
#1265 = PLANE('',#1266);
#1266 = AXIS2_PLACEMENT_3D('',#1267,#1268,#1269);
#1267 = CARTESIAN_POINT('',(-57.25,0.380545840503,7.112361971651));
#1268 = DIRECTION('',(1.,0.,0.));
#1269 = DIRECTION('',(0.,0.,1.));
#1270 = ADVANCED_FACE('',(#1271),#1275,.F.);
#1271 = FACE_BOUND('',#1272,.F.);
#1272 = EDGE_LOOP('',(#1273,#1274));
#1273 = ORIENTED_EDGE('',*,*,#581,.F.);
#1274 = ORIENTED_EDGE('',*,*,#616,.T.);
#1275 = PLANE('',#1276);
#1276 = AXIS2_PLACEMENT_3D('',#1277,#1278,#1279);
#1277 = CARTESIAN_POINT('',(-57.5,9.59856036326,12.23156547042));
#1278 = DIRECTION('',(1.,0.,0.));
#1279 = DIRECTION('',(0.,0.,1.));
#1280 = ADVANCED_FACE('',(#1281),#1287,.F.);
#1281 = FACE_BOUND('',#1282,.F.);
#1282 = EDGE_LOOP('',(#1283,#1284,#1285,#1286));
#1283 = ORIENTED_EDGE('',*,*,#767,.T.);
#1284 = ORIENTED_EDGE('',*,*,#743,.T.);
#1285 = ORIENTED_EDGE('',*,*,#695,.T.);
#1286 = ORIENTED_EDGE('',*,*,#726,.T.);
#1287 = PLANE('',#1288);
#1288 = AXIS2_PLACEMENT_3D('',#1289,#1290,#1291);
#1289 = CARTESIAN_POINT('',(-61.81,-9.E-16,6.655));
#1290 = DIRECTION('',(1.,0.,0.));
#1291 = DIRECTION('',(0.,0.,1.));
#1292 = ADVANCED_FACE('',(#1293),#1312,.T.);
#1293 = FACE_BOUND('',#1294,.F.);
#1294 = EDGE_LOOP('',(#1295,#1303,#1304,#1305));
#1295 = ORIENTED_EDGE('',*,*,#1296,.F.);
#1296 = EDGE_CURVE('',#808,#1297,#1299,.T.);
#1297 = VERTEX_POINT('',#1298);
#1298 = CARTESIAN_POINT('',(-63.31,3.54,7.49));
#1299 = LINE('',#1300,#1301);
#1300 = CARTESIAN_POINT('',(-57.81,3.54,7.49));
#1301 = VECTOR('',#1302,1.);
#1302 = DIRECTION('',(-1.,0.,0.));
#1303 = ORIENTED_EDGE('',*,*,#817,.F.);
#1304 = ORIENTED_EDGE('',*,*,#1296,.T.);
#1305 = ORIENTED_EDGE('',*,*,#1306,.F.);
#1306 = EDGE_CURVE('',#1297,#1297,#1307,.T.);
#1307 = CIRCLE('',#1308,3.47);
#1308 = AXIS2_PLACEMENT_3D('',#1309,#1310,#1311);
#1309 = CARTESIAN_POINT('',(-63.31,7.01,7.49));
#1310 = DIRECTION('',(1.,0.,0.));
#1311 = DIRECTION('',(0.,-1.,-2.6E-16));
#1312 = CYLINDRICAL_SURFACE('',#1313,3.47);
#1313 = AXIS2_PLACEMENT_3D('',#1314,#1315,#1316);
#1314 = CARTESIAN_POINT('',(-57.81,7.01,7.49));
#1315 = DIRECTION('',(1.,0.,0.));
#1316 = DIRECTION('',(0.,-1.,0.));
#1317 = ADVANCED_FACE('',(#1318),#1337,.T.);
#1318 = FACE_BOUND('',#1319,.F.);
#1319 = EDGE_LOOP('',(#1320,#1328,#1329,#1330));
#1320 = ORIENTED_EDGE('',*,*,#1321,.F.);
#1321 = EDGE_CURVE('',#833,#1322,#1324,.T.);
#1322 = VERTEX_POINT('',#1323);
#1323 = CARTESIAN_POINT('',(-63.31,-9.46,7.49));
#1324 = LINE('',#1325,#1326);
#1325 = CARTESIAN_POINT('',(-57.81,-9.46,7.49));
#1326 = VECTOR('',#1327,1.);
#1327 = DIRECTION('',(-1.,0.,0.));
#1328 = ORIENTED_EDGE('',*,*,#842,.F.);
#1329 = ORIENTED_EDGE('',*,*,#1321,.T.);
#1330 = ORIENTED_EDGE('',*,*,#1331,.F.);
#1331 = EDGE_CURVE('',#1322,#1322,#1332,.T.);
#1332 = CIRCLE('',#1333,3.47);
#1333 = AXIS2_PLACEMENT_3D('',#1334,#1335,#1336);
#1334 = CARTESIAN_POINT('',(-63.31,-5.99,7.49));
#1335 = DIRECTION('',(1.,0.,0.));
#1336 = DIRECTION('',(0.,-1.,-2.6E-16));
#1337 = CYLINDRICAL_SURFACE('',#1338,3.47);
#1338 = AXIS2_PLACEMENT_3D('',#1339,#1340,#1341);
#1339 = CARTESIAN_POINT('',(-57.81,-5.99,7.49));
#1340 = DIRECTION('',(1.,0.,0.));
#1341 = DIRECTION('',(0.,-1.,0.));
#1342 = ADVANCED_FACE('',(#1343),#1368,.T.);
#1343 = FACE_BOUND('',#1344,.T.);
#1344 = EDGE_LOOP('',(#1345,#1353,#1354,#1362));
#1345 = ORIENTED_EDGE('',*,*,#1346,.F.);
#1346 = EDGE_CURVE('',#867,#1347,#1349,.T.);
#1347 = VERTEX_POINT('',#1348);
#1348 = CARTESIAN_POINT('',(-63.31,-2.140058464299,3.98));
#1349 = LINE('',#1350,#1351);
#1350 = CARTESIAN_POINT('',(-57.81,-2.140058464299,3.98));
#1351 = VECTOR('',#1352,1.);
#1352 = DIRECTION('',(-1.,0.,0.));
#1353 = ORIENTED_EDGE('',*,*,#874,.F.);
#1354 = ORIENTED_EDGE('',*,*,#1355,.T.);
#1355 = EDGE_CURVE('',#858,#1356,#1358,.T.);
#1356 = VERTEX_POINT('',#1357);
#1357 = CARTESIAN_POINT('',(-63.31,3.159941535698,3.98));
#1358 = LINE('',#1359,#1360);
#1359 = CARTESIAN_POINT('',(-57.81,3.159941535698,3.98));
#1360 = VECTOR('',#1361,1.);
#1361 = DIRECTION('',(-1.,0.,0.));
#1362 = ORIENTED_EDGE('',*,*,#1363,.F.);
#1363 = EDGE_CURVE('',#1347,#1356,#1364,.T.);
#1364 = LINE('',#1365,#1366);
#1365 = CARTESIAN_POINT('',(-63.31,-2.140058464299,3.98));
#1366 = VECTOR('',#1367,1.);
#1367 = DIRECTION('',(0.,1.,0.));
#1368 = PLANE('',#1369);
#1369 = AXIS2_PLACEMENT_3D('',#1370,#1371,#1372);
#1370 = CARTESIAN_POINT('',(-57.81,3.159941535698,3.98));
#1371 = DIRECTION('',(0.,0.,1.));
#1372 = DIRECTION('',(0.,-1.,0.));
#1373 = ADVANCED_FACE('',(#1374),#1393,.T.);
#1374 = FACE_BOUND('',#1375,.F.);
#1375 = EDGE_LOOP('',(#1376,#1384,#1385,#1386));
#1376 = ORIENTED_EDGE('',*,*,#1377,.F.);
#1377 = EDGE_CURVE('',#889,#1378,#1380,.T.);
#1378 = VERTEX_POINT('',#1379);
#1379 = CARTESIAN_POINT('',(-63.31,4.180224756652,1.695646977731));
#1380 = LINE('',#1381,#1382);
#1381 = CARTESIAN_POINT('',(-57.81,4.180224756652,1.695646977731));
#1382 = VECTOR('',#1383,1.);
#1383 = DIRECTION('',(-1.,0.,0.));
#1384 = ORIENTED_EDGE('',*,*,#898,.T.);
#1385 = ORIENTED_EDGE('',*,*,#1355,.T.);
#1386 = ORIENTED_EDGE('',*,*,#1387,.T.);
#1387 = EDGE_CURVE('',#1356,#1378,#1388,.T.);
#1388 = CIRCLE('',#1389,1.370000001247);
#1389 = AXIS2_PLACEMENT_3D('',#1390,#1391,#1392);
#1390 = CARTESIAN_POINT('',(-63.31,3.16,2.61));
#1391 = DIRECTION('',(-1.,0.,0.));
#1392 = DIRECTION('',(0.,-4.267467302391E-05,0.999999999089));
#1393 = CYLINDRICAL_SURFACE('',#1394,1.370000001247);
#1394 = AXIS2_PLACEMENT_3D('',#1395,#1396,#1397);
#1395 = CARTESIAN_POINT('',(-57.81,3.16,2.61));
#1396 = DIRECTION('',(1.,0.,0.));
#1397 = DIRECTION('',(0.,-1.,0.));
#1398 = ADVANCED_FACE('',(#1399),#1418,.T.);
#1399 = FACE_BOUND('',#1400,.F.);
#1400 = EDGE_LOOP('',(#1401,#1402,#1403,#1411));
#1401 = ORIENTED_EDGE('',*,*,#1346,.F.);
#1402 = ORIENTED_EDGE('',*,*,#923,.T.);
#1403 = ORIENTED_EDGE('',*,*,#1404,.T.);
#1404 = EDGE_CURVE('',#916,#1405,#1407,.T.);
#1405 = VERTEX_POINT('',#1406);
#1406 = CARTESIAN_POINT('',(-63.31,-3.160146713506,1.695559905548));
#1407 = LINE('',#1408,#1409);
#1408 = CARTESIAN_POINT('',(-57.81,-3.160146713506,1.695559905548));
#1409 = VECTOR('',#1410,1.);
#1410 = DIRECTION('',(-1.,0.,0.));
#1411 = ORIENTED_EDGE('',*,*,#1412,.T.);
#1412 = EDGE_CURVE('',#1405,#1347,#1413,.T.);
#1413 = CIRCLE('',#1414,1.370000001247);
#1414 = AXIS2_PLACEMENT_3D('',#1415,#1416,#1417);
#1415 = CARTESIAN_POINT('',(-63.31,-2.14,2.61));
#1416 = DIRECTION('',(-1.,-0.,0.));
#1417 = DIRECTION('',(0.,-0.744632636918,-0.66747452089));
#1418 = CYLINDRICAL_SURFACE('',#1419,1.370000001247);
#1419 = AXIS2_PLACEMENT_3D('',#1420,#1421,#1422);
#1420 = CARTESIAN_POINT('',(-57.81,-2.14,2.61));
#1421 = DIRECTION('',(1.,0.,0.));
#1422 = DIRECTION('',(0.,-1.,0.));
#1423 = ADVANCED_FACE('',(#1424),#1442,.F.);
#1424 = FACE_BOUND('',#1425,.F.);
#1425 = EDGE_LOOP('',(#1426,#1434,#1435,#1436));
#1426 = ORIENTED_EDGE('',*,*,#1427,.F.);
#1427 = EDGE_CURVE('',#939,#1428,#1430,.T.);
#1428 = VERTEX_POINT('',#1429);
#1429 = CARTESIAN_POINT('',(-63.31,1.530065156411,-1.260609554545));
#1430 = LINE('',#1431,#1432);
#1431 = CARTESIAN_POINT('',(-57.81,1.530065156411,-1.260609554545));
#1432 = VECTOR('',#1433,1.);
#1433 = DIRECTION('',(-1.,0.,0.));
#1434 = ORIENTED_EDGE('',*,*,#948,.T.);
#1435 = ORIENTED_EDGE('',*,*,#1377,.T.);
#1436 = ORIENTED_EDGE('',*,*,#1437,.T.);
#1437 = EDGE_CURVE('',#1378,#1428,#1438,.T.);
#1438 = LINE('',#1439,#1440);
#1439 = CARTESIAN_POINT('',(-63.31,4.180224756652,1.695646977731));
#1440 = VECTOR('',#1441,1.);
#1441 = DIRECTION('',(-0.,-0.667506295401,-0.744604153628));
#1442 = PLANE('',#1443);
#1443 = AXIS2_PLACEMENT_3D('',#1444,#1445,#1446);
#1444 = CARTESIAN_POINT('',(-57.81,4.180224756652,1.695646977731));
#1445 = DIRECTION('',(0.,-0.744604153628,0.667506295401));
#1446 = DIRECTION('',(0.,-0.667506295401,-0.744604153628));
#1447 = ADVANCED_FACE('',(#1448),#1466,.F.);
#1448 = FACE_BOUND('',#1449,.F.);
#1449 = EDGE_LOOP('',(#1450,#1451,#1452,#1460));
#1450 = ORIENTED_EDGE('',*,*,#1404,.F.);
#1451 = ORIENTED_EDGE('',*,*,#972,.T.);
#1452 = ORIENTED_EDGE('',*,*,#1453,.T.);
#1453 = EDGE_CURVE('',#965,#1454,#1456,.T.);
#1454 = VERTEX_POINT('',#1455);
#1455 = CARTESIAN_POINT('',(-63.31,-0.5101467135,-1.260518577856));
#1456 = LINE('',#1457,#1458);
#1457 = CARTESIAN_POINT('',(-57.81,-0.5101467135,-1.260518577856));
#1458 = VECTOR('',#1459,1.);
#1459 = DIRECTION('',(-1.,0.,0.));
#1460 = ORIENTED_EDGE('',*,*,#1461,.T.);
#1461 = EDGE_CURVE('',#1454,#1405,#1462,.T.);
#1462 = LINE('',#1463,#1464);
#1463 = CARTESIAN_POINT('',(-63.31,-0.5101467135,-1.260518577856));
#1464 = VECTOR('',#1465,1.);
#1465 = DIRECTION('',(0.,-0.667506297229,0.744604151989));
#1466 = PLANE('',#1467);
#1467 = AXIS2_PLACEMENT_3D('',#1468,#1469,#1470);
#1468 = CARTESIAN_POINT('',(-57.81,-0.5101467135,-1.260518577856));
#1469 = DIRECTION('',(0.,0.744604151989,0.667506297229));
#1470 = DIRECTION('',(0.,-0.667506297229,0.744604151989));
#1471 = ADVANCED_FACE('',(#1472),#1484,.T.);
#1472 = FACE_BOUND('',#1473,.F.);
#1473 = EDGE_LOOP('',(#1474,#1475,#1476,#1477));
#1474 = ORIENTED_EDGE('',*,*,#1453,.F.);
#1475 = ORIENTED_EDGE('',*,*,#989,.T.);
#1476 = ORIENTED_EDGE('',*,*,#1427,.T.);
#1477 = ORIENTED_EDGE('',*,*,#1478,.T.);
#1478 = EDGE_CURVE('',#1428,#1454,#1479,.T.);
#1479 = CIRCLE('',#1480,1.370000001247);
#1480 = AXIS2_PLACEMENT_3D('',#1481,#1482,#1483);
#1481 = CARTESIAN_POINT('',(-63.31,0.51,-0.346078483397));
#1482 = DIRECTION('',(-1.,0.,-0.));
#1483 = DIRECTION('',(0.,0.744573106191,-0.667540927237));
#1484 = CYLINDRICAL_SURFACE('',#1485,1.370000001247);
#1485 = AXIS2_PLACEMENT_3D('',#1486,#1487,#1488);
#1486 = CARTESIAN_POINT('',(-57.81,0.51,-0.346078483397));
#1487 = DIRECTION('',(1.,0.,0.));
#1488 = DIRECTION('',(0.,-1.,0.));
#1489 = ADVANCED_FACE('',(#1490),#1517,.T.);
#1490 = FACE_BOUND('',#1491,.T.);
#1491 = EDGE_LOOP('',(#1492,#1501,#1509,#1516));
#1492 = ORIENTED_EDGE('',*,*,#1493,.T.);
#1493 = EDGE_CURVE('',#1014,#1494,#1496,.T.);
#1494 = VERTEX_POINT('',#1495);
#1495 = CARTESIAN_POINT('',(-63.81,3.810971294073,12.949974019412));
#1496 = CIRCLE('',#1497,0.5);
#1497 = AXIS2_PLACEMENT_3D('',#1498,#1499,#1500);
#1498 = CARTESIAN_POINT('',(-63.31,3.810971294073,12.949974019412));
#1499 = DIRECTION('',(0.,-0.666635832544,0.74538357023));
#1500 = DIRECTION('',(0.,0.74538357023,0.666635832544));
#1501 = ORIENTED_EDGE('',*,*,#1502,.T.);
#1502 = EDGE_CURVE('',#1494,#1503,#1505,.T.);
#1503 = VERTEX_POINT('',#1504);
#1504 = CARTESIAN_POINT('',(-63.81,1.156986071595,15.925991462259));
#1505 = LINE('',#1506,#1507);
#1506 = CARTESIAN_POINT('',(-63.81,3.810496638615,12.950505506228));
#1507 = VECTOR('',#1508,1.);
#1508 = DIRECTION('',(0.,-0.665572858913,0.746332881145));
#1509 = ORIENTED_EDGE('',*,*,#1510,.F.);
#1510 = EDGE_CURVE('',#1005,#1503,#1511,.T.);
#1511 = CIRCLE('',#1512,0.5);
#1512 = AXIS2_PLACEMENT_3D('',#1513,#1514,#1515);
#1513 = CARTESIAN_POINT('',(-63.31,1.156986071595,15.925991462259));
#1514 = DIRECTION('',(0.,-0.664508533433,0.747280676182));
#1515 = DIRECTION('',(0.,0.747280676182,0.664508533433));
#1516 = ORIENTED_EDGE('',*,*,#1021,.F.);
#1517 = CYLINDRICAL_SURFACE('',#1518,0.5);
#1518 = AXIS2_PLACEMENT_3D('',#1519,#1520,#1521);
#1519 = CARTESIAN_POINT('',(-63.31,3.810496638615,12.950505506228));
#1520 = DIRECTION('',(0.,-0.665572858913,0.746332881145));
#1521 = DIRECTION('',(0.,0.746332881145,0.665572858913));
#1522 = ADVANCED_FACE('',(#1523),#1543,.T.);
#1523 = FACE_BOUND('',#1524,.F.);
#1524 = EDGE_LOOP('',(#1525,#1534,#1535,#1536));
#1525 = ORIENTED_EDGE('',*,*,#1526,.F.);
#1526 = EDGE_CURVE('',#1036,#1527,#1529,.T.);
#1527 = VERTEX_POINT('',#1528);
#1528 = CARTESIAN_POINT('',(-63.81,3.164350380986,11.5));
#1529 = CIRCLE('',#1530,0.5);
#1530 = AXIS2_PLACEMENT_3D('',#1531,#1532,#1533);
#1531 = CARTESIAN_POINT('',(-63.31,3.164350380986,11.5));
#1532 = DIRECTION('',(-0.,1.,0.));
#1533 = DIRECTION('',(0.,0.,-1.));
#1534 = ORIENTED_EDGE('',*,*,#1045,.T.);
#1535 = ORIENTED_EDGE('',*,*,#1493,.T.);
#1536 = ORIENTED_EDGE('',*,*,#1537,.F.);
#1537 = EDGE_CURVE('',#1527,#1494,#1538,.T.);
#1538 = CIRCLE('',#1539,0.870001267707);
#1539 = AXIS2_PLACEMENT_3D('',#1540,#1541,#1542);
#1540 = CARTESIAN_POINT('',(-63.81,3.162486643045,12.37));
#1541 = DIRECTION('',(1.,-0.,0.));
#1542 = DIRECTION('',(0.,1.360391398745E-03,-0.999999074667));
#1543 = TOROIDAL_SURFACE('',#1544,0.870001267707,0.5);
#1544 = AXIS2_PLACEMENT_3D('',#1545,#1546,#1547);
#1545 = CARTESIAN_POINT('',(-63.31,3.162486643045,12.37));
#1546 = DIRECTION('',(-1.,0.,0.));
#1547 = DIRECTION('',(0.,1.360391398745E-03,-0.999999074667));
#1548 = ADVANCED_FACE('',(#1549),#1569,.T.);
#1549 = FACE_BOUND('',#1550,.F.);
#1550 = EDGE_LOOP('',(#1551,#1552,#1553,#1562));
#1551 = ORIENTED_EDGE('',*,*,#1510,.F.);
#1552 = ORIENTED_EDGE('',*,*,#1070,.T.);
#1553 = ORIENTED_EDGE('',*,*,#1554,.T.);
#1554 = EDGE_CURVE('',#1063,#1555,#1557,.T.);
#1555 = VERTEX_POINT('',#1556);
#1556 = CARTESIAN_POINT('',(-63.81,-0.140037763631,15.929621765698));
#1557 = CIRCLE('',#1558,0.5);
#1558 = AXIS2_PLACEMENT_3D('',#1559,#1560,#1561);
#1559 = CARTESIAN_POINT('',(-63.31,-0.140037763631,15.929621765698));
#1560 = DIRECTION('',(-0.,-0.668681289926,-0.74354914599));
#1561 = DIRECTION('',(0.,-0.74354914599,0.668681289926));
#1562 = ORIENTED_EDGE('',*,*,#1563,.F.);
#1563 = EDGE_CURVE('',#1503,#1555,#1564,.T.);
#1564 = CIRCLE('',#1565,0.870001267707);
#1565 = AXIS2_PLACEMENT_3D('',#1566,#1567,#1568);
#1566 = CARTESIAN_POINT('',(-63.81,0.506850935983,15.34786819577));
#1567 = DIRECTION('',(1.,0.,-0.));
#1568 = DIRECTION('',(0.,0.747280676182,0.664508533433));
#1569 = TOROIDAL_SURFACE('',#1570,0.870001267707,0.5);
#1570 = AXIS2_PLACEMENT_3D('',#1571,#1572,#1573);
#1571 = CARTESIAN_POINT('',(-63.31,0.506850935983,15.34786819577));
#1572 = DIRECTION('',(-1.,0.,0.));
#1573 = DIRECTION('',(0.,0.747280676182,0.664508533433));
#1574 = ADVANCED_FACE('',(#1575),#1594,.T.);
#1575 = FACE_BOUND('',#1576,.T.);
#1576 = EDGE_LOOP('',(#1577,#1586,#1592,#1593));
#1577 = ORIENTED_EDGE('',*,*,#1578,.T.);
#1578 = EDGE_CURVE('',#1088,#1579,#1581,.T.);
#1579 = VERTEX_POINT('',#1580);
#1580 = CARTESIAN_POINT('',(-63.81,-2.164969423315,11.499999537334));
#1581 = CIRCLE('',#1582,0.5);
#1582 = AXIS2_PLACEMENT_3D('',#1583,#1584,#1585);
#1583 = CARTESIAN_POINT('',(-63.31,-2.164969423315,11.499999537334));
#1584 = DIRECTION('',(0.,0.999999074667,-1.360391398413E-03));
#1585 = DIRECTION('',(0.,-1.360391398413E-03,-0.999999074667));
#1586 = ORIENTED_EDGE('',*,*,#1587,.T.);
#1587 = EDGE_CURVE('',#1579,#1527,#1588,.T.);
#1588 = LINE('',#1589,#1590);
#1589 = CARTESIAN_POINT('',(-63.81,-2.165649619014,11.5));
#1590 = VECTOR('',#1591,1.);
#1591 = DIRECTION('',(0.,1.,0.));
#1592 = ORIENTED_EDGE('',*,*,#1526,.F.);
#1593 = ORIENTED_EDGE('',*,*,#1095,.F.);
#1594 = CYLINDRICAL_SURFACE('',#1595,0.5);
#1595 = AXIS2_PLACEMENT_3D('',#1596,#1597,#1598);
#1596 = CARTESIAN_POINT('',(-63.31,-2.165649619014,11.5));
#1597 = DIRECTION('',(0.,1.,0.));
#1598 = DIRECTION('',(0.,0.,-1.));
#1599 = ADVANCED_FACE('',(#1600),#1619,.T.);
#1600 = FACE_BOUND('',#1601,.T.);
#1601 = EDGE_LOOP('',(#1602,#1603,#1611,#1618));
#1602 = ORIENTED_EDGE('',*,*,#1554,.T.);
#1603 = ORIENTED_EDGE('',*,*,#1604,.T.);
#1604 = EDGE_CURVE('',#1555,#1605,#1607,.T.);
#1605 = VERTEX_POINT('',#1606);
#1606 = CARTESIAN_POINT('',(-63.81,-2.81272876083,12.949462369238));
#1607 = LINE('',#1608,#1609);
#1608 = CARTESIAN_POINT('',(-63.81,-0.139578812155,15.930132808529));
#1609 = VECTOR('',#1610,1.);
#1610 = DIRECTION('',(-0.,-0.667659204264,-0.744467048943));
#1611 = ORIENTED_EDGE('',*,*,#1612,.F.);
#1612 = EDGE_CURVE('',#1110,#1605,#1613,.T.);
#1613 = CIRCLE('',#1614,0.5);
#1614 = AXIS2_PLACEMENT_3D('',#1615,#1616,#1617);
#1615 = CARTESIAN_POINT('',(-63.31,-2.81272876083,12.949462369238));
#1616 = DIRECTION('',(-0.,-0.667659204264,-0.744467048943));
#1617 = DIRECTION('',(0.,-0.744467048943,0.667659204264));
#1618 = ORIENTED_EDGE('',*,*,#1119,.F.);
#1619 = CYLINDRICAL_SURFACE('',#1620,0.5);
#1620 = AXIS2_PLACEMENT_3D('',#1621,#1622,#1623);
#1621 = CARTESIAN_POINT('',(-63.31,-0.139578812155,15.930132808529));
#1622 = DIRECTION('',(-0.,-0.667659204264,-0.744467048943));
#1623 = DIRECTION('',(0.,-0.744467048943,0.667659204264));
#1624 = ADVANCED_FACE('',(#1625),#1637,.T.);
#1625 = FACE_BOUND('',#1626,.F.);
#1626 = EDGE_LOOP('',(#1627,#1628,#1629,#1630));
#1627 = ORIENTED_EDGE('',*,*,#1612,.F.);
#1628 = ORIENTED_EDGE('',*,*,#1136,.T.);
#1629 = ORIENTED_EDGE('',*,*,#1578,.T.);
#1630 = ORIENTED_EDGE('',*,*,#1631,.F.);
#1631 = EDGE_CURVE('',#1605,#1579,#1632,.T.);
#1632 = CIRCLE('',#1633,0.870001267707);
#1633 = AXIS2_PLACEMENT_3D('',#1634,#1635,#1636);
#1634 = CARTESIAN_POINT('',(-63.81,-2.163785881074,12.37));
#1635 = DIRECTION('',(1.,0.,0.));
#1636 = DIRECTION('',(0.,-0.745383546934,0.666635858592));
#1637 = TOROIDAL_SURFACE('',#1638,0.870001267707,0.5);
#1638 = AXIS2_PLACEMENT_3D('',#1639,#1640,#1641);
#1639 = CARTESIAN_POINT('',(-63.31,-2.163785881074,12.37));
#1640 = DIRECTION('',(-1.,0.,0.));
#1641 = DIRECTION('',(0.,-0.745383546934,0.666635858592));
#1642 = ADVANCED_FACE('',(#1643),#1679,.T.);
#1643 = FACE_BOUND('',#1644,.T.);
#1644 = EDGE_LOOP('',(#1645,#1656,#1662,#1663,#1664,#1672));
#1645 = ORIENTED_EDGE('',*,*,#1646,.T.);
#1646 = EDGE_CURVE('',#1647,#1649,#1651,.T.);
#1647 = VERTEX_POINT('',#1648);
#1648 = CARTESIAN_POINT('',(-57.5,8.637120726564,12.10656547042));
#1649 = VERTEX_POINT('',#1650);
#1650 = CARTESIAN_POINT('',(-57.5,8.762879273343,12.10656547042));
#1651 = CIRCLE('',#1652,2.794142135624);
#1652 = AXIS2_PLACEMENT_3D('',#1653,#1654,#1655);
#1653 = CARTESIAN_POINT('',(-57.5,8.699999999953,14.9));
#1654 = DIRECTION('',(1.,0.,0.));
#1655 = DIRECTION('',(0.,1.,0.));
#1656 = ORIENTED_EDGE('',*,*,#1657,.T.);
#1657 = EDGE_CURVE('',#1649,#1175,#1658,.T.);
#1658 = LINE('',#1659,#1660);
#1659 = CARTESIAN_POINT('',(-57.25,8.762879273343,12.10656547042));
#1660 = VECTOR('',#1661,1.);
#1661 = DIRECTION('',(1.,0.,0.));
#1662 = ORIENTED_EDGE('',*,*,#1174,.F.);
#1663 = ORIENTED_EDGE('',*,*,#1163,.F.);
#1664 = ORIENTED_EDGE('',*,*,#1665,.F.);
#1665 = EDGE_CURVE('',#1666,#1164,#1668,.T.);
#1666 = VERTEX_POINT('',#1667);
#1667 = CARTESIAN_POINT('',(-57.5,5.90585786433,14.89997886706));
#1668 = LINE('',#1669,#1670);
#1669 = CARTESIAN_POINT('',(-57.5,5.90585786433,14.89997886706));
#1670 = VECTOR('',#1671,1.);
#1671 = DIRECTION('',(1.,0.,0.));
#1672 = ORIENTED_EDGE('',*,*,#1673,.T.);
#1673 = EDGE_CURVE('',#1666,#1647,#1674,.T.);
#1674 = CIRCLE('',#1675,2.794142135624);
#1675 = AXIS2_PLACEMENT_3D('',#1676,#1677,#1678);
#1676 = CARTESIAN_POINT('',(-57.5,8.699999999953,14.9));
#1677 = DIRECTION('',(1.,0.,0.));
#1678 = DIRECTION('',(0.,1.,0.));
#1679 = CYLINDRICAL_SURFACE('',#1680,2.794142135624);
#1680 = AXIS2_PLACEMENT_3D('',#1681,#1682,#1683);
#1681 = CARTESIAN_POINT('',(-57.25,8.699999999953,14.9));
#1682 = DIRECTION('',(1.,0.,0.));
#1683 = DIRECTION('',(0.,1.,0.));
#1684 = ADVANCED_FACE('',(#1685),#1703,.F.);
#1685 = FACE_BOUND('',#1686,.F.);
#1686 = EDGE_LOOP('',(#1687,#1695,#1696,#1697));
#1687 = ORIENTED_EDGE('',*,*,#1688,.F.);
#1688 = EDGE_CURVE('',#1649,#1689,#1691,.T.);
#1689 = VERTEX_POINT('',#1690);
#1690 = CARTESIAN_POINT('',(-57.5,10.559999999955,12.10656547042));
#1691 = LINE('',#1692,#1693);
#1692 = CARTESIAN_POINT('',(-57.5,8.637120726564,12.10656547042));
#1693 = VECTOR('',#1694,1.);
#1694 = DIRECTION('',(0.,1.,0.));
#1695 = ORIENTED_EDGE('',*,*,#1657,.T.);
#1696 = ORIENTED_EDGE('',*,*,#1183,.T.);
#1697 = ORIENTED_EDGE('',*,*,#1698,.F.);
#1698 = EDGE_CURVE('',#1689,#1184,#1699,.T.);
#1699 = LINE('',#1700,#1701);
#1700 = CARTESIAN_POINT('',(-57.5,10.559999999955,12.10656547042));
#1701 = VECTOR('',#1702,1.);
#1702 = DIRECTION('',(1.,0.,0.));
#1703 = PLANE('',#1704);
#1704 = AXIS2_PLACEMENT_3D('',#1705,#1706,#1707);
#1705 = CARTESIAN_POINT('',(-57.5,8.637120726564,12.10656547042));
#1706 = DIRECTION('',(0.,0.,1.));
#1707 = DIRECTION('',(0.,1.,0.));
#1708 = ADVANCED_FACE('',(#1709),#1727,.T.);
#1709 = FACE_BOUND('',#1710,.T.);
#1710 = EDGE_LOOP('',(#1711,#1712,#1713,#1721));
#1711 = ORIENTED_EDGE('',*,*,#1191,.F.);
#1712 = ORIENTED_EDGE('',*,*,#1698,.F.);
#1713 = ORIENTED_EDGE('',*,*,#1714,.T.);
#1714 = EDGE_CURVE('',#1689,#1715,#1717,.T.);
#1715 = VERTEX_POINT('',#1716);
#1716 = CARTESIAN_POINT('',(-57.5,10.559999999955,1.25));
#1717 = LINE('',#1718,#1719);
#1718 = CARTESIAN_POINT('',(-57.5,10.559999999955,12.814902814241));
#1719 = VECTOR('',#1720,1.);
#1720 = DIRECTION('',(0.,0.,-1.));
#1721 = ORIENTED_EDGE('',*,*,#1722,.F.);
#1722 = EDGE_CURVE('',#1192,#1715,#1723,.T.);
#1723 = LINE('',#1724,#1725);
#1724 = CARTESIAN_POINT('',(-57.25,10.559999999955,1.25));
#1725 = VECTOR('',#1726,1.);
#1726 = DIRECTION('',(-1.,-0.,-0.));
#1727 = PLANE('',#1728);
#1728 = AXIS2_PLACEMENT_3D('',#1729,#1730,#1731);
#1729 = CARTESIAN_POINT('',(-57.25,10.559999999955,12.814902814241));
#1730 = DIRECTION('',(0.,-1.,0.));
#1731 = DIRECTION('',(0.,0.,-1.));
#1732 = ADVANCED_FACE('',(#1733),#1751,.T.);
#1733 = FACE_BOUND('',#1734,.T.);
#1734 = EDGE_LOOP('',(#1735,#1736,#1744,#1750));
#1735 = ORIENTED_EDGE('',*,*,#1722,.T.);
#1736 = ORIENTED_EDGE('',*,*,#1737,.T.);
#1737 = EDGE_CURVE('',#1715,#1738,#1740,.T.);
#1738 = VERTEX_POINT('',#1739);
#1739 = CARTESIAN_POINT('',(-57.5,5.06,1.25));
#1740 = LINE('',#1741,#1742);
#1741 = CARTESIAN_POINT('',(-57.5,10.559999999955,1.25));
#1742 = VECTOR('',#1743,1.);
#1743 = DIRECTION('',(0.,-1.,0.));
#1744 = ORIENTED_EDGE('',*,*,#1745,.F.);
#1745 = EDGE_CURVE('',#1200,#1738,#1746,.T.);
#1746 = LINE('',#1747,#1748);
#1747 = CARTESIAN_POINT('',(-57.25,5.06,1.25));
#1748 = VECTOR('',#1749,1.);
#1749 = DIRECTION('',(-1.,-0.,-0.));
#1750 = ORIENTED_EDGE('',*,*,#1199,.F.);
#1751 = PLANE('',#1752);
#1752 = AXIS2_PLACEMENT_3D('',#1753,#1754,#1755);
#1753 = CARTESIAN_POINT('',(-57.25,10.559999999955,1.25));
#1754 = DIRECTION('',(0.,0.,1.));
#1755 = DIRECTION('',(0.,-1.,0.));
#1756 = ADVANCED_FACE('',(#1757),#1775,.T.);
#1757 = FACE_BOUND('',#1758,.T.);
#1758 = EDGE_LOOP('',(#1759,#1760,#1768,#1774));
#1759 = ORIENTED_EDGE('',*,*,#1745,.T.);
#1760 = ORIENTED_EDGE('',*,*,#1761,.T.);
#1761 = EDGE_CURVE('',#1738,#1762,#1764,.T.);
#1762 = VERTEX_POINT('',#1763);
#1763 = CARTESIAN_POINT('',(-57.5,5.06,-2.5308));
#1764 = LINE('',#1765,#1766);
#1765 = CARTESIAN_POINT('',(-57.5,5.06,1.25));
#1766 = VECTOR('',#1767,1.);
#1767 = DIRECTION('',(0.,0.,-1.));
#1768 = ORIENTED_EDGE('',*,*,#1769,.F.);
#1769 = EDGE_CURVE('',#1208,#1762,#1770,.T.);
#1770 = LINE('',#1771,#1772);
#1771 = CARTESIAN_POINT('',(-57.25,5.06,-2.5308));
#1772 = VECTOR('',#1773,1.);
#1773 = DIRECTION('',(-1.,-0.,-0.));
#1774 = ORIENTED_EDGE('',*,*,#1207,.F.);
#1775 = PLANE('',#1776);
#1776 = AXIS2_PLACEMENT_3D('',#1777,#1778,#1779);
#1777 = CARTESIAN_POINT('',(-57.25,5.06,1.25));
#1778 = DIRECTION('',(0.,-1.,0.));
#1779 = DIRECTION('',(0.,0.,-1.));
#1780 = ADVANCED_FACE('',(#1781),#1799,.F.);
#1781 = FACE_BOUND('',#1782,.F.);
#1782 = EDGE_LOOP('',(#1783,#1791,#1797,#1798));
#1783 = ORIENTED_EDGE('',*,*,#1784,.T.);
#1784 = EDGE_CURVE('',#1216,#1785,#1787,.T.);
#1785 = VERTEX_POINT('',#1786);
#1786 = CARTESIAN_POINT('',(-57.5,-6.085345346723,-2.5308));
#1787 = LINE('',#1788,#1789);
#1788 = CARTESIAN_POINT('',(-57.25,-6.085345346723,-2.5308));
#1789 = VECTOR('',#1790,1.);
#1790 = DIRECTION('',(-1.,-0.,-0.));
#1791 = ORIENTED_EDGE('',*,*,#1792,.T.);
#1792 = EDGE_CURVE('',#1785,#1762,#1793,.T.);
#1793 = LINE('',#1794,#1795);
#1794 = CARTESIAN_POINT('',(-57.5,-6.085345346723,-2.5308));
#1795 = VECTOR('',#1796,1.);
#1796 = DIRECTION('',(0.,1.,0.));
#1797 = ORIENTED_EDGE('',*,*,#1769,.F.);
#1798 = ORIENTED_EDGE('',*,*,#1215,.F.);
#1799 = PLANE('',#1800);
#1800 = AXIS2_PLACEMENT_3D('',#1801,#1802,#1803);
#1801 = CARTESIAN_POINT('',(-57.25,-6.085345346723,-2.5308));
#1802 = DIRECTION('',(0.,0.,-1.));
#1803 = DIRECTION('',(0.,1.,0.));
#1804 = ADVANCED_FACE('',(#1805),#1824,.T.);
#1805 = FACE_BOUND('',#1806,.T.);
#1806 = EDGE_LOOP('',(#1807,#1808,#1817,#1823));
#1807 = ORIENTED_EDGE('',*,*,#1784,.T.);
#1808 = ORIENTED_EDGE('',*,*,#1809,.T.);
#1809 = EDGE_CURVE('',#1785,#1810,#1812,.T.);
#1810 = VERTEX_POINT('',#1811);
#1811 = CARTESIAN_POINT('',(-57.5,-9.6252,1.187313436509));
#1812 = CIRCLE('',#1813,2.794142135624);
#1813 = AXIS2_PLACEMENT_3D('',#1814,#1815,#1816);
#1814 = CARTESIAN_POINT('',(-57.5,-7.0558,8.94E-02));
#1815 = DIRECTION('',(1.,0.,0.));
#1816 = DIRECTION('',(0.,1.,0.));
#1817 = ORIENTED_EDGE('',*,*,#1818,.F.);
#1818 = EDGE_CURVE('',#1224,#1810,#1819,.T.);
#1819 = LINE('',#1820,#1821);
#1820 = CARTESIAN_POINT('',(-57.25,-9.6252,1.187313436509));
#1821 = VECTOR('',#1822,1.);
#1822 = DIRECTION('',(-1.,-0.,-0.));
#1823 = ORIENTED_EDGE('',*,*,#1223,.F.);
#1824 = CYLINDRICAL_SURFACE('',#1825,2.794142135624);
#1825 = AXIS2_PLACEMENT_3D('',#1826,#1827,#1828);
#1826 = CARTESIAN_POINT('',(-57.25,-7.0558,8.94E-02));
#1827 = DIRECTION('',(1.,0.,0.));
#1828 = DIRECTION('',(0.,1.,0.));
#1829 = ADVANCED_FACE('',(#1830),#1848,.F.);
#1830 = FACE_BOUND('',#1831,.F.);
#1831 = EDGE_LOOP('',(#1832,#1840,#1846,#1847));
#1832 = ORIENTED_EDGE('',*,*,#1833,.T.);
#1833 = EDGE_CURVE('',#1233,#1834,#1836,.T.);
#1834 = VERTEX_POINT('',#1835);
#1835 = CARTESIAN_POINT('',(-57.5,-9.6252,15.267799857465));
#1836 = LINE('',#1837,#1838);
#1837 = CARTESIAN_POINT('',(-57.25,-9.6252,15.267799857465));
#1838 = VECTOR('',#1839,1.);
#1839 = DIRECTION('',(-1.,-0.,-0.));
#1840 = ORIENTED_EDGE('',*,*,#1841,.T.);
#1841 = EDGE_CURVE('',#1834,#1810,#1842,.T.);
#1842 = LINE('',#1843,#1844);
#1843 = CARTESIAN_POINT('',(-57.5,-9.6252,15.267799857465));
#1844 = VECTOR('',#1845,1.);
#1845 = DIRECTION('',(0.,0.,-1.));
#1846 = ORIENTED_EDGE('',*,*,#1818,.F.);
#1847 = ORIENTED_EDGE('',*,*,#1232,.F.);
#1848 = PLANE('',#1849);
#1849 = AXIS2_PLACEMENT_3D('',#1850,#1851,#1852);
#1850 = CARTESIAN_POINT('',(-57.25,-9.6252,15.267799857465));
#1851 = DIRECTION('',(0.,-1.,0.));
#1852 = DIRECTION('',(0.,0.,-1.));
#1853 = ADVANCED_FACE('',(#1854),#1873,.F.);
#1854 = FACE_BOUND('',#1855,.F.);
#1855 = EDGE_LOOP('',(#1856,#1864,#1871,#1872));
#1856 = ORIENTED_EDGE('',*,*,#1857,.T.);
#1857 = EDGE_CURVE('',#1241,#1858,#1860,.T.);
#1858 = VERTEX_POINT('',#1859);
#1859 = CARTESIAN_POINT('',(-57.5,-7.375199982012,17.5178));
#1860 = LINE('',#1861,#1862);
#1861 = CARTESIAN_POINT('',(-57.25,-7.375199982012,17.5178));
#1862 = VECTOR('',#1863,1.);
#1863 = DIRECTION('',(-1.,-0.,-0.));
#1864 = ORIENTED_EDGE('',*,*,#1865,.T.);
#1865 = EDGE_CURVE('',#1858,#1834,#1866,.T.);
#1866 = CIRCLE('',#1867,2.25);
#1867 = AXIS2_PLACEMENT_3D('',#1868,#1869,#1870);
#1868 = CARTESIAN_POINT('',(-57.5,-7.3752,15.2678));
#1869 = DIRECTION('',(1.,0.,0.));
#1870 = DIRECTION('',(0.,1.,0.));
#1871 = ORIENTED_EDGE('',*,*,#1833,.F.);
#1872 = ORIENTED_EDGE('',*,*,#1240,.F.);
#1873 = CYLINDRICAL_SURFACE('',#1874,2.25);
#1874 = AXIS2_PLACEMENT_3D('',#1875,#1876,#1877);
#1875 = CARTESIAN_POINT('',(-57.25,-7.3752,15.2678));
#1876 = DIRECTION('',(1.,0.,0.));
#1877 = DIRECTION('',(0.,1.,0.));
#1878 = ADVANCED_FACE('',(#1879),#1897,.T.);
#1879 = FACE_BOUND('',#1880,.T.);
#1880 = EDGE_LOOP('',(#1881,#1882,#1883,#1891));
#1881 = ORIENTED_EDGE('',*,*,#1249,.F.);
#1882 = ORIENTED_EDGE('',*,*,#1857,.T.);
#1883 = ORIENTED_EDGE('',*,*,#1884,.T.);
#1884 = EDGE_CURVE('',#1858,#1885,#1887,.T.);
#1885 = VERTEX_POINT('',#1886);
#1886 = CARTESIAN_POINT('',(-57.5,5.90585786433,17.5178));
#1887 = LINE('',#1888,#1889);
#1888 = CARTESIAN_POINT('',(-57.5,-7.375199982012,17.5178));
#1889 = VECTOR('',#1890,1.);
#1890 = DIRECTION('',(0.,1.,0.));
#1891 = ORIENTED_EDGE('',*,*,#1892,.T.);
#1892 = EDGE_CURVE('',#1885,#1250,#1893,.T.);
#1893 = LINE('',#1894,#1895);
#1894 = CARTESIAN_POINT('',(-57.5,5.90585786433,17.5178));
#1895 = VECTOR('',#1896,1.);
#1896 = DIRECTION('',(1.,0.,0.));
#1897 = PLANE('',#1898);
#1898 = AXIS2_PLACEMENT_3D('',#1899,#1900,#1901);
#1899 = CARTESIAN_POINT('',(-57.25,-7.375199982012,17.5178));
#1900 = DIRECTION('',(0.,0.,-1.));
#1901 = DIRECTION('',(0.,1.,0.));
#1902 = ADVANCED_FACE('',(#1903),#1914,.F.);
#1903 = FACE_BOUND('',#1904,.F.);
#1904 = EDGE_LOOP('',(#1905,#1911,#1912,#1913));
#1905 = ORIENTED_EDGE('',*,*,#1906,.F.);
#1906 = EDGE_CURVE('',#1885,#1666,#1907,.T.);
#1907 = LINE('',#1908,#1909);
#1908 = CARTESIAN_POINT('',(-57.5,5.90585786433,17.5178));
#1909 = VECTOR('',#1910,1.);
#1910 = DIRECTION('',(0.,0.,-1.));
#1911 = ORIENTED_EDGE('',*,*,#1892,.T.);
#1912 = ORIENTED_EDGE('',*,*,#1257,.T.);
#1913 = ORIENTED_EDGE('',*,*,#1665,.F.);
#1914 = PLANE('',#1915);
#1915 = AXIS2_PLACEMENT_3D('',#1916,#1917,#1918);
#1916 = CARTESIAN_POINT('',(-57.5,5.90585786433,17.5178));
#1917 = DIRECTION('',(0.,1.,0.));
#1918 = DIRECTION('',(0.,0.,-1.));
#1919 = ADVANCED_FACE('',(#1920),#1940,.T.);
#1920 = FACE_BOUND('',#1921,.F.);
#1921 = EDGE_LOOP('',(#1922,#1931,#1932,#1933));
#1922 = ORIENTED_EDGE('',*,*,#1923,.F.);
#1923 = EDGE_CURVE('',#1297,#1924,#1926,.T.);
#1924 = VERTEX_POINT('',#1925);
#1925 = CARTESIAN_POINT('',(-63.81,4.04,7.49));
#1926 = CIRCLE('',#1927,0.5);
#1927 = AXIS2_PLACEMENT_3D('',#1928,#1929,#1930);
#1928 = CARTESIAN_POINT('',(-63.31,4.04,7.49));
#1929 = DIRECTION('',(0.,2.6E-16,-1.));
#1930 = DIRECTION('',(0.,-1.,-2.6E-16));
#1931 = ORIENTED_EDGE('',*,*,#1306,.F.);
#1932 = ORIENTED_EDGE('',*,*,#1923,.T.);
#1933 = ORIENTED_EDGE('',*,*,#1934,.T.);
#1934 = EDGE_CURVE('',#1924,#1924,#1935,.T.);
#1935 = CIRCLE('',#1936,2.97);
#1936 = AXIS2_PLACEMENT_3D('',#1937,#1938,#1939);
#1937 = CARTESIAN_POINT('',(-63.81,7.01,7.49));
#1938 = DIRECTION('',(1.,0.,0.));
#1939 = DIRECTION('',(0.,-1.,-2.6E-16));
#1940 = TOROIDAL_SURFACE('',#1941,2.97,0.5);
#1941 = AXIS2_PLACEMENT_3D('',#1942,#1943,#1944);
#1942 = CARTESIAN_POINT('',(-63.31,7.01,7.49));
#1943 = DIRECTION('',(-1.,0.,0.));
#1944 = DIRECTION('',(0.,-1.,-2.6E-16));
#1945 = ADVANCED_FACE('',(#1946),#1966,.T.);
#1946 = FACE_BOUND('',#1947,.F.);
#1947 = EDGE_LOOP('',(#1948,#1957,#1958,#1959));
#1948 = ORIENTED_EDGE('',*,*,#1949,.F.);
#1949 = EDGE_CURVE('',#1322,#1950,#1952,.T.);
#1950 = VERTEX_POINT('',#1951);
#1951 = CARTESIAN_POINT('',(-63.81,-8.96,7.49));
#1952 = CIRCLE('',#1953,0.5);
#1953 = AXIS2_PLACEMENT_3D('',#1954,#1955,#1956);
#1954 = CARTESIAN_POINT('',(-63.31,-8.96,7.49));
#1955 = DIRECTION('',(0.,2.6E-16,-1.));
#1956 = DIRECTION('',(0.,-1.,-2.6E-16));
#1957 = ORIENTED_EDGE('',*,*,#1331,.F.);
#1958 = ORIENTED_EDGE('',*,*,#1949,.T.);
#1959 = ORIENTED_EDGE('',*,*,#1960,.T.);
#1960 = EDGE_CURVE('',#1950,#1950,#1961,.T.);
#1961 = CIRCLE('',#1962,2.97);
#1962 = AXIS2_PLACEMENT_3D('',#1963,#1964,#1965);
#1963 = CARTESIAN_POINT('',(-63.81,-5.99,7.49));
#1964 = DIRECTION('',(1.,0.,0.));
#1965 = DIRECTION('',(0.,-1.,-2.6E-16));
#1966 = TOROIDAL_SURFACE('',#1967,2.97,0.5);
#1967 = AXIS2_PLACEMENT_3D('',#1968,#1969,#1970);
#1968 = CARTESIAN_POINT('',(-63.31,-5.99,7.49));
#1969 = DIRECTION('',(-1.,0.,0.));
#1970 = DIRECTION('',(0.,-1.,-2.6E-16));
#1971 = ADVANCED_FACE('',(#1972),#1999,.T.);
#1972 = FACE_BOUND('',#1973,.F.);
#1973 = EDGE_LOOP('',(#1974,#1983,#1991,#1998));
#1974 = ORIENTED_EDGE('',*,*,#1975,.T.);
#1975 = EDGE_CURVE('',#1347,#1976,#1978,.T.);
#1976 = VERTEX_POINT('',#1977);
#1977 = CARTESIAN_POINT('',(-63.81,-2.140058464299,3.48));
#1978 = CIRCLE('',#1979,0.5);
#1979 = AXIS2_PLACEMENT_3D('',#1980,#1981,#1982);
#1980 = CARTESIAN_POINT('',(-63.31,-2.140058464299,3.48));
#1981 = DIRECTION('',(0.,-1.,0.));
#1982 = DIRECTION('',(0.,0.,1.));
#1983 = ORIENTED_EDGE('',*,*,#1984,.T.);
#1984 = EDGE_CURVE('',#1976,#1985,#1987,.T.);
#1985 = VERTEX_POINT('',#1986);
#1986 = CARTESIAN_POINT('',(-63.81,3.159941535698,3.48));
#1987 = LINE('',#1988,#1989);
#1988 = CARTESIAN_POINT('',(-63.81,-2.140058464299,3.48));
#1989 = VECTOR('',#1990,1.);
#1990 = DIRECTION('',(0.,1.,0.));
#1991 = ORIENTED_EDGE('',*,*,#1992,.F.);
#1992 = EDGE_CURVE('',#1356,#1985,#1993,.T.);
#1993 = CIRCLE('',#1994,0.5);
#1994 = AXIS2_PLACEMENT_3D('',#1995,#1996,#1997);
#1995 = CARTESIAN_POINT('',(-63.31,3.159941535698,3.48));
#1996 = DIRECTION('',(0.,-1.,0.));
#1997 = DIRECTION('',(0.,0.,1.));
#1998 = ORIENTED_EDGE('',*,*,#1363,.F.);
#1999 = CYLINDRICAL_SURFACE('',#2000,0.5);
#2000 = AXIS2_PLACEMENT_3D('',#2001,#2002,#2003);
#2001 = CARTESIAN_POINT('',(-63.31,-2.140058464299,3.48));
#2002 = DIRECTION('',(0.,1.,0.));
#2003 = DIRECTION('',(0.,0.,1.));
#2004 = ADVANCED_FACE('',(#2005),#2025,.T.);
#2005 = FACE_BOUND('',#2006,.T.);
#2006 = EDGE_LOOP('',(#2007,#2008,#2009,#2018));
#2007 = ORIENTED_EDGE('',*,*,#1992,.F.);
#2008 = ORIENTED_EDGE('',*,*,#1387,.T.);
#2009 = ORIENTED_EDGE('',*,*,#2010,.T.);
#2010 = EDGE_CURVE('',#1378,#2011,#2013,.T.);
#2011 = VERTEX_POINT('',#2012);
#2012 = CARTESIAN_POINT('',(-63.81,3.807879955293,2.029352460007));
#2013 = CIRCLE('',#2014,0.5);
#2014 = AXIS2_PLACEMENT_3D('',#2015,#2016,#2017);
#2015 = CARTESIAN_POINT('',(-63.31,3.807879955293,2.029352460007));
#2016 = DIRECTION('',(0.,0.667410964552,0.744689602718));
#2017 = DIRECTION('',(0.,0.744689602718,-0.667410964552));
#2018 = ORIENTED_EDGE('',*,*,#2019,.F.);
#2019 = EDGE_CURVE('',#1985,#2011,#2020,.T.);
#2020 = CIRCLE('',#2021,0.870000001247);
#2021 = AXIS2_PLACEMENT_3D('',#2022,#2023,#2024);
#2022 = CARTESIAN_POINT('',(-63.81,3.16,2.61));
#2023 = DIRECTION('',(-1.,0.,0.));
#2024 = DIRECTION('',(0.,-4.267467302391E-05,0.999999999089));
#2025 = TOROIDAL_SURFACE('',#2026,0.870000001247,0.5);
#2026 = AXIS2_PLACEMENT_3D('',#2027,#2028,#2029);
#2027 = CARTESIAN_POINT('',(-63.31,3.16,2.61));
#2028 = DIRECTION('',(-1.,0.,0.));
#2029 = DIRECTION('',(0.,-4.267467302391E-05,0.999999999089));
#2030 = ADVANCED_FACE('',(#2031),#2051,.T.);
#2031 = FACE_BOUND('',#2032,.T.);
#2032 = EDGE_LOOP('',(#2033,#2042,#2043,#2044));
#2033 = ORIENTED_EDGE('',*,*,#2034,.F.);
#2034 = EDGE_CURVE('',#1405,#2035,#2037,.T.);
#2035 = VERTEX_POINT('',#2036);
#2036 = CARTESIAN_POINT('',(-63.81,-2.787844637511,2.029313054163));
#2037 = CIRCLE('',#2038,0.5);
#2038 = AXIS2_PLACEMENT_3D('',#2039,#2040,#2041);
#2039 = CARTESIAN_POINT('',(-63.31,-2.787844637511,2.029313054163));
#2040 = DIRECTION('',(0.,0.667506297229,-0.744604151989));
#2041 = DIRECTION('',(0.,-0.744604151989,-0.667506297229));
#2042 = ORIENTED_EDGE('',*,*,#1412,.T.);
#2043 = ORIENTED_EDGE('',*,*,#1975,.T.);
#2044 = ORIENTED_EDGE('',*,*,#2045,.F.);
#2045 = EDGE_CURVE('',#2035,#1976,#2046,.T.);
#2046 = CIRCLE('',#2047,0.870000001247);
#2047 = AXIS2_PLACEMENT_3D('',#2048,#2049,#2050);
#2048 = CARTESIAN_POINT('',(-63.81,-2.14,2.61));
#2049 = DIRECTION('',(-1.,-0.,0.));
#2050 = DIRECTION('',(0.,-0.744632636918,-0.66747452089));
#2051 = TOROIDAL_SURFACE('',#2052,0.870000001247,0.5);
#2052 = AXIS2_PLACEMENT_3D('',#2053,#2054,#2055);
#2053 = CARTESIAN_POINT('',(-63.31,-2.14,2.61));
#2054 = DIRECTION('',(-1.,0.,0.));
#2055 = DIRECTION('',(0.,-0.744632636918,-0.66747452089));
#2056 = ADVANCED_FACE('',(#2057),#2076,.T.);
#2057 = FACE_BOUND('',#2058,.F.);
#2058 = EDGE_LOOP('',(#2059,#2060,#2068,#2075));
#2059 = ORIENTED_EDGE('',*,*,#2010,.T.);
#2060 = ORIENTED_EDGE('',*,*,#2061,.T.);
#2061 = EDGE_CURVE('',#2011,#2062,#2064,.T.);
#2062 = VERTEX_POINT('',#2063);
#2063 = CARTESIAN_POINT('',(-63.81,1.157763079597,-0.926856406844));
#2064 = LINE('',#2065,#2066);
#2065 = CARTESIAN_POINT('',(-63.81,3.807922679838,2.029400125432));
#2066 = VECTOR('',#2067,1.);
#2067 = DIRECTION('',(-0.,-0.667506295401,-0.744604153628));
#2068 = ORIENTED_EDGE('',*,*,#2069,.F.);
#2069 = EDGE_CURVE('',#1428,#2062,#2070,.T.);
#2070 = CIRCLE('',#2071,0.5);
#2071 = AXIS2_PLACEMENT_3D('',#2072,#2073,#2074);
#2072 = CARTESIAN_POINT('',(-63.31,1.157763079597,-0.926856406844));
#2073 = DIRECTION('',(0.,0.667506295401,0.744604153628));
#2074 = DIRECTION('',(0.,0.744604153628,-0.667506295401));
#2075 = ORIENTED_EDGE('',*,*,#1437,.F.);
#2076 = CYLINDRICAL_SURFACE('',#2077,0.5);
#2077 = AXIS2_PLACEMENT_3D('',#2078,#2079,#2080);
#2078 = CARTESIAN_POINT('',(-63.31,3.807922679838,2.029400125432));
#2079 = DIRECTION('',(-0.,-0.667506295401,-0.744604153628));
#2080 = DIRECTION('',(0.,0.744604153628,-0.667506295401));
#2081 = ADVANCED_FACE('',(#2082),#2101,.T.);
#2082 = FACE_BOUND('',#2083,.F.);
#2083 = EDGE_LOOP('',(#2084,#2093,#2099,#2100));
#2084 = ORIENTED_EDGE('',*,*,#2085,.T.);
#2085 = EDGE_CURVE('',#1454,#2086,#2088,.T.);
#2086 = VERTEX_POINT('',#2087);
#2087 = CARTESIAN_POINT('',(-63.81,-0.137830395043,-0.926781317408));
#2088 = CIRCLE('',#2089,0.5);
#2089 = AXIS2_PLACEMENT_3D('',#2090,#2091,#2092);
#2090 = CARTESIAN_POINT('',(-63.31,-0.137830395043,-0.926781317408));
#2091 = DIRECTION('',(0.,0.667474520895,-0.744632636913));
#2092 = DIRECTION('',(0.,-0.744632636913,-0.667474520895));
#2093 = ORIENTED_EDGE('',*,*,#2094,.T.);
#2094 = EDGE_CURVE('',#2086,#2035,#2095,.T.);
#2095 = LINE('',#2096,#2097);
#2096 = CARTESIAN_POINT('',(-63.81,-0.137844637505,-0.926765429241));
#2097 = VECTOR('',#2098,1.);
#2098 = DIRECTION('',(0.,-0.667506297229,0.744604151989));
#2099 = ORIENTED_EDGE('',*,*,#2034,.F.);
#2100 = ORIENTED_EDGE('',*,*,#1461,.F.);
#2101 = CYLINDRICAL_SURFACE('',#2102,0.5);
#2102 = AXIS2_PLACEMENT_3D('',#2103,#2104,#2105);
#2103 = CARTESIAN_POINT('',(-63.31,-0.137844637505,-0.926765429241));
#2104 = DIRECTION('',(0.,-0.667506297229,0.744604151989));
#2105 = DIRECTION('',(0.,-0.744604151989,-0.667506297229));
#2106 = ADVANCED_FACE('',(#2107),#2119,.T.);
#2107 = FACE_BOUND('',#2108,.T.);
#2108 = EDGE_LOOP('',(#2109,#2110,#2111,#2112));
#2109 = ORIENTED_EDGE('',*,*,#2069,.F.);
#2110 = ORIENTED_EDGE('',*,*,#1478,.T.);
#2111 = ORIENTED_EDGE('',*,*,#2085,.T.);
#2112 = ORIENTED_EDGE('',*,*,#2113,.F.);
#2113 = EDGE_CURVE('',#2062,#2086,#2114,.T.);
#2114 = CIRCLE('',#2115,0.870000001247);
#2115 = AXIS2_PLACEMENT_3D('',#2116,#2117,#2118);
#2116 = CARTESIAN_POINT('',(-63.81,0.51,-0.346078483397));
#2117 = DIRECTION('',(-1.,0.,-0.));
#2118 = DIRECTION('',(0.,0.744573106191,-0.667540927237));
#2119 = TOROIDAL_SURFACE('',#2120,0.870000001247,0.5);
#2120 = AXIS2_PLACEMENT_3D('',#2121,#2122,#2123);
#2121 = CARTESIAN_POINT('',(-63.31,0.51,-0.346078483397));
#2122 = DIRECTION('',(-1.,0.,0.));
#2123 = DIRECTION('',(0.,0.744573106191,-0.667540927237));
#2124 = ADVANCED_FACE('',(#2125,#2133),#2159,.F.);
#2125 = FACE_BOUND('',#2126,.F.);
#2126 = EDGE_LOOP('',(#2127,#2128,#2129,#2130,#2131,#2132));
#2127 = ORIENTED_EDGE('',*,*,#1563,.T.);
#2128 = ORIENTED_EDGE('',*,*,#1604,.T.);
#2129 = ORIENTED_EDGE('',*,*,#1631,.T.);
#2130 = ORIENTED_EDGE('',*,*,#1587,.T.);
#2131 = ORIENTED_EDGE('',*,*,#1537,.T.);
#2132 = ORIENTED_EDGE('',*,*,#1502,.T.);
#2133 = FACE_BOUND('',#2134,.F.);
#2134 = EDGE_LOOP('',(#2135,#2145,#2153));
#2135 = ORIENTED_EDGE('',*,*,#2136,.F.);
#2136 = EDGE_CURVE('',#2137,#2139,#2141,.T.);
#2137 = VERTEX_POINT('',#2138);
#2138 = CARTESIAN_POINT('',(-63.81,2.604563309506,12.620004979545));
#2139 = VERTEX_POINT('',#2140);
#2140 = CARTESIAN_POINT('',(-63.81,0.50632609198,14.972840445884));
#2141 = LINE('',#2142,#2143);
#2142 = CARTESIAN_POINT('',(-63.81,2.604563309506,12.620004979545));
#2143 = VECTOR('',#2144,1.);
#2144 = DIRECTION('',(0.,-0.665572858913,0.746332881145));
#2145 = ORIENTED_EDGE('',*,*,#2146,.F.);
#2146 = EDGE_CURVE('',#2147,#2137,#2149,.T.);
#2147 = VERTEX_POINT('',#2148);
#2148 = CARTESIAN_POINT('',(-63.81,-1.60372992834,12.620042538631));
#2149 = LINE('',#2150,#2151);
#2150 = CARTESIAN_POINT('',(-63.81,-1.60372992834,12.620042538631));
#2151 = VECTOR('',#2152,1.);
#2152 = DIRECTION('',(-0.,0.99999999996,-8.92501648725E-06));
#2153 = ORIENTED_EDGE('',*,*,#2154,.F.);
#2154 = EDGE_CURVE('',#2139,#2147,#2155,.T.);
#2155 = LINE('',#2156,#2157);
#2156 = CARTESIAN_POINT('',(-63.81,0.50632609198,14.972840445884));
#2157 = VECTOR('',#2158,1.);
#2158 = DIRECTION('',(0.,-0.667659204264,-0.744467048943));
#2159 = PLANE('',#2160);
#2160 = AXIS2_PLACEMENT_3D('',#2161,#2162,#2163);
#2161 = CARTESIAN_POINT('',(-63.81,-9.E-16,6.655));
#2162 = DIRECTION('',(1.,0.,0.));
#2163 = DIRECTION('',(0.,0.,1.));
#2164 = ADVANCED_FACE('',(#2165,#2179,#2190,#2243,#2254),#2307,.T.);
#2165 = FACE_BOUND('',#2166,.T.);
#2166 = EDGE_LOOP('',(#2167,#2168,#2169,#2170,#2171,#2172,#2173,#2174,
    #2175,#2176,#2177,#2178));
#2167 = ORIENTED_EDGE('',*,*,#1809,.F.);
#2168 = ORIENTED_EDGE('',*,*,#1792,.T.);
#2169 = ORIENTED_EDGE('',*,*,#1761,.F.);
#2170 = ORIENTED_EDGE('',*,*,#1737,.F.);
#2171 = ORIENTED_EDGE('',*,*,#1714,.F.);
#2172 = ORIENTED_EDGE('',*,*,#1688,.F.);
#2173 = ORIENTED_EDGE('',*,*,#1646,.F.);
#2174 = ORIENTED_EDGE('',*,*,#1673,.F.);
#2175 = ORIENTED_EDGE('',*,*,#1906,.F.);
#2176 = ORIENTED_EDGE('',*,*,#1884,.F.);
#2177 = ORIENTED_EDGE('',*,*,#1865,.T.);
#2178 = ORIENTED_EDGE('',*,*,#1841,.T.);
#2179 = FACE_BOUND('',#2180,.T.);
#2180 = EDGE_LOOP('',(#2181));
#2181 = ORIENTED_EDGE('',*,*,#2182,.F.);
#2182 = EDGE_CURVE('',#2183,#2183,#2185,.T.);
#2183 = VERTEX_POINT('',#2184);
#2184 = CARTESIAN_POINT('',(-57.5,10.23,7.49));
#2185 = CIRCLE('',#2186,3.22);
#2186 = AXIS2_PLACEMENT_3D('',#2187,#2188,#2189);
#2187 = CARTESIAN_POINT('',(-57.5,7.01,7.49));
#2188 = DIRECTION('',(1.,0.,0.));
#2189 = DIRECTION('',(0.,1.,0.));
#2190 = FACE_BOUND('',#2191,.T.);
#2191 = EDGE_LOOP('',(#2192,#2203,#2211,#2220,#2228,#2237));
#2192 = ORIENTED_EDGE('',*,*,#2193,.F.);
#2193 = EDGE_CURVE('',#2194,#2196,#2198,.T.);
#2194 = VERTEX_POINT('',#2195);
#2195 = CARTESIAN_POINT('',(-57.5,-2.139999954084,3.73));
#2196 = VERTEX_POINT('',#2197);
#2197 = CARTESIAN_POINT('',(-57.5,-2.97395661491,1.862392907707));
#2198 = CIRCLE('',#2199,1.12);
#2199 = AXIS2_PLACEMENT_3D('',#2200,#2201,#2202);
#2200 = CARTESIAN_POINT('',(-57.5,-2.14,2.61));
#2201 = DIRECTION('',(1.,0.,0.));
#2202 = DIRECTION('',(0.,1.,0.));
#2203 = ORIENTED_EDGE('',*,*,#2204,.T.);
#2204 = EDGE_CURVE('',#2194,#2205,#2207,.T.);
#2205 = VERTEX_POINT('',#2206);
#2206 = CARTESIAN_POINT('',(-57.5,3.15999995413,3.73));
#2207 = LINE('',#2208,#2209);
#2208 = CARTESIAN_POINT('',(-57.5,-2.139999954084,3.73));
#2209 = VECTOR('',#2210,1.);
#2210 = DIRECTION('',(0.,1.,0.));
#2211 = ORIENTED_EDGE('',*,*,#2212,.F.);
#2212 = EDGE_CURVE('',#2213,#2205,#2215,.T.);
#2213 = VERTEX_POINT('',#2214);
#2214 = CARTESIAN_POINT('',(-57.5,3.993856844653,1.862281628804));
#2215 = CIRCLE('',#2216,1.12);
#2216 = AXIS2_PLACEMENT_3D('',#2217,#2218,#2219);
#2217 = CARTESIAN_POINT('',(-57.5,3.16,2.61));
#2218 = DIRECTION('',(1.,0.,0.));
#2219 = DIRECTION('',(0.,1.,0.));
#2220 = ORIENTED_EDGE('',*,*,#2221,.F.);
#2221 = EDGE_CURVE('',#2222,#2213,#2224,.T.);
#2222 = VERTEX_POINT('',#2223);
#2223 = CARTESIAN_POINT('',(-57.5,1.343971946993,-1.093668472381));
#2224 = LINE('',#2225,#2226);
#2225 = CARTESIAN_POINT('',(-57.5,1.343971946993,-1.093668472381));
#2226 = VECTOR('',#2227,1.);
#2227 = DIRECTION('',(0.,0.667506295401,0.744604153628));
#2228 = ORIENTED_EDGE('',*,*,#2229,.F.);
#2229 = EDGE_CURVE('',#2230,#2222,#2232,.T.);
#2230 = VERTEX_POINT('',#2231);
#2231 = CARTESIAN_POINT('',(-57.5,-0.323956628277,-1.093685560779));
#2232 = CIRCLE('',#2233,1.12);
#2233 = AXIS2_PLACEMENT_3D('',#2234,#2235,#2236);
#2234 = CARTESIAN_POINT('',(-57.5,0.51,-0.346078483397));
#2235 = DIRECTION('',(1.,0.,0.));
#2236 = DIRECTION('',(0.,1.,0.));
#2237 = ORIENTED_EDGE('',*,*,#2238,.F.);
#2238 = EDGE_CURVE('',#2196,#2230,#2239,.T.);
#2239 = LINE('',#2240,#2241);
#2240 = CARTESIAN_POINT('',(-57.5,-2.97395661491,1.862392907707));
#2241 = VECTOR('',#2242,1.);
#2242 = DIRECTION('',(0.,0.667506297229,-0.744604151989));
#2243 = FACE_BOUND('',#2244,.T.);
#2244 = EDGE_LOOP('',(#2245));
#2245 = ORIENTED_EDGE('',*,*,#2246,.F.);
#2246 = EDGE_CURVE('',#2247,#2247,#2249,.T.);
#2247 = VERTEX_POINT('',#2248);
#2248 = CARTESIAN_POINT('',(-57.5,-2.77,7.49));
#2249 = CIRCLE('',#2250,3.22);
#2250 = AXIS2_PLACEMENT_3D('',#2251,#2252,#2253);
#2251 = CARTESIAN_POINT('',(-57.5,-5.99,7.49));
#2252 = DIRECTION('',(1.,0.,0.));
#2253 = DIRECTION('',(0.,1.,0.));
#2254 = FACE_BOUND('',#2255,.T.);
#2255 = EDGE_LOOP('',(#2256,#2267,#2275,#2284,#2292,#2301));
#2256 = ORIENTED_EDGE('',*,*,#2257,.F.);
#2257 = EDGE_CURVE('',#2258,#2260,#2262,.T.);
#2258 = VERTEX_POINT('',#2259);
#2259 = CARTESIAN_POINT('',(-57.5,1.343093881587,16.09291701023));
#2260 = VERTEX_POINT('',#2261);
#2261 = CARTESIAN_POINT('',(-57.5,-0.327110230256,16.095470211019));
#2262 = CIRCLE('',#2263,1.12);
#2263 = AXIS2_PLACEMENT_3D('',#2264,#2265,#2266);
#2264 = CARTESIAN_POINT('',(-57.5,0.506850935983,15.34786819577));
#2265 = DIRECTION('',(1.,0.,0.));
#2266 = DIRECTION('',(0.,1.,0.));
#2267 = ORIENTED_EDGE('',*,*,#2268,.T.);
#2268 = EDGE_CURVE('',#2258,#2269,#2271,.T.);
#2269 = VERTEX_POINT('',#2270);
#2270 = CARTESIAN_POINT('',(-57.5,3.998029166711,13.115834224976));
#2271 = LINE('',#2272,#2273);
#2272 = CARTESIAN_POINT('',(-57.5,1.343093881587,16.09291701023));
#2273 = VECTOR('',#2274,1.);
#2274 = DIRECTION('',(0.,0.665572858913,-0.746332881145));
#2275 = ORIENTED_EDGE('',*,*,#2276,.F.);
#2276 = EDGE_CURVE('',#2277,#2269,#2279,.T.);
#2277 = VERTEX_POINT('',#2278);
#2278 = CARTESIAN_POINT('',(-57.5,3.162486559334,11.25));
#2279 = CIRCLE('',#2280,1.12);
#2280 = AXIS2_PLACEMENT_3D('',#2281,#2282,#2283);
#2281 = CARTESIAN_POINT('',(-57.5,3.162486643045,12.37));
#2282 = DIRECTION('',(1.,0.,0.));
#2283 = DIRECTION('',(0.,1.,0.));
#2284 = ORIENTED_EDGE('',*,*,#2285,.F.);
#2285 = EDGE_CURVE('',#2286,#2277,#2288,.T.);
#2286 = VERTEX_POINT('',#2287);
#2287 = CARTESIAN_POINT('',(-57.5,-2.163785797351,11.25));
#2288 = LINE('',#2289,#2290);
#2289 = CARTESIAN_POINT('',(-57.5,-2.163785797351,11.25));
#2290 = VECTOR('',#2291,1.);
#2291 = DIRECTION('',(0.,1.,0.));
#2292 = ORIENTED_EDGE('',*,*,#2293,.F.);
#2293 = EDGE_CURVE('',#2294,#2286,#2296,.T.);
#2294 = VERTEX_POINT('',#2295);
#2295 = CARTESIAN_POINT('',(-57.5,-2.99743086722,13.117954568856));
#2296 = CIRCLE('',#2297,1.12);
#2297 = AXIS2_PLACEMENT_3D('',#2298,#2299,#2300);
#2298 = CARTESIAN_POINT('',(-57.5,-2.163785881074,12.37));
#2299 = DIRECTION('',(1.,0.,0.));
#2300 = DIRECTION('',(0.,1.,0.));
#2301 = ORIENTED_EDGE('',*,*,#2302,.F.);
#2302 = EDGE_CURVE('',#2260,#2294,#2303,.T.);
#2303 = LINE('',#2304,#2305);
#2304 = CARTESIAN_POINT('',(-57.5,-0.327110230256,16.095470211019));
#2305 = VECTOR('',#2306,1.);
#2306 = DIRECTION('',(0.,-0.667659204264,-0.744467048943));
#2307 = PLANE('',#2308);
#2308 = AXIS2_PLACEMENT_3D('',#2309,#2310,#2311);
#2309 = CARTESIAN_POINT('',(-57.5,0.241902564358,7.557808818079));
#2310 = DIRECTION('',(1.,0.,0.));
#2311 = DIRECTION('',(0.,0.,1.));
#2312 = ADVANCED_FACE('',(#2313,#2316),#2414,.F.);
#2313 = FACE_BOUND('',#2314,.F.);
#2314 = EDGE_LOOP('',(#2315));
#2315 = ORIENTED_EDGE('',*,*,#1934,.T.);
#2316 = FACE_BOUND('',#2317,.F.);
#2317 = EDGE_LOOP('',(#2318,#2328,#2336,#2344,#2352,#2360,#2368,#2376,
    #2384,#2392,#2400,#2408));
#2318 = ORIENTED_EDGE('',*,*,#2319,.T.);
#2319 = EDGE_CURVE('',#2320,#2322,#2324,.T.);
#2320 = VERTEX_POINT('',#2321);
#2321 = CARTESIAN_POINT('',(-63.81,8.671700935789,6.535405845398));
#2322 = VERTEX_POINT('',#2323);
#2323 = CARTESIAN_POINT('',(-63.81,7.964594154602,5.828299064211));
#2324 = LINE('',#2325,#2326);
#2325 = CARTESIAN_POINT('',(-63.81,8.671700935789,6.535405845398));
#2326 = VECTOR('',#2327,1.);
#2327 = DIRECTION('',(0.,-0.707106781187,-0.707106781187));
#2328 = ORIENTED_EDGE('',*,*,#2329,.T.);
#2329 = EDGE_CURVE('',#2322,#2330,#2332,.T.);
#2330 = VERTEX_POINT('',#2331);
#2331 = CARTESIAN_POINT('',(-63.81,7.01,6.782893218813));
#2332 = LINE('',#2333,#2334);
#2333 = CARTESIAN_POINT('',(-63.81,7.964594154602,5.828299064211));
#2334 = VECTOR('',#2335,1.);
#2335 = DIRECTION('',(0.,-0.707106781187,0.707106781186));
#2336 = ORIENTED_EDGE('',*,*,#2337,.T.);
#2337 = EDGE_CURVE('',#2330,#2338,#2340,.T.);
#2338 = VERTEX_POINT('',#2339);
#2339 = CARTESIAN_POINT('',(-63.81,6.055405845398,5.828299064211));
#2340 = LINE('',#2341,#2342);
#2341 = CARTESIAN_POINT('',(-63.81,7.01,6.782893218813));
#2342 = VECTOR('',#2343,1.);
#2343 = DIRECTION('',(0.,-0.707106781186,-0.707106781187));
#2344 = ORIENTED_EDGE('',*,*,#2345,.T.);
#2345 = EDGE_CURVE('',#2338,#2346,#2348,.T.);
#2346 = VERTEX_POINT('',#2347);
#2347 = CARTESIAN_POINT('',(-63.81,5.348299064212,6.535405845398));
#2348 = LINE('',#2349,#2350);
#2349 = CARTESIAN_POINT('',(-63.81,6.055405845398,5.828299064211));
#2350 = VECTOR('',#2351,1.);
#2351 = DIRECTION('',(0.,-0.707106781187,0.707106781187));
#2352 = ORIENTED_EDGE('',*,*,#2353,.T.);
#2353 = EDGE_CURVE('',#2346,#2354,#2356,.T.);
#2354 = VERTEX_POINT('',#2355);
#2355 = CARTESIAN_POINT('',(-63.81,6.302893218814,7.49));
#2356 = LINE('',#2357,#2358);
#2357 = CARTESIAN_POINT('',(-63.81,5.348299064212,6.535405845398));
#2358 = VECTOR('',#2359,1.);
#2359 = DIRECTION('',(0.,0.707106781186,0.707106781187));
#2360 = ORIENTED_EDGE('',*,*,#2361,.T.);
#2361 = EDGE_CURVE('',#2354,#2362,#2364,.T.);
#2362 = VERTEX_POINT('',#2363);
#2363 = CARTESIAN_POINT('',(-63.81,5.348299064212,8.444594154602));
#2364 = LINE('',#2365,#2366);
#2365 = CARTESIAN_POINT('',(-63.81,6.302893218814,7.49));
#2366 = VECTOR('',#2367,1.);
#2367 = DIRECTION('',(0.,-0.707106781187,0.707106781186));
#2368 = ORIENTED_EDGE('',*,*,#2369,.T.);
#2369 = EDGE_CURVE('',#2362,#2370,#2372,.T.);
#2370 = VERTEX_POINT('',#2371);
#2371 = CARTESIAN_POINT('',(-63.81,6.055405845398,9.151700935788));
#2372 = LINE('',#2373,#2374);
#2373 = CARTESIAN_POINT('',(-63.81,5.348299064212,8.444594154602));
#2374 = VECTOR('',#2375,1.);
#2375 = DIRECTION('',(0.,0.707106781187,0.707106781187));
#2376 = ORIENTED_EDGE('',*,*,#2377,.T.);
#2377 = EDGE_CURVE('',#2370,#2378,#2380,.T.);
#2378 = VERTEX_POINT('',#2379);
#2379 = CARTESIAN_POINT('',(-63.81,7.01,8.197106781186));
#2380 = LINE('',#2381,#2382);
#2381 = CARTESIAN_POINT('',(-63.81,6.055405845398,9.151700935788));
#2382 = VECTOR('',#2383,1.);
#2383 = DIRECTION('',(-0.,0.707106781186,-0.707106781187));
#2384 = ORIENTED_EDGE('',*,*,#2385,.T.);
#2385 = EDGE_CURVE('',#2378,#2386,#2388,.T.);
#2386 = VERTEX_POINT('',#2387);
#2387 = CARTESIAN_POINT('',(-63.81,7.964594154602,9.151700935788));
#2388 = LINE('',#2389,#2390);
#2389 = CARTESIAN_POINT('',(-63.81,7.01,8.197106781186));
#2390 = VECTOR('',#2391,1.);
#2391 = DIRECTION('',(0.,0.707106781187,0.707106781186));
#2392 = ORIENTED_EDGE('',*,*,#2393,.T.);
#2393 = EDGE_CURVE('',#2386,#2394,#2396,.T.);
#2394 = VERTEX_POINT('',#2395);
#2395 = CARTESIAN_POINT('',(-63.81,8.671700935789,8.444594154602));
#2396 = LINE('',#2397,#2398);
#2397 = CARTESIAN_POINT('',(-63.81,7.964594154602,9.151700935788));
#2398 = VECTOR('',#2399,1.);
#2399 = DIRECTION('',(-0.,0.707106781187,-0.707106781187));
#2400 = ORIENTED_EDGE('',*,*,#2401,.T.);
#2401 = EDGE_CURVE('',#2394,#2402,#2404,.T.);
#2402 = VERTEX_POINT('',#2403);
#2403 = CARTESIAN_POINT('',(-63.81,7.717106781187,7.49));
#2404 = LINE('',#2405,#2406);
#2405 = CARTESIAN_POINT('',(-63.81,8.671700935789,8.444594154602));
#2406 = VECTOR('',#2407,1.);
#2407 = DIRECTION('',(0.,-0.707106781187,-0.707106781186));
#2408 = ORIENTED_EDGE('',*,*,#2409,.T.);
#2409 = EDGE_CURVE('',#2402,#2320,#2410,.T.);
#2410 = LINE('',#2411,#2412);
#2411 = CARTESIAN_POINT('',(-63.81,7.717106781187,7.49));
#2412 = VECTOR('',#2413,1.);
#2413 = DIRECTION('',(-0.,0.707106781186,-0.707106781187));
#2414 = PLANE('',#2415);
#2415 = AXIS2_PLACEMENT_3D('',#2416,#2417,#2418);
#2416 = CARTESIAN_POINT('',(-63.81,-9.E-16,6.655));
#2417 = DIRECTION('',(1.,0.,0.));
#2418 = DIRECTION('',(0.,0.,1.));
#2419 = ADVANCED_FACE('',(#2420,#2423),#2473,.F.);
#2420 = FACE_BOUND('',#2421,.F.);
#2421 = EDGE_LOOP('',(#2422));
#2422 = ORIENTED_EDGE('',*,*,#1960,.T.);
#2423 = FACE_BOUND('',#2424,.F.);
#2424 = EDGE_LOOP('',(#2425,#2435,#2443,#2451,#2459,#2467));
#2425 = ORIENTED_EDGE('',*,*,#2426,.F.);
#2426 = EDGE_CURVE('',#2427,#2429,#2431,.T.);
#2427 = VERTEX_POINT('',#2428);
#2428 = CARTESIAN_POINT('',(-63.81,-3.974745673618,7.04895923599));
#2429 = VERTEX_POINT('',#2430);
#2430 = CARTESIAN_POINT('',(-63.81,-4.681852454814,7.756066017195));
#2431 = LINE('',#2432,#2433);
#2432 = CARTESIAN_POINT('',(-63.81,-3.974745673618,7.04895923599));
#2433 = VECTOR('',#2434,1.);
#2434 = DIRECTION('',(0.,-0.707106781182,0.707106781191));
#2435 = ORIENTED_EDGE('',*,*,#2436,.F.);
#2436 = EDGE_CURVE('',#2437,#2427,#2439,.T.);
#2437 = VERTEX_POINT('',#2438);
#2438 = CARTESIAN_POINT('',(-63.81,-5.38895923599,5.634745673618));
#2439 = LINE('',#2440,#2441);
#2440 = CARTESIAN_POINT('',(-63.81,-5.38895923599,5.634745673618));
#2441 = VECTOR('',#2442,1.);
#2442 = DIRECTION('',(0.,0.707106781187,0.707106781187));
#2443 = ORIENTED_EDGE('',*,*,#2444,.F.);
#2444 = EDGE_CURVE('',#2445,#2437,#2447,.T.);
#2445 = VERTEX_POINT('',#2446);
#2446 = CARTESIAN_POINT('',(-63.81,-8.005254326382,8.25104076401));
#2447 = LINE('',#2448,#2449);
#2448 = CARTESIAN_POINT('',(-63.81,-8.005254326382,8.25104076401));
#2449 = VECTOR('',#2450,1.);
#2450 = DIRECTION('',(-0.,0.707106781187,-0.707106781187));
#2451 = ORIENTED_EDGE('',*,*,#2452,.F.);
#2452 = EDGE_CURVE('',#2453,#2445,#2455,.T.);
#2453 = VERTEX_POINT('',#2454);
#2454 = CARTESIAN_POINT('',(-63.81,-7.298147545195,8.958147545197));
#2455 = LINE('',#2456,#2457);
#2456 = CARTESIAN_POINT('',(-63.81,-7.298147545195,8.958147545197));
#2457 = VECTOR('',#2458,1.);
#2458 = DIRECTION('',(0.,-0.707106781187,-0.707106781187));
#2459 = ORIENTED_EDGE('',*,*,#2460,.F.);
#2460 = EDGE_CURVE('',#2461,#2453,#2463,.T.);
#2461 = VERTEX_POINT('',#2462);
#2462 = CARTESIAN_POINT('',(-63.81,-5.388959236009,7.04895923601));
#2463 = LINE('',#2464,#2465);
#2464 = CARTESIAN_POINT('',(-63.81,-5.388959236009,7.04895923601));
#2465 = VECTOR('',#2466,1.);
#2466 = DIRECTION('',(0.,-0.707106781187,0.707106781187));
#2467 = ORIENTED_EDGE('',*,*,#2468,.F.);
#2468 = EDGE_CURVE('',#2429,#2461,#2469,.T.);
#2469 = LINE('',#2470,#2471);
#2470 = CARTESIAN_POINT('',(-63.81,-4.681852454814,7.756066017195));
#2471 = VECTOR('',#2472,1.);
#2472 = DIRECTION('',(0.,-0.707106781191,-0.707106781182));
#2473 = PLANE('',#2474);
#2474 = AXIS2_PLACEMENT_3D('',#2475,#2476,#2477);
#2475 = CARTESIAN_POINT('',(-63.81,-9.E-16,6.655));
#2476 = DIRECTION('',(1.,0.,0.));
#2477 = DIRECTION('',(0.,0.,1.));
#2478 = ADVANCED_FACE('',(#2479,#2487),#2513,.F.);
#2479 = FACE_BOUND('',#2480,.F.);
#2480 = EDGE_LOOP('',(#2481,#2482,#2483,#2484,#2485,#2486));
#2481 = ORIENTED_EDGE('',*,*,#1984,.F.);
#2482 = ORIENTED_EDGE('',*,*,#2045,.F.);
#2483 = ORIENTED_EDGE('',*,*,#2094,.F.);
#2484 = ORIENTED_EDGE('',*,*,#2113,.F.);
#2485 = ORIENTED_EDGE('',*,*,#2061,.F.);
#2486 = ORIENTED_EDGE('',*,*,#2019,.F.);
#2487 = FACE_BOUND('',#2488,.F.);
#2488 = EDGE_LOOP('',(#2489,#2499,#2507));
#2489 = ORIENTED_EDGE('',*,*,#2490,.F.);
#2490 = EDGE_CURVE('',#2491,#2493,#2495,.T.);
#2491 = VERTEX_POINT('',#2492);
#2492 = CARTESIAN_POINT('',(-63.81,2.600136650872,2.36));
#2493 = VERTEX_POINT('',#2494);
#2494 = CARTESIAN_POINT('',(-63.81,-1.580136650872,2.36));
#2495 = LINE('',#2496,#2497);
#2496 = CARTESIAN_POINT('',(-63.81,2.600136650872,2.36));
#2497 = VECTOR('',#2498,1.);
#2498 = DIRECTION('',(0.,-1.,-1.1E-16));
#2499 = ORIENTED_EDGE('',*,*,#2500,.F.);
#2500 = EDGE_CURVE('',#2501,#2491,#2503,.T.);
#2501 = VERTEX_POINT('',#2502);
#2502 = CARTESIAN_POINT('',(-63.81,0.51,2.844981849003E-02));
#2503 = LINE('',#2504,#2505);
#2504 = CARTESIAN_POINT('',(-63.81,0.51,2.844981849003E-02));
#2505 = VECTOR('',#2506,1.);
#2506 = DIRECTION('',(0.,0.667506297229,0.744604151989));
#2507 = ORIENTED_EDGE('',*,*,#2508,.F.);
#2508 = EDGE_CURVE('',#2493,#2501,#2509,.T.);
#2509 = LINE('',#2510,#2511);
#2510 = CARTESIAN_POINT('',(-63.81,-1.580136650872,2.36));
#2511 = VECTOR('',#2512,1.);
#2512 = DIRECTION('',(-0.,0.667506297229,-0.744604151989));
#2513 = PLANE('',#2514);
#2514 = AXIS2_PLACEMENT_3D('',#2515,#2516,#2517);
#2515 = CARTESIAN_POINT('',(-63.81,-9.E-16,6.655));
#2516 = DIRECTION('',(1.,0.,0.));
#2517 = DIRECTION('',(0.,0.,1.));
#2518 = ADVANCED_FACE('',(#2519),#2544,.T.);
#2519 = FACE_BOUND('',#2520,.T.);
#2520 = EDGE_LOOP('',(#2521,#2529,#2537,#2543));
#2521 = ORIENTED_EDGE('',*,*,#2522,.T.);
#2522 = EDGE_CURVE('',#2137,#2523,#2525,.T.);
#2523 = VERTEX_POINT('',#2524);
#2524 = CARTESIAN_POINT('',(-63.31,2.604563309506,12.620004979545));
#2525 = LINE('',#2526,#2527);
#2526 = CARTESIAN_POINT('',(-63.81,2.604563309506,12.620004979545));
#2527 = VECTOR('',#2528,1.);
#2528 = DIRECTION('',(1.,0.,0.));
#2529 = ORIENTED_EDGE('',*,*,#2530,.T.);
#2530 = EDGE_CURVE('',#2523,#2531,#2533,.T.);
#2531 = VERTEX_POINT('',#2532);
#2532 = CARTESIAN_POINT('',(-63.31,0.50632609198,14.972840445884));
#2533 = LINE('',#2534,#2535);
#2534 = CARTESIAN_POINT('',(-63.31,2.604563309506,12.620004979545));
#2535 = VECTOR('',#2536,1.);
#2536 = DIRECTION('',(0.,-0.665572858913,0.746332881145));
#2537 = ORIENTED_EDGE('',*,*,#2538,.F.);
#2538 = EDGE_CURVE('',#2139,#2531,#2539,.T.);
#2539 = LINE('',#2540,#2541);
#2540 = CARTESIAN_POINT('',(-63.81,0.50632609198,14.972840445884));
#2541 = VECTOR('',#2542,1.);
#2542 = DIRECTION('',(1.,0.,0.));
#2543 = ORIENTED_EDGE('',*,*,#2136,.F.);
#2544 = PLANE('',#2545);
#2545 = AXIS2_PLACEMENT_3D('',#2546,#2547,#2548);
#2546 = CARTESIAN_POINT('',(-63.81,2.604563309506,12.620004979545));
#2547 = DIRECTION('',(0.,-0.746332881145,-0.665572858913));
#2548 = DIRECTION('',(0.,-0.665572858913,0.746332881145));
#2549 = ADVANCED_FACE('',(#2550),#2568,.T.);
#2550 = FACE_BOUND('',#2551,.T.);
#2551 = EDGE_LOOP('',(#2552,#2553,#2561,#2567));
#2552 = ORIENTED_EDGE('',*,*,#2538,.T.);
#2553 = ORIENTED_EDGE('',*,*,#2554,.T.);
#2554 = EDGE_CURVE('',#2531,#2555,#2557,.T.);
#2555 = VERTEX_POINT('',#2556);
#2556 = CARTESIAN_POINT('',(-63.31,-1.60372992834,12.620042538631));
#2557 = LINE('',#2558,#2559);
#2558 = CARTESIAN_POINT('',(-63.31,0.50632609198,14.972840445884));
#2559 = VECTOR('',#2560,1.);
#2560 = DIRECTION('',(0.,-0.667659204264,-0.744467048943));
#2561 = ORIENTED_EDGE('',*,*,#2562,.F.);
#2562 = EDGE_CURVE('',#2147,#2555,#2563,.T.);
#2563 = LINE('',#2564,#2565);
#2564 = CARTESIAN_POINT('',(-63.81,-1.60372992834,12.620042538631));
#2565 = VECTOR('',#2566,1.);
#2566 = DIRECTION('',(1.,0.,0.));
#2567 = ORIENTED_EDGE('',*,*,#2154,.F.);
#2568 = PLANE('',#2569);
#2569 = AXIS2_PLACEMENT_3D('',#2570,#2571,#2572);
#2570 = CARTESIAN_POINT('',(-63.81,0.50632609198,14.972840445884));
#2571 = DIRECTION('',(0.,0.744467048943,-0.667659204264));
#2572 = DIRECTION('',(0.,-0.667659204264,-0.744467048943));
#2573 = ADVANCED_FACE('',(#2574),#2585,.T.);
#2574 = FACE_BOUND('',#2575,.T.);
#2575 = EDGE_LOOP('',(#2576,#2577,#2583,#2584));
#2576 = ORIENTED_EDGE('',*,*,#2562,.T.);
#2577 = ORIENTED_EDGE('',*,*,#2578,.T.);
#2578 = EDGE_CURVE('',#2555,#2523,#2579,.T.);
#2579 = LINE('',#2580,#2581);
#2580 = CARTESIAN_POINT('',(-63.31,-1.60372992834,12.620042538631));
#2581 = VECTOR('',#2582,1.);
#2582 = DIRECTION('',(-0.,0.99999999996,-8.92501648725E-06));
#2583 = ORIENTED_EDGE('',*,*,#2522,.F.);
#2584 = ORIENTED_EDGE('',*,*,#2146,.F.);
#2585 = PLANE('',#2586);
#2586 = AXIS2_PLACEMENT_3D('',#2587,#2588,#2589);
#2587 = CARTESIAN_POINT('',(-63.81,-1.60372992834,12.620042538631));
#2588 = DIRECTION('',(0.,8.92501648725E-06,0.99999999996));
#2589 = DIRECTION('',(0.,0.99999999996,-8.92501648725E-06));
#2590 = ADVANCED_FACE('',(#2591),#2610,.F.);
#2591 = FACE_BOUND('',#2592,.F.);
#2592 = EDGE_LOOP('',(#2593,#2601,#2608,#2609));
#2593 = ORIENTED_EDGE('',*,*,#2594,.T.);
#2594 = EDGE_CURVE('',#2183,#2595,#2597,.T.);
#2595 = VERTEX_POINT('',#2596);
#2596 = CARTESIAN_POINT('',(-58.,10.23,7.49));
#2597 = LINE('',#2598,#2599);
#2598 = CARTESIAN_POINT('',(-57.5,10.23,7.49));
#2599 = VECTOR('',#2600,1.);
#2600 = DIRECTION('',(-1.,-0.,-0.));
#2601 = ORIENTED_EDGE('',*,*,#2602,.T.);
#2602 = EDGE_CURVE('',#2595,#2595,#2603,.T.);
#2603 = CIRCLE('',#2604,3.22);
#2604 = AXIS2_PLACEMENT_3D('',#2605,#2606,#2607);
#2605 = CARTESIAN_POINT('',(-58.,7.01,7.49));
#2606 = DIRECTION('',(1.,0.,0.));
#2607 = DIRECTION('',(0.,1.,0.));
#2608 = ORIENTED_EDGE('',*,*,#2594,.F.);
#2609 = ORIENTED_EDGE('',*,*,#2182,.F.);
#2610 = CYLINDRICAL_SURFACE('',#2611,3.22);
#2611 = AXIS2_PLACEMENT_3D('',#2612,#2613,#2614);
#2612 = CARTESIAN_POINT('',(-57.5,7.01,7.49));
#2613 = DIRECTION('',(1.,0.,0.));
#2614 = DIRECTION('',(0.,1.,0.));
#2615 = ADVANCED_FACE('',(#2616),#2642,.F.);
#2616 = FACE_BOUND('',#2617,.F.);
#2617 = EDGE_LOOP('',(#2618,#2626,#2635,#2641));
#2618 = ORIENTED_EDGE('',*,*,#2619,.T.);
#2619 = EDGE_CURVE('',#2194,#2620,#2622,.T.);
#2620 = VERTEX_POINT('',#2621);
#2621 = CARTESIAN_POINT('',(-58.,-2.139999954084,3.73));
#2622 = LINE('',#2623,#2624);
#2623 = CARTESIAN_POINT('',(-57.5,-2.139999954084,3.73));
#2624 = VECTOR('',#2625,1.);
#2625 = DIRECTION('',(-1.,-0.,-0.));
#2626 = ORIENTED_EDGE('',*,*,#2627,.T.);
#2627 = EDGE_CURVE('',#2620,#2628,#2630,.T.);
#2628 = VERTEX_POINT('',#2629);
#2629 = CARTESIAN_POINT('',(-58.,-2.97395661491,1.862392907707));
#2630 = CIRCLE('',#2631,1.12);
#2631 = AXIS2_PLACEMENT_3D('',#2632,#2633,#2634);
#2632 = CARTESIAN_POINT('',(-58.,-2.14,2.61));
#2633 = DIRECTION('',(1.,0.,-0.));
#2634 = DIRECTION('',(0.,4.099681744878E-08,1.));
#2635 = ORIENTED_EDGE('',*,*,#2636,.F.);
#2636 = EDGE_CURVE('',#2196,#2628,#2637,.T.);
#2637 = LINE('',#2638,#2639);
#2638 = CARTESIAN_POINT('',(-57.5,-2.97395661491,1.862392907707));
#2639 = VECTOR('',#2640,1.);
#2640 = DIRECTION('',(-1.,-0.,-0.));
#2641 = ORIENTED_EDGE('',*,*,#2193,.F.);
#2642 = CYLINDRICAL_SURFACE('',#2643,1.12);
#2643 = AXIS2_PLACEMENT_3D('',#2644,#2645,#2646);
#2644 = CARTESIAN_POINT('',(-57.5,-2.14,2.61));
#2645 = DIRECTION('',(1.,0.,0.));
#2646 = DIRECTION('',(0.,1.,0.));
#2647 = ADVANCED_FACE('',(#2648),#2666,.T.);
#2648 = FACE_BOUND('',#2649,.T.);
#2649 = EDGE_LOOP('',(#2650,#2651,#2659,#2665));
#2650 = ORIENTED_EDGE('',*,*,#2619,.T.);
#2651 = ORIENTED_EDGE('',*,*,#2652,.F.);
#2652 = EDGE_CURVE('',#2653,#2620,#2655,.T.);
#2653 = VERTEX_POINT('',#2654);
#2654 = CARTESIAN_POINT('',(-58.,3.15999995413,3.73));
#2655 = LINE('',#2656,#2657);
#2656 = CARTESIAN_POINT('',(-58.,3.15999995413,3.73));
#2657 = VECTOR('',#2658,1.);
#2658 = DIRECTION('',(-0.,-1.,-0.));
#2659 = ORIENTED_EDGE('',*,*,#2660,.F.);
#2660 = EDGE_CURVE('',#2205,#2653,#2661,.T.);
#2661 = LINE('',#2662,#2663);
#2662 = CARTESIAN_POINT('',(-57.5,3.15999995413,3.73));
#2663 = VECTOR('',#2664,1.);
#2664 = DIRECTION('',(-1.,-0.,-0.));
#2665 = ORIENTED_EDGE('',*,*,#2204,.F.);
#2666 = PLANE('',#2667);
#2667 = AXIS2_PLACEMENT_3D('',#2668,#2669,#2670);
#2668 = CARTESIAN_POINT('',(-57.5,-2.139999954084,3.73));
#2669 = DIRECTION('',(0.,0.,-1.));
#2670 = DIRECTION('',(0.,1.,0.));
#2671 = ADVANCED_FACE('',(#2672),#2690,.F.);
#2672 = FACE_BOUND('',#2673,.F.);
#2673 = EDGE_LOOP('',(#2674,#2675,#2683,#2689));
#2674 = ORIENTED_EDGE('',*,*,#2636,.T.);
#2675 = ORIENTED_EDGE('',*,*,#2676,.T.);
#2676 = EDGE_CURVE('',#2628,#2677,#2679,.T.);
#2677 = VERTEX_POINT('',#2678);
#2678 = CARTESIAN_POINT('',(-58.,-0.323956628277,-1.093685560779));
#2679 = LINE('',#2680,#2681);
#2680 = CARTESIAN_POINT('',(-58.,-2.97395661491,1.862392907707));
#2681 = VECTOR('',#2682,1.);
#2682 = DIRECTION('',(0.,0.667506297229,-0.744604151989));
#2683 = ORIENTED_EDGE('',*,*,#2684,.F.);
#2684 = EDGE_CURVE('',#2230,#2677,#2685,.T.);
#2685 = LINE('',#2686,#2687);
#2686 = CARTESIAN_POINT('',(-57.5,-0.323956628277,-1.093685560779));
#2687 = VECTOR('',#2688,1.);
#2688 = DIRECTION('',(-1.,-0.,-0.));
#2689 = ORIENTED_EDGE('',*,*,#2238,.F.);
#2690 = PLANE('',#2691);
#2691 = AXIS2_PLACEMENT_3D('',#2692,#2693,#2694);
#2692 = CARTESIAN_POINT('',(-57.5,-2.97395661491,1.862392907707));
#2693 = DIRECTION('',(0.,-0.744604151989,-0.667506297229));
#2694 = DIRECTION('',(0.,0.667506297229,-0.744604151989));
#2695 = ADVANCED_FACE('',(#2696),#2715,.F.);
#2696 = FACE_BOUND('',#2697,.F.);
#2697 = EDGE_LOOP('',(#2698,#2706,#2713,#2714));
#2698 = ORIENTED_EDGE('',*,*,#2699,.T.);
#2699 = EDGE_CURVE('',#2213,#2700,#2702,.T.);
#2700 = VERTEX_POINT('',#2701);
#2701 = CARTESIAN_POINT('',(-58.,3.993856844653,1.862281628804));
#2702 = LINE('',#2703,#2704);
#2703 = CARTESIAN_POINT('',(-57.5,3.993856844653,1.862281628804));
#2704 = VECTOR('',#2705,1.);
#2705 = DIRECTION('',(-1.,-0.,-0.));
#2706 = ORIENTED_EDGE('',*,*,#2707,.T.);
#2707 = EDGE_CURVE('',#2700,#2653,#2708,.T.);
#2708 = CIRCLE('',#2709,1.12);
#2709 = AXIS2_PLACEMENT_3D('',#2710,#2711,#2712);
#2710 = CARTESIAN_POINT('',(-58.,3.16,2.61));
#2711 = DIRECTION('',(1.,-0.,0.));
#2712 = DIRECTION('',(0.,0.744515039869,-0.667605688568));
#2713 = ORIENTED_EDGE('',*,*,#2660,.F.);
#2714 = ORIENTED_EDGE('',*,*,#2212,.F.);
#2715 = CYLINDRICAL_SURFACE('',#2716,1.12);
#2716 = AXIS2_PLACEMENT_3D('',#2717,#2718,#2719);
#2717 = CARTESIAN_POINT('',(-57.5,3.16,2.61));
#2718 = DIRECTION('',(1.,0.,0.));
#2719 = DIRECTION('',(0.,1.,0.));
#2720 = ADVANCED_FACE('',(#2721),#2740,.F.);
#2721 = FACE_BOUND('',#2722,.F.);
#2722 = EDGE_LOOP('',(#2723,#2724,#2733,#2739));
#2723 = ORIENTED_EDGE('',*,*,#2684,.T.);
#2724 = ORIENTED_EDGE('',*,*,#2725,.T.);
#2725 = EDGE_CURVE('',#2677,#2726,#2728,.T.);
#2726 = VERTEX_POINT('',#2727);
#2727 = CARTESIAN_POINT('',(-58.,1.343971946993,-1.093668472381));
#2728 = CIRCLE('',#2729,1.12);
#2729 = AXIS2_PLACEMENT_3D('',#2730,#2731,#2732);
#2730 = CARTESIAN_POINT('',(-58.,0.51,-0.346078483397));
#2731 = DIRECTION('',(1.,0.,0.));
#2732 = DIRECTION('',(0.,-0.74460413239,-0.667506319091));
#2733 = ORIENTED_EDGE('',*,*,#2734,.F.);
#2734 = EDGE_CURVE('',#2222,#2726,#2735,.T.);
#2735 = LINE('',#2736,#2737);
#2736 = CARTESIAN_POINT('',(-57.5,1.343971946993,-1.093668472381));
#2737 = VECTOR('',#2738,1.);
#2738 = DIRECTION('',(-1.,-0.,-0.));
#2739 = ORIENTED_EDGE('',*,*,#2229,.F.);
#2740 = CYLINDRICAL_SURFACE('',#2741,1.12);
#2741 = AXIS2_PLACEMENT_3D('',#2742,#2743,#2744);
#2742 = CARTESIAN_POINT('',(-57.5,0.51,-0.346078483397));
#2743 = DIRECTION('',(1.,0.,0.));
#2744 = DIRECTION('',(0.,1.,0.));
#2745 = ADVANCED_FACE('',(#2746),#2757,.F.);
#2746 = FACE_BOUND('',#2747,.F.);
#2747 = EDGE_LOOP('',(#2748,#2749,#2755,#2756));
#2748 = ORIENTED_EDGE('',*,*,#2734,.T.);
#2749 = ORIENTED_EDGE('',*,*,#2750,.T.);
#2750 = EDGE_CURVE('',#2726,#2700,#2751,.T.);
#2751 = LINE('',#2752,#2753);
#2752 = CARTESIAN_POINT('',(-58.,1.343971946993,-1.093668472381));
#2753 = VECTOR('',#2754,1.);
#2754 = DIRECTION('',(0.,0.667506295401,0.744604153628));
#2755 = ORIENTED_EDGE('',*,*,#2699,.F.);
#2756 = ORIENTED_EDGE('',*,*,#2221,.F.);
#2757 = PLANE('',#2758);
#2758 = AXIS2_PLACEMENT_3D('',#2759,#2760,#2761);
#2759 = CARTESIAN_POINT('',(-57.5,1.343971946993,-1.093668472381));
#2760 = DIRECTION('',(0.,0.744604153628,-0.667506295401));
#2761 = DIRECTION('',(0.,0.667506295401,0.744604153628));
#2762 = ADVANCED_FACE('',(#2763),#2782,.F.);
#2763 = FACE_BOUND('',#2764,.F.);
#2764 = EDGE_LOOP('',(#2765,#2773,#2780,#2781));
#2765 = ORIENTED_EDGE('',*,*,#2766,.T.);
#2766 = EDGE_CURVE('',#2247,#2767,#2769,.T.);
#2767 = VERTEX_POINT('',#2768);
#2768 = CARTESIAN_POINT('',(-58.,-2.77,7.49));
#2769 = LINE('',#2770,#2771);
#2770 = CARTESIAN_POINT('',(-57.5,-2.77,7.49));
#2771 = VECTOR('',#2772,1.);
#2772 = DIRECTION('',(-1.,-0.,-0.));
#2773 = ORIENTED_EDGE('',*,*,#2774,.T.);
#2774 = EDGE_CURVE('',#2767,#2767,#2775,.T.);
#2775 = CIRCLE('',#2776,3.22);
#2776 = AXIS2_PLACEMENT_3D('',#2777,#2778,#2779);
#2777 = CARTESIAN_POINT('',(-58.,-5.99,7.49));
#2778 = DIRECTION('',(1.,0.,0.));
#2779 = DIRECTION('',(0.,1.,0.));
#2780 = ORIENTED_EDGE('',*,*,#2766,.F.);
#2781 = ORIENTED_EDGE('',*,*,#2246,.F.);
#2782 = CYLINDRICAL_SURFACE('',#2783,3.22);
#2783 = AXIS2_PLACEMENT_3D('',#2784,#2785,#2786);
#2784 = CARTESIAN_POINT('',(-57.5,-5.99,7.49));
#2785 = DIRECTION('',(1.,0.,0.));
#2786 = DIRECTION('',(0.,1.,0.));
#2787 = ADVANCED_FACE('',(#2788),#2814,.F.);
#2788 = FACE_BOUND('',#2789,.F.);
#2789 = EDGE_LOOP('',(#2790,#2798,#2807,#2813));
#2790 = ORIENTED_EDGE('',*,*,#2791,.T.);
#2791 = EDGE_CURVE('',#2258,#2792,#2794,.T.);
#2792 = VERTEX_POINT('',#2793);
#2793 = CARTESIAN_POINT('',(-58.,1.343093881587,16.09291701023));
#2794 = LINE('',#2795,#2796);
#2795 = CARTESIAN_POINT('',(-57.5,1.343093881587,16.09291701023));
#2796 = VECTOR('',#2797,1.);
#2797 = DIRECTION('',(-1.,-0.,-0.));
#2798 = ORIENTED_EDGE('',*,*,#2799,.F.);
#2799 = EDGE_CURVE('',#2800,#2792,#2802,.T.);
#2800 = VERTEX_POINT('',#2801);
#2801 = CARTESIAN_POINT('',(-58.,-0.327110230256,16.095470211019));
#2802 = CIRCLE('',#2803,1.12);
#2803 = AXIS2_PLACEMENT_3D('',#2804,#2805,#2806);
#2804 = CARTESIAN_POINT('',(-58.,0.506850935983,15.34786819577));
#2805 = DIRECTION('',(-1.,0.,0.));
#2806 = DIRECTION('',(0.,-0.744608184142,0.66750179933));
#2807 = ORIENTED_EDGE('',*,*,#2808,.F.);
#2808 = EDGE_CURVE('',#2260,#2800,#2809,.T.);
#2809 = LINE('',#2810,#2811);
#2810 = CARTESIAN_POINT('',(-57.5,-0.327110230256,16.095470211019));
#2811 = VECTOR('',#2812,1.);
#2812 = DIRECTION('',(-1.,-0.,-0.));
#2813 = ORIENTED_EDGE('',*,*,#2257,.F.);
#2814 = CYLINDRICAL_SURFACE('',#2815,1.12);
#2815 = AXIS2_PLACEMENT_3D('',#2816,#2817,#2818);
#2816 = CARTESIAN_POINT('',(-57.5,0.506850935983,15.34786819577));
#2817 = DIRECTION('',(1.,0.,0.));
#2818 = DIRECTION('',(0.,1.,0.));
#2819 = ADVANCED_FACE('',(#2820),#2838,.T.);
#2820 = FACE_BOUND('',#2821,.T.);
#2821 = EDGE_LOOP('',(#2822,#2823,#2831,#2837));
#2822 = ORIENTED_EDGE('',*,*,#2791,.T.);
#2823 = ORIENTED_EDGE('',*,*,#2824,.T.);
#2824 = EDGE_CURVE('',#2792,#2825,#2827,.T.);
#2825 = VERTEX_POINT('',#2826);
#2826 = CARTESIAN_POINT('',(-58.,3.998029166711,13.115834224976));
#2827 = LINE('',#2828,#2829);
#2828 = CARTESIAN_POINT('',(-58.,1.343093881587,16.09291701023));
#2829 = VECTOR('',#2830,1.);
#2830 = DIRECTION('',(0.,0.665572858913,-0.746332881145));
#2831 = ORIENTED_EDGE('',*,*,#2832,.F.);
#2832 = EDGE_CURVE('',#2269,#2825,#2833,.T.);
#2833 = LINE('',#2834,#2835);
#2834 = CARTESIAN_POINT('',(-57.5,3.998029166711,13.115834224976));
#2835 = VECTOR('',#2836,1.);
#2836 = DIRECTION('',(-1.,-0.,-0.));
#2837 = ORIENTED_EDGE('',*,*,#2268,.F.);
#2838 = PLANE('',#2839);
#2839 = AXIS2_PLACEMENT_3D('',#2840,#2841,#2842);
#2840 = CARTESIAN_POINT('',(-57.5,1.343093881587,16.09291701023));
#2841 = DIRECTION('',(0.,-0.746332881145,-0.665572858913));
#2842 = DIRECTION('',(0.,0.665572858913,-0.746332881145));
#2843 = ADVANCED_FACE('',(#2844),#2862,.F.);
#2844 = FACE_BOUND('',#2845,.F.);
#2845 = EDGE_LOOP('',(#2846,#2847,#2855,#2861));
#2846 = ORIENTED_EDGE('',*,*,#2808,.T.);
#2847 = ORIENTED_EDGE('',*,*,#2848,.F.);
#2848 = EDGE_CURVE('',#2849,#2800,#2851,.T.);
#2849 = VERTEX_POINT('',#2850);
#2850 = CARTESIAN_POINT('',(-58.,-2.99743086722,13.117954568856));
#2851 = LINE('',#2852,#2853);
#2852 = CARTESIAN_POINT('',(-58.,-2.99743086722,13.117954568856));
#2853 = VECTOR('',#2854,1.);
#2854 = DIRECTION('',(0.,0.667659204264,0.744467048943));
#2855 = ORIENTED_EDGE('',*,*,#2856,.F.);
#2856 = EDGE_CURVE('',#2294,#2849,#2857,.T.);
#2857 = LINE('',#2858,#2859);
#2858 = CARTESIAN_POINT('',(-57.5,-2.99743086722,13.117954568856));
#2859 = VECTOR('',#2860,1.);
#2860 = DIRECTION('',(-1.,-0.,-0.));
#2861 = ORIENTED_EDGE('',*,*,#2302,.F.);
#2862 = PLANE('',#2863);
#2863 = AXIS2_PLACEMENT_3D('',#2864,#2865,#2866);
#2864 = CARTESIAN_POINT('',(-57.5,-0.327110230256,16.095470211019));
#2865 = DIRECTION('',(0.,-0.744467048943,0.667659204264));
#2866 = DIRECTION('',(0.,-0.667659204264,-0.744467048943));
#2867 = ADVANCED_FACE('',(#2868),#2887,.F.);
#2868 = FACE_BOUND('',#2869,.F.);
#2869 = EDGE_LOOP('',(#2870,#2878,#2885,#2886));
#2870 = ORIENTED_EDGE('',*,*,#2871,.T.);
#2871 = EDGE_CURVE('',#2277,#2872,#2874,.T.);
#2872 = VERTEX_POINT('',#2873);
#2873 = CARTESIAN_POINT('',(-58.,3.162486559334,11.25));
#2874 = LINE('',#2875,#2876);
#2875 = CARTESIAN_POINT('',(-57.5,3.162486559334,11.25));
#2876 = VECTOR('',#2877,1.);
#2877 = DIRECTION('',(-1.,-0.,-0.));
#2878 = ORIENTED_EDGE('',*,*,#2879,.F.);
#2879 = EDGE_CURVE('',#2825,#2872,#2880,.T.);
#2880 = CIRCLE('',#2881,1.12);
#2881 = AXIS2_PLACEMENT_3D('',#2882,#2883,#2884);
#2882 = CARTESIAN_POINT('',(-58.,3.162486643045,12.37));
#2883 = DIRECTION('',(-1.,0.,0.));
#2884 = DIRECTION('',(0.,0.746020110416,0.665923415157));
#2885 = ORIENTED_EDGE('',*,*,#2832,.F.);
#2886 = ORIENTED_EDGE('',*,*,#2276,.F.);
#2887 = CYLINDRICAL_SURFACE('',#2888,1.12);
#2888 = AXIS2_PLACEMENT_3D('',#2889,#2890,#2891);
#2889 = CARTESIAN_POINT('',(-57.5,3.162486643045,12.37));
#2890 = DIRECTION('',(1.,0.,0.));
#2891 = DIRECTION('',(0.,1.,0.));
#2892 = ADVANCED_FACE('',(#2893),#2912,.F.);
#2893 = FACE_BOUND('',#2894,.F.);
#2894 = EDGE_LOOP('',(#2895,#2896,#2905,#2911));
#2895 = ORIENTED_EDGE('',*,*,#2856,.T.);
#2896 = ORIENTED_EDGE('',*,*,#2897,.F.);
#2897 = EDGE_CURVE('',#2898,#2849,#2900,.T.);
#2898 = VERTEX_POINT('',#2899);
#2899 = CARTESIAN_POINT('',(-58.,-2.163785797351,11.25));
#2900 = CIRCLE('',#2901,1.12);
#2901 = AXIS2_PLACEMENT_3D('',#2902,#2903,#2904);
#2902 = CARTESIAN_POINT('',(-58.,-2.163785881074,12.37));
#2903 = DIRECTION('',(-1.,0.,-0.));
#2904 = DIRECTION('',(0.,7.475303986926E-08,-1.));
#2905 = ORIENTED_EDGE('',*,*,#2906,.F.);
#2906 = EDGE_CURVE('',#2286,#2898,#2907,.T.);
#2907 = LINE('',#2908,#2909);
#2908 = CARTESIAN_POINT('',(-57.5,-2.163785797351,11.25));
#2909 = VECTOR('',#2910,1.);
#2910 = DIRECTION('',(-1.,-0.,-0.));
#2911 = ORIENTED_EDGE('',*,*,#2293,.F.);
#2912 = CYLINDRICAL_SURFACE('',#2913,1.12);
#2913 = AXIS2_PLACEMENT_3D('',#2914,#2915,#2916);
#2914 = CARTESIAN_POINT('',(-57.5,-2.163785881074,12.37));
#2915 = DIRECTION('',(1.,0.,0.));
#2916 = DIRECTION('',(0.,1.,0.));
#2917 = ADVANCED_FACE('',(#2918),#2929,.F.);
#2918 = FACE_BOUND('',#2919,.F.);
#2919 = EDGE_LOOP('',(#2920,#2921,#2927,#2928));
#2920 = ORIENTED_EDGE('',*,*,#2906,.T.);
#2921 = ORIENTED_EDGE('',*,*,#2922,.F.);
#2922 = EDGE_CURVE('',#2872,#2898,#2923,.T.);
#2923 = LINE('',#2924,#2925);
#2924 = CARTESIAN_POINT('',(-58.,3.162486559334,11.25));
#2925 = VECTOR('',#2926,1.);
#2926 = DIRECTION('',(-0.,-1.,-0.));
#2927 = ORIENTED_EDGE('',*,*,#2871,.F.);
#2928 = ORIENTED_EDGE('',*,*,#2285,.F.);
#2929 = PLANE('',#2930);
#2930 = AXIS2_PLACEMENT_3D('',#2931,#2932,#2933);
#2931 = CARTESIAN_POINT('',(-57.5,-2.163785797351,11.25));
#2932 = DIRECTION('',(0.,0.,-1.));
#2933 = DIRECTION('',(0.,1.,0.));
#2934 = ADVANCED_FACE('',(#2935),#2960,.F.);
#2935 = FACE_BOUND('',#2936,.F.);
#2936 = EDGE_LOOP('',(#2937,#2945,#2953,#2959));
#2937 = ORIENTED_EDGE('',*,*,#2938,.T.);
#2938 = EDGE_CURVE('',#2320,#2939,#2941,.T.);
#2939 = VERTEX_POINT('',#2940);
#2940 = CARTESIAN_POINT('',(-63.31,8.671700935789,6.535405845398));
#2941 = LINE('',#2942,#2943);
#2942 = CARTESIAN_POINT('',(-63.81,8.671700935789,6.535405845398));
#2943 = VECTOR('',#2944,1.);
#2944 = DIRECTION('',(1.,0.,0.));
#2945 = ORIENTED_EDGE('',*,*,#2946,.T.);
#2946 = EDGE_CURVE('',#2939,#2947,#2949,.T.);
#2947 = VERTEX_POINT('',#2948);
#2948 = CARTESIAN_POINT('',(-63.31,7.964594154602,5.828299064211));
#2949 = LINE('',#2950,#2951);
#2950 = CARTESIAN_POINT('',(-63.31,8.671700935789,6.535405845398));
#2951 = VECTOR('',#2952,1.);
#2952 = DIRECTION('',(0.,-0.707106781187,-0.707106781187));
#2953 = ORIENTED_EDGE('',*,*,#2954,.F.);
#2954 = EDGE_CURVE('',#2322,#2947,#2955,.T.);
#2955 = LINE('',#2956,#2957);
#2956 = CARTESIAN_POINT('',(-63.81,7.964594154602,5.828299064211));
#2957 = VECTOR('',#2958,1.);
#2958 = DIRECTION('',(1.,0.,0.));
#2959 = ORIENTED_EDGE('',*,*,#2319,.F.);
#2960 = PLANE('',#2961);
#2961 = AXIS2_PLACEMENT_3D('',#2962,#2963,#2964);
#2962 = CARTESIAN_POINT('',(-63.81,8.671700935789,6.535405845398));
#2963 = DIRECTION('',(0.,0.707106781187,-0.707106781187));
#2964 = DIRECTION('',(0.,-0.707106781187,-0.707106781187));
#2965 = ADVANCED_FACE('',(#2966),#2984,.F.);
#2966 = FACE_BOUND('',#2967,.F.);
#2967 = EDGE_LOOP('',(#2968,#2976,#2982,#2983));
#2968 = ORIENTED_EDGE('',*,*,#2969,.T.);
#2969 = EDGE_CURVE('',#2402,#2970,#2972,.T.);
#2970 = VERTEX_POINT('',#2971);
#2971 = CARTESIAN_POINT('',(-63.31,7.717106781187,7.49));
#2972 = LINE('',#2973,#2974);
#2973 = CARTESIAN_POINT('',(-63.81,7.717106781187,7.49));
#2974 = VECTOR('',#2975,1.);
#2975 = DIRECTION('',(1.,0.,0.));
#2976 = ORIENTED_EDGE('',*,*,#2977,.T.);
#2977 = EDGE_CURVE('',#2970,#2939,#2978,.T.);
#2978 = LINE('',#2979,#2980);
#2979 = CARTESIAN_POINT('',(-63.31,7.717106781187,7.49));
#2980 = VECTOR('',#2981,1.);
#2981 = DIRECTION('',(-0.,0.707106781186,-0.707106781187));
#2982 = ORIENTED_EDGE('',*,*,#2938,.F.);
#2983 = ORIENTED_EDGE('',*,*,#2409,.F.);
#2984 = PLANE('',#2985);
#2985 = AXIS2_PLACEMENT_3D('',#2986,#2987,#2988);
#2986 = CARTESIAN_POINT('',(-63.81,7.717106781187,7.49));
#2987 = DIRECTION('',(0.,0.707106781187,0.707106781186));
#2988 = DIRECTION('',(0.,0.707106781186,-0.707106781187));
#2989 = ADVANCED_FACE('',(#2990),#3008,.F.);
#2990 = FACE_BOUND('',#2991,.F.);
#2991 = EDGE_LOOP('',(#2992,#3000,#3006,#3007));
#2992 = ORIENTED_EDGE('',*,*,#2993,.T.);
#2993 = EDGE_CURVE('',#2394,#2994,#2996,.T.);
#2994 = VERTEX_POINT('',#2995);
#2995 = CARTESIAN_POINT('',(-63.31,8.671700935789,8.444594154602));
#2996 = LINE('',#2997,#2998);
#2997 = CARTESIAN_POINT('',(-63.81,8.671700935789,8.444594154602));
#2998 = VECTOR('',#2999,1.);
#2999 = DIRECTION('',(1.,0.,0.));
#3000 = ORIENTED_EDGE('',*,*,#3001,.T.);
#3001 = EDGE_CURVE('',#2994,#2970,#3002,.T.);
#3002 = LINE('',#3003,#3004);
#3003 = CARTESIAN_POINT('',(-63.31,8.671700935789,8.444594154602));
#3004 = VECTOR('',#3005,1.);
#3005 = DIRECTION('',(0.,-0.707106781187,-0.707106781186));
#3006 = ORIENTED_EDGE('',*,*,#2969,.F.);
#3007 = ORIENTED_EDGE('',*,*,#2401,.F.);
#3008 = PLANE('',#3009);
#3009 = AXIS2_PLACEMENT_3D('',#3010,#3011,#3012);
#3010 = CARTESIAN_POINT('',(-63.81,8.671700935789,8.444594154602));
#3011 = DIRECTION('',(0.,0.707106781186,-0.707106781187));
#3012 = DIRECTION('',(0.,-0.707106781187,-0.707106781186));
#3013 = ADVANCED_FACE('',(#3014),#3032,.F.);
#3014 = FACE_BOUND('',#3015,.F.);
#3015 = EDGE_LOOP('',(#3016,#3024,#3030,#3031));
#3016 = ORIENTED_EDGE('',*,*,#3017,.T.);
#3017 = EDGE_CURVE('',#2386,#3018,#3020,.T.);
#3018 = VERTEX_POINT('',#3019);
#3019 = CARTESIAN_POINT('',(-63.31,7.964594154602,9.151700935788));
#3020 = LINE('',#3021,#3022);
#3021 = CARTESIAN_POINT('',(-63.81,7.964594154602,9.151700935788));
#3022 = VECTOR('',#3023,1.);
#3023 = DIRECTION('',(1.,0.,0.));
#3024 = ORIENTED_EDGE('',*,*,#3025,.T.);
#3025 = EDGE_CURVE('',#3018,#2994,#3026,.T.);
#3026 = LINE('',#3027,#3028);
#3027 = CARTESIAN_POINT('',(-63.31,7.964594154602,9.151700935788));
#3028 = VECTOR('',#3029,1.);
#3029 = DIRECTION('',(-0.,0.707106781187,-0.707106781187));
#3030 = ORIENTED_EDGE('',*,*,#2993,.F.);
#3031 = ORIENTED_EDGE('',*,*,#2393,.F.);
#3032 = PLANE('',#3033);
#3033 = AXIS2_PLACEMENT_3D('',#3034,#3035,#3036);
#3034 = CARTESIAN_POINT('',(-63.81,7.964594154602,9.151700935788));
#3035 = DIRECTION('',(0.,0.707106781187,0.707106781187));
#3036 = DIRECTION('',(0.,0.707106781187,-0.707106781187));
#3037 = ADVANCED_FACE('',(#3038),#3056,.F.);
#3038 = FACE_BOUND('',#3039,.F.);
#3039 = EDGE_LOOP('',(#3040,#3048,#3054,#3055));
#3040 = ORIENTED_EDGE('',*,*,#3041,.T.);
#3041 = EDGE_CURVE('',#2378,#3042,#3044,.T.);
#3042 = VERTEX_POINT('',#3043);
#3043 = CARTESIAN_POINT('',(-63.31,7.01,8.197106781186));
#3044 = LINE('',#3045,#3046);
#3045 = CARTESIAN_POINT('',(-63.81,7.01,8.197106781186));
#3046 = VECTOR('',#3047,1.);
#3047 = DIRECTION('',(1.,0.,0.));
#3048 = ORIENTED_EDGE('',*,*,#3049,.T.);
#3049 = EDGE_CURVE('',#3042,#3018,#3050,.T.);
#3050 = LINE('',#3051,#3052);
#3051 = CARTESIAN_POINT('',(-63.31,7.01,8.197106781186));
#3052 = VECTOR('',#3053,1.);
#3053 = DIRECTION('',(0.,0.707106781187,0.707106781186));
#3054 = ORIENTED_EDGE('',*,*,#3017,.F.);
#3055 = ORIENTED_EDGE('',*,*,#2385,.F.);
#3056 = PLANE('',#3057);
#3057 = AXIS2_PLACEMENT_3D('',#3058,#3059,#3060);
#3058 = CARTESIAN_POINT('',(-63.81,7.01,8.197106781186));
#3059 = DIRECTION('',(0.,-0.707106781186,0.707106781187));
#3060 = DIRECTION('',(0.,0.707106781187,0.707106781186));
#3061 = ADVANCED_FACE('',(#3062),#3080,.F.);
#3062 = FACE_BOUND('',#3063,.F.);
#3063 = EDGE_LOOP('',(#3064,#3072,#3078,#3079));
#3064 = ORIENTED_EDGE('',*,*,#3065,.T.);
#3065 = EDGE_CURVE('',#2370,#3066,#3068,.T.);
#3066 = VERTEX_POINT('',#3067);
#3067 = CARTESIAN_POINT('',(-63.31,6.055405845398,9.151700935788));
#3068 = LINE('',#3069,#3070);
#3069 = CARTESIAN_POINT('',(-63.81,6.055405845398,9.151700935788));
#3070 = VECTOR('',#3071,1.);
#3071 = DIRECTION('',(1.,0.,0.));
#3072 = ORIENTED_EDGE('',*,*,#3073,.T.);
#3073 = EDGE_CURVE('',#3066,#3042,#3074,.T.);
#3074 = LINE('',#3075,#3076);
#3075 = CARTESIAN_POINT('',(-63.31,6.055405845398,9.151700935788));
#3076 = VECTOR('',#3077,1.);
#3077 = DIRECTION('',(-0.,0.707106781186,-0.707106781187));
#3078 = ORIENTED_EDGE('',*,*,#3041,.F.);
#3079 = ORIENTED_EDGE('',*,*,#2377,.F.);
#3080 = PLANE('',#3081);
#3081 = AXIS2_PLACEMENT_3D('',#3082,#3083,#3084);
#3082 = CARTESIAN_POINT('',(-63.81,6.055405845398,9.151700935788));
#3083 = DIRECTION('',(0.,0.707106781187,0.707106781186));
#3084 = DIRECTION('',(0.,0.707106781186,-0.707106781187));
#3085 = ADVANCED_FACE('',(#3086),#3104,.F.);
#3086 = FACE_BOUND('',#3087,.F.);
#3087 = EDGE_LOOP('',(#3088,#3096,#3102,#3103));
#3088 = ORIENTED_EDGE('',*,*,#3089,.T.);
#3089 = EDGE_CURVE('',#2362,#3090,#3092,.T.);
#3090 = VERTEX_POINT('',#3091);
#3091 = CARTESIAN_POINT('',(-63.31,5.348299064212,8.444594154602));
#3092 = LINE('',#3093,#3094);
#3093 = CARTESIAN_POINT('',(-63.81,5.348299064212,8.444594154602));
#3094 = VECTOR('',#3095,1.);
#3095 = DIRECTION('',(1.,0.,0.));
#3096 = ORIENTED_EDGE('',*,*,#3097,.T.);
#3097 = EDGE_CURVE('',#3090,#3066,#3098,.T.);
#3098 = LINE('',#3099,#3100);
#3099 = CARTESIAN_POINT('',(-63.31,5.348299064212,8.444594154602));
#3100 = VECTOR('',#3101,1.);
#3101 = DIRECTION('',(0.,0.707106781187,0.707106781187));
#3102 = ORIENTED_EDGE('',*,*,#3065,.F.);
#3103 = ORIENTED_EDGE('',*,*,#2369,.F.);
#3104 = PLANE('',#3105);
#3105 = AXIS2_PLACEMENT_3D('',#3106,#3107,#3108);
#3106 = CARTESIAN_POINT('',(-63.81,5.348299064212,8.444594154602));
#3107 = DIRECTION('',(0.,-0.707106781187,0.707106781187));
#3108 = DIRECTION('',(0.,0.707106781187,0.707106781187));
#3109 = ADVANCED_FACE('',(#3110),#3128,.F.);
#3110 = FACE_BOUND('',#3111,.F.);
#3111 = EDGE_LOOP('',(#3112,#3120,#3126,#3127));
#3112 = ORIENTED_EDGE('',*,*,#3113,.T.);
#3113 = EDGE_CURVE('',#2354,#3114,#3116,.T.);
#3114 = VERTEX_POINT('',#3115);
#3115 = CARTESIAN_POINT('',(-63.31,6.302893218814,7.49));
#3116 = LINE('',#3117,#3118);
#3117 = CARTESIAN_POINT('',(-63.81,6.302893218814,7.49));
#3118 = VECTOR('',#3119,1.);
#3119 = DIRECTION('',(1.,0.,0.));
#3120 = ORIENTED_EDGE('',*,*,#3121,.T.);
#3121 = EDGE_CURVE('',#3114,#3090,#3122,.T.);
#3122 = LINE('',#3123,#3124);
#3123 = CARTESIAN_POINT('',(-63.31,6.302893218814,7.49));
#3124 = VECTOR('',#3125,1.);
#3125 = DIRECTION('',(0.,-0.707106781187,0.707106781186));
#3126 = ORIENTED_EDGE('',*,*,#3089,.F.);
#3127 = ORIENTED_EDGE('',*,*,#2361,.F.);
#3128 = PLANE('',#3129);
#3129 = AXIS2_PLACEMENT_3D('',#3130,#3131,#3132);
#3130 = CARTESIAN_POINT('',(-63.81,6.302893218814,7.49));
#3131 = DIRECTION('',(0.,-0.707106781186,-0.707106781187));
#3132 = DIRECTION('',(0.,-0.707106781187,0.707106781186));
#3133 = ADVANCED_FACE('',(#3134),#3152,.F.);
#3134 = FACE_BOUND('',#3135,.F.);
#3135 = EDGE_LOOP('',(#3136,#3144,#3150,#3151));
#3136 = ORIENTED_EDGE('',*,*,#3137,.T.);
#3137 = EDGE_CURVE('',#2346,#3138,#3140,.T.);
#3138 = VERTEX_POINT('',#3139);
#3139 = CARTESIAN_POINT('',(-63.31,5.348299064212,6.535405845398));
#3140 = LINE('',#3141,#3142);
#3141 = CARTESIAN_POINT('',(-63.81,5.348299064212,6.535405845398));
#3142 = VECTOR('',#3143,1.);
#3143 = DIRECTION('',(1.,0.,0.));
#3144 = ORIENTED_EDGE('',*,*,#3145,.T.);
#3145 = EDGE_CURVE('',#3138,#3114,#3146,.T.);
#3146 = LINE('',#3147,#3148);
#3147 = CARTESIAN_POINT('',(-63.31,5.348299064212,6.535405845398));
#3148 = VECTOR('',#3149,1.);
#3149 = DIRECTION('',(0.,0.707106781186,0.707106781187));
#3150 = ORIENTED_EDGE('',*,*,#3113,.F.);
#3151 = ORIENTED_EDGE('',*,*,#2353,.F.);
#3152 = PLANE('',#3153);
#3153 = AXIS2_PLACEMENT_3D('',#3154,#3155,#3156);
#3154 = CARTESIAN_POINT('',(-63.81,5.348299064212,6.535405845398));
#3155 = DIRECTION('',(0.,-0.707106781187,0.707106781186));
#3156 = DIRECTION('',(0.,0.707106781186,0.707106781187));
#3157 = ADVANCED_FACE('',(#3158),#3176,.F.);
#3158 = FACE_BOUND('',#3159,.F.);
#3159 = EDGE_LOOP('',(#3160,#3168,#3174,#3175));
#3160 = ORIENTED_EDGE('',*,*,#3161,.T.);
#3161 = EDGE_CURVE('',#2338,#3162,#3164,.T.);
#3162 = VERTEX_POINT('',#3163);
#3163 = CARTESIAN_POINT('',(-63.31,6.055405845398,5.828299064211));
#3164 = LINE('',#3165,#3166);
#3165 = CARTESIAN_POINT('',(-63.81,6.055405845398,5.828299064211));
#3166 = VECTOR('',#3167,1.);
#3167 = DIRECTION('',(1.,0.,0.));
#3168 = ORIENTED_EDGE('',*,*,#3169,.T.);
#3169 = EDGE_CURVE('',#3162,#3138,#3170,.T.);
#3170 = LINE('',#3171,#3172);
#3171 = CARTESIAN_POINT('',(-63.31,6.055405845398,5.828299064211));
#3172 = VECTOR('',#3173,1.);
#3173 = DIRECTION('',(0.,-0.707106781187,0.707106781187));
#3174 = ORIENTED_EDGE('',*,*,#3137,.F.);
#3175 = ORIENTED_EDGE('',*,*,#2345,.F.);
#3176 = PLANE('',#3177);
#3177 = AXIS2_PLACEMENT_3D('',#3178,#3179,#3180);
#3178 = CARTESIAN_POINT('',(-63.81,6.055405845398,5.828299064211));
#3179 = DIRECTION('',(0.,-0.707106781187,-0.707106781187));
#3180 = DIRECTION('',(0.,-0.707106781187,0.707106781187));
#3181 = ADVANCED_FACE('',(#3182),#3200,.F.);
#3182 = FACE_BOUND('',#3183,.F.);
#3183 = EDGE_LOOP('',(#3184,#3192,#3198,#3199));
#3184 = ORIENTED_EDGE('',*,*,#3185,.T.);
#3185 = EDGE_CURVE('',#2330,#3186,#3188,.T.);
#3186 = VERTEX_POINT('',#3187);
#3187 = CARTESIAN_POINT('',(-63.31,7.01,6.782893218813));
#3188 = LINE('',#3189,#3190);
#3189 = CARTESIAN_POINT('',(-63.81,7.01,6.782893218813));
#3190 = VECTOR('',#3191,1.);
#3191 = DIRECTION('',(1.,0.,0.));
#3192 = ORIENTED_EDGE('',*,*,#3193,.T.);
#3193 = EDGE_CURVE('',#3186,#3162,#3194,.T.);
#3194 = LINE('',#3195,#3196);
#3195 = CARTESIAN_POINT('',(-63.31,7.01,6.782893218813));
#3196 = VECTOR('',#3197,1.);
#3197 = DIRECTION('',(0.,-0.707106781186,-0.707106781187));
#3198 = ORIENTED_EDGE('',*,*,#3161,.F.);
#3199 = ORIENTED_EDGE('',*,*,#2337,.F.);
#3200 = PLANE('',#3201);
#3201 = AXIS2_PLACEMENT_3D('',#3202,#3203,#3204);
#3202 = CARTESIAN_POINT('',(-63.81,7.01,6.782893218813));
#3203 = DIRECTION('',(0.,0.707106781187,-0.707106781186));
#3204 = DIRECTION('',(0.,-0.707106781186,-0.707106781187));
#3205 = ADVANCED_FACE('',(#3206),#3217,.F.);
#3206 = FACE_BOUND('',#3207,.F.);
#3207 = EDGE_LOOP('',(#3208,#3209,#3215,#3216));
#3208 = ORIENTED_EDGE('',*,*,#2954,.T.);
#3209 = ORIENTED_EDGE('',*,*,#3210,.T.);
#3210 = EDGE_CURVE('',#2947,#3186,#3211,.T.);
#3211 = LINE('',#3212,#3213);
#3212 = CARTESIAN_POINT('',(-63.31,7.964594154602,5.828299064211));
#3213 = VECTOR('',#3214,1.);
#3214 = DIRECTION('',(0.,-0.707106781187,0.707106781186));
#3215 = ORIENTED_EDGE('',*,*,#3185,.F.);
#3216 = ORIENTED_EDGE('',*,*,#2329,.F.);
#3217 = PLANE('',#3218);
#3218 = AXIS2_PLACEMENT_3D('',#3219,#3220,#3221);
#3219 = CARTESIAN_POINT('',(-63.81,7.964594154602,5.828299064211));
#3220 = DIRECTION('',(0.,-0.707106781186,-0.707106781187));
#3221 = DIRECTION('',(0.,-0.707106781187,0.707106781186));
#3222 = ADVANCED_FACE('',(#3223),#3248,.T.);
#3223 = FACE_BOUND('',#3224,.T.);
#3224 = EDGE_LOOP('',(#3225,#3233,#3241,#3247));
#3225 = ORIENTED_EDGE('',*,*,#3226,.T.);
#3226 = EDGE_CURVE('',#2427,#3227,#3229,.T.);
#3227 = VERTEX_POINT('',#3228);
#3228 = CARTESIAN_POINT('',(-63.31,-3.974745673618,7.04895923599));
#3229 = LINE('',#3230,#3231);
#3230 = CARTESIAN_POINT('',(-63.81,-3.974745673618,7.04895923599));
#3231 = VECTOR('',#3232,1.);
#3232 = DIRECTION('',(1.,0.,0.));
#3233 = ORIENTED_EDGE('',*,*,#3234,.T.);
#3234 = EDGE_CURVE('',#3227,#3235,#3237,.T.);
#3235 = VERTEX_POINT('',#3236);
#3236 = CARTESIAN_POINT('',(-63.31,-4.681852454814,7.756066017195));
#3237 = LINE('',#3238,#3239);
#3238 = CARTESIAN_POINT('',(-63.31,-3.974745673618,7.04895923599));
#3239 = VECTOR('',#3240,1.);
#3240 = DIRECTION('',(0.,-0.707106781182,0.707106781191));
#3241 = ORIENTED_EDGE('',*,*,#3242,.F.);
#3242 = EDGE_CURVE('',#2429,#3235,#3243,.T.);
#3243 = LINE('',#3244,#3245);
#3244 = CARTESIAN_POINT('',(-63.81,-4.681852454814,7.756066017195));
#3245 = VECTOR('',#3246,1.);
#3246 = DIRECTION('',(1.,0.,0.));
#3247 = ORIENTED_EDGE('',*,*,#2426,.F.);
#3248 = PLANE('',#3249);
#3249 = AXIS2_PLACEMENT_3D('',#3250,#3251,#3252);
#3250 = CARTESIAN_POINT('',(-63.81,-3.974745673618,7.04895923599));
#3251 = DIRECTION('',(0.,-0.707106781191,-0.707106781182));
#3252 = DIRECTION('',(0.,-0.707106781182,0.707106781191));
#3253 = ADVANCED_FACE('',(#3254),#3272,.T.);
#3254 = FACE_BOUND('',#3255,.T.);
#3255 = EDGE_LOOP('',(#3256,#3257,#3265,#3271));
#3256 = ORIENTED_EDGE('',*,*,#3242,.T.);
#3257 = ORIENTED_EDGE('',*,*,#3258,.T.);
#3258 = EDGE_CURVE('',#3235,#3259,#3261,.T.);
#3259 = VERTEX_POINT('',#3260);
#3260 = CARTESIAN_POINT('',(-63.31,-5.388959236009,7.04895923601));
#3261 = LINE('',#3262,#3263);
#3262 = CARTESIAN_POINT('',(-63.31,-4.681852454814,7.756066017195));
#3263 = VECTOR('',#3264,1.);
#3264 = DIRECTION('',(0.,-0.707106781191,-0.707106781182));
#3265 = ORIENTED_EDGE('',*,*,#3266,.F.);
#3266 = EDGE_CURVE('',#2461,#3259,#3267,.T.);
#3267 = LINE('',#3268,#3269);
#3268 = CARTESIAN_POINT('',(-63.81,-5.388959236009,7.04895923601));
#3269 = VECTOR('',#3270,1.);
#3270 = DIRECTION('',(1.,0.,0.));
#3271 = ORIENTED_EDGE('',*,*,#2468,.F.);
#3272 = PLANE('',#3273);
#3273 = AXIS2_PLACEMENT_3D('',#3274,#3275,#3276);
#3274 = CARTESIAN_POINT('',(-63.81,-4.681852454814,7.756066017195));
#3275 = DIRECTION('',(0.,0.707106781182,-0.707106781191));
#3276 = DIRECTION('',(0.,-0.707106781191,-0.707106781182));
#3277 = ADVANCED_FACE('',(#3278),#3296,.T.);
#3278 = FACE_BOUND('',#3279,.T.);
#3279 = EDGE_LOOP('',(#3280,#3281,#3289,#3295));
#3280 = ORIENTED_EDGE('',*,*,#3266,.T.);
#3281 = ORIENTED_EDGE('',*,*,#3282,.T.);
#3282 = EDGE_CURVE('',#3259,#3283,#3285,.T.);
#3283 = VERTEX_POINT('',#3284);
#3284 = CARTESIAN_POINT('',(-63.31,-7.298147545195,8.958147545197));
#3285 = LINE('',#3286,#3287);
#3286 = CARTESIAN_POINT('',(-63.31,-5.388959236009,7.04895923601));
#3287 = VECTOR('',#3288,1.);
#3288 = DIRECTION('',(0.,-0.707106781187,0.707106781187));
#3289 = ORIENTED_EDGE('',*,*,#3290,.F.);
#3290 = EDGE_CURVE('',#2453,#3283,#3291,.T.);
#3291 = LINE('',#3292,#3293);
#3292 = CARTESIAN_POINT('',(-63.81,-7.298147545195,8.958147545197));
#3293 = VECTOR('',#3294,1.);
#3294 = DIRECTION('',(1.,0.,0.));
#3295 = ORIENTED_EDGE('',*,*,#2460,.F.);
#3296 = PLANE('',#3297);
#3297 = AXIS2_PLACEMENT_3D('',#3298,#3299,#3300);
#3298 = CARTESIAN_POINT('',(-63.81,-5.388959236009,7.04895923601));
#3299 = DIRECTION('',(0.,-0.707106781187,-0.707106781187));
#3300 = DIRECTION('',(0.,-0.707106781187,0.707106781187));
#3301 = ADVANCED_FACE('',(#3302),#3320,.T.);
#3302 = FACE_BOUND('',#3303,.T.);
#3303 = EDGE_LOOP('',(#3304,#3305,#3313,#3319));
#3304 = ORIENTED_EDGE('',*,*,#3290,.T.);
#3305 = ORIENTED_EDGE('',*,*,#3306,.T.);
#3306 = EDGE_CURVE('',#3283,#3307,#3309,.T.);
#3307 = VERTEX_POINT('',#3308);
#3308 = CARTESIAN_POINT('',(-63.31,-8.005254326382,8.25104076401));
#3309 = LINE('',#3310,#3311);
#3310 = CARTESIAN_POINT('',(-63.31,-7.298147545195,8.958147545197));
#3311 = VECTOR('',#3312,1.);
#3312 = DIRECTION('',(0.,-0.707106781187,-0.707106781187));
#3313 = ORIENTED_EDGE('',*,*,#3314,.F.);
#3314 = EDGE_CURVE('',#2445,#3307,#3315,.T.);
#3315 = LINE('',#3316,#3317);
#3316 = CARTESIAN_POINT('',(-63.81,-8.005254326382,8.25104076401));
#3317 = VECTOR('',#3318,1.);
#3318 = DIRECTION('',(1.,0.,0.));
#3319 = ORIENTED_EDGE('',*,*,#2452,.F.);
#3320 = PLANE('',#3321);
#3321 = AXIS2_PLACEMENT_3D('',#3322,#3323,#3324);
#3322 = CARTESIAN_POINT('',(-63.81,-7.298147545195,8.958147545197));
#3323 = DIRECTION('',(0.,0.707106781187,-0.707106781187));
#3324 = DIRECTION('',(0.,-0.707106781187,-0.707106781187));
#3325 = ADVANCED_FACE('',(#3326),#3344,.T.);
#3326 = FACE_BOUND('',#3327,.T.);
#3327 = EDGE_LOOP('',(#3328,#3329,#3337,#3343));
#3328 = ORIENTED_EDGE('',*,*,#3314,.T.);
#3329 = ORIENTED_EDGE('',*,*,#3330,.T.);
#3330 = EDGE_CURVE('',#3307,#3331,#3333,.T.);
#3331 = VERTEX_POINT('',#3332);
#3332 = CARTESIAN_POINT('',(-63.31,-5.38895923599,5.634745673618));
#3333 = LINE('',#3334,#3335);
#3334 = CARTESIAN_POINT('',(-63.31,-8.005254326382,8.25104076401));
#3335 = VECTOR('',#3336,1.);
#3336 = DIRECTION('',(-0.,0.707106781187,-0.707106781187));
#3337 = ORIENTED_EDGE('',*,*,#3338,.F.);
#3338 = EDGE_CURVE('',#2437,#3331,#3339,.T.);
#3339 = LINE('',#3340,#3341);
#3340 = CARTESIAN_POINT('',(-63.81,-5.38895923599,5.634745673618));
#3341 = VECTOR('',#3342,1.);
#3342 = DIRECTION('',(1.,0.,0.));
#3343 = ORIENTED_EDGE('',*,*,#2444,.F.);
#3344 = PLANE('',#3345);
#3345 = AXIS2_PLACEMENT_3D('',#3346,#3347,#3348);
#3346 = CARTESIAN_POINT('',(-63.81,-8.005254326382,8.25104076401));
#3347 = DIRECTION('',(0.,0.707106781187,0.707106781187));
#3348 = DIRECTION('',(0.,0.707106781187,-0.707106781187));
#3349 = ADVANCED_FACE('',(#3350),#3361,.T.);
#3350 = FACE_BOUND('',#3351,.T.);
#3351 = EDGE_LOOP('',(#3352,#3353,#3359,#3360));
#3352 = ORIENTED_EDGE('',*,*,#3338,.T.);
#3353 = ORIENTED_EDGE('',*,*,#3354,.T.);
#3354 = EDGE_CURVE('',#3331,#3227,#3355,.T.);
#3355 = LINE('',#3356,#3357);
#3356 = CARTESIAN_POINT('',(-63.31,-5.38895923599,5.634745673618));
#3357 = VECTOR('',#3358,1.);
#3358 = DIRECTION('',(0.,0.707106781187,0.707106781187));
#3359 = ORIENTED_EDGE('',*,*,#3226,.F.);
#3360 = ORIENTED_EDGE('',*,*,#2436,.F.);
#3361 = PLANE('',#3362);
#3362 = AXIS2_PLACEMENT_3D('',#3363,#3364,#3365);
#3363 = CARTESIAN_POINT('',(-63.81,-5.38895923599,5.634745673618));
#3364 = DIRECTION('',(0.,-0.707106781187,0.707106781187));
#3365 = DIRECTION('',(0.,0.707106781187,0.707106781187));
#3366 = ADVANCED_FACE('',(#3367),#3392,.T.);
#3367 = FACE_BOUND('',#3368,.T.);
#3368 = EDGE_LOOP('',(#3369,#3377,#3385,#3391));
#3369 = ORIENTED_EDGE('',*,*,#3370,.T.);
#3370 = EDGE_CURVE('',#2491,#3371,#3373,.T.);
#3371 = VERTEX_POINT('',#3372);
#3372 = CARTESIAN_POINT('',(-63.31,2.600136650872,2.36));
#3373 = LINE('',#3374,#3375);
#3374 = CARTESIAN_POINT('',(-63.81,2.600136650872,2.36));
#3375 = VECTOR('',#3376,1.);
#3376 = DIRECTION('',(1.,0.,0.));
#3377 = ORIENTED_EDGE('',*,*,#3378,.T.);
#3378 = EDGE_CURVE('',#3371,#3379,#3381,.T.);
#3379 = VERTEX_POINT('',#3380);
#3380 = CARTESIAN_POINT('',(-63.31,-1.580136650872,2.36));
#3381 = LINE('',#3382,#3383);
#3382 = CARTESIAN_POINT('',(-63.31,2.600136650872,2.36));
#3383 = VECTOR('',#3384,1.);
#3384 = DIRECTION('',(0.,-1.,-1.1E-16));
#3385 = ORIENTED_EDGE('',*,*,#3386,.F.);
#3386 = EDGE_CURVE('',#2493,#3379,#3387,.T.);
#3387 = LINE('',#3388,#3389);
#3388 = CARTESIAN_POINT('',(-63.81,-1.580136650872,2.36));
#3389 = VECTOR('',#3390,1.);
#3390 = DIRECTION('',(1.,0.,0.));
#3391 = ORIENTED_EDGE('',*,*,#2490,.F.);
#3392 = PLANE('',#3393);
#3393 = AXIS2_PLACEMENT_3D('',#3394,#3395,#3396);
#3394 = CARTESIAN_POINT('',(-63.81,2.600136650872,2.36));
#3395 = DIRECTION('',(0.,1.1E-16,-1.));
#3396 = DIRECTION('',(0.,-1.,-1.1E-16));
#3397 = ADVANCED_FACE('',(#3398),#3416,.T.);
#3398 = FACE_BOUND('',#3399,.T.);
#3399 = EDGE_LOOP('',(#3400,#3401,#3409,#3415));
#3400 = ORIENTED_EDGE('',*,*,#3386,.T.);
#3401 = ORIENTED_EDGE('',*,*,#3402,.T.);
#3402 = EDGE_CURVE('',#3379,#3403,#3405,.T.);
#3403 = VERTEX_POINT('',#3404);
#3404 = CARTESIAN_POINT('',(-63.31,0.51,2.844981849003E-02));
#3405 = LINE('',#3406,#3407);
#3406 = CARTESIAN_POINT('',(-63.31,-1.580136650872,2.36));
#3407 = VECTOR('',#3408,1.);
#3408 = DIRECTION('',(-0.,0.667506297229,-0.744604151989));
#3409 = ORIENTED_EDGE('',*,*,#3410,.F.);
#3410 = EDGE_CURVE('',#2501,#3403,#3411,.T.);
#3411 = LINE('',#3412,#3413);
#3412 = CARTESIAN_POINT('',(-63.81,0.51,2.844981849003E-02));
#3413 = VECTOR('',#3414,1.);
#3414 = DIRECTION('',(1.,0.,0.));
#3415 = ORIENTED_EDGE('',*,*,#2508,.F.);
#3416 = PLANE('',#3417);
#3417 = AXIS2_PLACEMENT_3D('',#3418,#3419,#3420);
#3418 = CARTESIAN_POINT('',(-63.81,-1.580136650872,2.36));
#3419 = DIRECTION('',(0.,0.744604151989,0.667506297229));
#3420 = DIRECTION('',(0.,0.667506297229,-0.744604151989));
#3421 = ADVANCED_FACE('',(#3422),#3433,.T.);
#3422 = FACE_BOUND('',#3423,.T.);
#3423 = EDGE_LOOP('',(#3424,#3425,#3431,#3432));
#3424 = ORIENTED_EDGE('',*,*,#3410,.T.);
#3425 = ORIENTED_EDGE('',*,*,#3426,.T.);
#3426 = EDGE_CURVE('',#3403,#3371,#3427,.T.);
#3427 = LINE('',#3428,#3429);
#3428 = CARTESIAN_POINT('',(-63.31,0.51,2.844981849003E-02));
#3429 = VECTOR('',#3430,1.);
#3430 = DIRECTION('',(0.,0.667506297229,0.744604151989));
#3431 = ORIENTED_EDGE('',*,*,#3370,.F.);
#3432 = ORIENTED_EDGE('',*,*,#2500,.F.);
#3433 = PLANE('',#3434);
#3434 = AXIS2_PLACEMENT_3D('',#3435,#3436,#3437);
#3435 = CARTESIAN_POINT('',(-63.81,0.51,2.844981849003E-02));
#3436 = DIRECTION('',(0.,-0.744604151989,0.667506297229));
#3437 = DIRECTION('',(0.,0.667506297229,0.744604151989));
#3438 = ADVANCED_FACE('',(#3439),#3444,.F.);
#3439 = FACE_BOUND('',#3440,.F.);
#3440 = EDGE_LOOP('',(#3441,#3442,#3443));
#3441 = ORIENTED_EDGE('',*,*,#2530,.T.);
#3442 = ORIENTED_EDGE('',*,*,#2554,.T.);
#3443 = ORIENTED_EDGE('',*,*,#2578,.T.);
#3444 = PLANE('',#3445);
#3445 = AXIS2_PLACEMENT_3D('',#3446,#3447,#3448);
#3446 = CARTESIAN_POINT('',(-63.31,0.976660316306,7.458915936585));
#3447 = DIRECTION('',(1.,0.,0.));
#3448 = DIRECTION('',(0.,0.,1.));
#3449 = ADVANCED_FACE('',(#3450),#3469,.F.);
#3450 = FACE_BOUND('',#3451,.T.);
#3451 = EDGE_LOOP('',(#3452,#3460,#3461,#3462));
#3452 = ORIENTED_EDGE('',*,*,#3453,.F.);
#3453 = EDGE_CURVE('',#2595,#3454,#3456,.T.);
#3454 = VERTEX_POINT('',#3455);
#3455 = CARTESIAN_POINT('',(-58.5,9.73,7.49));
#3456 = LINE('',#3457,#3458);
#3457 = CARTESIAN_POINT('',(-58.,10.23,7.49));
#3458 = VECTOR('',#3459,1.);
#3459 = DIRECTION('',(-0.707106781187,-0.707106781187,0.));
#3460 = ORIENTED_EDGE('',*,*,#2602,.T.);
#3461 = ORIENTED_EDGE('',*,*,#3453,.T.);
#3462 = ORIENTED_EDGE('',*,*,#3463,.F.);
#3463 = EDGE_CURVE('',#3454,#3454,#3464,.T.);
#3464 = CIRCLE('',#3465,2.72);
#3465 = AXIS2_PLACEMENT_3D('',#3466,#3467,#3468);
#3466 = CARTESIAN_POINT('',(-58.5,7.01,7.49));
#3467 = DIRECTION('',(1.,0.,0.));
#3468 = DIRECTION('',(0.,1.,0.));
#3469 = CONICAL_SURFACE('',#3470,3.22,0.785398163397);
#3470 = AXIS2_PLACEMENT_3D('',#3471,#3472,#3473);
#3471 = CARTESIAN_POINT('',(-58.,7.01,7.49));
#3472 = DIRECTION('',(1.,0.,0.));
#3473 = DIRECTION('',(0.,1.,0.));
#3474 = ADVANCED_FACE('',(#3475),#3501,.F.);
#3475 = FACE_BOUND('',#3476,.T.);
#3476 = EDGE_LOOP('',(#3477,#3485,#3486,#3494));
#3477 = ORIENTED_EDGE('',*,*,#3478,.F.);
#3478 = EDGE_CURVE('',#2620,#3479,#3481,.T.);
#3479 = VERTEX_POINT('',#3480);
#3480 = CARTESIAN_POINT('',(-58.5,-2.139999954084,3.23));
#3481 = LINE('',#3482,#3483);
#3482 = CARTESIAN_POINT('',(-58.25,-2.139999954084,3.48));
#3483 = VECTOR('',#3484,1.);
#3484 = DIRECTION('',(-0.707106781187,-2.90882763039E-35,-0.707106781187
    ));
#3485 = ORIENTED_EDGE('',*,*,#2627,.T.);
#3486 = ORIENTED_EDGE('',*,*,#3487,.T.);
#3487 = EDGE_CURVE('',#2628,#3488,#3490,.T.);
#3488 = VERTEX_POINT('',#3489);
#3489 = CARTESIAN_POINT('',(-58.5,-2.601654554683,2.196146073909));
#3490 = LINE('',#3491,#3492);
#3491 = CARTESIAN_POINT('',(-58.,-2.97395661491,1.862392907707));
#3492 = VECTOR('',#3493,1.);
#3493 = DIRECTION('',(-0.707106781187,0.526514622874,0.471998254128));
#3494 = ORIENTED_EDGE('',*,*,#3495,.F.);
#3495 = EDGE_CURVE('',#3479,#3488,#3496,.T.);
#3496 = CIRCLE('',#3497,0.62);
#3497 = AXIS2_PLACEMENT_3D('',#3498,#3499,#3500);
#3498 = CARTESIAN_POINT('',(-58.5,-2.14,2.61));
#3499 = DIRECTION('',(1.,0.,-0.));
#3500 = DIRECTION('',(0.,4.099681744878E-08,1.));
#3501 = CONICAL_SURFACE('',#3502,1.12,0.785398163397);
#3502 = AXIS2_PLACEMENT_3D('',#3503,#3504,#3505);
#3503 = CARTESIAN_POINT('',(-58.,-2.14,2.61));
#3504 = DIRECTION('',(1.,0.,0.));
#3505 = DIRECTION('',(0.,4.099681744878E-08,1.));
#3506 = ADVANCED_FACE('',(#3507),#3525,.F.);
#3507 = FACE_BOUND('',#3508,.T.);
#3508 = EDGE_LOOP('',(#3509,#3517,#3518,#3519));
#3509 = ORIENTED_EDGE('',*,*,#3510,.F.);
#3510 = EDGE_CURVE('',#2653,#3511,#3513,.T.);
#3511 = VERTEX_POINT('',#3512);
#3512 = CARTESIAN_POINT('',(-58.5,3.159999974607,3.23));
#3513 = LINE('',#3514,#3515);
#3514 = CARTESIAN_POINT('',(-58.,3.15999995413,3.73));
#3515 = VECTOR('',#3516,1.);
#3516 = DIRECTION('',(-0.707106781187,2.896008332855E-08,-0.707106781187
    ));
#3517 = ORIENTED_EDGE('',*,*,#2652,.T.);
#3518 = ORIENTED_EDGE('',*,*,#3478,.T.);
#3519 = ORIENTED_EDGE('',*,*,#3520,.F.);
#3520 = EDGE_CURVE('',#3511,#3479,#3521,.T.);
#3521 = LINE('',#3522,#3523);
#3522 = CARTESIAN_POINT('',(-58.5,3.15999995413,3.23));
#3523 = VECTOR('',#3524,1.);
#3524 = DIRECTION('',(-0.,-1.,-0.));
#3525 = PLANE('',#3526);
#3526 = AXIS2_PLACEMENT_3D('',#3527,#3528,#3529);
#3527 = CARTESIAN_POINT('',(-58.25,3.15999995413,3.48));
#3528 = DIRECTION('',(-0.707106781187,1.889513820523E-18,0.707106781187)
  );
#3529 = DIRECTION('',(1.336088035637E-18,1.,-1.336088035637E-18));
#3530 = ADVANCED_FACE('',(#3531),#3549,.T.);
#3531 = FACE_BOUND('',#3532,.T.);
#3532 = EDGE_LOOP('',(#3533,#3534,#3535,#3543));
#3533 = ORIENTED_EDGE('',*,*,#3487,.F.);
#3534 = ORIENTED_EDGE('',*,*,#2676,.T.);
#3535 = ORIENTED_EDGE('',*,*,#3536,.T.);
#3536 = EDGE_CURVE('',#2677,#3537,#3539,.T.);
#3537 = VERTEX_POINT('',#3538);
#3538 = CARTESIAN_POINT('',(-58.5,4.834544771725E-02,-0.759932412165));
#3539 = LINE('',#3540,#3541);
#3540 = CARTESIAN_POINT('',(-58.25,-0.13780559028,-0.926808986472));
#3541 = VECTOR('',#3542,1.);
#3542 = DIRECTION('',(-0.707106781187,0.526514645171,0.471998229255));
#3543 = ORIENTED_EDGE('',*,*,#3544,.F.);
#3544 = EDGE_CURVE('',#3488,#3537,#3545,.T.);
#3545 = LINE('',#3546,#3547);
#3546 = CARTESIAN_POINT('',(-58.5,-2.601654538916,2.196146056321));
#3547 = VECTOR('',#3548,1.);
#3548 = DIRECTION('',(0.,0.667506297229,-0.744604151989));
#3549 = PLANE('',#3550);
#3550 = AXIS2_PLACEMENT_3D('',#3551,#3552,#3553);
#3551 = CARTESIAN_POINT('',(-58.25,-2.787805576913,2.029269482014));
#3552 = DIRECTION('',(0.707106781187,0.526514645171,0.471998229255));
#3553 = DIRECTION('',(-6.861608727208E-17,0.667506297229,-0.744604151989
    ));
#3554 = ADVANCED_FACE('',(#3555),#3574,.F.);
#3555 = FACE_BOUND('',#3556,.T.);
#3556 = EDGE_LOOP('',(#3557,#3565,#3566,#3567));
#3557 = ORIENTED_EDGE('',*,*,#3558,.F.);
#3558 = EDGE_CURVE('',#2700,#3559,#3561,.T.);
#3559 = VERTEX_POINT('',#3560);
#3560 = CARTESIAN_POINT('',(-58.5,3.621599324719,2.196084473088));
#3561 = LINE('',#3562,#3563);
#3562 = CARTESIAN_POINT('',(-58.,3.993856844653,1.862281628804));
#3563 = VECTOR('',#3564,1.);
#3564 = DIRECTION('',(-0.707106781187,-0.526451633387,0.472068509545));
#3565 = ORIENTED_EDGE('',*,*,#2707,.T.);
#3566 = ORIENTED_EDGE('',*,*,#3510,.T.);
#3567 = ORIENTED_EDGE('',*,*,#3568,.F.);
#3568 = EDGE_CURVE('',#3559,#3511,#3569,.T.);
#3569 = CIRCLE('',#3570,0.62);
#3570 = AXIS2_PLACEMENT_3D('',#3571,#3572,#3573);
#3571 = CARTESIAN_POINT('',(-58.5,3.16,2.61));
#3572 = DIRECTION('',(1.,-0.,0.));
#3573 = DIRECTION('',(0.,0.744515039869,-0.667605688568));
#3574 = CONICAL_SURFACE('',#3575,1.12,0.785398163397);
#3575 = AXIS2_PLACEMENT_3D('',#3576,#3577,#3578);
#3576 = CARTESIAN_POINT('',(-58.,3.16,2.61));
#3577 = DIRECTION('',(1.,0.,0.));
#3578 = DIRECTION('',(0.,0.744515039869,-0.667605688568));
#3579 = ADVANCED_FACE('',(#3580),#3599,.F.);
#3580 = FACE_BOUND('',#3581,.T.);
#3581 = EDGE_LOOP('',(#3582,#3583,#3584,#3592));
#3582 = ORIENTED_EDGE('',*,*,#3536,.F.);
#3583 = ORIENTED_EDGE('',*,*,#2725,.T.);
#3584 = ORIENTED_EDGE('',*,*,#3585,.T.);
#3585 = EDGE_CURVE('',#2726,#3586,#3588,.T.);
#3586 = VERTEX_POINT('',#3587);
#3587 = CARTESIAN_POINT('',(-58.5,0.971663042085,-0.759922941584));
#3588 = LINE('',#3589,#3590);
#3589 = CARTESIAN_POINT('',(-58.,1.343971946993,-1.093668472381));
#3590 = VECTOR('',#3591,1.);
#3591 = DIRECTION('',(-0.707106781187,-0.526524302713,0.471987456034));
#3592 = ORIENTED_EDGE('',*,*,#3593,.F.);
#3593 = EDGE_CURVE('',#3537,#3586,#3594,.T.);
#3594 = CIRCLE('',#3595,0.62);
#3595 = AXIS2_PLACEMENT_3D('',#3596,#3597,#3598);
#3596 = CARTESIAN_POINT('',(-58.5,0.51,-0.346078483397));
#3597 = DIRECTION('',(1.,0.,0.));
#3598 = DIRECTION('',(0.,-0.74460413239,-0.667506319091));
#3599 = CONICAL_SURFACE('',#3600,1.12,0.785398163397);
#3600 = AXIS2_PLACEMENT_3D('',#3601,#3602,#3603);
#3601 = CARTESIAN_POINT('',(-58.,0.51,-0.346078483397));
#3602 = DIRECTION('',(1.,0.,0.));
#3603 = DIRECTION('',(0.,-0.74460413239,-0.667506319091));
#3604 = ADVANCED_FACE('',(#3605),#3616,.T.);
#3605 = FACE_BOUND('',#3606,.T.);
#3606 = EDGE_LOOP('',(#3607,#3608,#3609,#3610));
#3607 = ORIENTED_EDGE('',*,*,#3585,.F.);
#3608 = ORIENTED_EDGE('',*,*,#2750,.T.);
#3609 = ORIENTED_EDGE('',*,*,#3558,.T.);
#3610 = ORIENTED_EDGE('',*,*,#3611,.F.);
#3611 = EDGE_CURVE('',#3586,#3559,#3612,.T.);
#3612 = LINE('',#3613,#3614);
#3613 = CARTESIAN_POINT('',(-58.5,0.971669870179,-0.75991532468));
#3614 = VECTOR('',#3615,1.);
#3615 = DIRECTION('',(0.,0.667506295401,0.744604153628));
#3616 = PLANE('',#3617);
#3617 = AXIS2_PLACEMENT_3D('',#3618,#3619,#3620);
#3618 = CARTESIAN_POINT('',(-58.25,1.157820908586,-0.92679189853));
#3619 = DIRECTION('',(0.707106781187,-0.52651464633,0.471998227963));
#3620 = DIRECTION('',(-1.570166732906E-17,0.667506295401,0.744604153628)
  );
#3621 = ADVANCED_FACE('',(#3622),#3641,.F.);
#3622 = FACE_BOUND('',#3623,.T.);
#3623 = EDGE_LOOP('',(#3624,#3632,#3633,#3634));
#3624 = ORIENTED_EDGE('',*,*,#3625,.F.);
#3625 = EDGE_CURVE('',#2767,#3626,#3628,.T.);
#3626 = VERTEX_POINT('',#3627);
#3627 = CARTESIAN_POINT('',(-58.5,-3.27,7.49));
#3628 = LINE('',#3629,#3630);
#3629 = CARTESIAN_POINT('',(-58.,-2.77,7.49));
#3630 = VECTOR('',#3631,1.);
#3631 = DIRECTION('',(-0.707106781187,-0.707106781187,0.));
#3632 = ORIENTED_EDGE('',*,*,#2774,.T.);
#3633 = ORIENTED_EDGE('',*,*,#3625,.T.);
#3634 = ORIENTED_EDGE('',*,*,#3635,.F.);
#3635 = EDGE_CURVE('',#3626,#3626,#3636,.T.);
#3636 = CIRCLE('',#3637,2.72);
#3637 = AXIS2_PLACEMENT_3D('',#3638,#3639,#3640);
#3638 = CARTESIAN_POINT('',(-58.5,-5.99,7.49));
#3639 = DIRECTION('',(1.,0.,0.));
#3640 = DIRECTION('',(0.,1.,0.));
#3641 = CONICAL_SURFACE('',#3642,3.22,0.785398163397);
#3642 = AXIS2_PLACEMENT_3D('',#3643,#3644,#3645);
#3643 = CARTESIAN_POINT('',(-58.,-5.99,7.49));
#3644 = DIRECTION('',(1.,0.,0.));
#3645 = DIRECTION('',(0.,1.,0.));
#3646 = ADVANCED_FACE('',(#3647),#3673,.F.);
#3647 = FACE_BOUND('',#3648,.F.);
#3648 = EDGE_LOOP('',(#3649,#3657,#3658,#3666));
#3649 = ORIENTED_EDGE('',*,*,#3650,.F.);
#3650 = EDGE_CURVE('',#2800,#3651,#3653,.T.);
#3651 = VERTEX_POINT('',#3652);
#3652 = CARTESIAN_POINT('',(-58.5,4.51232942151E-02,15.761640608887));
#3653 = LINE('',#3654,#3655);
#3654 = CARTESIAN_POINT('',(-58.25,-0.140993468021,15.928555409953));
#3655 = VECTOR('',#3656,1.);
#3656 = DIRECTION('',(-0.707106781187,0.526417698677,-0.472106350857));
#3657 = ORIENTED_EDGE('',*,*,#2799,.T.);
#3658 = ORIENTED_EDGE('',*,*,#3659,.T.);
#3659 = EDGE_CURVE('',#2792,#3660,#3662,.T.);
#3660 = VERTEX_POINT('',#3661);
#3661 = CARTESIAN_POINT('',(-58.5,0.969927441015,15.760130580773));
#3662 = LINE('',#3663,#3664);
#3663 = CARTESIAN_POINT('',(-58.25,1.156510661301,15.926523795501));
#3664 = VECTOR('',#3665,1.);
#3665 = DIRECTION('',(-0.707106781187,-0.52773704128,-0.470631081911));
#3666 = ORIENTED_EDGE('',*,*,#3667,.F.);
#3667 = EDGE_CURVE('',#3651,#3660,#3668,.T.);
#3668 = CIRCLE('',#3669,0.62);
#3669 = AXIS2_PLACEMENT_3D('',#3670,#3671,#3672);
#3670 = CARTESIAN_POINT('',(-58.5,0.506850935983,15.34786819577));
#3671 = DIRECTION('',(-1.,0.,0.));
#3672 = DIRECTION('',(0.,-0.744608184142,0.66750179933));
#3673 = CONICAL_SURFACE('',#3674,1.12,0.785398163397);
#3674 = AXIS2_PLACEMENT_3D('',#3675,#3676,#3677);
#3675 = CARTESIAN_POINT('',(-58.,0.506850935983,15.34786819577));
#3676 = DIRECTION('',(1.,0.,0.));
#3677 = DIRECTION('',(0.,-0.744608184142,0.66750179933));
#3678 = ADVANCED_FACE('',(#3679),#3697,.F.);
#3679 = FACE_BOUND('',#3680,.F.);
#3680 = EDGE_LOOP('',(#3681,#3682,#3683,#3691));
#3681 = ORIENTED_EDGE('',*,*,#3659,.F.);
#3682 = ORIENTED_EDGE('',*,*,#2824,.T.);
#3683 = ORIENTED_EDGE('',*,*,#3684,.T.);
#3684 = EDGE_CURVE('',#2825,#3685,#3687,.T.);
#3685 = VERTEX_POINT('',#3686);
#3686 = CARTESIAN_POINT('',(-58.5,3.624862726138,12.78304779552));
#3687 = LINE('',#3688,#3689);
#3688 = CARTESIAN_POINT('',(-58.25,3.811445946425,12.949441010248));
#3689 = VECTOR('',#3690,1.);
#3690 = DIRECTION('',(-0.707106781187,-0.52773704128,-0.470631081911));
#3691 = ORIENTED_EDGE('',*,*,#3692,.F.);
#3692 = EDGE_CURVE('',#3660,#3685,#3693,.T.);
#3693 = LINE('',#3694,#3695);
#3694 = CARTESIAN_POINT('',(-58.5,0.969927441015,15.760130580773));
#3695 = VECTOR('',#3696,1.);
#3696 = DIRECTION('',(0.,0.665572858913,-0.746332881145));
#3697 = PLANE('',#3698);
#3698 = AXIS2_PLACEMENT_3D('',#3699,#3700,#3701);
#3699 = CARTESIAN_POINT('',(-58.25,1.156510661301,15.926523795501));
#3700 = DIRECTION('',(-0.707106781187,0.52773704128,0.470631081911));
#3701 = DIRECTION('',(-4.492386948193E-17,0.665572858913,-0.746332881145
    ));
#3702 = ADVANCED_FACE('',(#3703),#3721,.T.);
#3703 = FACE_BOUND('',#3704,.F.);
#3704 = EDGE_LOOP('',(#3705,#3713,#3714,#3715));
#3705 = ORIENTED_EDGE('',*,*,#3706,.F.);
#3706 = EDGE_CURVE('',#2849,#3707,#3709,.T.);
#3707 = VERTEX_POINT('',#3708);
#3708 = CARTESIAN_POINT('',(-58.5,-2.625267926976,12.784046279188));
#3709 = LINE('',#3710,#3711);
#3710 = CARTESIAN_POINT('',(-58.,-2.99743086722,13.117954568856));
#3711 = VECTOR('',#3712,1.);
#3712 = DIRECTION('',(-0.707106781187,0.526317877506,-0.472217631837));
#3713 = ORIENTED_EDGE('',*,*,#2848,.T.);
#3714 = ORIENTED_EDGE('',*,*,#3650,.T.);
#3715 = ORIENTED_EDGE('',*,*,#3716,.F.);
#3716 = EDGE_CURVE('',#3707,#3651,#3717,.T.);
#3717 = LINE('',#3718,#3719);
#3718 = CARTESIAN_POINT('',(-58.5,-2.625197342749,12.784124966724));
#3719 = VECTOR('',#3720,1.);
#3720 = DIRECTION('',(0.,0.667659204264,0.744467048943));
#3721 = PLANE('',#3722);
#3722 = AXIS2_PLACEMENT_3D('',#3723,#3724,#3725);
#3723 = CARTESIAN_POINT('',(-58.25,-2.811314104985,12.95103976779));
#3724 = DIRECTION('',(0.707106781187,0.526417698677,-0.472106350857));
#3725 = DIRECTION('',(-1.859760543648E-17,-0.667659204264,
    -0.744467048943));
#3726 = ADVANCED_FACE('',(#3727),#3746,.F.);
#3727 = FACE_BOUND('',#3728,.F.);
#3728 = EDGE_LOOP('',(#3729,#3730,#3731,#3739));
#3729 = ORIENTED_EDGE('',*,*,#3684,.F.);
#3730 = ORIENTED_EDGE('',*,*,#2879,.T.);
#3731 = ORIENTED_EDGE('',*,*,#3732,.T.);
#3732 = EDGE_CURVE('',#2872,#3733,#3735,.T.);
#3733 = VERTEX_POINT('',#3734);
#3734 = CARTESIAN_POINT('',(-58.5,3.162486596705,11.75));
#3735 = LINE('',#3736,#3737);
#3736 = CARTESIAN_POINT('',(-58.,3.162486559334,11.25));
#3737 = VECTOR('',#3738,1.);
#3738 = DIRECTION('',(-0.707106781187,5.285041374904E-08,0.707106781187)
  );
#3739 = ORIENTED_EDGE('',*,*,#3740,.F.);
#3740 = EDGE_CURVE('',#3685,#3733,#3741,.T.);
#3741 = CIRCLE('',#3742,0.62);
#3742 = AXIS2_PLACEMENT_3D('',#3743,#3744,#3745);
#3743 = CARTESIAN_POINT('',(-58.5,3.162486643045,12.37));
#3744 = DIRECTION('',(-1.,0.,0.));
#3745 = DIRECTION('',(0.,0.746020110416,0.665923415157));
#3746 = CONICAL_SURFACE('',#3747,1.12,0.785398163397);
#3747 = AXIS2_PLACEMENT_3D('',#3748,#3749,#3750);
#3748 = CARTESIAN_POINT('',(-58.,3.162486643045,12.37));
#3749 = DIRECTION('',(1.,0.,0.));
#3750 = DIRECTION('',(0.,0.746020110416,0.665923415157));
#3751 = ADVANCED_FACE('',(#3752),#3771,.F.);
#3752 = FACE_BOUND('',#3753,.F.);
#3753 = EDGE_LOOP('',(#3754,#3762,#3763,#3764));
#3754 = ORIENTED_EDGE('',*,*,#3755,.F.);
#3755 = EDGE_CURVE('',#2898,#3756,#3758,.T.);
#3756 = VERTEX_POINT('',#3757);
#3757 = CARTESIAN_POINT('',(-58.5,-2.163785797351,11.75));
#3758 = LINE('',#3759,#3760);
#3759 = CARTESIAN_POINT('',(-58.25,-2.163785797351,11.5));
#3760 = VECTOR('',#3761,1.);
#3761 = DIRECTION('',(-0.707106781187,-2.90882763039E-35,0.707106781187)
  );
#3762 = ORIENTED_EDGE('',*,*,#2897,.T.);
#3763 = ORIENTED_EDGE('',*,*,#3706,.T.);
#3764 = ORIENTED_EDGE('',*,*,#3765,.F.);
#3765 = EDGE_CURVE('',#3756,#3707,#3766,.T.);
#3766 = CIRCLE('',#3767,0.62);
#3767 = AXIS2_PLACEMENT_3D('',#3768,#3769,#3770);
#3768 = CARTESIAN_POINT('',(-58.5,-2.163785881074,12.37));
#3769 = DIRECTION('',(-1.,0.,-0.));
#3770 = DIRECTION('',(0.,7.475303986926E-08,-1.));
#3771 = CONICAL_SURFACE('',#3772,1.12,0.785398163397);
#3772 = AXIS2_PLACEMENT_3D('',#3773,#3774,#3775);
#3773 = CARTESIAN_POINT('',(-58.,-2.163785881074,12.37));
#3774 = DIRECTION('',(1.,0.,0.));
#3775 = DIRECTION('',(0.,7.475303986926E-08,-1.));
#3776 = ADVANCED_FACE('',(#3777),#3788,.T.);
#3777 = FACE_BOUND('',#3778,.F.);
#3778 = EDGE_LOOP('',(#3779,#3780,#3781,#3782));
#3779 = ORIENTED_EDGE('',*,*,#3732,.F.);
#3780 = ORIENTED_EDGE('',*,*,#2922,.T.);
#3781 = ORIENTED_EDGE('',*,*,#3755,.T.);
#3782 = ORIENTED_EDGE('',*,*,#3783,.F.);
#3783 = EDGE_CURVE('',#3733,#3756,#3784,.T.);
#3784 = LINE('',#3785,#3786);
#3785 = CARTESIAN_POINT('',(-58.5,3.162486559334,11.75));
#3786 = VECTOR('',#3787,1.);
#3787 = DIRECTION('',(-0.,-1.,-0.));
#3788 = PLANE('',#3789);
#3789 = AXIS2_PLACEMENT_3D('',#3790,#3791,#3792);
#3790 = CARTESIAN_POINT('',(-58.25,3.162486559334,11.5));
#3791 = DIRECTION('',(0.707106781187,-1.889513820523E-18,0.707106781187)
  );
#3792 = DIRECTION('',(1.336088035637E-18,1.,1.336088035637E-18));
#3793 = ADVANCED_FACE('',(#3794),#3808,.F.);
#3794 = FACE_BOUND('',#3795,.T.);
#3795 = EDGE_LOOP('',(#3796,#3797,#3798,#3799,#3800,#3801,#3802,#3803,
    #3804,#3805,#3806,#3807));
#3796 = ORIENTED_EDGE('',*,*,#3210,.T.);
#3797 = ORIENTED_EDGE('',*,*,#3193,.T.);
#3798 = ORIENTED_EDGE('',*,*,#3169,.T.);
#3799 = ORIENTED_EDGE('',*,*,#3145,.T.);
#3800 = ORIENTED_EDGE('',*,*,#3121,.T.);
#3801 = ORIENTED_EDGE('',*,*,#3097,.T.);
#3802 = ORIENTED_EDGE('',*,*,#3073,.T.);
#3803 = ORIENTED_EDGE('',*,*,#3049,.T.);
#3804 = ORIENTED_EDGE('',*,*,#3025,.T.);
#3805 = ORIENTED_EDGE('',*,*,#3001,.T.);
#3806 = ORIENTED_EDGE('',*,*,#2977,.T.);
#3807 = ORIENTED_EDGE('',*,*,#2946,.T.);
#3808 = PLANE('',#3809);
#3809 = AXIS2_PLACEMENT_3D('',#3810,#3811,#3812);
#3810 = CARTESIAN_POINT('',(-63.31,0.976660316306,7.458915936585));
#3811 = DIRECTION('',(1.,0.,0.));
#3812 = DIRECTION('',(0.,0.,1.));
#3813 = ADVANCED_FACE('',(#3814),#3822,.F.);
#3814 = FACE_BOUND('',#3815,.F.);
#3815 = EDGE_LOOP('',(#3816,#3817,#3818,#3819,#3820,#3821));
#3816 = ORIENTED_EDGE('',*,*,#3234,.T.);
#3817 = ORIENTED_EDGE('',*,*,#3258,.T.);
#3818 = ORIENTED_EDGE('',*,*,#3282,.T.);
#3819 = ORIENTED_EDGE('',*,*,#3306,.T.);
#3820 = ORIENTED_EDGE('',*,*,#3330,.T.);
#3821 = ORIENTED_EDGE('',*,*,#3354,.T.);
#3822 = PLANE('',#3823);
#3823 = AXIS2_PLACEMENT_3D('',#3824,#3825,#3826);
#3824 = CARTESIAN_POINT('',(-63.31,0.976660316306,7.458915936585));
#3825 = DIRECTION('',(1.,0.,0.));
#3826 = DIRECTION('',(0.,0.,1.));
#3827 = ADVANCED_FACE('',(#3828),#3833,.F.);
#3828 = FACE_BOUND('',#3829,.F.);
#3829 = EDGE_LOOP('',(#3830,#3831,#3832));
#3830 = ORIENTED_EDGE('',*,*,#3378,.T.);
#3831 = ORIENTED_EDGE('',*,*,#3402,.T.);
#3832 = ORIENTED_EDGE('',*,*,#3426,.T.);
#3833 = PLANE('',#3834);
#3834 = AXIS2_PLACEMENT_3D('',#3835,#3836,#3837);
#3835 = CARTESIAN_POINT('',(-63.31,0.976660316306,7.458915936585));
#3836 = DIRECTION('',(1.,0.,0.));
#3837 = DIRECTION('',(0.,0.,1.));
#3838 = ADVANCED_FACE('',(#3839,#3842),#3853,.T.);
#3839 = FACE_BOUND('',#3840,.T.);
#3840 = EDGE_LOOP('',(#3841));
#3841 = ORIENTED_EDGE('',*,*,#3463,.T.);
#3842 = FACE_BOUND('',#3843,.T.);
#3843 = EDGE_LOOP('',(#3844));
#3844 = ORIENTED_EDGE('',*,*,#3845,.F.);
#3845 = EDGE_CURVE('',#3846,#3846,#3848,.T.);
#3846 = VERTEX_POINT('',#3847);
#3847 = CARTESIAN_POINT('',(-58.5,8.51,7.49));
#3848 = CIRCLE('',#3849,1.5);
#3849 = AXIS2_PLACEMENT_3D('',#3850,#3851,#3852);
#3850 = CARTESIAN_POINT('',(-58.5,7.01,7.49));
#3851 = DIRECTION('',(1.,0.,0.));
#3852 = DIRECTION('',(0.,1.,0.));
#3853 = PLANE('',#3854);
#3854 = AXIS2_PLACEMENT_3D('',#3855,#3856,#3857);
#3855 = CARTESIAN_POINT('',(-58.5,0.507397818187,7.497872144425));
#3856 = DIRECTION('',(1.,0.,0.));
#3857 = DIRECTION('',(0.,0.,1.));
#3858 = ADVANCED_FACE('',(#3859,#3867),#3878,.T.);
#3859 = FACE_BOUND('',#3860,.T.);
#3860 = EDGE_LOOP('',(#3861,#3862,#3863,#3864,#3865,#3866));
#3861 = ORIENTED_EDGE('',*,*,#3568,.T.);
#3862 = ORIENTED_EDGE('',*,*,#3520,.T.);
#3863 = ORIENTED_EDGE('',*,*,#3495,.T.);
#3864 = ORIENTED_EDGE('',*,*,#3544,.T.);
#3865 = ORIENTED_EDGE('',*,*,#3593,.T.);
#3866 = ORIENTED_EDGE('',*,*,#3611,.T.);
#3867 = FACE_BOUND('',#3868,.T.);
#3868 = EDGE_LOOP('',(#3869));
#3869 = ORIENTED_EDGE('',*,*,#3870,.F.);
#3870 = EDGE_CURVE('',#3871,#3871,#3873,.T.);
#3871 = VERTEX_POINT('',#3872);
#3872 = CARTESIAN_POINT('',(-58.5,2.009598690627,1.653921476341));
#3873 = CIRCLE('',#3874,1.5);
#3874 = AXIS2_PLACEMENT_3D('',#3875,#3876,#3877);
#3875 = CARTESIAN_POINT('',(-58.5,0.509598690627,1.653921476341));
#3876 = DIRECTION('',(1.,0.,0.));
#3877 = DIRECTION('',(0.,1.,0.));
#3878 = PLANE('',#3879);
#3879 = AXIS2_PLACEMENT_3D('',#3880,#3881,#3882);
#3880 = CARTESIAN_POINT('',(-58.5,0.507397818187,7.497872144425));
#3881 = DIRECTION('',(1.,0.,0.));
#3882 = DIRECTION('',(0.,0.,1.));
#3883 = ADVANCED_FACE('',(#3884,#3887),#3898,.T.);
#3884 = FACE_BOUND('',#3885,.T.);
#3885 = EDGE_LOOP('',(#3886));
#3886 = ORIENTED_EDGE('',*,*,#3635,.T.);
#3887 = FACE_BOUND('',#3888,.T.);
#3888 = EDGE_LOOP('',(#3889));
#3889 = ORIENTED_EDGE('',*,*,#3890,.F.);
#3890 = EDGE_CURVE('',#3891,#3891,#3893,.T.);
#3891 = VERTEX_POINT('',#3892);
#3892 = CARTESIAN_POINT('',(-58.5,-4.49,7.49));
#3893 = CIRCLE('',#3894,1.5);
#3894 = AXIS2_PLACEMENT_3D('',#3895,#3896,#3897);
#3895 = CARTESIAN_POINT('',(-58.5,-5.99,7.49));
#3896 = DIRECTION('',(1.,0.,0.));
#3897 = DIRECTION('',(0.,1.,0.));
#3898 = PLANE('',#3899);
#3899 = AXIS2_PLACEMENT_3D('',#3900,#3901,#3902);
#3900 = CARTESIAN_POINT('',(-58.5,0.507397818187,7.497872144425));
#3901 = DIRECTION('',(1.,0.,0.));
#3902 = DIRECTION('',(0.,0.,1.));
#3903 = ADVANCED_FACE('',(#3904,#3912),#3923,.T.);
#3904 = FACE_BOUND('',#3905,.T.);
#3905 = EDGE_LOOP('',(#3906,#3907,#3908,#3909,#3910,#3911));
#3906 = ORIENTED_EDGE('',*,*,#3692,.F.);
#3907 = ORIENTED_EDGE('',*,*,#3667,.F.);
#3908 = ORIENTED_EDGE('',*,*,#3716,.F.);
#3909 = ORIENTED_EDGE('',*,*,#3765,.F.);
#3910 = ORIENTED_EDGE('',*,*,#3783,.F.);
#3911 = ORIENTED_EDGE('',*,*,#3740,.F.);
#3912 = FACE_BOUND('',#3913,.T.);
#3913 = EDGE_LOOP('',(#3914));
#3914 = ORIENTED_EDGE('',*,*,#3915,.F.);
#3915 = EDGE_CURVE('',#3916,#3916,#3918,.T.);
#3916 = VERTEX_POINT('',#3917);
#3917 = CARTESIAN_POINT('',(-58.5,2.007252245365,13.34786819577));
#3918 = CIRCLE('',#3919,1.5);
#3919 = AXIS2_PLACEMENT_3D('',#3920,#3921,#3922);
#3920 = CARTESIAN_POINT('',(-58.5,0.507252245365,13.34786819577));
#3921 = DIRECTION('',(1.,0.,0.));
#3922 = DIRECTION('',(0.,1.,0.));
#3923 = PLANE('',#3924);
#3924 = AXIS2_PLACEMENT_3D('',#3925,#3926,#3927);
#3925 = CARTESIAN_POINT('',(-58.5,0.507397818187,7.497872144425));
#3926 = DIRECTION('',(1.,0.,0.));
#3927 = DIRECTION('',(0.,0.,1.));
#3928 = ADVANCED_FACE('',(#3929),#3948,.T.);
#3929 = FACE_BOUND('',#3930,.F.);
#3930 = EDGE_LOOP('',(#3931,#3932,#3940,#3947));
#3931 = ORIENTED_EDGE('',*,*,#3845,.F.);
#3932 = ORIENTED_EDGE('',*,*,#3933,.T.);
#3933 = EDGE_CURVE('',#3846,#3934,#3936,.T.);
#3934 = VERTEX_POINT('',#3935);
#3935 = CARTESIAN_POINT('',(-58.,8.51,7.49));
#3936 = LINE('',#3937,#3938);
#3937 = CARTESIAN_POINT('',(-60.,8.51,7.49));
#3938 = VECTOR('',#3939,1.);
#3939 = DIRECTION('',(1.,0.,0.));
#3940 = ORIENTED_EDGE('',*,*,#3941,.F.);
#3941 = EDGE_CURVE('',#3934,#3934,#3942,.T.);
#3942 = CIRCLE('',#3943,1.5);
#3943 = AXIS2_PLACEMENT_3D('',#3944,#3945,#3946);
#3944 = CARTESIAN_POINT('',(-58.,7.01,7.49));
#3945 = DIRECTION('',(-1.,0.,0.));
#3946 = DIRECTION('',(0.,1.,0.));
#3947 = ORIENTED_EDGE('',*,*,#3933,.F.);
#3948 = CYLINDRICAL_SURFACE('',#3949,1.5);
#3949 = AXIS2_PLACEMENT_3D('',#3950,#3951,#3952);
#3950 = CARTESIAN_POINT('',(-60.,7.01,7.49));
#3951 = DIRECTION('',(-1.,-0.,-0.));
#3952 = DIRECTION('',(0.,1.,0.));
#3953 = ADVANCED_FACE('',(#3954),#3973,.T.);
#3954 = FACE_BOUND('',#3955,.F.);
#3955 = EDGE_LOOP('',(#3956,#3957,#3965,#3972));
#3956 = ORIENTED_EDGE('',*,*,#3870,.F.);
#3957 = ORIENTED_EDGE('',*,*,#3958,.T.);
#3958 = EDGE_CURVE('',#3871,#3959,#3961,.T.);
#3959 = VERTEX_POINT('',#3960);
#3960 = CARTESIAN_POINT('',(-58.,2.009598690627,1.653921476341));
#3961 = LINE('',#3962,#3963);
#3962 = CARTESIAN_POINT('',(-60.,2.009598690627,1.653921476341));
#3963 = VECTOR('',#3964,1.);
#3964 = DIRECTION('',(1.,0.,0.));
#3965 = ORIENTED_EDGE('',*,*,#3966,.F.);
#3966 = EDGE_CURVE('',#3959,#3959,#3967,.T.);
#3967 = CIRCLE('',#3968,1.5);
#3968 = AXIS2_PLACEMENT_3D('',#3969,#3970,#3971);
#3969 = CARTESIAN_POINT('',(-58.,0.509598690627,1.653921476341));
#3970 = DIRECTION('',(-1.,0.,0.));
#3971 = DIRECTION('',(0.,1.,0.));
#3972 = ORIENTED_EDGE('',*,*,#3958,.F.);
#3973 = CYLINDRICAL_SURFACE('',#3974,1.5);
#3974 = AXIS2_PLACEMENT_3D('',#3975,#3976,#3977);
#3975 = CARTESIAN_POINT('',(-60.,0.509598690627,1.653921476341));
#3976 = DIRECTION('',(-1.,-0.,-0.));
#3977 = DIRECTION('',(0.,1.,0.));
#3978 = ADVANCED_FACE('',(#3979),#3998,.T.);
#3979 = FACE_BOUND('',#3980,.F.);
#3980 = EDGE_LOOP('',(#3981,#3982,#3990,#3997));
#3981 = ORIENTED_EDGE('',*,*,#3890,.F.);
#3982 = ORIENTED_EDGE('',*,*,#3983,.T.);
#3983 = EDGE_CURVE('',#3891,#3984,#3986,.T.);
#3984 = VERTEX_POINT('',#3985);
#3985 = CARTESIAN_POINT('',(-58.,-4.49,7.49));
#3986 = LINE('',#3987,#3988);
#3987 = CARTESIAN_POINT('',(-60.,-4.49,7.49));
#3988 = VECTOR('',#3989,1.);
#3989 = DIRECTION('',(1.,0.,0.));
#3990 = ORIENTED_EDGE('',*,*,#3991,.F.);
#3991 = EDGE_CURVE('',#3984,#3984,#3992,.T.);
#3992 = CIRCLE('',#3993,1.5);
#3993 = AXIS2_PLACEMENT_3D('',#3994,#3995,#3996);
#3994 = CARTESIAN_POINT('',(-58.,-5.99,7.49));
#3995 = DIRECTION('',(-1.,0.,0.));
#3996 = DIRECTION('',(0.,1.,0.));
#3997 = ORIENTED_EDGE('',*,*,#3983,.F.);
#3998 = CYLINDRICAL_SURFACE('',#3999,1.5);
#3999 = AXIS2_PLACEMENT_3D('',#4000,#4001,#4002);
#4000 = CARTESIAN_POINT('',(-60.,-5.99,7.49));
#4001 = DIRECTION('',(-1.,-0.,-0.));
#4002 = DIRECTION('',(0.,1.,0.));
#4003 = ADVANCED_FACE('',(#4004),#4023,.T.);
#4004 = FACE_BOUND('',#4005,.F.);
#4005 = EDGE_LOOP('',(#4006,#4007,#4015,#4022));
#4006 = ORIENTED_EDGE('',*,*,#3915,.F.);
#4007 = ORIENTED_EDGE('',*,*,#4008,.T.);
#4008 = EDGE_CURVE('',#3916,#4009,#4011,.T.);
#4009 = VERTEX_POINT('',#4010);
#4010 = CARTESIAN_POINT('',(-58.,2.007252245365,13.34786819577));
#4011 = LINE('',#4012,#4013);
#4012 = CARTESIAN_POINT('',(-60.,2.007252245365,13.34786819577));
#4013 = VECTOR('',#4014,1.);
#4014 = DIRECTION('',(1.,0.,0.));
#4015 = ORIENTED_EDGE('',*,*,#4016,.F.);
#4016 = EDGE_CURVE('',#4009,#4009,#4017,.T.);
#4017 = CIRCLE('',#4018,1.5);
#4018 = AXIS2_PLACEMENT_3D('',#4019,#4020,#4021);
#4019 = CARTESIAN_POINT('',(-58.,0.507252245365,13.34786819577));
#4020 = DIRECTION('',(-1.,0.,0.));
#4021 = DIRECTION('',(0.,1.,0.));
#4022 = ORIENTED_EDGE('',*,*,#4008,.F.);
#4023 = CYLINDRICAL_SURFACE('',#4024,1.5);
#4024 = AXIS2_PLACEMENT_3D('',#4025,#4026,#4027);
#4025 = CARTESIAN_POINT('',(-60.,0.507252245365,13.34786819577));
#4026 = DIRECTION('',(-1.,-0.,-0.));
#4027 = DIRECTION('',(0.,1.,0.));
#4028 = ADVANCED_FACE('',(#4029),#4032,.T.);
#4029 = FACE_BOUND('',#4030,.T.);
#4030 = EDGE_LOOP('',(#4031));
#4031 = ORIENTED_EDGE('',*,*,#3941,.F.);
#4032 = PLANE('',#4033);
#4033 = AXIS2_PLACEMENT_3D('',#4034,#4035,#4036);
#4034 = CARTESIAN_POINT('',(-58.,0.507397818187,7.497872144425));
#4035 = DIRECTION('',(1.,0.,0.));
#4036 = DIRECTION('',(0.,0.,1.));
#4037 = ADVANCED_FACE('',(#4038),#4041,.T.);
#4038 = FACE_BOUND('',#4039,.T.);
#4039 = EDGE_LOOP('',(#4040));
#4040 = ORIENTED_EDGE('',*,*,#3966,.F.);
#4041 = PLANE('',#4042);
#4042 = AXIS2_PLACEMENT_3D('',#4043,#4044,#4045);
#4043 = CARTESIAN_POINT('',(-58.,0.507397818187,7.497872144425));
#4044 = DIRECTION('',(1.,0.,0.));
#4045 = DIRECTION('',(0.,0.,1.));
#4046 = ADVANCED_FACE('',(#4047),#4050,.T.);
#4047 = FACE_BOUND('',#4048,.T.);
#4048 = EDGE_LOOP('',(#4049));
#4049 = ORIENTED_EDGE('',*,*,#3991,.F.);
#4050 = PLANE('',#4051);
#4051 = AXIS2_PLACEMENT_3D('',#4052,#4053,#4054);
#4052 = CARTESIAN_POINT('',(-58.,0.507397818187,7.497872144425));
#4053 = DIRECTION('',(1.,0.,0.));
#4054 = DIRECTION('',(0.,0.,1.));
#4055 = ADVANCED_FACE('',(#4056),#4059,.T.);
#4056 = FACE_BOUND('',#4057,.T.);
#4057 = EDGE_LOOP('',(#4058));
#4058 = ORIENTED_EDGE('',*,*,#4016,.F.);
#4059 = PLANE('',#4060);
#4060 = AXIS2_PLACEMENT_3D('',#4061,#4062,#4063);
#4061 = CARTESIAN_POINT('',(-58.,0.507397818187,7.497872144425));
#4062 = DIRECTION('',(1.,0.,0.));
#4063 = DIRECTION('',(0.,0.,1.));
#4064 = ( GEOMETRIC_REPRESENTATION_CONTEXT(3) 
GLOBAL_UNCERTAINTY_ASSIGNED_CONTEXT((#4068)) 
GLOBAL_UNIT_ASSIGNED_CONTEXT((#4065,#4066,#4067)) REPRESENTATION_CONTEXT
('Context #1','3D Context with UNIT and UNCERTAINTY') );
#4065 = ( LENGTH_UNIT() NAMED_UNIT(*) SI_UNIT(.MILLI.,.METRE.) );
#4066 = ( NAMED_UNIT(*) PLANE_ANGLE_UNIT() SI_UNIT($,.RADIAN.) );
#4067 = ( NAMED_UNIT(*) SI_UNIT($,.STERADIAN.) SOLID_ANGLE_UNIT() );
#4068 = UNCERTAINTY_MEASURE_WITH_UNIT(LENGTH_MEASURE(2.E-04),#4065,
  'distance_accuracy_value','confusion accuracy');
#4069 = PRODUCT_RELATED_PRODUCT_CATEGORY('part',$,(#7));
#4070 = MECHANICAL_DESIGN_GEOMETRIC_PRESENTATION_REPRESENTATION('',(
    #4071),#4064);
#4071 = STYLED_ITEM('color',(#4072),#15);
#4072 = PRESENTATION_STYLE_ASSIGNMENT((#4073,#4079));
#4073 = SURFACE_STYLE_USAGE(.BOTH.,#4074);
#4074 = SURFACE_SIDE_STYLE('',(#4075));
#4075 = SURFACE_STYLE_FILL_AREA(#4076);
#4076 = FILL_AREA_STYLE('',(#4077));
#4077 = FILL_AREA_STYLE_COLOUR('',#4078);
#4078 = COLOUR_RGB('',0.800000010877,0.800000010877,0.800000010877);
#4079 = CURVE_STYLE('',#4080,POSITIVE_LENGTH_MEASURE(0.1),#4081);
#4080 = DRAUGHTING_PRE_DEFINED_CURVE_FONT('continuous');
#4081 = COLOUR_RGB('',9.803921802644E-02,9.803921802644E-02,
  9.803921802644E-02);
ENDSEC;
END-ISO-10303-21;
