ISO-10303-21;
HEADER;
FILE_DESCRIPTION(('FreeCAD Model'),'2;1');
FILE_NAME('Open CASCADE Shape Model','2025-11-03T20:36:18',(''),(''),
  'Open CASCADE STEP processor 7.8','FreeCAD','Unknown');
FILE_SCHEMA(('AUTOMOTIVE_DESIGN { 1 0 10303 214 1 1 1 1 }'));
ENDSEC;
DATA;
#1 = APPLICATION_PROTOCOL_DEFINITION('international standard',
  'automotive_design',2000,#2);
#2 = APPLICATION_CONTEXT(
  'core data for automotive mechanical design processes');
#3 = SHAPE_DEFINITION_REPRESENTATION(#4,#10);
#4 = PRODUCT_DEFINITION_SHAPE('','',#5);
#5 = PRODUCT_DEFINITION('design','',#6,#9);
#6 = PRODUCT_DEFINITION_FORMATION('','',#7);
#7 = PRODUCT('Buttons','Buttons','',(#8));
#8 = PRODUCT_CONTEXT('',#2,'mechanical');
#9 = PRODUCT_DEFINITION_CONTEXT('part definition',#2,'design');
#10 = SHAPE_REPRESENTATION('',(#11,#15,#946,#1871,#2604),#3529);
#11 = AXIS2_PLACEMENT_3D('',#12,#13,#14);
#12 = CARTESIAN_POINT('',(0.,0.,0.));
#13 = DIRECTION('',(0.,0.,1.));
#14 = DIRECTION('',(1.,0.,-0.));
#15 = MANIFOLD_SOLID_BREP('',#16);
#16 = CLOSED_SHELL('',(#17,#151,#177,#209,#233,#314,#331,#355,#379,#403,
    #420,#444,#461,#568,#580,#592,#604,#629,#660,#684,#708,#732,#756,
    #780,#804,#828,#852,#876,#900,#917,#926));
#17 = ADVANCED_FACE('',(#18),#146,.T.);
#18 = FACE_BOUND('',#19,.F.);
#19 = EDGE_LOOP('',(#20,#29,#38,#46,#55,#63,#72,#80,#89,#97,#106,#114,
    #123,#131,#138,#139));
#20 = ORIENTED_EDGE('',*,*,#21,.T.);
#21 = EDGE_CURVE('',#22,#24,#26,.T.);
#22 = VERTEX_POINT('',#23);
#23 = CARTESIAN_POINT('',(-63.31,3.66,7.49));
#24 = VERTEX_POINT('',#25);
#25 = CARTESIAN_POINT('',(-60.81,3.66,7.49));
#26 = B_SPLINE_CURVE_WITH_KNOTS('',1,(#27,#28),.UNSPECIFIED.,.F.,.F.,(2,
    2),(-2.,1.75),.PIECEWISE_BEZIER_KNOTS.);
#27 = CARTESIAN_POINT('',(-63.81,3.66,7.49));
#28 = CARTESIAN_POINT('',(-60.06,3.66,7.49));
#29 = ORIENTED_EDGE('',*,*,#30,.T.);
#30 = EDGE_CURVE('',#24,#31,#33,.T.);
#31 = VERTEX_POINT('',#32);
#32 = CARTESIAN_POINT('',(-60.81,3.745034456537,6.74));
#33 = CIRCLE('',#34,3.35);
#34 = AXIS2_PLACEMENT_3D('',#35,#36,#37);
#35 = CARTESIAN_POINT('',(-60.81,7.01,7.49));
#36 = DIRECTION('',(1.,0.,0.));
#37 = DIRECTION('',(0.,1.,0.));
#38 = ORIENTED_EDGE('',*,*,#39,.F.);
#39 = EDGE_CURVE('',#40,#31,#42,.T.);
#40 = VERTEX_POINT('',#41);
#41 = CARTESIAN_POINT('',(-60.06,3.745034456537,6.74));
#42 = LINE('',#43,#44);
#43 = CARTESIAN_POINT('',(-60.06,3.745034456537,6.74));
#44 = VECTOR('',#45,1.);
#45 = DIRECTION('',(-1.,-0.,-0.));
#46 = ORIENTED_EDGE('',*,*,#47,.F.);
#47 = EDGE_CURVE('',#48,#40,#50,.T.);
#48 = VERTEX_POINT('',#49);
#49 = CARTESIAN_POINT('',(-60.06,6.26,4.225034456537));
#50 = CIRCLE('',#51,3.35);
#51 = AXIS2_PLACEMENT_3D('',#52,#53,#54);
#52 = CARTESIAN_POINT('',(-60.06,7.01,7.49));
#53 = DIRECTION('',(-1.,0.,0.));
#54 = DIRECTION('',(0.,-1.,0.));
#55 = ORIENTED_EDGE('',*,*,#56,.T.);
#56 = EDGE_CURVE('',#48,#57,#59,.T.);
#57 = VERTEX_POINT('',#58);
#58 = CARTESIAN_POINT('',(-60.81,6.26,4.225034456537));
#59 = LINE('',#60,#61);
#60 = CARTESIAN_POINT('',(-60.06,6.26,4.225034456537));
#61 = VECTOR('',#62,1.);
#62 = DIRECTION('',(-1.,-0.,-0.));
#63 = ORIENTED_EDGE('',*,*,#64,.T.);
#64 = EDGE_CURVE('',#57,#65,#67,.T.);
#65 = VERTEX_POINT('',#66);
#66 = CARTESIAN_POINT('',(-60.81,7.76,4.225034456537));
#67 = CIRCLE('',#68,3.35);
#68 = AXIS2_PLACEMENT_3D('',#69,#70,#71);
#69 = CARTESIAN_POINT('',(-60.81,7.01,7.49));
#70 = DIRECTION('',(1.,0.,0.));
#71 = DIRECTION('',(0.,1.,0.));
#72 = ORIENTED_EDGE('',*,*,#73,.F.);
#73 = EDGE_CURVE('',#74,#65,#76,.T.);
#74 = VERTEX_POINT('',#75);
#75 = CARTESIAN_POINT('',(-60.06,7.76,4.225034456537));
#76 = LINE('',#77,#78);
#77 = CARTESIAN_POINT('',(-60.06,7.76,4.225034456537));
#78 = VECTOR('',#79,1.);
#79 = DIRECTION('',(-1.,-0.,-0.));
#80 = ORIENTED_EDGE('',*,*,#81,.F.);
#81 = EDGE_CURVE('',#82,#74,#84,.T.);
#82 = VERTEX_POINT('',#83);
#83 = CARTESIAN_POINT('',(-60.06,9.849009362013,9.268349190233));
#84 = CIRCLE('',#85,3.35);
#85 = AXIS2_PLACEMENT_3D('',#86,#87,#88);
#86 = CARTESIAN_POINT('',(-60.06,7.01,7.49));
#87 = DIRECTION('',(-1.,0.,0.));
#88 = DIRECTION('',(0.,-1.,0.));
#89 = ORIENTED_EDGE('',*,*,#90,.T.);
#90 = EDGE_CURVE('',#82,#91,#93,.T.);
#91 = VERTEX_POINT('',#92);
#92 = CARTESIAN_POINT('',(-60.81,9.849009362013,9.268349190233));
#93 = LINE('',#94,#95);
#94 = CARTESIAN_POINT('',(-60.06,9.849009362013,9.268349190233));
#95 = VECTOR('',#96,1.);
#96 = DIRECTION('',(-1.,-0.,-0.));
#97 = ORIENTED_EDGE('',*,*,#98,.T.);
#98 = EDGE_CURVE('',#91,#99,#101,.T.);
#99 = VERTEX_POINT('',#100);
#100 = CARTESIAN_POINT('',(-60.81,8.788349190233,10.329009362013));
#101 = CIRCLE('',#102,3.35);
#102 = AXIS2_PLACEMENT_3D('',#103,#104,#105);
#103 = CARTESIAN_POINT('',(-60.81,7.01,7.49));
#104 = DIRECTION('',(1.,0.,0.));
#105 = DIRECTION('',(0.,1.,0.));
#106 = ORIENTED_EDGE('',*,*,#107,.F.);
#107 = EDGE_CURVE('',#108,#99,#110,.T.);
#108 = VERTEX_POINT('',#109);
#109 = CARTESIAN_POINT('',(-60.06,8.788349190233,10.329009362013));
#110 = LINE('',#111,#112);
#111 = CARTESIAN_POINT('',(-60.06,8.788349190233,10.329009362013));
#112 = VECTOR('',#113,1.);
#113 = DIRECTION('',(-1.,-0.,-0.));
#114 = ORIENTED_EDGE('',*,*,#115,.F.);
#115 = EDGE_CURVE('',#116,#108,#118,.T.);
#116 = VERTEX_POINT('',#117);
#117 = CARTESIAN_POINT('',(-60.06,3.745034456537,8.24));
#118 = CIRCLE('',#119,3.35);
#119 = AXIS2_PLACEMENT_3D('',#120,#121,#122);
#120 = CARTESIAN_POINT('',(-60.06,7.01,7.49));
#121 = DIRECTION('',(-1.,0.,0.));
#122 = DIRECTION('',(0.,-1.,0.));
#123 = ORIENTED_EDGE('',*,*,#124,.T.);
#124 = EDGE_CURVE('',#116,#125,#127,.T.);
#125 = VERTEX_POINT('',#126);
#126 = CARTESIAN_POINT('',(-60.81,3.745034456537,8.24));
#127 = LINE('',#128,#129);
#128 = CARTESIAN_POINT('',(-60.06,3.745034456537,8.24));
#129 = VECTOR('',#130,1.);
#130 = DIRECTION('',(-1.,-0.,-0.));
#131 = ORIENTED_EDGE('',*,*,#132,.T.);
#132 = EDGE_CURVE('',#125,#24,#133,.T.);
#133 = CIRCLE('',#134,3.35);
#134 = AXIS2_PLACEMENT_3D('',#135,#136,#137);
#135 = CARTESIAN_POINT('',(-60.81,7.01,7.49));
#136 = DIRECTION('',(1.,0.,0.));
#137 = DIRECTION('',(0.,1.,0.));
#138 = ORIENTED_EDGE('',*,*,#21,.F.);
#139 = ORIENTED_EDGE('',*,*,#140,.T.);
#140 = EDGE_CURVE('',#22,#22,#141,.T.);
#141 = CIRCLE('',#142,3.35);
#142 = AXIS2_PLACEMENT_3D('',#143,#144,#145);
#143 = CARTESIAN_POINT('',(-63.31,7.01,7.49));
#144 = DIRECTION('',(-1.,0.,0.));
#145 = DIRECTION('',(0.,-1.,0.));
#146 = CYLINDRICAL_SURFACE('',#147,3.35);
#147 = AXIS2_PLACEMENT_3D('',#148,#149,#150);
#148 = CARTESIAN_POINT('',(-61.81,7.01,7.49));
#149 = DIRECTION('',(1.,0.,0.));
#150 = DIRECTION('',(0.,-1.,0.));
#151 = ADVANCED_FACE('',(#152),#172,.T.);
#152 = FACE_BOUND('',#153,.T.);
#153 = EDGE_LOOP('',(#154,#163,#164,#165));
#154 = ORIENTED_EDGE('',*,*,#155,.F.);
#155 = EDGE_CURVE('',#22,#156,#158,.T.);
#156 = VERTEX_POINT('',#157);
#157 = CARTESIAN_POINT('',(-63.81,4.16,7.49));
#158 = CIRCLE('',#159,0.5);
#159 = AXIS2_PLACEMENT_3D('',#160,#161,#162);
#160 = CARTESIAN_POINT('',(-63.31,4.16,7.49));
#161 = DIRECTION('',(-0.,-0.,-1.));
#162 = DIRECTION('',(0.,-1.,0.));
#163 = ORIENTED_EDGE('',*,*,#140,.T.);
#164 = ORIENTED_EDGE('',*,*,#155,.T.);
#165 = ORIENTED_EDGE('',*,*,#166,.F.);
#166 = EDGE_CURVE('',#156,#156,#167,.T.);
#167 = CIRCLE('',#168,2.85);
#168 = AXIS2_PLACEMENT_3D('',#169,#170,#171);
#169 = CARTESIAN_POINT('',(-63.81,7.01,7.49));
#170 = DIRECTION('',(-1.,0.,0.));
#171 = DIRECTION('',(0.,-1.,0.));
#172 = TOROIDAL_SURFACE('',#173,2.85,0.5);
#173 = AXIS2_PLACEMENT_3D('',#174,#175,#176);
#174 = CARTESIAN_POINT('',(-63.31,7.01,7.49));
#175 = DIRECTION('',(-1.,0.,0.));
#176 = DIRECTION('',(0.,-1.,0.));
#177 = ADVANCED_FACE('',(#178),#204,.F.);
#178 = FACE_BOUND('',#179,.F.);
#179 = EDGE_LOOP('',(#180,#188,#196,#202,#203));
#180 = ORIENTED_EDGE('',*,*,#181,.F.);
#181 = EDGE_CURVE('',#182,#125,#184,.T.);
#182 = VERTEX_POINT('',#183);
#183 = CARTESIAN_POINT('',(-60.81,2.43,8.24));
#184 = LINE('',#185,#186);
#185 = CARTESIAN_POINT('',(-60.81,2.250965952437,8.24));
#186 = VECTOR('',#187,1.);
#187 = DIRECTION('',(0.,1.,0.));
#188 = ORIENTED_EDGE('',*,*,#189,.F.);
#189 = EDGE_CURVE('',#190,#182,#192,.T.);
#190 = VERTEX_POINT('',#191);
#191 = CARTESIAN_POINT('',(-60.81,2.43,6.74));
#192 = LINE('',#193,#194);
#193 = CARTESIAN_POINT('',(-60.81,2.43,7.814074637094));
#194 = VECTOR('',#195,1.);
#195 = DIRECTION('',(0.,0.,1.));
#196 = ORIENTED_EDGE('',*,*,#197,.F.);
#197 = EDGE_CURVE('',#31,#190,#198,.T.);
#198 = LINE('',#199,#200);
#199 = CARTESIAN_POINT('',(-60.81,1.593448724168,6.74));
#200 = VECTOR('',#201,1.);
#201 = DIRECTION('',(0.,-1.,0.));
#202 = ORIENTED_EDGE('',*,*,#30,.F.);
#203 = ORIENTED_EDGE('',*,*,#132,.F.);
#204 = PLANE('',#205);
#205 = AXIS2_PLACEMENT_3D('',#206,#207,#208);
#206 = CARTESIAN_POINT('',(-60.81,0.756897448336,7.388149274187));
#207 = DIRECTION('',(1.,0.,0.));
#208 = DIRECTION('',(0.,0.,1.));
#209 = ADVANCED_FACE('',(#210),#228,.T.);
#210 = FACE_BOUND('',#211,.T.);
#211 = EDGE_LOOP('',(#212,#220,#226,#227));
#212 = ORIENTED_EDGE('',*,*,#213,.F.);
#213 = EDGE_CURVE('',#214,#40,#216,.T.);
#214 = VERTEX_POINT('',#215);
#215 = CARTESIAN_POINT('',(-60.06,2.43,6.74));
#216 = LINE('',#217,#218);
#217 = CARTESIAN_POINT('',(-60.06,2.43,6.74));
#218 = VECTOR('',#219,1.);
#219 = DIRECTION('',(0.,1.,0.));
#220 = ORIENTED_EDGE('',*,*,#221,.T.);
#221 = EDGE_CURVE('',#214,#190,#222,.T.);
#222 = LINE('',#223,#224);
#223 = CARTESIAN_POINT('',(-60.06,2.43,6.74));
#224 = VECTOR('',#225,1.);
#225 = DIRECTION('',(-1.,-0.,-0.));
#226 = ORIENTED_EDGE('',*,*,#197,.F.);
#227 = ORIENTED_EDGE('',*,*,#39,.F.);
#228 = PLANE('',#229);
#229 = AXIS2_PLACEMENT_3D('',#230,#231,#232);
#230 = CARTESIAN_POINT('',(-60.06,2.43,6.74));
#231 = DIRECTION('',(0.,0.,-1.));
#232 = DIRECTION('',(0.,1.,0.));
#233 = ADVANCED_FACE('',(#234,#298),#309,.T.);
#234 = FACE_BOUND('',#235,.T.);
#235 = EDGE_LOOP('',(#236,#237,#245,#251,#252,#253,#261,#269,#275,#276,
    #284,#292));
#236 = ORIENTED_EDGE('',*,*,#115,.F.);
#237 = ORIENTED_EDGE('',*,*,#238,.T.);
#238 = EDGE_CURVE('',#116,#239,#241,.T.);
#239 = VERTEX_POINT('',#240);
#240 = CARTESIAN_POINT('',(-60.06,2.43,8.24));
#241 = LINE('',#242,#243);
#242 = CARTESIAN_POINT('',(-60.06,3.745034456537,8.24));
#243 = VECTOR('',#244,1.);
#244 = DIRECTION('',(0.,-1.,0.));
#245 = ORIENTED_EDGE('',*,*,#246,.T.);
#246 = EDGE_CURVE('',#239,#214,#247,.T.);
#247 = LINE('',#248,#249);
#248 = CARTESIAN_POINT('',(-60.06,2.43,8.24));
#249 = VECTOR('',#250,1.);
#250 = DIRECTION('',(0.,0.,-1.));
#251 = ORIENTED_EDGE('',*,*,#213,.T.);
#252 = ORIENTED_EDGE('',*,*,#47,.F.);
#253 = ORIENTED_EDGE('',*,*,#254,.T.);
#254 = EDGE_CURVE('',#48,#255,#257,.T.);
#255 = VERTEX_POINT('',#256);
#256 = CARTESIAN_POINT('',(-60.06,6.26,2.91));
#257 = LINE('',#258,#259);
#258 = CARTESIAN_POINT('',(-60.06,6.26,4.225034456537));
#259 = VECTOR('',#260,1.);
#260 = DIRECTION('',(0.,0.,-1.));
#261 = ORIENTED_EDGE('',*,*,#262,.T.);
#262 = EDGE_CURVE('',#255,#263,#265,.T.);
#263 = VERTEX_POINT('',#264);
#264 = CARTESIAN_POINT('',(-60.06,7.76,2.91));
#265 = LINE('',#266,#267);
#266 = CARTESIAN_POINT('',(-60.06,6.26,2.91));
#267 = VECTOR('',#268,1.);
#268 = DIRECTION('',(0.,1.,0.));
#269 = ORIENTED_EDGE('',*,*,#270,.T.);
#270 = EDGE_CURVE('',#263,#74,#271,.T.);
#271 = LINE('',#272,#273);
#272 = CARTESIAN_POINT('',(-60.06,7.76,2.91));
#273 = VECTOR('',#274,1.);
#274 = DIRECTION('',(0.,0.,1.));
#275 = ORIENTED_EDGE('',*,*,#81,.F.);
#276 = ORIENTED_EDGE('',*,*,#277,.F.);
#277 = EDGE_CURVE('',#278,#82,#280,.T.);
#278 = VERTEX_POINT('',#279);
#279 = CARTESIAN_POINT('',(-60.06,10.778879143724,10.198218971944));
#280 = LINE('',#281,#282);
#281 = CARTESIAN_POINT('',(-60.06,10.778879143724,10.198218971944));
#282 = VECTOR('',#283,1.);
#283 = DIRECTION('',(0.,-0.707106781187,-0.707106781187));
#284 = ORIENTED_EDGE('',*,*,#285,.F.);
#285 = EDGE_CURVE('',#286,#278,#288,.T.);
#286 = VERTEX_POINT('',#287);
#287 = CARTESIAN_POINT('',(-60.06,9.718218971944,11.258879143724));
#288 = LINE('',#289,#290);
#289 = CARTESIAN_POINT('',(-60.06,9.718218971944,11.258879143724));
#290 = VECTOR('',#291,1.);
#291 = DIRECTION('',(0.,0.707106781187,-0.707106781187));
#292 = ORIENTED_EDGE('',*,*,#293,.F.);
#293 = EDGE_CURVE('',#108,#286,#294,.T.);
#294 = LINE('',#295,#296);
#295 = CARTESIAN_POINT('',(-60.06,8.788349190233,10.329009362013));
#296 = VECTOR('',#297,1.);
#297 = DIRECTION('',(0.,0.707106781187,0.707106781187));
#298 = FACE_BOUND('',#299,.T.);
#299 = EDGE_LOOP('',(#300));
#300 = ORIENTED_EDGE('',*,*,#301,.F.);
#301 = EDGE_CURVE('',#302,#302,#304,.T.);
#302 = VERTEX_POINT('',#303);
#303 = CARTESIAN_POINT('',(-60.06,8.135,7.49));
#304 = CIRCLE('',#305,1.125);
#305 = AXIS2_PLACEMENT_3D('',#306,#307,#308);
#306 = CARTESIAN_POINT('',(-60.06,7.01,7.49));
#307 = DIRECTION('',(1.,0.,0.));
#308 = DIRECTION('',(0.,1.,0.));
#309 = PLANE('',#310);
#310 = AXIS2_PLACEMENT_3D('',#311,#312,#313);
#311 = CARTESIAN_POINT('',(-60.06,6.873588674451,7.353588674451));
#312 = DIRECTION('',(1.,0.,0.));
#313 = DIRECTION('',(0.,0.,1.));
#314 = ADVANCED_FACE('',(#315),#326,.T.);
#315 = FACE_BOUND('',#316,.T.);
#316 = EDGE_LOOP('',(#317,#318,#319,#320));
#317 = ORIENTED_EDGE('',*,*,#238,.F.);
#318 = ORIENTED_EDGE('',*,*,#124,.T.);
#319 = ORIENTED_EDGE('',*,*,#181,.F.);
#320 = ORIENTED_EDGE('',*,*,#321,.F.);
#321 = EDGE_CURVE('',#239,#182,#322,.T.);
#322 = LINE('',#323,#324);
#323 = CARTESIAN_POINT('',(-60.06,2.43,8.24));
#324 = VECTOR('',#325,1.);
#325 = DIRECTION('',(-1.,-0.,-0.));
#326 = PLANE('',#327);
#327 = AXIS2_PLACEMENT_3D('',#328,#329,#330);
#328 = CARTESIAN_POINT('',(-60.06,3.745034456537,8.24));
#329 = DIRECTION('',(0.,0.,1.));
#330 = DIRECTION('',(0.,-1.,0.));
#331 = ADVANCED_FACE('',(#332),#350,.T.);
#332 = FACE_BOUND('',#333,.T.);
#333 = EDGE_LOOP('',(#334,#335,#336,#344));
#334 = ORIENTED_EDGE('',*,*,#254,.F.);
#335 = ORIENTED_EDGE('',*,*,#56,.T.);
#336 = ORIENTED_EDGE('',*,*,#337,.F.);
#337 = EDGE_CURVE('',#338,#57,#340,.T.);
#338 = VERTEX_POINT('',#339);
#339 = CARTESIAN_POINT('',(-60.81,6.26,2.91));
#340 = LINE('',#341,#342);
#341 = CARTESIAN_POINT('',(-60.81,6.26,5.806591865362));
#342 = VECTOR('',#343,1.);
#343 = DIRECTION('',(0.,0.,1.));
#344 = ORIENTED_EDGE('',*,*,#345,.F.);
#345 = EDGE_CURVE('',#255,#338,#346,.T.);
#346 = LINE('',#347,#348);
#347 = CARTESIAN_POINT('',(-60.06,6.26,2.91));
#348 = VECTOR('',#349,1.);
#349 = DIRECTION('',(-1.,-0.,-0.));
#350 = PLANE('',#351);
#351 = AXIS2_PLACEMENT_3D('',#352,#353,#354);
#352 = CARTESIAN_POINT('',(-60.06,6.26,4.225034456537));
#353 = DIRECTION('',(0.,-1.,0.));
#354 = DIRECTION('',(0.,0.,-1.));
#355 = ADVANCED_FACE('',(#356),#374,.F.);
#356 = FACE_BOUND('',#357,.F.);
#357 = EDGE_LOOP('',(#358,#359,#367,#373));
#358 = ORIENTED_EDGE('',*,*,#337,.F.);
#359 = ORIENTED_EDGE('',*,*,#360,.F.);
#360 = EDGE_CURVE('',#361,#338,#363,.T.);
#361 = VERTEX_POINT('',#362);
#362 = CARTESIAN_POINT('',(-60.81,7.76,2.91));
#363 = LINE('',#364,#365);
#364 = CARTESIAN_POINT('',(-60.81,3.508448724168,2.91));
#365 = VECTOR('',#366,1.);
#366 = DIRECTION('',(0.,-1.,0.));
#367 = ORIENTED_EDGE('',*,*,#368,.F.);
#368 = EDGE_CURVE('',#65,#361,#369,.T.);
#369 = LINE('',#370,#371);
#370 = CARTESIAN_POINT('',(-60.81,7.76,5.149074637094));
#371 = VECTOR('',#372,1.);
#372 = DIRECTION('',(0.,0.,-1.));
#373 = ORIENTED_EDGE('',*,*,#64,.F.);
#374 = PLANE('',#375);
#375 = AXIS2_PLACEMENT_3D('',#376,#377,#378);
#376 = CARTESIAN_POINT('',(-60.81,0.756897448336,7.388149274187));
#377 = DIRECTION('',(1.,0.,0.));
#378 = DIRECTION('',(0.,0.,1.));
#379 = ADVANCED_FACE('',(#380),#398,.F.);
#380 = FACE_BOUND('',#381,.F.);
#381 = EDGE_LOOP('',(#382,#383,#384,#392));
#382 = ORIENTED_EDGE('',*,*,#293,.F.);
#383 = ORIENTED_EDGE('',*,*,#107,.T.);
#384 = ORIENTED_EDGE('',*,*,#385,.F.);
#385 = EDGE_CURVE('',#386,#99,#388,.T.);
#386 = VERTEX_POINT('',#387);
#387 = CARTESIAN_POINT('',(-60.81,9.718218971944,11.258879143724));
#388 = LINE('',#389,#390);
#389 = CARTESIAN_POINT('',(-60.81,6.045271232802,7.585931404582));
#390 = VECTOR('',#391,1.);
#391 = DIRECTION('',(0.,-0.707106781187,-0.707106781187));
#392 = ORIENTED_EDGE('',*,*,#393,.F.);
#393 = EDGE_CURVE('',#286,#386,#394,.T.);
#394 = LINE('',#395,#396);
#395 = CARTESIAN_POINT('',(-60.06,9.718218971944,11.258879143724));
#396 = VECTOR('',#397,1.);
#397 = DIRECTION('',(-1.,-0.,-0.));
#398 = PLANE('',#399);
#399 = AXIS2_PLACEMENT_3D('',#400,#401,#402);
#400 = CARTESIAN_POINT('',(-60.06,8.788349190233,10.329009362013));
#401 = DIRECTION('',(0.,0.707106781187,-0.707106781187));
#402 = DIRECTION('',(0.,0.707106781187,0.707106781187));
#403 = ADVANCED_FACE('',(#404),#415,.T.);
#404 = FACE_BOUND('',#405,.T.);
#405 = EDGE_LOOP('',(#406,#407,#413,#414));
#406 = ORIENTED_EDGE('',*,*,#270,.F.);
#407 = ORIENTED_EDGE('',*,*,#408,.T.);
#408 = EDGE_CURVE('',#263,#361,#409,.T.);
#409 = LINE('',#410,#411);
#410 = CARTESIAN_POINT('',(-60.06,7.76,2.91));
#411 = VECTOR('',#412,1.);
#412 = DIRECTION('',(-1.,-0.,-0.));
#413 = ORIENTED_EDGE('',*,*,#368,.F.);
#414 = ORIENTED_EDGE('',*,*,#73,.F.);
#415 = PLANE('',#416);
#416 = AXIS2_PLACEMENT_3D('',#417,#418,#419);
#417 = CARTESIAN_POINT('',(-60.06,7.76,2.91));
#418 = DIRECTION('',(0.,1.,0.));
#419 = DIRECTION('',(0.,0.,1.));
#420 = ADVANCED_FACE('',(#421),#439,.F.);
#421 = FACE_BOUND('',#422,.F.);
#422 = EDGE_LOOP('',(#423,#431,#432,#433));
#423 = ORIENTED_EDGE('',*,*,#424,.T.);
#424 = EDGE_CURVE('',#425,#386,#427,.T.);
#425 = VERTEX_POINT('',#426);
#426 = CARTESIAN_POINT('',(-60.81,10.778879143724,10.198218971944));
#427 = LINE('',#428,#429);
#428 = CARTESIAN_POINT('',(-60.81,8.445571058427,12.531527057242));
#429 = VECTOR('',#430,1.);
#430 = DIRECTION('',(0.,-0.707106781187,0.707106781187));
#431 = ORIENTED_EDGE('',*,*,#385,.T.);
#432 = ORIENTED_EDGE('',*,*,#98,.F.);
#433 = ORIENTED_EDGE('',*,*,#434,.T.);
#434 = EDGE_CURVE('',#91,#425,#435,.T.);
#435 = LINE('',#436,#437);
#436 = CARTESIAN_POINT('',(-60.81,7.570866295438,6.990206123658));
#437 = VECTOR('',#438,1.);
#438 = DIRECTION('',(0.,0.707106781187,0.707106781187));
#439 = PLANE('',#440);
#440 = AXIS2_PLACEMENT_3D('',#441,#442,#443);
#441 = CARTESIAN_POINT('',(-60.81,0.756897448336,7.388149274187));
#442 = DIRECTION('',(1.,0.,0.));
#443 = DIRECTION('',(0.,0.,1.));
#444 = ADVANCED_FACE('',(#445),#456,.F.);
#445 = FACE_BOUND('',#446,.F.);
#446 = EDGE_LOOP('',(#447,#448,#454,#455));
#447 = ORIENTED_EDGE('',*,*,#277,.F.);
#448 = ORIENTED_EDGE('',*,*,#449,.T.);
#449 = EDGE_CURVE('',#278,#425,#450,.T.);
#450 = LINE('',#451,#452);
#451 = CARTESIAN_POINT('',(-60.06,10.778879143724,10.198218971944));
#452 = VECTOR('',#453,1.);
#453 = DIRECTION('',(-1.,-0.,-0.));
#454 = ORIENTED_EDGE('',*,*,#434,.F.);
#455 = ORIENTED_EDGE('',*,*,#90,.F.);
#456 = PLANE('',#457);
#457 = AXIS2_PLACEMENT_3D('',#458,#459,#460);
#458 = CARTESIAN_POINT('',(-60.06,10.778879143724,10.198218971944));
#459 = DIRECTION('',(0.,-0.707106781187,0.707106781187));
#460 = DIRECTION('',(0.,-0.707106781187,-0.707106781187));
#461 = ADVANCED_FACE('',(#462,#465),#563,.F.);
#462 = FACE_BOUND('',#463,.F.);
#463 = EDGE_LOOP('',(#464));
#464 = ORIENTED_EDGE('',*,*,#166,.F.);
#465 = FACE_BOUND('',#466,.F.);
#466 = EDGE_LOOP('',(#467,#477,#485,#493,#501,#509,#517,#525,#533,#541,
    #549,#557));
#467 = ORIENTED_EDGE('',*,*,#468,.F.);
#468 = EDGE_CURVE('',#469,#471,#473,.T.);
#469 = VERTEX_POINT('',#470);
#470 = CARTESIAN_POINT('',(-63.81,8.671700935789,8.444594154602));
#471 = VERTEX_POINT('',#472);
#472 = CARTESIAN_POINT('',(-63.81,7.964594154602,9.151700935788));
#473 = LINE('',#474,#475);
#474 = CARTESIAN_POINT('',(-63.81,8.671700935789,8.444594154602));
#475 = VECTOR('',#476,1.);
#476 = DIRECTION('',(0.,-0.707106781187,0.707106781187));
#477 = ORIENTED_EDGE('',*,*,#478,.T.);
#478 = EDGE_CURVE('',#469,#479,#481,.T.);
#479 = VERTEX_POINT('',#480);
#480 = CARTESIAN_POINT('',(-63.81,7.717106781187,7.49));
#481 = LINE('',#482,#483);
#482 = CARTESIAN_POINT('',(-63.81,8.671700935789,8.444594154602));
#483 = VECTOR('',#484,1.);
#484 = DIRECTION('',(0.,-0.707106781187,-0.707106781187));
#485 = ORIENTED_EDGE('',*,*,#486,.F.);
#486 = EDGE_CURVE('',#487,#479,#489,.T.);
#487 = VERTEX_POINT('',#488);
#488 = CARTESIAN_POINT('',(-63.81,8.671700935789,6.535405845398));
#489 = LINE('',#490,#491);
#490 = CARTESIAN_POINT('',(-63.81,8.671700935789,6.535405845398));
#491 = VECTOR('',#492,1.);
#492 = DIRECTION('',(0.,-0.707106781187,0.707106781187));
#493 = ORIENTED_EDGE('',*,*,#494,.F.);
#494 = EDGE_CURVE('',#495,#487,#497,.T.);
#495 = VERTEX_POINT('',#496);
#496 = CARTESIAN_POINT('',(-63.81,7.964594154602,5.828299064211));
#497 = LINE('',#498,#499);
#498 = CARTESIAN_POINT('',(-63.81,7.964594154602,5.828299064211));
#499 = VECTOR('',#500,1.);
#500 = DIRECTION('',(0.,0.707106781187,0.707106781187));
#501 = ORIENTED_EDGE('',*,*,#502,.T.);
#502 = EDGE_CURVE('',#495,#503,#505,.T.);
#503 = VERTEX_POINT('',#504);
#504 = CARTESIAN_POINT('',(-63.81,7.01,6.782893218813));
#505 = LINE('',#506,#507);
#506 = CARTESIAN_POINT('',(-63.81,7.964594154602,5.828299064211));
#507 = VECTOR('',#508,1.);
#508 = DIRECTION('',(0.,-0.707106781187,0.707106781187));
#509 = ORIENTED_EDGE('',*,*,#510,.T.);
#510 = EDGE_CURVE('',#503,#511,#513,.T.);
#511 = VERTEX_POINT('',#512);
#512 = CARTESIAN_POINT('',(-63.81,6.055405845398,5.828299064211));
#513 = LINE('',#514,#515);
#514 = CARTESIAN_POINT('',(-63.81,7.01,6.782893218813));
#515 = VECTOR('',#516,1.);
#516 = DIRECTION('',(0.,-0.707106781187,-0.707106781187));
#517 = ORIENTED_EDGE('',*,*,#518,.F.);
#518 = EDGE_CURVE('',#519,#511,#521,.T.);
#519 = VERTEX_POINT('',#520);
#520 = CARTESIAN_POINT('',(-63.81,5.348299064212,6.535405845398));
#521 = LINE('',#522,#523);
#522 = CARTESIAN_POINT('',(-63.81,5.348299064212,6.535405845398));
#523 = VECTOR('',#524,1.);
#524 = DIRECTION('',(-0.,0.707106781187,-0.707106781187));
#525 = ORIENTED_EDGE('',*,*,#526,.F.);
#526 = EDGE_CURVE('',#527,#519,#529,.T.);
#527 = VERTEX_POINT('',#528);
#528 = CARTESIAN_POINT('',(-63.81,6.302893218814,7.49));
#529 = LINE('',#530,#531);
#530 = CARTESIAN_POINT('',(-63.81,6.302893218814,7.49));
#531 = VECTOR('',#532,1.);
#532 = DIRECTION('',(0.,-0.707106781187,-0.707106781187));
#533 = ORIENTED_EDGE('',*,*,#534,.T.);
#534 = EDGE_CURVE('',#527,#535,#537,.T.);
#535 = VERTEX_POINT('',#536);
#536 = CARTESIAN_POINT('',(-63.81,5.348299064212,8.444594154602));
#537 = LINE('',#538,#539);
#538 = CARTESIAN_POINT('',(-63.81,6.302893218814,7.49));
#539 = VECTOR('',#540,1.);
#540 = DIRECTION('',(0.,-0.707106781187,0.707106781187));
#541 = ORIENTED_EDGE('',*,*,#542,.F.);
#542 = EDGE_CURVE('',#543,#535,#545,.T.);
#543 = VERTEX_POINT('',#544);
#544 = CARTESIAN_POINT('',(-63.81,6.055405845398,9.151700935788));
#545 = LINE('',#546,#547);
#546 = CARTESIAN_POINT('',(-63.81,6.055405845398,9.151700935788));
#547 = VECTOR('',#548,1.);
#548 = DIRECTION('',(0.,-0.707106781187,-0.707106781187));
#549 = ORIENTED_EDGE('',*,*,#550,.F.);
#550 = EDGE_CURVE('',#551,#543,#553,.T.);
#551 = VERTEX_POINT('',#552);
#552 = CARTESIAN_POINT('',(-63.81,7.01,8.197106781186));
#553 = LINE('',#554,#555);
#554 = CARTESIAN_POINT('',(-63.81,7.01,8.197106781186));
#555 = VECTOR('',#556,1.);
#556 = DIRECTION('',(0.,-0.707106781187,0.707106781187));
#557 = ORIENTED_EDGE('',*,*,#558,.F.);
#558 = EDGE_CURVE('',#471,#551,#559,.T.);
#559 = LINE('',#560,#561);
#560 = CARTESIAN_POINT('',(-63.81,7.964594154602,9.151700935788));
#561 = VECTOR('',#562,1.);
#562 = DIRECTION('',(0.,-0.707106781187,-0.707106781187));
#563 = PLANE('',#564);
#564 = AXIS2_PLACEMENT_3D('',#565,#566,#567);
#565 = CARTESIAN_POINT('',(-63.81,0.507427184833,7.497683131549));
#566 = DIRECTION('',(1.,0.,0.));
#567 = DIRECTION('',(0.,0.,1.));
#568 = ADVANCED_FACE('',(#569),#575,.T.);
#569 = FACE_BOUND('',#570,.T.);
#570 = EDGE_LOOP('',(#571,#572,#573,#574));
#571 = ORIENTED_EDGE('',*,*,#246,.F.);
#572 = ORIENTED_EDGE('',*,*,#321,.T.);
#573 = ORIENTED_EDGE('',*,*,#189,.F.);
#574 = ORIENTED_EDGE('',*,*,#221,.F.);
#575 = PLANE('',#576);
#576 = AXIS2_PLACEMENT_3D('',#577,#578,#579);
#577 = CARTESIAN_POINT('',(-60.06,2.43,8.24));
#578 = DIRECTION('',(0.,-1.,0.));
#579 = DIRECTION('',(0.,0.,-1.));
#580 = ADVANCED_FACE('',(#581),#587,.F.);
#581 = FACE_BOUND('',#582,.F.);
#582 = EDGE_LOOP('',(#583,#584,#585,#586));
#583 = ORIENTED_EDGE('',*,*,#285,.F.);
#584 = ORIENTED_EDGE('',*,*,#393,.T.);
#585 = ORIENTED_EDGE('',*,*,#424,.F.);
#586 = ORIENTED_EDGE('',*,*,#449,.F.);
#587 = PLANE('',#588);
#588 = AXIS2_PLACEMENT_3D('',#589,#590,#591);
#589 = CARTESIAN_POINT('',(-60.06,9.718218971944,11.258879143724));
#590 = DIRECTION('',(0.,-0.707106781187,-0.707106781187));
#591 = DIRECTION('',(0.,0.707106781187,-0.707106781187));
#592 = ADVANCED_FACE('',(#593),#599,.T.);
#593 = FACE_BOUND('',#594,.T.);
#594 = EDGE_LOOP('',(#595,#596,#597,#598));
#595 = ORIENTED_EDGE('',*,*,#262,.F.);
#596 = ORIENTED_EDGE('',*,*,#345,.T.);
#597 = ORIENTED_EDGE('',*,*,#360,.F.);
#598 = ORIENTED_EDGE('',*,*,#408,.F.);
#599 = PLANE('',#600);
#600 = AXIS2_PLACEMENT_3D('',#601,#602,#603);
#601 = CARTESIAN_POINT('',(-60.06,6.26,2.91));
#602 = DIRECTION('',(0.,0.,-1.));
#603 = DIRECTION('',(0.,1.,0.));
#604 = ADVANCED_FACE('',(#605),#624,.F.);
#605 = FACE_BOUND('',#606,.F.);
#606 = EDGE_LOOP('',(#607,#615,#622,#623));
#607 = ORIENTED_EDGE('',*,*,#608,.T.);
#608 = EDGE_CURVE('',#302,#609,#611,.T.);
#609 = VERTEX_POINT('',#610);
#610 = CARTESIAN_POINT('',(-61.86,8.135,7.49));
#611 = LINE('',#612,#613);
#612 = CARTESIAN_POINT('',(-60.06,8.135,7.49));
#613 = VECTOR('',#614,1.);
#614 = DIRECTION('',(-1.,-0.,-0.));
#615 = ORIENTED_EDGE('',*,*,#616,.T.);
#616 = EDGE_CURVE('',#609,#609,#617,.T.);
#617 = CIRCLE('',#618,1.125);
#618 = AXIS2_PLACEMENT_3D('',#619,#620,#621);
#619 = CARTESIAN_POINT('',(-61.86,7.01,7.49));
#620 = DIRECTION('',(1.,0.,0.));
#621 = DIRECTION('',(0.,1.,0.));
#622 = ORIENTED_EDGE('',*,*,#608,.F.);
#623 = ORIENTED_EDGE('',*,*,#301,.F.);
#624 = CYLINDRICAL_SURFACE('',#625,1.125);
#625 = AXIS2_PLACEMENT_3D('',#626,#627,#628);
#626 = CARTESIAN_POINT('',(-60.06,7.01,7.49));
#627 = DIRECTION('',(1.,0.,0.));
#628 = DIRECTION('',(0.,1.,0.));
#629 = ADVANCED_FACE('',(#630),#655,.T.);
#630 = FACE_BOUND('',#631,.T.);
#631 = EDGE_LOOP('',(#632,#640,#648,#654));
#632 = ORIENTED_EDGE('',*,*,#633,.T.);
#633 = EDGE_CURVE('',#469,#634,#636,.T.);
#634 = VERTEX_POINT('',#635);
#635 = CARTESIAN_POINT('',(-63.31,8.671700935789,8.444594154602));
#636 = LINE('',#637,#638);
#637 = CARTESIAN_POINT('',(-63.81,8.671700935789,8.444594154602));
#638 = VECTOR('',#639,1.);
#639 = DIRECTION('',(1.,0.,0.));
#640 = ORIENTED_EDGE('',*,*,#641,.T.);
#641 = EDGE_CURVE('',#634,#642,#644,.T.);
#642 = VERTEX_POINT('',#643);
#643 = CARTESIAN_POINT('',(-63.31,7.964594154602,9.151700935788));
#644 = LINE('',#645,#646);
#645 = CARTESIAN_POINT('',(-63.31,8.671700935789,8.444594154602));
#646 = VECTOR('',#647,1.);
#647 = DIRECTION('',(0.,-0.707106781187,0.707106781187));
#648 = ORIENTED_EDGE('',*,*,#649,.F.);
#649 = EDGE_CURVE('',#471,#642,#650,.T.);
#650 = LINE('',#651,#652);
#651 = CARTESIAN_POINT('',(-63.81,7.964594154602,9.151700935788));
#652 = VECTOR('',#653,1.);
#653 = DIRECTION('',(1.,0.,0.));
#654 = ORIENTED_EDGE('',*,*,#468,.F.);
#655 = PLANE('',#656);
#656 = AXIS2_PLACEMENT_3D('',#657,#658,#659);
#657 = CARTESIAN_POINT('',(-63.81,8.671700935789,8.444594154602));
#658 = DIRECTION('',(0.,-0.707106781187,-0.707106781187));
#659 = DIRECTION('',(0.,-0.707106781187,0.707106781187));
#660 = ADVANCED_FACE('',(#661),#679,.T.);
#661 = FACE_BOUND('',#662,.T.);
#662 = EDGE_LOOP('',(#663,#664,#672,#678));
#663 = ORIENTED_EDGE('',*,*,#649,.T.);
#664 = ORIENTED_EDGE('',*,*,#665,.T.);
#665 = EDGE_CURVE('',#642,#666,#668,.T.);
#666 = VERTEX_POINT('',#667);
#667 = CARTESIAN_POINT('',(-63.31,7.01,8.197106781186));
#668 = LINE('',#669,#670);
#669 = CARTESIAN_POINT('',(-63.31,7.964594154602,9.151700935788));
#670 = VECTOR('',#671,1.);
#671 = DIRECTION('',(0.,-0.707106781187,-0.707106781187));
#672 = ORIENTED_EDGE('',*,*,#673,.F.);
#673 = EDGE_CURVE('',#551,#666,#674,.T.);
#674 = LINE('',#675,#676);
#675 = CARTESIAN_POINT('',(-63.81,7.01,8.197106781186));
#676 = VECTOR('',#677,1.);
#677 = DIRECTION('',(1.,0.,0.));
#678 = ORIENTED_EDGE('',*,*,#558,.F.);
#679 = PLANE('',#680);
#680 = AXIS2_PLACEMENT_3D('',#681,#682,#683);
#681 = CARTESIAN_POINT('',(-63.81,7.964594154602,9.151700935788));
#682 = DIRECTION('',(0.,0.707106781187,-0.707106781187));
#683 = DIRECTION('',(0.,-0.707106781187,-0.707106781187));
#684 = ADVANCED_FACE('',(#685),#703,.T.);
#685 = FACE_BOUND('',#686,.T.);
#686 = EDGE_LOOP('',(#687,#688,#696,#702));
#687 = ORIENTED_EDGE('',*,*,#673,.T.);
#688 = ORIENTED_EDGE('',*,*,#689,.T.);
#689 = EDGE_CURVE('',#666,#690,#692,.T.);
#690 = VERTEX_POINT('',#691);
#691 = CARTESIAN_POINT('',(-63.31,6.055405845398,9.151700935788));
#692 = LINE('',#693,#694);
#693 = CARTESIAN_POINT('',(-63.31,7.01,8.197106781186));
#694 = VECTOR('',#695,1.);
#695 = DIRECTION('',(0.,-0.707106781187,0.707106781187));
#696 = ORIENTED_EDGE('',*,*,#697,.F.);
#697 = EDGE_CURVE('',#543,#690,#698,.T.);
#698 = LINE('',#699,#700);
#699 = CARTESIAN_POINT('',(-63.81,6.055405845398,9.151700935788));
#700 = VECTOR('',#701,1.);
#701 = DIRECTION('',(1.,0.,0.));
#702 = ORIENTED_EDGE('',*,*,#550,.F.);
#703 = PLANE('',#704);
#704 = AXIS2_PLACEMENT_3D('',#705,#706,#707);
#705 = CARTESIAN_POINT('',(-63.81,7.01,8.197106781186));
#706 = DIRECTION('',(0.,-0.707106781187,-0.707106781187));
#707 = DIRECTION('',(0.,-0.707106781187,0.707106781187));
#708 = ADVANCED_FACE('',(#709),#727,.T.);
#709 = FACE_BOUND('',#710,.T.);
#710 = EDGE_LOOP('',(#711,#712,#720,#726));
#711 = ORIENTED_EDGE('',*,*,#697,.T.);
#712 = ORIENTED_EDGE('',*,*,#713,.T.);
#713 = EDGE_CURVE('',#690,#714,#716,.T.);
#714 = VERTEX_POINT('',#715);
#715 = CARTESIAN_POINT('',(-63.31,5.348299064212,8.444594154602));
#716 = LINE('',#717,#718);
#717 = CARTESIAN_POINT('',(-63.31,6.055405845398,9.151700935788));
#718 = VECTOR('',#719,1.);
#719 = DIRECTION('',(0.,-0.707106781187,-0.707106781187));
#720 = ORIENTED_EDGE('',*,*,#721,.F.);
#721 = EDGE_CURVE('',#535,#714,#722,.T.);
#722 = LINE('',#723,#724);
#723 = CARTESIAN_POINT('',(-63.81,5.348299064212,8.444594154602));
#724 = VECTOR('',#725,1.);
#725 = DIRECTION('',(1.,0.,0.));
#726 = ORIENTED_EDGE('',*,*,#542,.F.);
#727 = PLANE('',#728);
#728 = AXIS2_PLACEMENT_3D('',#729,#730,#731);
#729 = CARTESIAN_POINT('',(-63.81,6.055405845398,9.151700935788));
#730 = DIRECTION('',(0.,0.707106781187,-0.707106781187));
#731 = DIRECTION('',(0.,-0.707106781187,-0.707106781187));
#732 = ADVANCED_FACE('',(#733),#751,.F.);
#733 = FACE_BOUND('',#734,.F.);
#734 = EDGE_LOOP('',(#735,#743,#749,#750));
#735 = ORIENTED_EDGE('',*,*,#736,.T.);
#736 = EDGE_CURVE('',#527,#737,#739,.T.);
#737 = VERTEX_POINT('',#738);
#738 = CARTESIAN_POINT('',(-63.31,6.302893218814,7.49));
#739 = LINE('',#740,#741);
#740 = CARTESIAN_POINT('',(-63.81,6.302893218814,7.49));
#741 = VECTOR('',#742,1.);
#742 = DIRECTION('',(1.,0.,0.));
#743 = ORIENTED_EDGE('',*,*,#744,.T.);
#744 = EDGE_CURVE('',#737,#714,#745,.T.);
#745 = LINE('',#746,#747);
#746 = CARTESIAN_POINT('',(-63.31,6.302893218814,7.49));
#747 = VECTOR('',#748,1.);
#748 = DIRECTION('',(0.,-0.707106781187,0.707106781187));
#749 = ORIENTED_EDGE('',*,*,#721,.F.);
#750 = ORIENTED_EDGE('',*,*,#534,.F.);
#751 = PLANE('',#752);
#752 = AXIS2_PLACEMENT_3D('',#753,#754,#755);
#753 = CARTESIAN_POINT('',(-63.81,6.302893218814,7.49));
#754 = DIRECTION('',(0.,-0.707106781187,-0.707106781187));
#755 = DIRECTION('',(0.,-0.707106781187,0.707106781187));
#756 = ADVANCED_FACE('',(#757),#775,.T.);
#757 = FACE_BOUND('',#758,.T.);
#758 = EDGE_LOOP('',(#759,#760,#768,#774));
#759 = ORIENTED_EDGE('',*,*,#736,.T.);
#760 = ORIENTED_EDGE('',*,*,#761,.T.);
#761 = EDGE_CURVE('',#737,#762,#764,.T.);
#762 = VERTEX_POINT('',#763);
#763 = CARTESIAN_POINT('',(-63.31,5.348299064212,6.535405845398));
#764 = LINE('',#765,#766);
#765 = CARTESIAN_POINT('',(-63.31,6.302893218814,7.49));
#766 = VECTOR('',#767,1.);
#767 = DIRECTION('',(0.,-0.707106781187,-0.707106781187));
#768 = ORIENTED_EDGE('',*,*,#769,.F.);
#769 = EDGE_CURVE('',#519,#762,#770,.T.);
#770 = LINE('',#771,#772);
#771 = CARTESIAN_POINT('',(-63.81,5.348299064212,6.535405845398));
#772 = VECTOR('',#773,1.);
#773 = DIRECTION('',(1.,0.,0.));
#774 = ORIENTED_EDGE('',*,*,#526,.F.);
#775 = PLANE('',#776);
#776 = AXIS2_PLACEMENT_3D('',#777,#778,#779);
#777 = CARTESIAN_POINT('',(-63.81,6.302893218814,7.49));
#778 = DIRECTION('',(0.,0.707106781187,-0.707106781187));
#779 = DIRECTION('',(0.,-0.707106781187,-0.707106781187));
#780 = ADVANCED_FACE('',(#781),#799,.T.);
#781 = FACE_BOUND('',#782,.T.);
#782 = EDGE_LOOP('',(#783,#784,#792,#798));
#783 = ORIENTED_EDGE('',*,*,#769,.T.);
#784 = ORIENTED_EDGE('',*,*,#785,.T.);
#785 = EDGE_CURVE('',#762,#786,#788,.T.);
#786 = VERTEX_POINT('',#787);
#787 = CARTESIAN_POINT('',(-63.31,6.055405845398,5.828299064211));
#788 = LINE('',#789,#790);
#789 = CARTESIAN_POINT('',(-63.31,5.348299064212,6.535405845398));
#790 = VECTOR('',#791,1.);
#791 = DIRECTION('',(-0.,0.707106781187,-0.707106781187));
#792 = ORIENTED_EDGE('',*,*,#793,.F.);
#793 = EDGE_CURVE('',#511,#786,#794,.T.);
#794 = LINE('',#795,#796);
#795 = CARTESIAN_POINT('',(-63.81,6.055405845398,5.828299064211));
#796 = VECTOR('',#797,1.);
#797 = DIRECTION('',(1.,0.,0.));
#798 = ORIENTED_EDGE('',*,*,#518,.F.);
#799 = PLANE('',#800);
#800 = AXIS2_PLACEMENT_3D('',#801,#802,#803);
#801 = CARTESIAN_POINT('',(-63.81,5.348299064212,6.535405845398));
#802 = DIRECTION('',(0.,0.707106781187,0.707106781187));
#803 = DIRECTION('',(0.,0.707106781187,-0.707106781187));
#804 = ADVANCED_FACE('',(#805),#823,.F.);
#805 = FACE_BOUND('',#806,.F.);
#806 = EDGE_LOOP('',(#807,#815,#821,#822));
#807 = ORIENTED_EDGE('',*,*,#808,.T.);
#808 = EDGE_CURVE('',#503,#809,#811,.T.);
#809 = VERTEX_POINT('',#810);
#810 = CARTESIAN_POINT('',(-63.31,7.01,6.782893218813));
#811 = LINE('',#812,#813);
#812 = CARTESIAN_POINT('',(-63.81,7.01,6.782893218813));
#813 = VECTOR('',#814,1.);
#814 = DIRECTION('',(1.,0.,0.));
#815 = ORIENTED_EDGE('',*,*,#816,.T.);
#816 = EDGE_CURVE('',#809,#786,#817,.T.);
#817 = LINE('',#818,#819);
#818 = CARTESIAN_POINT('',(-63.31,7.01,6.782893218813));
#819 = VECTOR('',#820,1.);
#820 = DIRECTION('',(0.,-0.707106781187,-0.707106781187));
#821 = ORIENTED_EDGE('',*,*,#793,.F.);
#822 = ORIENTED_EDGE('',*,*,#510,.F.);
#823 = PLANE('',#824);
#824 = AXIS2_PLACEMENT_3D('',#825,#826,#827);
#825 = CARTESIAN_POINT('',(-63.81,7.01,6.782893218813));
#826 = DIRECTION('',(0.,0.707106781187,-0.707106781187));
#827 = DIRECTION('',(0.,-0.707106781187,-0.707106781187));
#828 = ADVANCED_FACE('',(#829),#847,.F.);
#829 = FACE_BOUND('',#830,.F.);
#830 = EDGE_LOOP('',(#831,#839,#845,#846));
#831 = ORIENTED_EDGE('',*,*,#832,.T.);
#832 = EDGE_CURVE('',#495,#833,#835,.T.);
#833 = VERTEX_POINT('',#834);
#834 = CARTESIAN_POINT('',(-63.31,7.964594154602,5.828299064211));
#835 = LINE('',#836,#837);
#836 = CARTESIAN_POINT('',(-63.81,7.964594154602,5.828299064211));
#837 = VECTOR('',#838,1.);
#838 = DIRECTION('',(1.,0.,0.));
#839 = ORIENTED_EDGE('',*,*,#840,.T.);
#840 = EDGE_CURVE('',#833,#809,#841,.T.);
#841 = LINE('',#842,#843);
#842 = CARTESIAN_POINT('',(-63.31,7.964594154602,5.828299064211));
#843 = VECTOR('',#844,1.);
#844 = DIRECTION('',(0.,-0.707106781187,0.707106781187));
#845 = ORIENTED_EDGE('',*,*,#808,.F.);
#846 = ORIENTED_EDGE('',*,*,#502,.F.);
#847 = PLANE('',#848);
#848 = AXIS2_PLACEMENT_3D('',#849,#850,#851);
#849 = CARTESIAN_POINT('',(-63.81,7.964594154602,5.828299064211));
#850 = DIRECTION('',(0.,-0.707106781187,-0.707106781187));
#851 = DIRECTION('',(0.,-0.707106781187,0.707106781187));
#852 = ADVANCED_FACE('',(#853),#871,.T.);
#853 = FACE_BOUND('',#854,.T.);
#854 = EDGE_LOOP('',(#855,#856,#864,#870));
#855 = ORIENTED_EDGE('',*,*,#832,.T.);
#856 = ORIENTED_EDGE('',*,*,#857,.T.);
#857 = EDGE_CURVE('',#833,#858,#860,.T.);
#858 = VERTEX_POINT('',#859);
#859 = CARTESIAN_POINT('',(-63.31,8.671700935789,6.535405845398));
#860 = LINE('',#861,#862);
#861 = CARTESIAN_POINT('',(-63.31,7.964594154602,5.828299064211));
#862 = VECTOR('',#863,1.);
#863 = DIRECTION('',(0.,0.707106781187,0.707106781187));
#864 = ORIENTED_EDGE('',*,*,#865,.F.);
#865 = EDGE_CURVE('',#487,#858,#866,.T.);
#866 = LINE('',#867,#868);
#867 = CARTESIAN_POINT('',(-63.81,8.671700935789,6.535405845398));
#868 = VECTOR('',#869,1.);
#869 = DIRECTION('',(1.,0.,0.));
#870 = ORIENTED_EDGE('',*,*,#494,.F.);
#871 = PLANE('',#872);
#872 = AXIS2_PLACEMENT_3D('',#873,#874,#875);
#873 = CARTESIAN_POINT('',(-63.81,7.964594154602,5.828299064211));
#874 = DIRECTION('',(0.,-0.707106781187,0.707106781187));
#875 = DIRECTION('',(0.,0.707106781187,0.707106781187));
#876 = ADVANCED_FACE('',(#877),#895,.T.);
#877 = FACE_BOUND('',#878,.T.);
#878 = EDGE_LOOP('',(#879,#880,#888,#894));
#879 = ORIENTED_EDGE('',*,*,#865,.T.);
#880 = ORIENTED_EDGE('',*,*,#881,.T.);
#881 = EDGE_CURVE('',#858,#882,#884,.T.);
#882 = VERTEX_POINT('',#883);
#883 = CARTESIAN_POINT('',(-63.31,7.717106781187,7.49));
#884 = LINE('',#885,#886);
#885 = CARTESIAN_POINT('',(-63.31,8.671700935789,6.535405845398));
#886 = VECTOR('',#887,1.);
#887 = DIRECTION('',(0.,-0.707106781187,0.707106781187));
#888 = ORIENTED_EDGE('',*,*,#889,.F.);
#889 = EDGE_CURVE('',#479,#882,#890,.T.);
#890 = LINE('',#891,#892);
#891 = CARTESIAN_POINT('',(-63.81,7.717106781187,7.49));
#892 = VECTOR('',#893,1.);
#893 = DIRECTION('',(1.,0.,0.));
#894 = ORIENTED_EDGE('',*,*,#486,.F.);
#895 = PLANE('',#896);
#896 = AXIS2_PLACEMENT_3D('',#897,#898,#899);
#897 = CARTESIAN_POINT('',(-63.81,8.671700935789,6.535405845398));
#898 = DIRECTION('',(0.,-0.707106781187,-0.707106781187));
#899 = DIRECTION('',(0.,-0.707106781187,0.707106781187));
#900 = ADVANCED_FACE('',(#901),#912,.F.);
#901 = FACE_BOUND('',#902,.F.);
#902 = EDGE_LOOP('',(#903,#904,#910,#911));
#903 = ORIENTED_EDGE('',*,*,#633,.T.);
#904 = ORIENTED_EDGE('',*,*,#905,.T.);
#905 = EDGE_CURVE('',#634,#882,#906,.T.);
#906 = LINE('',#907,#908);
#907 = CARTESIAN_POINT('',(-63.31,8.671700935789,8.444594154602));
#908 = VECTOR('',#909,1.);
#909 = DIRECTION('',(0.,-0.707106781187,-0.707106781187));
#910 = ORIENTED_EDGE('',*,*,#889,.F.);
#911 = ORIENTED_EDGE('',*,*,#478,.F.);
#912 = PLANE('',#913);
#913 = AXIS2_PLACEMENT_3D('',#914,#915,#916);
#914 = CARTESIAN_POINT('',(-63.81,8.671700935789,8.444594154602));
#915 = DIRECTION('',(0.,0.707106781187,-0.707106781187));
#916 = DIRECTION('',(0.,-0.707106781187,-0.707106781187));
#917 = ADVANCED_FACE('',(#918),#921,.T.);
#918 = FACE_BOUND('',#919,.T.);
#919 = EDGE_LOOP('',(#920));
#920 = ORIENTED_EDGE('',*,*,#616,.T.);
#921 = PLANE('',#922);
#922 = AXIS2_PLACEMENT_3D('',#923,#924,#925);
#923 = CARTESIAN_POINT('',(-61.86,0.509212733996,7.490007615577));
#924 = DIRECTION('',(1.,0.,0.));
#925 = DIRECTION('',(0.,0.,1.));
#926 = ADVANCED_FACE('',(#927),#941,.F.);
#927 = FACE_BOUND('',#928,.T.);
#928 = EDGE_LOOP('',(#929,#930,#931,#932,#933,#934,#935,#936,#937,#938,
    #939,#940));
#929 = ORIENTED_EDGE('',*,*,#641,.F.);
#930 = ORIENTED_EDGE('',*,*,#905,.T.);
#931 = ORIENTED_EDGE('',*,*,#881,.F.);
#932 = ORIENTED_EDGE('',*,*,#857,.F.);
#933 = ORIENTED_EDGE('',*,*,#840,.T.);
#934 = ORIENTED_EDGE('',*,*,#816,.T.);
#935 = ORIENTED_EDGE('',*,*,#785,.F.);
#936 = ORIENTED_EDGE('',*,*,#761,.F.);
#937 = ORIENTED_EDGE('',*,*,#744,.T.);
#938 = ORIENTED_EDGE('',*,*,#713,.F.);
#939 = ORIENTED_EDGE('',*,*,#689,.F.);
#940 = ORIENTED_EDGE('',*,*,#665,.F.);
#941 = PLANE('',#942);
#942 = AXIS2_PLACEMENT_3D('',#943,#944,#945);
#943 = CARTESIAN_POINT('',(-63.31,0.976660316306,7.458915936585));
#944 = DIRECTION('',(1.,0.,0.));
#945 = DIRECTION('',(0.,0.,1.));
#946 = MANIFOLD_SOLID_BREP('',#947);
#947 = CLOSED_SHELL('',(#948,#1033,#1066,#1092,#1118,#1143,#1168,#1186,
    #1217,#1241,#1258,#1321,#1346,#1371,#1427,#1483,#1501,#1512,#1606,
    #1630,#1654,#1671,#1695,#1719,#1736,#1760,#1784,#1801,#1813,#1825,
    #1837,#1862));
#948 = ADVANCED_FACE('',(#949,#1002),#1028,.F.);
#949 = FACE_BOUND('',#950,.F.);
#950 = EDGE_LOOP('',(#951,#961,#970,#978,#987,#995));
#951 = ORIENTED_EDGE('',*,*,#952,.F.);
#952 = EDGE_CURVE('',#953,#955,#957,.T.);
#953 = VERTEX_POINT('',#954);
#954 = CARTESIAN_POINT('',(-63.81,1.064852469708,15.849008083289));
#955 = VERTEX_POINT('',#956);
#956 = CARTESIAN_POINT('',(-63.81,3.72340241415,12.867872039152));
#957 = LINE('',#958,#959);
#958 = CARTESIAN_POINT('',(-63.81,1.064852469708,15.849008083289));
#959 = VECTOR('',#960,1.);
#960 = DIRECTION('',(0.,0.665572858913,-0.746332881145));
#961 = ORIENTED_EDGE('',*,*,#962,.F.);
#962 = EDGE_CURVE('',#963,#953,#965,.T.);
#963 = VERTEX_POINT('',#964);
#964 = CARTESIAN_POINT('',(-63.81,-4.974574380306E-02,15.850567941695));
#965 = CIRCLE('',#966,0.750002759398);
#966 = AXIS2_PLACEMENT_3D('',#967,#968,#969);
#967 = CARTESIAN_POINT('',(-63.81,0.506850935983,15.34786819577));
#968 = DIRECTION('',(-1.,0.,0.));
#969 = DIRECTION('',(0.,-0.743062523082,0.669222001126));
#970 = ORIENTED_EDGE('',*,*,#971,.F.);
#971 = EDGE_CURVE('',#972,#963,#974,.T.);
#972 = VERTEX_POINT('',#973);
#973 = CARTESIAN_POINT('',(-63.81,-2.720153427246,12.872961127026));
#974 = LINE('',#975,#976);
#975 = CARTESIAN_POINT('',(-63.81,-2.71882673998,12.874434549208));
#976 = VECTOR('',#977,1.);
#977 = DIRECTION('',(0.,0.667659204264,0.744467048943));
#978 = ORIENTED_EDGE('',*,*,#979,.F.);
#979 = EDGE_CURVE('',#980,#972,#982,.T.);
#980 = VERTEX_POINT('',#981);
#981 = CARTESIAN_POINT('',(-63.81,-2.175767968132,11.62004764404));
#982 = CIRCLE('',#983,0.750009827757);
#983 = AXIS2_PLACEMENT_3D('',#984,#985,#986);
#984 = CARTESIAN_POINT('',(-63.81,-2.163785881074,12.37));
#985 = DIRECTION('',(-1.,-0.,0.));
#986 = DIRECTION('',(0.,-9.589164261116E-03,-0.999954022907));
#987 = ORIENTED_EDGE('',*,*,#988,.F.);
#988 = EDGE_CURVE('',#989,#980,#991,.T.);
#989 = VERTEX_POINT('',#990);
#990 = CARTESIAN_POINT('',(-63.81,3.163531199518,11.619999499541));
#991 = LINE('',#992,#993);
#992 = CARTESIAN_POINT('',(-63.81,3.164232031868,11.619999984452));
#993 = VECTOR('',#994,1.);
#994 = DIRECTION('',(0.,-0.99999999996,8.925016487468E-06));
#995 = ORIENTED_EDGE('',*,*,#996,.F.);
#996 = EDGE_CURVE('',#955,#989,#997,.T.);
#997 = CIRCLE('',#998,0.750001227857);
#998 = AXIS2_PLACEMENT_3D('',#999,#1000,#1001);
#999 = CARTESIAN_POINT('',(-63.81,3.162486643045,12.37));
#1000 = DIRECTION('',(-1.,0.,0.));
#1001 = DIRECTION('',(0.,0.747265035315,0.664526122132));
#1002 = FACE_BOUND('',#1003,.F.);
#1003 = EDGE_LOOP('',(#1004,#1014,#1022));
#1004 = ORIENTED_EDGE('',*,*,#1005,.F.);
#1005 = EDGE_CURVE('',#1006,#1008,#1010,.T.);
#1006 = VERTEX_POINT('',#1007);
#1007 = CARTESIAN_POINT('',(-63.81,2.604563309506,12.620004979545));
#1008 = VERTEX_POINT('',#1009);
#1009 = CARTESIAN_POINT('',(-63.81,0.50632609198,14.972840445884));
#1010 = LINE('',#1011,#1012);
#1011 = CARTESIAN_POINT('',(-63.81,2.604563309506,12.620004979545));
#1012 = VECTOR('',#1013,1.);
#1013 = DIRECTION('',(0.,-0.665572858913,0.746332881145));
#1014 = ORIENTED_EDGE('',*,*,#1015,.T.);
#1015 = EDGE_CURVE('',#1006,#1016,#1018,.T.);
#1016 = VERTEX_POINT('',#1017);
#1017 = CARTESIAN_POINT('',(-63.81,-1.60372992834,12.620042538631));
#1018 = LINE('',#1019,#1020);
#1019 = CARTESIAN_POINT('',(-63.81,2.604563309506,12.620004979545));
#1020 = VECTOR('',#1021,1.);
#1021 = DIRECTION('',(0.,-0.99999999996,8.925016487253E-06));
#1022 = ORIENTED_EDGE('',*,*,#1023,.F.);
#1023 = EDGE_CURVE('',#1008,#1016,#1024,.T.);
#1024 = LINE('',#1025,#1026);
#1025 = CARTESIAN_POINT('',(-63.81,0.50632609198,14.972840445884));
#1026 = VECTOR('',#1027,1.);
#1027 = DIRECTION('',(0.,-0.667659204264,-0.744467048943));
#1028 = PLANE('',#1029);
#1029 = AXIS2_PLACEMENT_3D('',#1030,#1031,#1032);
#1030 = CARTESIAN_POINT('',(-63.81,0.507427184833,7.497683131549));
#1031 = DIRECTION('',(1.,0.,0.));
#1032 = DIRECTION('',(0.,0.,1.));
#1033 = ADVANCED_FACE('',(#1034),#1061,.T.);
#1034 = FACE_BOUND('',#1035,.T.);
#1035 = EDGE_LOOP('',(#1036,#1045,#1053,#1060));
#1036 = ORIENTED_EDGE('',*,*,#1037,.T.);
#1037 = EDGE_CURVE('',#953,#1038,#1040,.T.);
#1038 = VERTEX_POINT('',#1039);
#1039 = CARTESIAN_POINT('',(-63.31,1.438018910281,16.181794512746));
#1040 = CIRCLE('',#1041,0.5);
#1041 = AXIS2_PLACEMENT_3D('',#1042,#1043,#1044);
#1042 = CARTESIAN_POINT('',(-63.31,1.064852469708,15.849008083289));
#1043 = DIRECTION('',(0.,0.665572858913,-0.746332881145));
#1044 = DIRECTION('',(-1.,0.,0.));
#1045 = ORIENTED_EDGE('',*,*,#1046,.T.);
#1046 = EDGE_CURVE('',#1038,#1047,#1049,.T.);
#1047 = VERTEX_POINT('',#1048);
#1048 = CARTESIAN_POINT('',(-63.31,4.096568854723,13.200658468608));
#1049 = LINE('',#1050,#1051);
#1050 = CARTESIAN_POINT('',(-63.31,1.438018910281,16.181794512746));
#1051 = VECTOR('',#1052,1.);
#1052 = DIRECTION('',(0.,0.665572858913,-0.746332881145));
#1053 = ORIENTED_EDGE('',*,*,#1054,.F.);
#1054 = EDGE_CURVE('',#955,#1047,#1055,.T.);
#1055 = CIRCLE('',#1056,0.5);
#1056 = AXIS2_PLACEMENT_3D('',#1057,#1058,#1059);
#1057 = CARTESIAN_POINT('',(-63.31,3.72340241415,12.867872039152));
#1058 = DIRECTION('',(0.,0.665572858913,-0.746332881145));
#1059 = DIRECTION('',(-1.,0.,0.));
#1060 = ORIENTED_EDGE('',*,*,#952,.F.);
#1061 = CYLINDRICAL_SURFACE('',#1062,0.5);
#1062 = AXIS2_PLACEMENT_3D('',#1063,#1064,#1065);
#1063 = CARTESIAN_POINT('',(-63.31,1.064852469708,15.849008083289));
#1064 = DIRECTION('',(0.,0.665572858913,-0.746332881145));
#1065 = DIRECTION('',(-1.,0.,0.));
#1066 = ADVANCED_FACE('',(#1067),#1087,.T.);
#1067 = FACE_BOUND('',#1068,.F.);
#1068 = EDGE_LOOP('',(#1069,#1078,#1079,#1080));
#1069 = ORIENTED_EDGE('',*,*,#1070,.F.);
#1070 = EDGE_CURVE('',#963,#1071,#1073,.T.);
#1071 = VERTEX_POINT('',#1072);
#1072 = CARTESIAN_POINT('',(-63.31,-0.421979268274,16.184397543828));
#1073 = CIRCLE('',#1074,0.5);
#1074 = AXIS2_PLACEMENT_3D('',#1075,#1076,#1077);
#1075 = CARTESIAN_POINT('',(-63.31,-4.974574380306E-02,15.850567941695)
  );
#1076 = DIRECTION('',(0.,0.667659204264,0.744467048943));
#1077 = DIRECTION('',(-1.,0.,0.));
#1078 = ORIENTED_EDGE('',*,*,#962,.T.);
#1079 = ORIENTED_EDGE('',*,*,#1037,.T.);
#1080 = ORIENTED_EDGE('',*,*,#1081,.F.);
#1081 = EDGE_CURVE('',#1071,#1038,#1082,.T.);
#1082 = CIRCLE('',#1083,1.250002759398);
#1083 = AXIS2_PLACEMENT_3D('',#1084,#1085,#1086);
#1084 = CARTESIAN_POINT('',(-63.31,0.506850935983,15.34786819577));
#1085 = DIRECTION('',(-1.,0.,0.));
#1086 = DIRECTION('',(0.,-0.743062523082,0.669222001126));
#1087 = TOROIDAL_SURFACE('',#1088,0.750002759398,0.5);
#1088 = AXIS2_PLACEMENT_3D('',#1089,#1090,#1091);
#1089 = CARTESIAN_POINT('',(-63.31,0.506850935983,15.34786819577));
#1090 = DIRECTION('',(1.,0.,0.));
#1091 = DIRECTION('',(0.,-0.743062523082,0.669222001126));
#1092 = ADVANCED_FACE('',(#1093),#1113,.T.);
#1093 = FACE_BOUND('',#1094,.F.);
#1094 = EDGE_LOOP('',(#1095,#1096,#1097,#1106));
#1095 = ORIENTED_EDGE('',*,*,#1054,.F.);
#1096 = ORIENTED_EDGE('',*,*,#996,.T.);
#1097 = ORIENTED_EDGE('',*,*,#1098,.T.);
#1098 = EDGE_CURVE('',#989,#1099,#1101,.T.);
#1099 = VERTEX_POINT('',#1100);
#1100 = CARTESIAN_POINT('',(-63.31,3.16422756936,11.119999984472));
#1101 = CIRCLE('',#1102,0.5);
#1102 = AXIS2_PLACEMENT_3D('',#1103,#1104,#1105);
#1103 = CARTESIAN_POINT('',(-63.31,3.163531199518,11.619999499541));
#1104 = DIRECTION('',(0.,-0.999999030138,-1.392739683842E-03));
#1105 = DIRECTION('',(0.,1.392739683842E-03,-0.999999030138));
#1106 = ORIENTED_EDGE('',*,*,#1107,.F.);
#1107 = EDGE_CURVE('',#1047,#1099,#1108,.T.);
#1108 = CIRCLE('',#1109,1.250001227857);
#1109 = AXIS2_PLACEMENT_3D('',#1110,#1111,#1112);
#1110 = CARTESIAN_POINT('',(-63.31,3.162486643045,12.37));
#1111 = DIRECTION('',(-1.,0.,0.));
#1112 = DIRECTION('',(0.,0.747265035315,0.664526122132));
#1113 = TOROIDAL_SURFACE('',#1114,0.750001227857,0.5);
#1114 = AXIS2_PLACEMENT_3D('',#1115,#1116,#1117);
#1115 = CARTESIAN_POINT('',(-63.31,3.162486643045,12.37));
#1116 = DIRECTION('',(1.,0.,0.));
#1117 = DIRECTION('',(0.,0.747265035315,0.664526122132));
#1118 = ADVANCED_FACE('',(#1119),#1138,.T.);
#1119 = FACE_BOUND('',#1120,.T.);
#1120 = EDGE_LOOP('',(#1121,#1130,#1136,#1137));
#1121 = ORIENTED_EDGE('',*,*,#1122,.T.);
#1122 = EDGE_CURVE('',#972,#1123,#1125,.T.);
#1123 = VERTEX_POINT('',#1124);
#1124 = CARTESIAN_POINT('',(-63.31,-3.091060264451,13.208264151341));
#1125 = CIRCLE('',#1126,0.5);
#1126 = AXIS2_PLACEMENT_3D('',#1127,#1128,#1129);
#1127 = CARTESIAN_POINT('',(-63.31,-2.720153427246,12.872961127026));
#1128 = DIRECTION('',(-0.,0.67060604863,0.74181367441));
#1129 = DIRECTION('',(0.,-0.74181367441,0.67060604863));
#1130 = ORIENTED_EDGE('',*,*,#1131,.T.);
#1131 = EDGE_CURVE('',#1123,#1071,#1132,.T.);
#1132 = LINE('',#1133,#1134);
#1133 = CARTESIAN_POINT('',(-63.31,-3.091060264451,13.208264151341));
#1134 = VECTOR('',#1135,1.);
#1135 = DIRECTION('',(0.,0.667659204264,0.744467048943));
#1136 = ORIENTED_EDGE('',*,*,#1070,.F.);
#1137 = ORIENTED_EDGE('',*,*,#971,.F.);
#1138 = CYLINDRICAL_SURFACE('',#1139,0.5);
#1139 = AXIS2_PLACEMENT_3D('',#1140,#1141,#1142);
#1140 = CARTESIAN_POINT('',(-63.31,-2.71882673998,12.874434549208));
#1141 = DIRECTION('',(0.,0.667659204264,0.744467048943));
#1142 = DIRECTION('',(-1.,0.,0.));
#1143 = ADVANCED_FACE('',(#1144),#1163,.T.);
#1144 = FACE_BOUND('',#1145,.T.);
#1145 = EDGE_LOOP('',(#1146,#1147,#1155,#1162));
#1146 = ORIENTED_EDGE('',*,*,#1098,.T.);
#1147 = ORIENTED_EDGE('',*,*,#1148,.T.);
#1148 = EDGE_CURVE('',#1099,#1149,#1151,.T.);
#1149 = VERTEX_POINT('',#1150);
#1150 = CARTESIAN_POINT('',(-63.31,-2.17577243064,11.12004764406));
#1151 = LINE('',#1152,#1153);
#1152 = CARTESIAN_POINT('',(-63.31,3.16422756936,11.119999984472));
#1153 = VECTOR('',#1154,1.);
#1154 = DIRECTION('',(0.,-0.99999999996,8.925016487468E-06));
#1155 = ORIENTED_EDGE('',*,*,#1156,.F.);
#1156 = EDGE_CURVE('',#980,#1149,#1157,.T.);
#1157 = CIRCLE('',#1158,0.5);
#1158 = AXIS2_PLACEMENT_3D('',#1159,#1160,#1161);
#1159 = CARTESIAN_POINT('',(-63.31,-2.175767968132,11.62004764404));
#1160 = DIRECTION('',(0.,-0.99999999996,8.925016487468E-06));
#1161 = DIRECTION('',(-1.,0.,0.));
#1162 = ORIENTED_EDGE('',*,*,#988,.F.);
#1163 = CYLINDRICAL_SURFACE('',#1164,0.5);
#1164 = AXIS2_PLACEMENT_3D('',#1165,#1166,#1167);
#1165 = CARTESIAN_POINT('',(-63.31,3.164232031868,11.619999984452));
#1166 = DIRECTION('',(0.,-0.99999999996,8.925016487468E-06));
#1167 = DIRECTION('',(-1.,0.,0.));
#1168 = ADVANCED_FACE('',(#1169),#1181,.T.);
#1169 = FACE_BOUND('',#1170,.F.);
#1170 = EDGE_LOOP('',(#1171,#1172,#1173,#1174));
#1171 = ORIENTED_EDGE('',*,*,#1156,.F.);
#1172 = ORIENTED_EDGE('',*,*,#979,.T.);
#1173 = ORIENTED_EDGE('',*,*,#1122,.T.);
#1174 = ORIENTED_EDGE('',*,*,#1175,.F.);
#1175 = EDGE_CURVE('',#1149,#1123,#1176,.T.);
#1176 = CIRCLE('',#1177,1.250009827757);
#1177 = AXIS2_PLACEMENT_3D('',#1178,#1179,#1180);
#1178 = CARTESIAN_POINT('',(-63.31,-2.163785881074,12.37));
#1179 = DIRECTION('',(-1.,-0.,0.));
#1180 = DIRECTION('',(0.,-9.589164261116E-03,-0.999954022907));
#1181 = TOROIDAL_SURFACE('',#1182,0.750009827757,0.5);
#1182 = AXIS2_PLACEMENT_3D('',#1183,#1184,#1185);
#1183 = CARTESIAN_POINT('',(-63.31,-2.163785881074,12.37));
#1184 = DIRECTION('',(1.,0.,0.));
#1185 = DIRECTION('',(0.,-9.589164261116E-03,-0.999954022907));
#1186 = ADVANCED_FACE('',(#1187),#1212,.T.);
#1187 = FACE_BOUND('',#1188,.T.);
#1188 = EDGE_LOOP('',(#1189,#1197,#1205,#1211));
#1189 = ORIENTED_EDGE('',*,*,#1190,.T.);
#1190 = EDGE_CURVE('',#1006,#1191,#1193,.T.);
#1191 = VERTEX_POINT('',#1192);
#1192 = CARTESIAN_POINT('',(-63.31,2.604563309506,12.620004979545));
#1193 = LINE('',#1194,#1195);
#1194 = CARTESIAN_POINT('',(-63.81,2.604563309506,12.620004979545));
#1195 = VECTOR('',#1196,1.);
#1196 = DIRECTION('',(1.,0.,0.));
#1197 = ORIENTED_EDGE('',*,*,#1198,.T.);
#1198 = EDGE_CURVE('',#1191,#1199,#1201,.T.);
#1199 = VERTEX_POINT('',#1200);
#1200 = CARTESIAN_POINT('',(-63.31,0.50632609198,14.972840445884));
#1201 = LINE('',#1202,#1203);
#1202 = CARTESIAN_POINT('',(-63.31,2.604563309506,12.620004979545));
#1203 = VECTOR('',#1204,1.);
#1204 = DIRECTION('',(0.,-0.665572858913,0.746332881145));
#1205 = ORIENTED_EDGE('',*,*,#1206,.F.);
#1206 = EDGE_CURVE('',#1008,#1199,#1207,.T.);
#1207 = LINE('',#1208,#1209);
#1208 = CARTESIAN_POINT('',(-63.81,0.50632609198,14.972840445884));
#1209 = VECTOR('',#1210,1.);
#1210 = DIRECTION('',(1.,0.,0.));
#1211 = ORIENTED_EDGE('',*,*,#1005,.F.);
#1212 = PLANE('',#1213);
#1213 = AXIS2_PLACEMENT_3D('',#1214,#1215,#1216);
#1214 = CARTESIAN_POINT('',(-63.81,2.604563309506,12.620004979545));
#1215 = DIRECTION('',(0.,-0.746332881145,-0.665572858913));
#1216 = DIRECTION('',(0.,-0.665572858913,0.746332881145));
#1217 = ADVANCED_FACE('',(#1218),#1236,.T.);
#1218 = FACE_BOUND('',#1219,.T.);
#1219 = EDGE_LOOP('',(#1220,#1221,#1229,#1235));
#1220 = ORIENTED_EDGE('',*,*,#1206,.T.);
#1221 = ORIENTED_EDGE('',*,*,#1222,.T.);
#1222 = EDGE_CURVE('',#1199,#1223,#1225,.T.);
#1223 = VERTEX_POINT('',#1224);
#1224 = CARTESIAN_POINT('',(-63.31,-1.60372992834,12.620042538631));
#1225 = LINE('',#1226,#1227);
#1226 = CARTESIAN_POINT('',(-63.31,0.50632609198,14.972840445884));
#1227 = VECTOR('',#1228,1.);
#1228 = DIRECTION('',(0.,-0.667659204264,-0.744467048943));
#1229 = ORIENTED_EDGE('',*,*,#1230,.F.);
#1230 = EDGE_CURVE('',#1016,#1223,#1231,.T.);
#1231 = LINE('',#1232,#1233);
#1232 = CARTESIAN_POINT('',(-63.81,-1.60372992834,12.620042538631));
#1233 = VECTOR('',#1234,1.);
#1234 = DIRECTION('',(1.,0.,0.));
#1235 = ORIENTED_EDGE('',*,*,#1023,.F.);
#1236 = PLANE('',#1237);
#1237 = AXIS2_PLACEMENT_3D('',#1238,#1239,#1240);
#1238 = CARTESIAN_POINT('',(-63.81,0.50632609198,14.972840445884));
#1239 = DIRECTION('',(0.,0.744467048943,-0.667659204264));
#1240 = DIRECTION('',(0.,-0.667659204264,-0.744467048943));
#1241 = ADVANCED_FACE('',(#1242),#1253,.F.);
#1242 = FACE_BOUND('',#1243,.F.);
#1243 = EDGE_LOOP('',(#1244,#1245,#1251,#1252));
#1244 = ORIENTED_EDGE('',*,*,#1190,.T.);
#1245 = ORIENTED_EDGE('',*,*,#1246,.T.);
#1246 = EDGE_CURVE('',#1191,#1223,#1247,.T.);
#1247 = LINE('',#1248,#1249);
#1248 = CARTESIAN_POINT('',(-63.31,2.604563309506,12.620004979545));
#1249 = VECTOR('',#1250,1.);
#1250 = DIRECTION('',(0.,-0.99999999996,8.925016487253E-06));
#1251 = ORIENTED_EDGE('',*,*,#1230,.F.);
#1252 = ORIENTED_EDGE('',*,*,#1015,.F.);
#1253 = PLANE('',#1254);
#1254 = AXIS2_PLACEMENT_3D('',#1255,#1256,#1257);
#1255 = CARTESIAN_POINT('',(-63.81,2.604563309506,12.620004979545));
#1256 = DIRECTION('',(0.,-8.925016487253E-06,-0.99999999996));
#1257 = DIRECTION('',(0.,-0.99999999996,8.925016487253E-06));
#1258 = ADVANCED_FACE('',(#1259),#1316,.T.);
#1259 = FACE_BOUND('',#1260,.T.);
#1260 = EDGE_LOOP('',(#1261,#1269,#1277,#1285,#1293,#1301,#1309,#1315));
#1261 = ORIENTED_EDGE('',*,*,#1262,.F.);
#1262 = EDGE_CURVE('',#1263,#1038,#1265,.T.);
#1263 = VERTEX_POINT('',#1264);
#1264 = CARTESIAN_POINT('',(-60.06,1.438018910281,16.181794512746));
#1265 = LINE('',#1266,#1267);
#1266 = CARTESIAN_POINT('',(-61.81,1.438018910281,16.181794512746));
#1267 = VECTOR('',#1268,1.);
#1268 = DIRECTION('',(-1.,0.,0.));
#1269 = ORIENTED_EDGE('',*,*,#1270,.T.);
#1270 = EDGE_CURVE('',#1263,#1271,#1273,.T.);
#1271 = VERTEX_POINT('',#1272);
#1272 = CARTESIAN_POINT('',(-60.06,2.268405246761,15.250649832385));
#1273 = LINE('',#1274,#1275);
#1274 = CARTESIAN_POINT('',(-60.06,4.002991940339,13.305589923047));
#1275 = VECTOR('',#1276,1.);
#1276 = DIRECTION('',(-2.910698236467E-16,0.665572858913,-0.746332881145
    ));
#1277 = ORIENTED_EDGE('',*,*,#1278,.T.);
#1278 = EDGE_CURVE('',#1271,#1279,#1281,.T.);
#1279 = VERTEX_POINT('',#1280);
#1280 = CARTESIAN_POINT('',(-60.81,2.268405246761,15.250649832385));
#1281 = LINE('',#1282,#1283);
#1282 = CARTESIAN_POINT('',(-60.06,2.268405246761,15.250649832385));
#1283 = VECTOR('',#1284,1.);
#1284 = DIRECTION('',(-1.,-0.,-0.));
#1285 = ORIENTED_EDGE('',*,*,#1286,.T.);
#1286 = EDGE_CURVE('',#1279,#1287,#1289,.T.);
#1287 = VERTEX_POINT('',#1288);
#1288 = CARTESIAN_POINT('',(-60.81,3.26676453513,14.131150510667));
#1289 = LINE('',#1290,#1291);
#1290 = CARTESIAN_POINT('',(-60.81,4.385600540414,12.876555933724));
#1291 = VECTOR('',#1292,1.);
#1292 = DIRECTION('',(0.,0.665572858913,-0.746332881145));
#1293 = ORIENTED_EDGE('',*,*,#1294,.F.);
#1294 = EDGE_CURVE('',#1295,#1287,#1297,.T.);
#1295 = VERTEX_POINT('',#1296);
#1296 = CARTESIAN_POINT('',(-60.06,3.26676453513,14.131150510667));
#1297 = LINE('',#1298,#1299);
#1298 = CARTESIAN_POINT('',(-60.06,3.26676453513,14.131150510667));
#1299 = VECTOR('',#1300,1.);
#1300 = DIRECTION('',(-1.,-0.,-0.));
#1301 = ORIENTED_EDGE('',*,*,#1302,.T.);
#1302 = EDGE_CURVE('',#1295,#1303,#1305,.T.);
#1303 = VERTEX_POINT('',#1304);
#1304 = CARTESIAN_POINT('',(-60.06,4.096568854723,13.200658468608));
#1305 = LINE('',#1306,#1307);
#1306 = CARTESIAN_POINT('',(-60.06,4.002991940339,13.305589923047));
#1307 = VECTOR('',#1308,1.);
#1308 = DIRECTION('',(-2.910698236467E-16,0.665572858913,-0.746332881145
    ));
#1309 = ORIENTED_EDGE('',*,*,#1310,.F.);
#1310 = EDGE_CURVE('',#1047,#1303,#1311,.T.);
#1311 = LINE('',#1312,#1313);
#1312 = CARTESIAN_POINT('',(-61.81,4.096568854723,13.200658468608));
#1313 = VECTOR('',#1314,1.);
#1314 = DIRECTION('',(1.,0.,0.));
#1315 = ORIENTED_EDGE('',*,*,#1046,.F.);
#1316 = PLANE('',#1317);
#1317 = AXIS2_PLACEMENT_3D('',#1318,#1319,#1320);
#1318 = CARTESIAN_POINT('',(-61.935,2.767293882502,14.691226490677));
#1319 = DIRECTION('',(0.,0.746332881145,0.665572858913));
#1320 = DIRECTION('',(0.,-0.665572858913,0.746332881145));
#1321 = ADVANCED_FACE('',(#1322),#1341,.T.);
#1322 = FACE_BOUND('',#1323,.F.);
#1323 = EDGE_LOOP('',(#1324,#1325,#1334,#1340));
#1324 = ORIENTED_EDGE('',*,*,#1262,.F.);
#1325 = ORIENTED_EDGE('',*,*,#1326,.F.);
#1326 = EDGE_CURVE('',#1327,#1263,#1329,.T.);
#1327 = VERTEX_POINT('',#1328);
#1328 = CARTESIAN_POINT('',(-60.06,-0.421979268274,16.184397543828));
#1329 = CIRCLE('',#1330,1.250002759398);
#1330 = AXIS2_PLACEMENT_3D('',#1331,#1332,#1333);
#1331 = CARTESIAN_POINT('',(-60.06,0.506850935983,15.34786819577));
#1332 = DIRECTION('',(-1.,0.,0.));
#1333 = DIRECTION('',(0.,-1.,0.));
#1334 = ORIENTED_EDGE('',*,*,#1335,.F.);
#1335 = EDGE_CURVE('',#1071,#1327,#1336,.T.);
#1336 = LINE('',#1337,#1338);
#1337 = CARTESIAN_POINT('',(-61.81,-0.421979268274,16.184397543828));
#1338 = VECTOR('',#1339,1.);
#1339 = DIRECTION('',(1.,0.,0.));
#1340 = ORIENTED_EDGE('',*,*,#1081,.T.);
#1341 = CYLINDRICAL_SURFACE('',#1342,1.250002759398);
#1342 = AXIS2_PLACEMENT_3D('',#1343,#1344,#1345);
#1343 = CARTESIAN_POINT('',(-61.81,0.506850935983,15.34786819577));
#1344 = DIRECTION('',(1.,0.,0.));
#1345 = DIRECTION('',(0.,-1.,0.));
#1346 = ADVANCED_FACE('',(#1347),#1366,.T.);
#1347 = FACE_BOUND('',#1348,.F.);
#1348 = EDGE_LOOP('',(#1349,#1357,#1364,#1365));
#1349 = ORIENTED_EDGE('',*,*,#1350,.F.);
#1350 = EDGE_CURVE('',#1351,#1099,#1353,.T.);
#1351 = VERTEX_POINT('',#1352);
#1352 = CARTESIAN_POINT('',(-60.06,3.16422756936,11.119999984472));
#1353 = LINE('',#1354,#1355);
#1354 = CARTESIAN_POINT('',(-61.81,3.16422756936,11.119999984472));
#1355 = VECTOR('',#1356,1.);
#1356 = DIRECTION('',(-1.,0.,0.));
#1357 = ORIENTED_EDGE('',*,*,#1358,.F.);
#1358 = EDGE_CURVE('',#1303,#1351,#1359,.T.);
#1359 = CIRCLE('',#1360,1.250001227857);
#1360 = AXIS2_PLACEMENT_3D('',#1361,#1362,#1363);
#1361 = CARTESIAN_POINT('',(-60.06,3.162486643045,12.37));
#1362 = DIRECTION('',(-1.,0.,0.));
#1363 = DIRECTION('',(0.,-1.,0.));
#1364 = ORIENTED_EDGE('',*,*,#1310,.F.);
#1365 = ORIENTED_EDGE('',*,*,#1107,.T.);
#1366 = CYLINDRICAL_SURFACE('',#1367,1.250001227857);
#1367 = AXIS2_PLACEMENT_3D('',#1368,#1369,#1370);
#1368 = CARTESIAN_POINT('',(-61.81,3.162486643045,12.37));
#1369 = DIRECTION('',(1.,0.,0.));
#1370 = DIRECTION('',(0.,-1.,0.));
#1371 = ADVANCED_FACE('',(#1372),#1422,.T.);
#1372 = FACE_BOUND('',#1373,.T.);
#1373 = EDGE_LOOP('',(#1374,#1375,#1376,#1384,#1392,#1400,#1408,#1416));
#1374 = ORIENTED_EDGE('',*,*,#1335,.F.);
#1375 = ORIENTED_EDGE('',*,*,#1131,.F.);
#1376 = ORIENTED_EDGE('',*,*,#1377,.F.);
#1377 = EDGE_CURVE('',#1378,#1123,#1380,.T.);
#1378 = VERTEX_POINT('',#1379);
#1379 = CARTESIAN_POINT('',(-60.06,-3.091060264451,13.208264151341));
#1380 = LINE('',#1381,#1382);
#1381 = CARTESIAN_POINT('',(-61.81,-3.091060264451,13.208264151341));
#1382 = VECTOR('',#1383,1.);
#1383 = DIRECTION('',(-1.,0.,0.));
#1384 = ORIENTED_EDGE('',*,*,#1385,.F.);
#1385 = EDGE_CURVE('',#1386,#1378,#1388,.T.);
#1386 = VERTEX_POINT('',#1387);
#1387 = CARTESIAN_POINT('',(-60.06,-2.259795686922,14.135157816509));
#1388 = LINE('',#1389,#1390);
#1389 = CARTESIAN_POINT('',(-60.06,-1.747902993711,14.705938898018));
#1390 = VECTOR('',#1391,1.);
#1391 = DIRECTION('',(-2.903421490876E-16,-0.667659204264,
    -0.744467048943));
#1392 = ORIENTED_EDGE('',*,*,#1393,.T.);
#1393 = EDGE_CURVE('',#1386,#1394,#1396,.T.);
#1394 = VERTEX_POINT('',#1395);
#1395 = CARTESIAN_POINT('',(-60.81,-2.259795686922,14.135157816509));
#1396 = LINE('',#1397,#1398);
#1397 = CARTESIAN_POINT('',(-60.06,-2.259795686922,14.135157816509));
#1398 = VECTOR('',#1399,1.);
#1399 = DIRECTION('',(-1.,-0.,-0.));
#1400 = ORIENTED_EDGE('',*,*,#1401,.T.);
#1401 = EDGE_CURVE('',#1394,#1402,#1404,.T.);
#1402 = VERTEX_POINT('',#1403);
#1403 = CARTESIAN_POINT('',(-60.81,-1.258306880525,15.251858389922));
#1404 = LINE('',#1405,#1406);
#1405 = CARTESIAN_POINT('',(-60.81,-2.763478658741,13.573530906794));
#1406 = VECTOR('',#1407,1.);
#1407 = DIRECTION('',(0.,0.667659204264,0.744467048943));
#1408 = ORIENTED_EDGE('',*,*,#1409,.F.);
#1409 = EDGE_CURVE('',#1410,#1402,#1412,.T.);
#1410 = VERTEX_POINT('',#1411);
#1411 = CARTESIAN_POINT('',(-60.06,-1.258306880525,15.251858389922));
#1412 = LINE('',#1413,#1414);
#1413 = CARTESIAN_POINT('',(-60.06,-1.258306880525,15.251858389922));
#1414 = VECTOR('',#1415,1.);
#1415 = DIRECTION('',(-1.,-0.,-0.));
#1416 = ORIENTED_EDGE('',*,*,#1417,.F.);
#1417 = EDGE_CURVE('',#1327,#1410,#1418,.T.);
#1418 = LINE('',#1419,#1420);
#1419 = CARTESIAN_POINT('',(-60.06,-1.747902993711,14.705938898018));
#1420 = VECTOR('',#1421,1.);
#1421 = DIRECTION('',(-2.903421490876E-16,-0.667659204264,
    -0.744467048943));
#1422 = PLANE('',#1423);
#1423 = AXIS2_PLACEMENT_3D('',#1424,#1425,#1426);
#1424 = CARTESIAN_POINT('',(-61.935,-1.756519766363,14.696330847584));
#1425 = DIRECTION('',(-1.242893423506E-16,-0.744467048943,0.667659204264
    ));
#1426 = DIRECTION('',(6.822877266212E-33,-0.667659204264,-0.744467048943
    ));
#1427 = ADVANCED_FACE('',(#1428),#1478,.T.);
#1428 = FACE_BOUND('',#1429,.T.);
#1429 = EDGE_LOOP('',(#1430,#1431,#1439,#1447,#1455,#1463,#1471,#1477));
#1430 = ORIENTED_EDGE('',*,*,#1350,.F.);
#1431 = ORIENTED_EDGE('',*,*,#1432,.T.);
#1432 = EDGE_CURVE('',#1351,#1433,#1435,.T.);
#1433 = VERTEX_POINT('',#1434);
#1434 = CARTESIAN_POINT('',(-60.06,1.249350380985,11.120017074783));
#1435 = LINE('',#1436,#1437);
#1436 = CARTESIAN_POINT('',(-60.06,3.231069667022,11.119999387905));
#1437 = VECTOR('',#1438,1.);
#1438 = DIRECTION('',(3.480756430113E-21,-0.99999999996,
    8.925016487468E-06));
#1439 = ORIENTED_EDGE('',*,*,#1440,.T.);
#1440 = EDGE_CURVE('',#1433,#1441,#1443,.T.);
#1441 = VERTEX_POINT('',#1442);
#1442 = CARTESIAN_POINT('',(-60.81,1.249350380985,11.120017074783));
#1443 = LINE('',#1444,#1445);
#1444 = CARTESIAN_POINT('',(-60.06,1.249350380985,11.120017074783));
#1445 = VECTOR('',#1446,1.);
#1446 = DIRECTION('',(-1.,-0.,-0.));
#1447 = ORIENTED_EDGE('',*,*,#1448,.F.);
#1448 = EDGE_CURVE('',#1449,#1441,#1451,.T.);
#1449 = VERTEX_POINT('',#1450);
#1450 = CARTESIAN_POINT('',(-60.81,-0.250649619015,11.120030462307));
#1451 = LINE('',#1452,#1453);
#1452 = CARTESIAN_POINT('',(-60.81,1.003140568171,11.120019272209));
#1453 = VECTOR('',#1454,1.);
#1454 = DIRECTION('',(0.,0.99999999996,-8.925016486098E-06));
#1455 = ORIENTED_EDGE('',*,*,#1456,.F.);
#1456 = EDGE_CURVE('',#1457,#1449,#1459,.T.);
#1457 = VERTEX_POINT('',#1458);
#1458 = CARTESIAN_POINT('',(-60.06,-0.250649619015,11.120030462307));
#1459 = LINE('',#1460,#1461);
#1460 = CARTESIAN_POINT('',(-60.06,-0.250649619015,11.120030462307));
#1461 = VECTOR('',#1462,1.);
#1462 = DIRECTION('',(-1.,-0.,-0.));
#1463 = ORIENTED_EDGE('',*,*,#1464,.T.);
#1464 = EDGE_CURVE('',#1457,#1465,#1467,.T.);
#1465 = VERTEX_POINT('',#1466);
#1466 = CARTESIAN_POINT('',(-60.06,-2.17577243064,11.12004764406));
#1467 = LINE('',#1468,#1469);
#1468 = CARTESIAN_POINT('',(-60.06,3.231069667022,11.119999387905));
#1469 = VECTOR('',#1470,1.);
#1470 = DIRECTION('',(3.480756430113E-21,-0.99999999996,
    8.925016487468E-06));
#1471 = ORIENTED_EDGE('',*,*,#1472,.F.);
#1472 = EDGE_CURVE('',#1149,#1465,#1473,.T.);
#1473 = LINE('',#1474,#1475);
#1474 = CARTESIAN_POINT('',(-61.81,-2.17577243064,11.12004764406));
#1475 = VECTOR('',#1476,1.);
#1476 = DIRECTION('',(1.,0.,0.));
#1477 = ORIENTED_EDGE('',*,*,#1148,.F.);
#1478 = PLANE('',#1479);
#1479 = AXIS2_PLACEMENT_3D('',#1480,#1481,#1482);
#1480 = CARTESIAN_POINT('',(-61.935,0.49422756936,11.120023814266));
#1481 = DIRECTION('',(3.501889515538E-16,-8.925016487468E-06,
    -0.99999999996));
#1482 = DIRECTION('',(1.405157690014E-37,-0.99999999996,
    8.925016487468E-06));
#1483 = ADVANCED_FACE('',(#1484),#1496,.T.);
#1484 = FACE_BOUND('',#1485,.F.);
#1485 = EDGE_LOOP('',(#1486,#1487,#1494,#1495));
#1486 = ORIENTED_EDGE('',*,*,#1377,.F.);
#1487 = ORIENTED_EDGE('',*,*,#1488,.F.);
#1488 = EDGE_CURVE('',#1465,#1378,#1489,.T.);
#1489 = CIRCLE('',#1490,1.250009827757);
#1490 = AXIS2_PLACEMENT_3D('',#1491,#1492,#1493);
#1491 = CARTESIAN_POINT('',(-60.06,-2.163785881074,12.37));
#1492 = DIRECTION('',(-1.,0.,0.));
#1493 = DIRECTION('',(0.,-1.,0.));
#1494 = ORIENTED_EDGE('',*,*,#1472,.F.);
#1495 = ORIENTED_EDGE('',*,*,#1175,.T.);
#1496 = CYLINDRICAL_SURFACE('',#1497,1.250009827757);
#1497 = AXIS2_PLACEMENT_3D('',#1498,#1499,#1500);
#1498 = CARTESIAN_POINT('',(-61.81,-2.163785881074,12.37));
#1499 = DIRECTION('',(1.,0.,0.));
#1500 = DIRECTION('',(0.,-1.,0.));
#1501 = ADVANCED_FACE('',(#1502),#1507,.F.);
#1502 = FACE_BOUND('',#1503,.T.);
#1503 = EDGE_LOOP('',(#1504,#1505,#1506));
#1504 = ORIENTED_EDGE('',*,*,#1246,.T.);
#1505 = ORIENTED_EDGE('',*,*,#1222,.F.);
#1506 = ORIENTED_EDGE('',*,*,#1198,.F.);
#1507 = PLANE('',#1508);
#1508 = AXIS2_PLACEMENT_3D('',#1509,#1510,#1511);
#1509 = CARTESIAN_POINT('',(-63.31,0.976660316306,7.458915936585));
#1510 = DIRECTION('',(1.,0.,0.));
#1511 = DIRECTION('',(0.,0.,1.));
#1512 = ADVANCED_FACE('',(#1513,#1590),#1601,.T.);
#1513 = FACE_BOUND('',#1514,.T.);
#1514 = EDGE_LOOP('',(#1515,#1516,#1517,#1525,#1533,#1539,#1540,#1541,
    #1542,#1550,#1558,#1564,#1565,#1566,#1567,#1575,#1583,#1589));
#1515 = ORIENTED_EDGE('',*,*,#1326,.F.);
#1516 = ORIENTED_EDGE('',*,*,#1417,.T.);
#1517 = ORIENTED_EDGE('',*,*,#1518,.F.);
#1518 = EDGE_CURVE('',#1519,#1410,#1521,.T.);
#1519 = VERTEX_POINT('',#1520);
#1520 = CARTESIAN_POINT('',(-60.06,-2.174001350725,16.073079211167));
#1521 = LINE('',#1522,#1523);
#1522 = CARTESIAN_POINT('',(-60.06,-2.174001350725,16.073079211167));
#1523 = VECTOR('',#1524,1.);
#1524 = DIRECTION('',(0.,0.744467048943,-0.667659204264));
#1525 = ORIENTED_EDGE('',*,*,#1526,.F.);
#1526 = EDGE_CURVE('',#1527,#1519,#1529,.T.);
#1527 = VERTEX_POINT('',#1528);
#1528 = CARTESIAN_POINT('',(-60.06,-3.175490157121,14.956378637754));
#1529 = LINE('',#1530,#1531);
#1530 = CARTESIAN_POINT('',(-60.06,-3.175490157121,14.956378637754));
#1531 = VECTOR('',#1532,1.);
#1532 = DIRECTION('',(0.,0.667659204264,0.744467048943));
#1533 = ORIENTED_EDGE('',*,*,#1534,.F.);
#1534 = EDGE_CURVE('',#1386,#1527,#1535,.T.);
#1535 = LINE('',#1536,#1537);
#1536 = CARTESIAN_POINT('',(-60.06,-2.259795686922,14.135157816509));
#1537 = VECTOR('',#1538,1.);
#1538 = DIRECTION('',(0.,-0.744467048943,0.667659204264));
#1539 = ORIENTED_EDGE('',*,*,#1385,.T.);
#1540 = ORIENTED_EDGE('',*,*,#1488,.F.);
#1541 = ORIENTED_EDGE('',*,*,#1464,.F.);
#1542 = ORIENTED_EDGE('',*,*,#1543,.T.);
#1543 = EDGE_CURVE('',#1457,#1544,#1546,.T.);
#1544 = VERTEX_POINT('',#1545);
#1545 = CARTESIAN_POINT('',(-60.06,-0.250649619015,9.89));
#1546 = LINE('',#1547,#1548);
#1547 = CARTESIAN_POINT('',(-60.06,-0.250649619015,11.120030462307));
#1548 = VECTOR('',#1549,1.);
#1549 = DIRECTION('',(0.,0.,-1.));
#1550 = ORIENTED_EDGE('',*,*,#1551,.T.);
#1551 = EDGE_CURVE('',#1544,#1552,#1554,.T.);
#1552 = VERTEX_POINT('',#1553);
#1553 = CARTESIAN_POINT('',(-60.06,1.249350380985,9.89));
#1554 = LINE('',#1555,#1556);
#1555 = CARTESIAN_POINT('',(-60.06,-0.250649619015,9.89));
#1556 = VECTOR('',#1557,1.);
#1557 = DIRECTION('',(0.,1.,0.));
#1558 = ORIENTED_EDGE('',*,*,#1559,.T.);
#1559 = EDGE_CURVE('',#1552,#1433,#1560,.T.);
#1560 = LINE('',#1561,#1562);
#1561 = CARTESIAN_POINT('',(-60.06,1.249350380985,9.89));
#1562 = VECTOR('',#1563,1.);
#1563 = DIRECTION('',(0.,0.,1.));
#1564 = ORIENTED_EDGE('',*,*,#1432,.F.);
#1565 = ORIENTED_EDGE('',*,*,#1358,.F.);
#1566 = ORIENTED_EDGE('',*,*,#1302,.F.);
#1567 = ORIENTED_EDGE('',*,*,#1568,.F.);
#1568 = EDGE_CURVE('',#1569,#1295,#1571,.T.);
#1569 = VERTEX_POINT('',#1570);
#1570 = CARTESIAN_POINT('',(-60.06,4.184753978939,14.949805127129));
#1571 = LINE('',#1572,#1573);
#1572 = CARTESIAN_POINT('',(-60.06,4.184753978939,14.949805127129));
#1573 = VECTOR('',#1574,1.);
#1574 = DIRECTION('',(0.,-0.746332881145,-0.665572858913));
#1575 = ORIENTED_EDGE('',*,*,#1576,.F.);
#1576 = EDGE_CURVE('',#1577,#1569,#1579,.T.);
#1577 = VERTEX_POINT('',#1578);
#1578 = CARTESIAN_POINT('',(-60.06,3.18639469057,16.069304448848));
#1579 = LINE('',#1580,#1581);
#1580 = CARTESIAN_POINT('',(-60.06,3.18639469057,16.069304448848));
#1581 = VECTOR('',#1582,1.);
#1582 = DIRECTION('',(0.,0.665572858913,-0.746332881145));
#1583 = ORIENTED_EDGE('',*,*,#1584,.F.);
#1584 = EDGE_CURVE('',#1271,#1577,#1585,.T.);
#1585 = LINE('',#1586,#1587);
#1586 = CARTESIAN_POINT('',(-60.06,2.268405246761,15.250649832385));
#1587 = VECTOR('',#1588,1.);
#1588 = DIRECTION('',(0.,0.746332881145,0.665572858913));
#1589 = ORIENTED_EDGE('',*,*,#1270,.F.);
#1590 = FACE_BOUND('',#1591,.T.);
#1591 = EDGE_LOOP('',(#1592));
#1592 = ORIENTED_EDGE('',*,*,#1593,.F.);
#1593 = EDGE_CURVE('',#1594,#1594,#1596,.T.);
#1594 = VERTEX_POINT('',#1595);
#1595 = CARTESIAN_POINT('',(-60.06,1.631850935983,13.420030462307));
#1596 = CIRCLE('',#1597,1.125);
#1597 = AXIS2_PLACEMENT_3D('',#1598,#1599,#1600);
#1598 = CARTESIAN_POINT('',(-60.06,0.506850935983,13.420030462307));
#1599 = DIRECTION('',(1.,0.,0.));
#1600 = DIRECTION('',(0.,1.,0.));
#1601 = PLANE('',#1602);
#1602 = AXIS2_PLACEMENT_3D('',#1603,#1604,#1605);
#1603 = CARTESIAN_POINT('',(-60.06,0.501245917559,13.34320487022));
#1604 = DIRECTION('',(1.,0.,0.));
#1605 = DIRECTION('',(0.,0.,1.));
#1606 = ADVANCED_FACE('',(#1607),#1625,.F.);
#1607 = FACE_BOUND('',#1608,.F.);
#1608 = EDGE_LOOP('',(#1609,#1610,#1611,#1619));
#1609 = ORIENTED_EDGE('',*,*,#1584,.F.);
#1610 = ORIENTED_EDGE('',*,*,#1278,.T.);
#1611 = ORIENTED_EDGE('',*,*,#1612,.F.);
#1612 = EDGE_CURVE('',#1613,#1279,#1615,.T.);
#1613 = VERTEX_POINT('',#1614);
#1614 = CARTESIAN_POINT('',(-60.81,3.18639469057,16.069304448848));
#1615 = LINE('',#1616,#1617);
#1616 = CARTESIAN_POINT('',(-60.81,-0.105364301919,13.133743791088));
#1617 = VECTOR('',#1618,1.);
#1618 = DIRECTION('',(0.,-0.746332881145,-0.665572858913));
#1619 = ORIENTED_EDGE('',*,*,#1620,.F.);
#1620 = EDGE_CURVE('',#1577,#1613,#1621,.T.);
#1621 = LINE('',#1622,#1623);
#1622 = CARTESIAN_POINT('',(-60.06,3.18639469057,16.069304448848));
#1623 = VECTOR('',#1624,1.);
#1624 = DIRECTION('',(-1.,-0.,-0.));
#1625 = PLANE('',#1626);
#1626 = AXIS2_PLACEMENT_3D('',#1627,#1628,#1629);
#1627 = CARTESIAN_POINT('',(-60.06,2.268405246761,15.250649832385));
#1628 = DIRECTION('',(0.,0.665572858913,-0.746332881145));
#1629 = DIRECTION('',(0.,0.746332881145,0.665572858913));
#1630 = ADVANCED_FACE('',(#1631),#1649,.F.);
#1631 = FACE_BOUND('',#1632,.F.);
#1632 = EDGE_LOOP('',(#1633,#1641,#1642,#1643));
#1633 = ORIENTED_EDGE('',*,*,#1634,.T.);
#1634 = EDGE_CURVE('',#1635,#1613,#1637,.T.);
#1635 = VERTEX_POINT('',#1636);
#1636 = CARTESIAN_POINT('',(-60.81,4.184753978939,14.949805127129));
#1637 = LINE('',#1638,#1639);
#1638 = CARTESIAN_POINT('',(-60.81,4.804410340038,14.254960211046));
#1639 = VECTOR('',#1640,1.);
#1640 = DIRECTION('',(0.,-0.665572858913,0.746332881145));
#1641 = ORIENTED_EDGE('',*,*,#1612,.T.);
#1642 = ORIENTED_EDGE('',*,*,#1286,.T.);
#1643 = ORIENTED_EDGE('',*,*,#1644,.T.);
#1644 = EDGE_CURVE('',#1287,#1635,#1645,.T.);
#1645 = LINE('',#1646,#1647);
#1646 = CARTESIAN_POINT('',(-60.81,1.351989708354,12.423571777601));
#1647 = VECTOR('',#1648,1.);
#1648 = DIRECTION('',(0.,0.746332881145,0.665572858913));
#1649 = PLANE('',#1650);
#1650 = AXIS2_PLACEMENT_3D('',#1651,#1652,#1653);
#1651 = CARTESIAN_POINT('',(-60.81,0.756897448336,7.388149274187));
#1652 = DIRECTION('',(1.,0.,0.));
#1653 = DIRECTION('',(0.,0.,1.));
#1654 = ADVANCED_FACE('',(#1655),#1666,.F.);
#1655 = FACE_BOUND('',#1656,.F.);
#1656 = EDGE_LOOP('',(#1657,#1658,#1664,#1665));
#1657 = ORIENTED_EDGE('',*,*,#1568,.F.);
#1658 = ORIENTED_EDGE('',*,*,#1659,.T.);
#1659 = EDGE_CURVE('',#1569,#1635,#1660,.T.);
#1660 = LINE('',#1661,#1662);
#1661 = CARTESIAN_POINT('',(-60.06,4.184753978939,14.949805127129));
#1662 = VECTOR('',#1663,1.);
#1663 = DIRECTION('',(-1.,-0.,-0.));
#1664 = ORIENTED_EDGE('',*,*,#1644,.F.);
#1665 = ORIENTED_EDGE('',*,*,#1294,.F.);
#1666 = PLANE('',#1667);
#1667 = AXIS2_PLACEMENT_3D('',#1668,#1669,#1670);
#1668 = CARTESIAN_POINT('',(-60.06,4.184753978939,14.949805127129));
#1669 = DIRECTION('',(0.,-0.665572858913,0.746332881145));
#1670 = DIRECTION('',(0.,-0.746332881145,-0.665572858913));
#1671 = ADVANCED_FACE('',(#1672),#1690,.F.);
#1672 = FACE_BOUND('',#1673,.F.);
#1673 = EDGE_LOOP('',(#1674,#1675,#1683,#1689));
#1674 = ORIENTED_EDGE('',*,*,#1518,.F.);
#1675 = ORIENTED_EDGE('',*,*,#1676,.T.);
#1676 = EDGE_CURVE('',#1519,#1677,#1679,.T.);
#1677 = VERTEX_POINT('',#1678);
#1678 = CARTESIAN_POINT('',(-60.81,-2.174001350725,16.073079211167));
#1679 = LINE('',#1680,#1681);
#1680 = CARTESIAN_POINT('',(-60.06,-2.174001350725,16.073079211167));
#1681 = VECTOR('',#1682,1.);
#1682 = DIRECTION('',(-1.,-0.,-0.));
#1683 = ORIENTED_EDGE('',*,*,#1684,.F.);
#1684 = EDGE_CURVE('',#1402,#1677,#1685,.T.);
#1685 = LINE('',#1686,#1687);
#1686 = CARTESIAN_POINT('',(-60.81,0.796619827022,13.408941725805));
#1687 = VECTOR('',#1688,1.);
#1688 = DIRECTION('',(0.,-0.744467048943,0.667659204264));
#1689 = ORIENTED_EDGE('',*,*,#1409,.F.);
#1690 = PLANE('',#1691);
#1691 = AXIS2_PLACEMENT_3D('',#1692,#1693,#1694);
#1692 = CARTESIAN_POINT('',(-60.06,-2.174001350725,16.073079211167));
#1693 = DIRECTION('',(0.,-0.667659204264,-0.744467048943));
#1694 = DIRECTION('',(0.,0.744467048943,-0.667659204264));
#1695 = ADVANCED_FACE('',(#1696),#1714,.F.);
#1696 = FACE_BOUND('',#1697,.F.);
#1697 = EDGE_LOOP('',(#1698,#1706,#1712,#1713));
#1698 = ORIENTED_EDGE('',*,*,#1699,.T.);
#1699 = EDGE_CURVE('',#1677,#1700,#1702,.T.);
#1700 = VERTEX_POINT('',#1701);
#1701 = CARTESIAN_POINT('',(-60.81,-3.175490157121,14.956378637754));
#1702 = LINE('',#1703,#1704);
#1703 = CARTESIAN_POINT('',(-60.81,-4.179917532139,13.836401441333));
#1704 = VECTOR('',#1705,1.);
#1705 = DIRECTION('',(0.,-0.667659204264,-0.744467048943));
#1706 = ORIENTED_EDGE('',*,*,#1707,.T.);
#1707 = EDGE_CURVE('',#1700,#1394,#1708,.T.);
#1708 = LINE('',#1709,#1710);
#1709 = CARTESIAN_POINT('',(-60.81,0.252978255725,11.881630741769));
#1710 = VECTOR('',#1711,1.);
#1711 = DIRECTION('',(0.,0.744467048943,-0.667659204264));
#1712 = ORIENTED_EDGE('',*,*,#1401,.T.);
#1713 = ORIENTED_EDGE('',*,*,#1684,.T.);
#1714 = PLANE('',#1715);
#1715 = AXIS2_PLACEMENT_3D('',#1716,#1717,#1718);
#1716 = CARTESIAN_POINT('',(-60.81,0.756897448336,7.388149274187));
#1717 = DIRECTION('',(1.,0.,0.));
#1718 = DIRECTION('',(0.,0.,1.));
#1719 = ADVANCED_FACE('',(#1720),#1731,.F.);
#1720 = FACE_BOUND('',#1721,.F.);
#1721 = EDGE_LOOP('',(#1722,#1723,#1724,#1725));
#1722 = ORIENTED_EDGE('',*,*,#1534,.F.);
#1723 = ORIENTED_EDGE('',*,*,#1393,.T.);
#1724 = ORIENTED_EDGE('',*,*,#1707,.F.);
#1725 = ORIENTED_EDGE('',*,*,#1726,.F.);
#1726 = EDGE_CURVE('',#1527,#1700,#1727,.T.);
#1727 = LINE('',#1728,#1729);
#1728 = CARTESIAN_POINT('',(-60.06,-3.175490157121,14.956378637754));
#1729 = VECTOR('',#1730,1.);
#1730 = DIRECTION('',(-1.,-0.,-0.));
#1731 = PLANE('',#1732);
#1732 = AXIS2_PLACEMENT_3D('',#1733,#1734,#1735);
#1733 = CARTESIAN_POINT('',(-60.06,-2.259795686922,14.135157816509));
#1734 = DIRECTION('',(0.,0.667659204264,0.744467048943));
#1735 = DIRECTION('',(0.,-0.744467048943,0.667659204264));
#1736 = ADVANCED_FACE('',(#1737),#1755,.T.);
#1737 = FACE_BOUND('',#1738,.T.);
#1738 = EDGE_LOOP('',(#1739,#1740,#1748,#1754));
#1739 = ORIENTED_EDGE('',*,*,#1559,.F.);
#1740 = ORIENTED_EDGE('',*,*,#1741,.T.);
#1741 = EDGE_CURVE('',#1552,#1742,#1744,.T.);
#1742 = VERTEX_POINT('',#1743);
#1743 = CARTESIAN_POINT('',(-60.81,1.249350380985,9.89));
#1744 = LINE('',#1745,#1746);
#1745 = CARTESIAN_POINT('',(-60.06,1.249350380985,9.89));
#1746 = VECTOR('',#1747,1.);
#1747 = DIRECTION('',(-1.,-0.,-0.));
#1748 = ORIENTED_EDGE('',*,*,#1749,.F.);
#1749 = EDGE_CURVE('',#1441,#1742,#1750,.T.);
#1750 = LINE('',#1751,#1752);
#1751 = CARTESIAN_POINT('',(-60.81,1.249350380985,8.639074637094));
#1752 = VECTOR('',#1753,1.);
#1753 = DIRECTION('',(0.,0.,-1.));
#1754 = ORIENTED_EDGE('',*,*,#1440,.F.);
#1755 = PLANE('',#1756);
#1756 = AXIS2_PLACEMENT_3D('',#1757,#1758,#1759);
#1757 = CARTESIAN_POINT('',(-60.06,1.249350380985,9.89));
#1758 = DIRECTION('',(0.,1.,0.));
#1759 = DIRECTION('',(0.,0.,1.));
#1760 = ADVANCED_FACE('',(#1761),#1779,.F.);
#1761 = FACE_BOUND('',#1762,.F.);
#1762 = EDGE_LOOP('',(#1763,#1771,#1777,#1778));
#1763 = ORIENTED_EDGE('',*,*,#1764,.F.);
#1764 = EDGE_CURVE('',#1765,#1449,#1767,.T.);
#1765 = VERTEX_POINT('',#1766);
#1766 = CARTESIAN_POINT('',(-60.81,-0.250649619015,9.89));
#1767 = LINE('',#1768,#1769);
#1768 = CARTESIAN_POINT('',(-60.81,-0.250649619015,9.254089868247));
#1769 = VECTOR('',#1770,1.);
#1770 = DIRECTION('',(0.,0.,1.));
#1771 = ORIENTED_EDGE('',*,*,#1772,.F.);
#1772 = EDGE_CURVE('',#1742,#1765,#1773,.T.);
#1773 = LINE('',#1774,#1775);
#1774 = CARTESIAN_POINT('',(-60.81,0.253123914661,9.89));
#1775 = VECTOR('',#1776,1.);
#1776 = DIRECTION('',(0.,-1.,0.));
#1777 = ORIENTED_EDGE('',*,*,#1749,.F.);
#1778 = ORIENTED_EDGE('',*,*,#1448,.F.);
#1779 = PLANE('',#1780);
#1780 = AXIS2_PLACEMENT_3D('',#1781,#1782,#1783);
#1781 = CARTESIAN_POINT('',(-60.81,0.756897448336,7.388149274187));
#1782 = DIRECTION('',(1.,0.,0.));
#1783 = DIRECTION('',(0.,0.,1.));
#1784 = ADVANCED_FACE('',(#1785),#1796,.T.);
#1785 = FACE_BOUND('',#1786,.T.);
#1786 = EDGE_LOOP('',(#1787,#1788,#1789,#1790));
#1787 = ORIENTED_EDGE('',*,*,#1543,.F.);
#1788 = ORIENTED_EDGE('',*,*,#1456,.T.);
#1789 = ORIENTED_EDGE('',*,*,#1764,.F.);
#1790 = ORIENTED_EDGE('',*,*,#1791,.F.);
#1791 = EDGE_CURVE('',#1544,#1765,#1792,.T.);
#1792 = LINE('',#1793,#1794);
#1793 = CARTESIAN_POINT('',(-60.06,-0.250649619015,9.89));
#1794 = VECTOR('',#1795,1.);
#1795 = DIRECTION('',(-1.,-0.,-0.));
#1796 = PLANE('',#1797);
#1797 = AXIS2_PLACEMENT_3D('',#1798,#1799,#1800);
#1798 = CARTESIAN_POINT('',(-60.06,-0.250649619015,11.120030462307));
#1799 = DIRECTION('',(0.,-1.,0.));
#1800 = DIRECTION('',(0.,0.,-1.));
#1801 = ADVANCED_FACE('',(#1802),#1808,.F.);
#1802 = FACE_BOUND('',#1803,.F.);
#1803 = EDGE_LOOP('',(#1804,#1805,#1806,#1807));
#1804 = ORIENTED_EDGE('',*,*,#1526,.F.);
#1805 = ORIENTED_EDGE('',*,*,#1726,.T.);
#1806 = ORIENTED_EDGE('',*,*,#1699,.F.);
#1807 = ORIENTED_EDGE('',*,*,#1676,.F.);
#1808 = PLANE('',#1809);
#1809 = AXIS2_PLACEMENT_3D('',#1810,#1811,#1812);
#1810 = CARTESIAN_POINT('',(-60.06,-3.175490157121,14.956378637754));
#1811 = DIRECTION('',(0.,0.744467048943,-0.667659204264));
#1812 = DIRECTION('',(0.,0.667659204264,0.744467048943));
#1813 = ADVANCED_FACE('',(#1814),#1820,.F.);
#1814 = FACE_BOUND('',#1815,.F.);
#1815 = EDGE_LOOP('',(#1816,#1817,#1818,#1819));
#1816 = ORIENTED_EDGE('',*,*,#1576,.F.);
#1817 = ORIENTED_EDGE('',*,*,#1620,.T.);
#1818 = ORIENTED_EDGE('',*,*,#1634,.F.);
#1819 = ORIENTED_EDGE('',*,*,#1659,.F.);
#1820 = PLANE('',#1821);
#1821 = AXIS2_PLACEMENT_3D('',#1822,#1823,#1824);
#1822 = CARTESIAN_POINT('',(-60.06,3.18639469057,16.069304448848));
#1823 = DIRECTION('',(0.,-0.746332881145,-0.665572858913));
#1824 = DIRECTION('',(0.,0.665572858913,-0.746332881145));
#1825 = ADVANCED_FACE('',(#1826),#1832,.T.);
#1826 = FACE_BOUND('',#1827,.T.);
#1827 = EDGE_LOOP('',(#1828,#1829,#1830,#1831));
#1828 = ORIENTED_EDGE('',*,*,#1551,.F.);
#1829 = ORIENTED_EDGE('',*,*,#1791,.T.);
#1830 = ORIENTED_EDGE('',*,*,#1772,.F.);
#1831 = ORIENTED_EDGE('',*,*,#1741,.F.);
#1832 = PLANE('',#1833);
#1833 = AXIS2_PLACEMENT_3D('',#1834,#1835,#1836);
#1834 = CARTESIAN_POINT('',(-60.06,-0.250649619015,9.89));
#1835 = DIRECTION('',(0.,0.,-1.));
#1836 = DIRECTION('',(0.,1.,0.));
#1837 = ADVANCED_FACE('',(#1838),#1857,.F.);
#1838 = FACE_BOUND('',#1839,.F.);
#1839 = EDGE_LOOP('',(#1840,#1848,#1855,#1856));
#1840 = ORIENTED_EDGE('',*,*,#1841,.T.);
#1841 = EDGE_CURVE('',#1594,#1842,#1844,.T.);
#1842 = VERTEX_POINT('',#1843);
#1843 = CARTESIAN_POINT('',(-61.86,1.631850935983,13.420030462307));
#1844 = LINE('',#1845,#1846);
#1845 = CARTESIAN_POINT('',(-60.06,1.631850935983,13.420030462307));
#1846 = VECTOR('',#1847,1.);
#1847 = DIRECTION('',(-1.,-0.,-0.));
#1848 = ORIENTED_EDGE('',*,*,#1849,.T.);
#1849 = EDGE_CURVE('',#1842,#1842,#1850,.T.);
#1850 = CIRCLE('',#1851,1.125);
#1851 = AXIS2_PLACEMENT_3D('',#1852,#1853,#1854);
#1852 = CARTESIAN_POINT('',(-61.86,0.506850935983,13.420030462307));
#1853 = DIRECTION('',(1.,0.,0.));
#1854 = DIRECTION('',(0.,1.,0.));
#1855 = ORIENTED_EDGE('',*,*,#1841,.F.);
#1856 = ORIENTED_EDGE('',*,*,#1593,.F.);
#1857 = CYLINDRICAL_SURFACE('',#1858,1.125);
#1858 = AXIS2_PLACEMENT_3D('',#1859,#1860,#1861);
#1859 = CARTESIAN_POINT('',(-60.06,0.506850935983,13.420030462307));
#1860 = DIRECTION('',(1.,0.,0.));
#1861 = DIRECTION('',(0.,1.,0.));
#1862 = ADVANCED_FACE('',(#1863),#1866,.T.);
#1863 = FACE_BOUND('',#1864,.T.);
#1864 = EDGE_LOOP('',(#1865));
#1865 = ORIENTED_EDGE('',*,*,#1849,.T.);
#1866 = PLANE('',#1867);
#1867 = AXIS2_PLACEMENT_3D('',#1868,#1869,#1870);
#1868 = CARTESIAN_POINT('',(-61.86,0.509212733996,7.490007615577));
#1869 = DIRECTION('',(1.,0.,0.));
#1870 = DIRECTION('',(0.,0.,1.));
#1871 = MANIFOLD_SOLID_BREP('',#1872);
#1872 = CLOSED_SHELL('',(#1873,#2007,#2033,#2122,#2146,#2170,#2194,#2211
    ,#2235,#2252,#2276,#2300,#2317,#2376,#2388,#2400,#2412,#2437,#2468,
    #2492,#2516,#2540,#2564,#2581,#2590));
#1873 = ADVANCED_FACE('',(#1874),#2002,.T.);
#1874 = FACE_BOUND('',#1875,.F.);
#1875 = EDGE_LOOP('',(#1876,#1885,#1894,#1902,#1911,#1919,#1928,#1936,
    #1945,#1953,#1962,#1970,#1979,#1987,#1994,#1995));
#1876 = ORIENTED_EDGE('',*,*,#1877,.T.);
#1877 = EDGE_CURVE('',#1878,#1880,#1882,.T.);
#1878 = VERTEX_POINT('',#1879);
#1879 = CARTESIAN_POINT('',(-63.31,-9.34,7.49));
#1880 = VERTEX_POINT('',#1881);
#1881 = CARTESIAN_POINT('',(-60.06,-9.34,7.49));
#1882 = B_SPLINE_CURVE_WITH_KNOTS('',1,(#1883,#1884),.UNSPECIFIED.,.F.,
  .F.,(2,2),(-2.,1.75),.PIECEWISE_BEZIER_KNOTS.);
#1883 = CARTESIAN_POINT('',(-63.81,-9.34,7.49));
#1884 = CARTESIAN_POINT('',(-60.06,-9.34,7.49));
#1885 = ORIENTED_EDGE('',*,*,#1886,.F.);
#1886 = EDGE_CURVE('',#1887,#1880,#1889,.T.);
#1887 = VERTEX_POINT('',#1888);
#1888 = CARTESIAN_POINT('',(-60.06,-6.74,4.225034456537));
#1889 = CIRCLE('',#1890,3.35);
#1890 = AXIS2_PLACEMENT_3D('',#1891,#1892,#1893);
#1891 = CARTESIAN_POINT('',(-60.06,-5.99,7.49));
#1892 = DIRECTION('',(-1.,0.,0.));
#1893 = DIRECTION('',(0.,-1.,0.));
#1894 = ORIENTED_EDGE('',*,*,#1895,.T.);
#1895 = EDGE_CURVE('',#1887,#1896,#1898,.T.);
#1896 = VERTEX_POINT('',#1897);
#1897 = CARTESIAN_POINT('',(-60.81,-6.74,4.225034456537));
#1898 = LINE('',#1899,#1900);
#1899 = CARTESIAN_POINT('',(-60.06,-6.74,4.225034456537));
#1900 = VECTOR('',#1901,1.);
#1901 = DIRECTION('',(-1.,-0.,-0.));
#1902 = ORIENTED_EDGE('',*,*,#1903,.T.);
#1903 = EDGE_CURVE('',#1896,#1904,#1906,.T.);
#1904 = VERTEX_POINT('',#1905);
#1905 = CARTESIAN_POINT('',(-60.81,-5.24,4.225034456537));
#1906 = CIRCLE('',#1907,3.35);
#1907 = AXIS2_PLACEMENT_3D('',#1908,#1909,#1910);
#1908 = CARTESIAN_POINT('',(-60.81,-5.99,7.49));
#1909 = DIRECTION('',(1.,0.,0.));
#1910 = DIRECTION('',(0.,1.,0.));
#1911 = ORIENTED_EDGE('',*,*,#1912,.F.);
#1912 = EDGE_CURVE('',#1913,#1904,#1915,.T.);
#1913 = VERTEX_POINT('',#1914);
#1914 = CARTESIAN_POINT('',(-60.06,-5.24,4.225034456537));
#1915 = LINE('',#1916,#1917);
#1916 = CARTESIAN_POINT('',(-60.06,-5.24,4.225034456537));
#1917 = VECTOR('',#1918,1.);
#1918 = DIRECTION('',(-1.,-0.,-0.));
#1919 = ORIENTED_EDGE('',*,*,#1920,.F.);
#1920 = EDGE_CURVE('',#1921,#1913,#1923,.T.);
#1921 = VERTEX_POINT('',#1922);
#1922 = CARTESIAN_POINT('',(-60.06,-2.725034456537,6.74));
#1923 = CIRCLE('',#1924,3.35);
#1924 = AXIS2_PLACEMENT_3D('',#1925,#1926,#1927);
#1925 = CARTESIAN_POINT('',(-60.06,-5.99,7.49));
#1926 = DIRECTION('',(-1.,0.,0.));
#1927 = DIRECTION('',(0.,-1.,0.));
#1928 = ORIENTED_EDGE('',*,*,#1929,.T.);
#1929 = EDGE_CURVE('',#1921,#1930,#1932,.T.);
#1930 = VERTEX_POINT('',#1931);
#1931 = CARTESIAN_POINT('',(-60.81,-2.725034456537,6.74));
#1932 = LINE('',#1933,#1934);
#1933 = CARTESIAN_POINT('',(-60.06,-2.725034456537,6.74));
#1934 = VECTOR('',#1935,1.);
#1935 = DIRECTION('',(-1.,-0.,-0.));
#1936 = ORIENTED_EDGE('',*,*,#1937,.T.);
#1937 = EDGE_CURVE('',#1930,#1938,#1940,.T.);
#1938 = VERTEX_POINT('',#1939);
#1939 = CARTESIAN_POINT('',(-60.81,-2.725034456537,8.24));
#1940 = CIRCLE('',#1941,3.35);
#1941 = AXIS2_PLACEMENT_3D('',#1942,#1943,#1944);
#1942 = CARTESIAN_POINT('',(-60.81,-5.99,7.49));
#1943 = DIRECTION('',(1.,0.,0.));
#1944 = DIRECTION('',(0.,1.,0.));
#1945 = ORIENTED_EDGE('',*,*,#1946,.F.);
#1946 = EDGE_CURVE('',#1947,#1938,#1949,.T.);
#1947 = VERTEX_POINT('',#1948);
#1948 = CARTESIAN_POINT('',(-60.06,-2.725034456537,8.24));
#1949 = LINE('',#1950,#1951);
#1950 = CARTESIAN_POINT('',(-60.06,-2.725034456537,8.24));
#1951 = VECTOR('',#1952,1.);
#1952 = DIRECTION('',(-1.,-0.,-0.));
#1953 = ORIENTED_EDGE('',*,*,#1954,.F.);
#1954 = EDGE_CURVE('',#1955,#1947,#1957,.T.);
#1955 = VERTEX_POINT('',#1956);
#1956 = CARTESIAN_POINT('',(-60.06,-5.24,10.754965543463));
#1957 = CIRCLE('',#1958,3.35);
#1958 = AXIS2_PLACEMENT_3D('',#1959,#1960,#1961);
#1959 = CARTESIAN_POINT('',(-60.06,-5.99,7.49));
#1960 = DIRECTION('',(-1.,0.,0.));
#1961 = DIRECTION('',(0.,-1.,0.));
#1962 = ORIENTED_EDGE('',*,*,#1963,.T.);
#1963 = EDGE_CURVE('',#1955,#1964,#1966,.T.);
#1964 = VERTEX_POINT('',#1965);
#1965 = CARTESIAN_POINT('',(-60.81,-5.24,10.754965543463));
#1966 = LINE('',#1967,#1968);
#1967 = CARTESIAN_POINT('',(-60.06,-5.24,10.754965543463));
#1968 = VECTOR('',#1969,1.);
#1969 = DIRECTION('',(-1.,-0.,-0.));
#1970 = ORIENTED_EDGE('',*,*,#1971,.T.);
#1971 = EDGE_CURVE('',#1964,#1972,#1974,.T.);
#1972 = VERTEX_POINT('',#1973);
#1973 = CARTESIAN_POINT('',(-60.81,-6.74,10.754965543463));
#1974 = CIRCLE('',#1975,3.35);
#1975 = AXIS2_PLACEMENT_3D('',#1976,#1977,#1978);
#1976 = CARTESIAN_POINT('',(-60.81,-5.99,7.49));
#1977 = DIRECTION('',(1.,0.,0.));
#1978 = DIRECTION('',(0.,1.,0.));
#1979 = ORIENTED_EDGE('',*,*,#1980,.F.);
#1980 = EDGE_CURVE('',#1981,#1972,#1983,.T.);
#1981 = VERTEX_POINT('',#1982);
#1982 = CARTESIAN_POINT('',(-60.06,-6.74,10.754965543463));
#1983 = LINE('',#1984,#1985);
#1984 = CARTESIAN_POINT('',(-60.06,-6.74,10.754965543463));
#1985 = VECTOR('',#1986,1.);
#1986 = DIRECTION('',(-1.,-0.,-0.));
#1987 = ORIENTED_EDGE('',*,*,#1988,.F.);
#1988 = EDGE_CURVE('',#1880,#1981,#1989,.T.);
#1989 = CIRCLE('',#1990,3.35);
#1990 = AXIS2_PLACEMENT_3D('',#1991,#1992,#1993);
#1991 = CARTESIAN_POINT('',(-60.06,-5.99,7.49));
#1992 = DIRECTION('',(-1.,0.,0.));
#1993 = DIRECTION('',(0.,-1.,0.));
#1994 = ORIENTED_EDGE('',*,*,#1877,.F.);
#1995 = ORIENTED_EDGE('',*,*,#1996,.T.);
#1996 = EDGE_CURVE('',#1878,#1878,#1997,.T.);
#1997 = CIRCLE('',#1998,3.35);
#1998 = AXIS2_PLACEMENT_3D('',#1999,#2000,#2001);
#1999 = CARTESIAN_POINT('',(-63.31,-5.99,7.49));
#2000 = DIRECTION('',(-1.,0.,0.));
#2001 = DIRECTION('',(0.,-1.,0.));
#2002 = CYLINDRICAL_SURFACE('',#2003,3.35);
#2003 = AXIS2_PLACEMENT_3D('',#2004,#2005,#2006);
#2004 = CARTESIAN_POINT('',(-61.81,-5.99,7.49));
#2005 = DIRECTION('',(1.,0.,0.));
#2006 = DIRECTION('',(0.,-1.,0.));
#2007 = ADVANCED_FACE('',(#2008),#2028,.T.);
#2008 = FACE_BOUND('',#2009,.T.);
#2009 = EDGE_LOOP('',(#2010,#2019,#2020,#2021));
#2010 = ORIENTED_EDGE('',*,*,#2011,.F.);
#2011 = EDGE_CURVE('',#1878,#2012,#2014,.T.);
#2012 = VERTEX_POINT('',#2013);
#2013 = CARTESIAN_POINT('',(-63.81,-8.84,7.49));
#2014 = CIRCLE('',#2015,0.5);
#2015 = AXIS2_PLACEMENT_3D('',#2016,#2017,#2018);
#2016 = CARTESIAN_POINT('',(-63.31,-8.84,7.49));
#2017 = DIRECTION('',(-0.,-0.,-1.));
#2018 = DIRECTION('',(0.,-1.,0.));
#2019 = ORIENTED_EDGE('',*,*,#1996,.T.);
#2020 = ORIENTED_EDGE('',*,*,#2011,.T.);
#2021 = ORIENTED_EDGE('',*,*,#2022,.F.);
#2022 = EDGE_CURVE('',#2012,#2012,#2023,.T.);
#2023 = CIRCLE('',#2024,2.85);
#2024 = AXIS2_PLACEMENT_3D('',#2025,#2026,#2027);
#2025 = CARTESIAN_POINT('',(-63.81,-5.99,7.49));
#2026 = DIRECTION('',(-1.,0.,0.));
#2027 = DIRECTION('',(0.,-1.,0.));
#2028 = TOROIDAL_SURFACE('',#2029,2.85,0.5);
#2029 = AXIS2_PLACEMENT_3D('',#2030,#2031,#2032);
#2030 = CARTESIAN_POINT('',(-63.31,-5.99,7.49));
#2031 = DIRECTION('',(-1.,0.,0.));
#2032 = DIRECTION('',(0.,-1.,0.));
#2033 = ADVANCED_FACE('',(#2034,#2106),#2117,.T.);
#2034 = FACE_BOUND('',#2035,.T.);
#2035 = EDGE_LOOP('',(#2036,#2037,#2038,#2046,#2054,#2060,#2061,#2069,
    #2077,#2083,#2084,#2092,#2100));
#2036 = ORIENTED_EDGE('',*,*,#1988,.F.);
#2037 = ORIENTED_EDGE('',*,*,#1886,.F.);
#2038 = ORIENTED_EDGE('',*,*,#2039,.F.);
#2039 = EDGE_CURVE('',#2040,#1887,#2042,.T.);
#2040 = VERTEX_POINT('',#2041);
#2041 = CARTESIAN_POINT('',(-60.06,-6.74,2.91));
#2042 = LINE('',#2043,#2044);
#2043 = CARTESIAN_POINT('',(-60.06,-6.74,2.91));
#2044 = VECTOR('',#2045,1.);
#2045 = DIRECTION('',(0.,0.,1.));
#2046 = ORIENTED_EDGE('',*,*,#2047,.F.);
#2047 = EDGE_CURVE('',#2048,#2040,#2050,.T.);
#2048 = VERTEX_POINT('',#2049);
#2049 = CARTESIAN_POINT('',(-60.06,-5.24,2.91));
#2050 = LINE('',#2051,#2052);
#2051 = CARTESIAN_POINT('',(-60.06,-5.24,2.91));
#2052 = VECTOR('',#2053,1.);
#2053 = DIRECTION('',(0.,-1.,0.));
#2054 = ORIENTED_EDGE('',*,*,#2055,.F.);
#2055 = EDGE_CURVE('',#1913,#2048,#2056,.T.);
#2056 = LINE('',#2057,#2058);
#2057 = CARTESIAN_POINT('',(-60.06,-5.24,4.225034456537));
#2058 = VECTOR('',#2059,1.);
#2059 = DIRECTION('',(0.,0.,-1.));
#2060 = ORIENTED_EDGE('',*,*,#1920,.F.);
#2061 = ORIENTED_EDGE('',*,*,#2062,.F.);
#2062 = EDGE_CURVE('',#2063,#1921,#2065,.T.);
#2063 = VERTEX_POINT('',#2064);
#2064 = CARTESIAN_POINT('',(-60.06,-1.41,6.74));
#2065 = LINE('',#2066,#2067);
#2066 = CARTESIAN_POINT('',(-60.06,-1.41,6.74));
#2067 = VECTOR('',#2068,1.);
#2068 = DIRECTION('',(0.,-1.,0.));
#2069 = ORIENTED_EDGE('',*,*,#2070,.F.);
#2070 = EDGE_CURVE('',#2071,#2063,#2073,.T.);
#2071 = VERTEX_POINT('',#2072);
#2072 = CARTESIAN_POINT('',(-60.06,-1.41,8.24));
#2073 = LINE('',#2074,#2075);
#2074 = CARTESIAN_POINT('',(-60.06,-1.41,8.24));
#2075 = VECTOR('',#2076,1.);
#2076 = DIRECTION('',(0.,0.,-1.));
#2077 = ORIENTED_EDGE('',*,*,#2078,.F.);
#2078 = EDGE_CURVE('',#1947,#2071,#2079,.T.);
#2079 = LINE('',#2080,#2081);
#2080 = CARTESIAN_POINT('',(-60.06,-2.725034456537,8.24));
#2081 = VECTOR('',#2082,1.);
#2082 = DIRECTION('',(0.,1.,0.));
#2083 = ORIENTED_EDGE('',*,*,#1954,.F.);
#2084 = ORIENTED_EDGE('',*,*,#2085,.F.);
#2085 = EDGE_CURVE('',#2086,#1955,#2088,.T.);
#2086 = VERTEX_POINT('',#2087);
#2087 = CARTESIAN_POINT('',(-60.06,-5.24,12.07));
#2088 = LINE('',#2089,#2090);
#2089 = CARTESIAN_POINT('',(-60.06,-5.24,12.07));
#2090 = VECTOR('',#2091,1.);
#2091 = DIRECTION('',(0.,0.,-1.));
#2092 = ORIENTED_EDGE('',*,*,#2093,.F.);
#2093 = EDGE_CURVE('',#2094,#2086,#2096,.T.);
#2094 = VERTEX_POINT('',#2095);
#2095 = CARTESIAN_POINT('',(-60.06,-6.74,12.07));
#2096 = LINE('',#2097,#2098);
#2097 = CARTESIAN_POINT('',(-60.06,-6.74,12.07));
#2098 = VECTOR('',#2099,1.);
#2099 = DIRECTION('',(0.,1.,0.));
#2100 = ORIENTED_EDGE('',*,*,#2101,.F.);
#2101 = EDGE_CURVE('',#1981,#2094,#2102,.T.);
#2102 = LINE('',#2103,#2104);
#2103 = CARTESIAN_POINT('',(-60.06,-6.74,10.754965543463));
#2104 = VECTOR('',#2105,1.);
#2105 = DIRECTION('',(0.,0.,1.));
#2106 = FACE_BOUND('',#2107,.T.);
#2107 = EDGE_LOOP('',(#2108));
#2108 = ORIENTED_EDGE('',*,*,#2109,.F.);
#2109 = EDGE_CURVE('',#2110,#2110,#2112,.T.);
#2110 = VERTEX_POINT('',#2111);
#2111 = CARTESIAN_POINT('',(-60.06,-4.865,7.49));
#2112 = CIRCLE('',#2113,1.125);
#2113 = AXIS2_PLACEMENT_3D('',#2114,#2115,#2116);
#2114 = CARTESIAN_POINT('',(-60.06,-5.99,7.49));
#2115 = DIRECTION('',(1.,0.,0.));
#2116 = DIRECTION('',(0.,1.,0.));
#2117 = PLANE('',#2118);
#2118 = AXIS2_PLACEMENT_3D('',#2119,#2120,#2121);
#2119 = CARTESIAN_POINT('',(-60.06,-5.558600353478,7.49));
#2120 = DIRECTION('',(1.,0.,0.));
#2121 = DIRECTION('',(0.,0.,1.));
#2122 = ADVANCED_FACE('',(#2123),#2141,.F.);
#2123 = FACE_BOUND('',#2124,.F.);
#2124 = EDGE_LOOP('',(#2125,#2126,#2134,#2140));
#2125 = ORIENTED_EDGE('',*,*,#2039,.F.);
#2126 = ORIENTED_EDGE('',*,*,#2127,.T.);
#2127 = EDGE_CURVE('',#2040,#2128,#2130,.T.);
#2128 = VERTEX_POINT('',#2129);
#2129 = CARTESIAN_POINT('',(-60.81,-6.74,2.91));
#2130 = LINE('',#2131,#2132);
#2131 = CARTESIAN_POINT('',(-60.06,-6.74,2.91));
#2132 = VECTOR('',#2133,1.);
#2133 = DIRECTION('',(-1.,-0.,-0.));
#2134 = ORIENTED_EDGE('',*,*,#2135,.F.);
#2135 = EDGE_CURVE('',#1896,#2128,#2136,.T.);
#2136 = LINE('',#2137,#2138);
#2137 = CARTESIAN_POINT('',(-60.81,-6.74,5.149074637094));
#2138 = VECTOR('',#2139,1.);
#2139 = DIRECTION('',(0.,0.,-1.));
#2140 = ORIENTED_EDGE('',*,*,#1895,.F.);
#2141 = PLANE('',#2142);
#2142 = AXIS2_PLACEMENT_3D('',#2143,#2144,#2145);
#2143 = CARTESIAN_POINT('',(-60.06,-6.74,2.91));
#2144 = DIRECTION('',(0.,1.,0.));
#2145 = DIRECTION('',(0.,0.,1.));
#2146 = ADVANCED_FACE('',(#2147),#2165,.F.);
#2147 = FACE_BOUND('',#2148,.F.);
#2148 = EDGE_LOOP('',(#2149,#2157,#2163,#2164));
#2149 = ORIENTED_EDGE('',*,*,#2150,.T.);
#2150 = EDGE_CURVE('',#2128,#2151,#2153,.T.);
#2151 = VERTEX_POINT('',#2152);
#2152 = CARTESIAN_POINT('',(-60.81,-5.24,2.91));
#2153 = LINE('',#2154,#2155);
#2154 = CARTESIAN_POINT('',(-60.81,-2.241551275832,2.91));
#2155 = VECTOR('',#2156,1.);
#2156 = DIRECTION('',(0.,1.,0.));
#2157 = ORIENTED_EDGE('',*,*,#2158,.T.);
#2158 = EDGE_CURVE('',#2151,#1904,#2159,.T.);
#2159 = LINE('',#2160,#2161);
#2160 = CARTESIAN_POINT('',(-60.81,-5.24,5.806591865362));
#2161 = VECTOR('',#2162,1.);
#2162 = DIRECTION('',(0.,0.,1.));
#2163 = ORIENTED_EDGE('',*,*,#1903,.F.);
#2164 = ORIENTED_EDGE('',*,*,#2135,.T.);
#2165 = PLANE('',#2166);
#2166 = AXIS2_PLACEMENT_3D('',#2167,#2168,#2169);
#2167 = CARTESIAN_POINT('',(-60.81,0.756897448336,7.388149274187));
#2168 = DIRECTION('',(1.,0.,0.));
#2169 = DIRECTION('',(0.,0.,1.));
#2170 = ADVANCED_FACE('',(#2171),#2189,.F.);
#2171 = FACE_BOUND('',#2172,.F.);
#2172 = EDGE_LOOP('',(#2173,#2174,#2175,#2183));
#2173 = ORIENTED_EDGE('',*,*,#2101,.F.);
#2174 = ORIENTED_EDGE('',*,*,#1980,.T.);
#2175 = ORIENTED_EDGE('',*,*,#2176,.F.);
#2176 = EDGE_CURVE('',#2177,#1972,#2179,.T.);
#2177 = VERTEX_POINT('',#2178);
#2178 = CARTESIAN_POINT('',(-60.81,-6.74,12.07));
#2179 = LINE('',#2180,#2181);
#2180 = CARTESIAN_POINT('',(-60.81,-6.74,9.071557408825));
#2181 = VECTOR('',#2182,1.);
#2182 = DIRECTION('',(0.,0.,-1.));
#2183 = ORIENTED_EDGE('',*,*,#2184,.F.);
#2184 = EDGE_CURVE('',#2094,#2177,#2185,.T.);
#2185 = LINE('',#2186,#2187);
#2186 = CARTESIAN_POINT('',(-60.06,-6.74,12.07));
#2187 = VECTOR('',#2188,1.);
#2188 = DIRECTION('',(-1.,-0.,-0.));
#2189 = PLANE('',#2190);
#2190 = AXIS2_PLACEMENT_3D('',#2191,#2192,#2193);
#2191 = CARTESIAN_POINT('',(-60.06,-6.74,10.754965543463));
#2192 = DIRECTION('',(0.,1.,0.));
#2193 = DIRECTION('',(0.,0.,1.));
#2194 = ADVANCED_FACE('',(#2195),#2206,.F.);
#2195 = FACE_BOUND('',#2196,.F.);
#2196 = EDGE_LOOP('',(#2197,#2198,#2199,#2200));
#2197 = ORIENTED_EDGE('',*,*,#2055,.F.);
#2198 = ORIENTED_EDGE('',*,*,#1912,.T.);
#2199 = ORIENTED_EDGE('',*,*,#2158,.F.);
#2200 = ORIENTED_EDGE('',*,*,#2201,.F.);
#2201 = EDGE_CURVE('',#2048,#2151,#2202,.T.);
#2202 = LINE('',#2203,#2204);
#2203 = CARTESIAN_POINT('',(-60.06,-5.24,2.91));
#2204 = VECTOR('',#2205,1.);
#2205 = DIRECTION('',(-1.,-0.,-0.));
#2206 = PLANE('',#2207);
#2207 = AXIS2_PLACEMENT_3D('',#2208,#2209,#2210);
#2208 = CARTESIAN_POINT('',(-60.06,-5.24,4.225034456537));
#2209 = DIRECTION('',(0.,-1.,0.));
#2210 = DIRECTION('',(0.,0.,-1.));
#2211 = ADVANCED_FACE('',(#2212),#2230,.F.);
#2212 = FACE_BOUND('',#2213,.F.);
#2213 = EDGE_LOOP('',(#2214,#2222,#2223,#2224));
#2214 = ORIENTED_EDGE('',*,*,#2215,.T.);
#2215 = EDGE_CURVE('',#2216,#2177,#2218,.T.);
#2216 = VERTEX_POINT('',#2217);
#2217 = CARTESIAN_POINT('',(-60.81,-5.24,12.07));
#2218 = LINE('',#2219,#2220);
#2219 = CARTESIAN_POINT('',(-60.81,-2.991551275832,12.07));
#2220 = VECTOR('',#2221,1.);
#2221 = DIRECTION('',(0.,-1.,0.));
#2222 = ORIENTED_EDGE('',*,*,#2176,.T.);
#2223 = ORIENTED_EDGE('',*,*,#1971,.F.);
#2224 = ORIENTED_EDGE('',*,*,#2225,.T.);
#2225 = EDGE_CURVE('',#1964,#2216,#2226,.T.);
#2226 = LINE('',#2227,#2228);
#2227 = CARTESIAN_POINT('',(-60.81,-5.24,9.729074637094));
#2228 = VECTOR('',#2229,1.);
#2229 = DIRECTION('',(0.,0.,1.));
#2230 = PLANE('',#2231);
#2231 = AXIS2_PLACEMENT_3D('',#2232,#2233,#2234);
#2232 = CARTESIAN_POINT('',(-60.81,0.756897448336,7.388149274187));
#2233 = DIRECTION('',(1.,0.,0.));
#2234 = DIRECTION('',(0.,0.,1.));
#2235 = ADVANCED_FACE('',(#2236),#2247,.F.);
#2236 = FACE_BOUND('',#2237,.F.);
#2237 = EDGE_LOOP('',(#2238,#2239,#2245,#2246));
#2238 = ORIENTED_EDGE('',*,*,#2085,.F.);
#2239 = ORIENTED_EDGE('',*,*,#2240,.T.);
#2240 = EDGE_CURVE('',#2086,#2216,#2241,.T.);
#2241 = LINE('',#2242,#2243);
#2242 = CARTESIAN_POINT('',(-60.06,-5.24,12.07));
#2243 = VECTOR('',#2244,1.);
#2244 = DIRECTION('',(-1.,-0.,-0.));
#2245 = ORIENTED_EDGE('',*,*,#2225,.F.);
#2246 = ORIENTED_EDGE('',*,*,#1963,.F.);
#2247 = PLANE('',#2248);
#2248 = AXIS2_PLACEMENT_3D('',#2249,#2250,#2251);
#2249 = CARTESIAN_POINT('',(-60.06,-5.24,12.07));
#2250 = DIRECTION('',(0.,-1.,0.));
#2251 = DIRECTION('',(0.,0.,-1.));
#2252 = ADVANCED_FACE('',(#2253),#2271,.F.);
#2253 = FACE_BOUND('',#2254,.F.);
#2254 = EDGE_LOOP('',(#2255,#2256,#2264,#2270));
#2255 = ORIENTED_EDGE('',*,*,#2062,.F.);
#2256 = ORIENTED_EDGE('',*,*,#2257,.T.);
#2257 = EDGE_CURVE('',#2063,#2258,#2260,.T.);
#2258 = VERTEX_POINT('',#2259);
#2259 = CARTESIAN_POINT('',(-60.81,-1.41,6.74));
#2260 = LINE('',#2261,#2262);
#2261 = CARTESIAN_POINT('',(-60.06,-1.41,6.74));
#2262 = VECTOR('',#2263,1.);
#2263 = DIRECTION('',(-1.,-0.,-0.));
#2264 = ORIENTED_EDGE('',*,*,#2265,.F.);
#2265 = EDGE_CURVE('',#1930,#2258,#2266,.T.);
#2266 = LINE('',#2267,#2268);
#2267 = CARTESIAN_POINT('',(-60.81,-0.326551275832,6.74));
#2268 = VECTOR('',#2269,1.);
#2269 = DIRECTION('',(0.,1.,0.));
#2270 = ORIENTED_EDGE('',*,*,#1929,.F.);
#2271 = PLANE('',#2272);
#2272 = AXIS2_PLACEMENT_3D('',#2273,#2274,#2275);
#2273 = CARTESIAN_POINT('',(-60.06,-1.41,6.74));
#2274 = DIRECTION('',(0.,0.,1.));
#2275 = DIRECTION('',(0.,-1.,0.));
#2276 = ADVANCED_FACE('',(#2277),#2295,.F.);
#2277 = FACE_BOUND('',#2278,.F.);
#2278 = EDGE_LOOP('',(#2279,#2287,#2293,#2294));
#2279 = ORIENTED_EDGE('',*,*,#2280,.T.);
#2280 = EDGE_CURVE('',#2258,#2281,#2283,.T.);
#2281 = VERTEX_POINT('',#2282);
#2282 = CARTESIAN_POINT('',(-60.81,-1.41,8.24));
#2283 = LINE('',#2284,#2285);
#2284 = CARTESIAN_POINT('',(-60.81,-1.41,7.814074637094));
#2285 = VECTOR('',#2286,1.);
#2286 = DIRECTION('',(0.,0.,1.));
#2287 = ORIENTED_EDGE('',*,*,#2288,.T.);
#2288 = EDGE_CURVE('',#2281,#1938,#2289,.T.);
#2289 = LINE('',#2290,#2291);
#2290 = CARTESIAN_POINT('',(-60.81,-0.984068504101,8.24));
#2291 = VECTOR('',#2292,1.);
#2292 = DIRECTION('',(0.,-1.,0.));
#2293 = ORIENTED_EDGE('',*,*,#1937,.F.);
#2294 = ORIENTED_EDGE('',*,*,#2265,.T.);
#2295 = PLANE('',#2296);
#2296 = AXIS2_PLACEMENT_3D('',#2297,#2298,#2299);
#2297 = CARTESIAN_POINT('',(-60.81,0.756897448336,7.388149274187));
#2298 = DIRECTION('',(1.,0.,0.));
#2299 = DIRECTION('',(0.,0.,1.));
#2300 = ADVANCED_FACE('',(#2301),#2312,.F.);
#2301 = FACE_BOUND('',#2302,.F.);
#2302 = EDGE_LOOP('',(#2303,#2304,#2305,#2306));
#2303 = ORIENTED_EDGE('',*,*,#2078,.F.);
#2304 = ORIENTED_EDGE('',*,*,#1946,.T.);
#2305 = ORIENTED_EDGE('',*,*,#2288,.F.);
#2306 = ORIENTED_EDGE('',*,*,#2307,.F.);
#2307 = EDGE_CURVE('',#2071,#2281,#2308,.T.);
#2308 = LINE('',#2309,#2310);
#2309 = CARTESIAN_POINT('',(-60.06,-1.41,8.24));
#2310 = VECTOR('',#2311,1.);
#2311 = DIRECTION('',(-1.,-0.,-0.));
#2312 = PLANE('',#2313);
#2313 = AXIS2_PLACEMENT_3D('',#2314,#2315,#2316);
#2314 = CARTESIAN_POINT('',(-60.06,-2.725034456537,8.24));
#2315 = DIRECTION('',(0.,0.,-1.));
#2316 = DIRECTION('',(0.,1.,0.));
#2317 = ADVANCED_FACE('',(#2318,#2321),#2371,.F.);
#2318 = FACE_BOUND('',#2319,.F.);
#2319 = EDGE_LOOP('',(#2320));
#2320 = ORIENTED_EDGE('',*,*,#2022,.F.);
#2321 = FACE_BOUND('',#2322,.F.);
#2322 = EDGE_LOOP('',(#2323,#2333,#2341,#2349,#2357,#2365));
#2323 = ORIENTED_EDGE('',*,*,#2324,.T.);
#2324 = EDGE_CURVE('',#2325,#2327,#2329,.T.);
#2325 = VERTEX_POINT('',#2326);
#2326 = CARTESIAN_POINT('',(-63.81,-4.681852454814,7.756066017195));
#2327 = VERTEX_POINT('',#2328);
#2328 = CARTESIAN_POINT('',(-63.81,-3.974745673618,7.04895923599));
#2329 = LINE('',#2330,#2331);
#2330 = CARTESIAN_POINT('',(-63.81,-4.681852454814,7.756066017195));
#2331 = VECTOR('',#2332,1.);
#2332 = DIRECTION('',(-0.,0.707106781182,-0.707106781191));
#2333 = ORIENTED_EDGE('',*,*,#2334,.T.);
#2334 = EDGE_CURVE('',#2327,#2335,#2337,.T.);
#2335 = VERTEX_POINT('',#2336);
#2336 = CARTESIAN_POINT('',(-63.81,-5.38895923599,5.634745673618));
#2337 = LINE('',#2338,#2339);
#2338 = CARTESIAN_POINT('',(-63.81,-3.974745673618,7.04895923599));
#2339 = VECTOR('',#2340,1.);
#2340 = DIRECTION('',(0.,-0.707106781187,-0.707106781187));
#2341 = ORIENTED_EDGE('',*,*,#2342,.T.);
#2342 = EDGE_CURVE('',#2335,#2343,#2345,.T.);
#2343 = VERTEX_POINT('',#2344);
#2344 = CARTESIAN_POINT('',(-63.81,-8.005254326382,8.25104076401));
#2345 = LINE('',#2346,#2347);
#2346 = CARTESIAN_POINT('',(-63.81,-5.38895923599,5.634745673618));
#2347 = VECTOR('',#2348,1.);
#2348 = DIRECTION('',(0.,-0.707106781187,0.707106781187));
#2349 = ORIENTED_EDGE('',*,*,#2350,.T.);
#2350 = EDGE_CURVE('',#2343,#2351,#2353,.T.);
#2351 = VERTEX_POINT('',#2352);
#2352 = CARTESIAN_POINT('',(-63.81,-7.298147545195,8.958147545197));
#2353 = LINE('',#2354,#2355);
#2354 = CARTESIAN_POINT('',(-63.81,-8.005254326382,8.25104076401));
#2355 = VECTOR('',#2356,1.);
#2356 = DIRECTION('',(0.,0.707106781187,0.707106781187));
#2357 = ORIENTED_EDGE('',*,*,#2358,.T.);
#2358 = EDGE_CURVE('',#2351,#2359,#2361,.T.);
#2359 = VERTEX_POINT('',#2360);
#2360 = CARTESIAN_POINT('',(-63.81,-5.388959236009,7.04895923601));
#2361 = LINE('',#2362,#2363);
#2362 = CARTESIAN_POINT('',(-63.81,-7.298147545195,8.958147545197));
#2363 = VECTOR('',#2364,1.);
#2364 = DIRECTION('',(-0.,0.707106781187,-0.707106781187));
#2365 = ORIENTED_EDGE('',*,*,#2366,.T.);
#2366 = EDGE_CURVE('',#2359,#2325,#2367,.T.);
#2367 = LINE('',#2368,#2369);
#2368 = CARTESIAN_POINT('',(-63.81,-5.388959236009,7.04895923601));
#2369 = VECTOR('',#2370,1.);
#2370 = DIRECTION('',(0.,0.707106781191,0.707106781182));
#2371 = PLANE('',#2372);
#2372 = AXIS2_PLACEMENT_3D('',#2373,#2374,#2375);
#2373 = CARTESIAN_POINT('',(-63.81,0.507427184833,7.497683131549));
#2374 = DIRECTION('',(1.,0.,0.));
#2375 = DIRECTION('',(0.,0.,1.));
#2376 = ADVANCED_FACE('',(#2377),#2383,.F.);
#2377 = FACE_BOUND('',#2378,.F.);
#2378 = EDGE_LOOP('',(#2379,#2380,#2381,#2382));
#2379 = ORIENTED_EDGE('',*,*,#2093,.F.);
#2380 = ORIENTED_EDGE('',*,*,#2184,.T.);
#2381 = ORIENTED_EDGE('',*,*,#2215,.F.);
#2382 = ORIENTED_EDGE('',*,*,#2240,.F.);
#2383 = PLANE('',#2384);
#2384 = AXIS2_PLACEMENT_3D('',#2385,#2386,#2387);
#2385 = CARTESIAN_POINT('',(-60.06,-6.74,12.07));
#2386 = DIRECTION('',(0.,0.,-1.));
#2387 = DIRECTION('',(0.,1.,0.));
#2388 = ADVANCED_FACE('',(#2389),#2395,.F.);
#2389 = FACE_BOUND('',#2390,.F.);
#2390 = EDGE_LOOP('',(#2391,#2392,#2393,#2394));
#2391 = ORIENTED_EDGE('',*,*,#2047,.F.);
#2392 = ORIENTED_EDGE('',*,*,#2201,.T.);
#2393 = ORIENTED_EDGE('',*,*,#2150,.F.);
#2394 = ORIENTED_EDGE('',*,*,#2127,.F.);
#2395 = PLANE('',#2396);
#2396 = AXIS2_PLACEMENT_3D('',#2397,#2398,#2399);
#2397 = CARTESIAN_POINT('',(-60.06,-5.24,2.91));
#2398 = DIRECTION('',(0.,0.,1.));
#2399 = DIRECTION('',(0.,-1.,0.));
#2400 = ADVANCED_FACE('',(#2401),#2407,.F.);
#2401 = FACE_BOUND('',#2402,.F.);
#2402 = EDGE_LOOP('',(#2403,#2404,#2405,#2406));
#2403 = ORIENTED_EDGE('',*,*,#2070,.F.);
#2404 = ORIENTED_EDGE('',*,*,#2307,.T.);
#2405 = ORIENTED_EDGE('',*,*,#2280,.F.);
#2406 = ORIENTED_EDGE('',*,*,#2257,.F.);
#2407 = PLANE('',#2408);
#2408 = AXIS2_PLACEMENT_3D('',#2409,#2410,#2411);
#2409 = CARTESIAN_POINT('',(-60.06,-1.41,8.24));
#2410 = DIRECTION('',(0.,-1.,0.));
#2411 = DIRECTION('',(0.,0.,-1.));
#2412 = ADVANCED_FACE('',(#2413),#2432,.F.);
#2413 = FACE_BOUND('',#2414,.F.);
#2414 = EDGE_LOOP('',(#2415,#2423,#2430,#2431));
#2415 = ORIENTED_EDGE('',*,*,#2416,.T.);
#2416 = EDGE_CURVE('',#2110,#2417,#2419,.T.);
#2417 = VERTEX_POINT('',#2418);
#2418 = CARTESIAN_POINT('',(-61.86,-4.865,7.49));
#2419 = LINE('',#2420,#2421);
#2420 = CARTESIAN_POINT('',(-60.06,-4.865,7.49));
#2421 = VECTOR('',#2422,1.);
#2422 = DIRECTION('',(-1.,-0.,-0.));
#2423 = ORIENTED_EDGE('',*,*,#2424,.T.);
#2424 = EDGE_CURVE('',#2417,#2417,#2425,.T.);
#2425 = CIRCLE('',#2426,1.125);
#2426 = AXIS2_PLACEMENT_3D('',#2427,#2428,#2429);
#2427 = CARTESIAN_POINT('',(-61.86,-5.99,7.49));
#2428 = DIRECTION('',(1.,0.,0.));
#2429 = DIRECTION('',(0.,1.,0.));
#2430 = ORIENTED_EDGE('',*,*,#2416,.F.);
#2431 = ORIENTED_EDGE('',*,*,#2109,.F.);
#2432 = CYLINDRICAL_SURFACE('',#2433,1.125);
#2433 = AXIS2_PLACEMENT_3D('',#2434,#2435,#2436);
#2434 = CARTESIAN_POINT('',(-60.06,-5.99,7.49));
#2435 = DIRECTION('',(1.,0.,0.));
#2436 = DIRECTION('',(0.,1.,0.));
#2437 = ADVANCED_FACE('',(#2438),#2463,.F.);
#2438 = FACE_BOUND('',#2439,.F.);
#2439 = EDGE_LOOP('',(#2440,#2448,#2456,#2462));
#2440 = ORIENTED_EDGE('',*,*,#2441,.T.);
#2441 = EDGE_CURVE('',#2325,#2442,#2444,.T.);
#2442 = VERTEX_POINT('',#2443);
#2443 = CARTESIAN_POINT('',(-63.31,-4.681852454814,7.756066017195));
#2444 = LINE('',#2445,#2446);
#2445 = CARTESIAN_POINT('',(-63.81,-4.681852454814,7.756066017195));
#2446 = VECTOR('',#2447,1.);
#2447 = DIRECTION('',(1.,0.,0.));
#2448 = ORIENTED_EDGE('',*,*,#2449,.T.);
#2449 = EDGE_CURVE('',#2442,#2450,#2452,.T.);
#2450 = VERTEX_POINT('',#2451);
#2451 = CARTESIAN_POINT('',(-63.31,-3.974745673618,7.04895923599));
#2452 = LINE('',#2453,#2454);
#2453 = CARTESIAN_POINT('',(-63.31,-4.681852454814,7.756066017195));
#2454 = VECTOR('',#2455,1.);
#2455 = DIRECTION('',(-0.,0.707106781182,-0.707106781191));
#2456 = ORIENTED_EDGE('',*,*,#2457,.F.);
#2457 = EDGE_CURVE('',#2327,#2450,#2458,.T.);
#2458 = LINE('',#2459,#2460);
#2459 = CARTESIAN_POINT('',(-63.81,-3.974745673618,7.04895923599));
#2460 = VECTOR('',#2461,1.);
#2461 = DIRECTION('',(1.,0.,0.));
#2462 = ORIENTED_EDGE('',*,*,#2324,.F.);
#2463 = PLANE('',#2464);
#2464 = AXIS2_PLACEMENT_3D('',#2465,#2466,#2467);
#2465 = CARTESIAN_POINT('',(-63.81,-4.681852454814,7.756066017195));
#2466 = DIRECTION('',(0.,0.707106781191,0.707106781182));
#2467 = DIRECTION('',(0.,0.707106781182,-0.707106781191));
#2468 = ADVANCED_FACE('',(#2469),#2487,.F.);
#2469 = FACE_BOUND('',#2470,.F.);
#2470 = EDGE_LOOP('',(#2471,#2479,#2485,#2486));
#2471 = ORIENTED_EDGE('',*,*,#2472,.T.);
#2472 = EDGE_CURVE('',#2359,#2473,#2475,.T.);
#2473 = VERTEX_POINT('',#2474);
#2474 = CARTESIAN_POINT('',(-63.31,-5.388959236009,7.04895923601));
#2475 = LINE('',#2476,#2477);
#2476 = CARTESIAN_POINT('',(-63.81,-5.388959236009,7.04895923601));
#2477 = VECTOR('',#2478,1.);
#2478 = DIRECTION('',(1.,0.,0.));
#2479 = ORIENTED_EDGE('',*,*,#2480,.T.);
#2480 = EDGE_CURVE('',#2473,#2442,#2481,.T.);
#2481 = LINE('',#2482,#2483);
#2482 = CARTESIAN_POINT('',(-63.31,-5.388959236009,7.04895923601));
#2483 = VECTOR('',#2484,1.);
#2484 = DIRECTION('',(0.,0.707106781191,0.707106781182));
#2485 = ORIENTED_EDGE('',*,*,#2441,.F.);
#2486 = ORIENTED_EDGE('',*,*,#2366,.F.);
#2487 = PLANE('',#2488);
#2488 = AXIS2_PLACEMENT_3D('',#2489,#2490,#2491);
#2489 = CARTESIAN_POINT('',(-63.81,-5.388959236009,7.04895923601));
#2490 = DIRECTION('',(0.,-0.707106781182,0.707106781191));
#2491 = DIRECTION('',(0.,0.707106781191,0.707106781182));
#2492 = ADVANCED_FACE('',(#2493),#2511,.F.);
#2493 = FACE_BOUND('',#2494,.F.);
#2494 = EDGE_LOOP('',(#2495,#2503,#2509,#2510));
#2495 = ORIENTED_EDGE('',*,*,#2496,.T.);
#2496 = EDGE_CURVE('',#2351,#2497,#2499,.T.);
#2497 = VERTEX_POINT('',#2498);
#2498 = CARTESIAN_POINT('',(-63.31,-7.298147545195,8.958147545197));
#2499 = LINE('',#2500,#2501);
#2500 = CARTESIAN_POINT('',(-63.81,-7.298147545195,8.958147545197));
#2501 = VECTOR('',#2502,1.);
#2502 = DIRECTION('',(1.,0.,0.));
#2503 = ORIENTED_EDGE('',*,*,#2504,.T.);
#2504 = EDGE_CURVE('',#2497,#2473,#2505,.T.);
#2505 = LINE('',#2506,#2507);
#2506 = CARTESIAN_POINT('',(-63.31,-7.298147545195,8.958147545197));
#2507 = VECTOR('',#2508,1.);
#2508 = DIRECTION('',(-0.,0.707106781187,-0.707106781187));
#2509 = ORIENTED_EDGE('',*,*,#2472,.F.);
#2510 = ORIENTED_EDGE('',*,*,#2358,.F.);
#2511 = PLANE('',#2512);
#2512 = AXIS2_PLACEMENT_3D('',#2513,#2514,#2515);
#2513 = CARTESIAN_POINT('',(-63.81,-7.298147545195,8.958147545197));
#2514 = DIRECTION('',(0.,0.707106781187,0.707106781187));
#2515 = DIRECTION('',(0.,0.707106781187,-0.707106781187));
#2516 = ADVANCED_FACE('',(#2517),#2535,.F.);
#2517 = FACE_BOUND('',#2518,.F.);
#2518 = EDGE_LOOP('',(#2519,#2527,#2533,#2534));
#2519 = ORIENTED_EDGE('',*,*,#2520,.T.);
#2520 = EDGE_CURVE('',#2343,#2521,#2523,.T.);
#2521 = VERTEX_POINT('',#2522);
#2522 = CARTESIAN_POINT('',(-63.31,-8.005254326382,8.25104076401));
#2523 = LINE('',#2524,#2525);
#2524 = CARTESIAN_POINT('',(-63.81,-8.005254326382,8.25104076401));
#2525 = VECTOR('',#2526,1.);
#2526 = DIRECTION('',(1.,0.,0.));
#2527 = ORIENTED_EDGE('',*,*,#2528,.T.);
#2528 = EDGE_CURVE('',#2521,#2497,#2529,.T.);
#2529 = LINE('',#2530,#2531);
#2530 = CARTESIAN_POINT('',(-63.31,-8.005254326382,8.25104076401));
#2531 = VECTOR('',#2532,1.);
#2532 = DIRECTION('',(0.,0.707106781187,0.707106781187));
#2533 = ORIENTED_EDGE('',*,*,#2496,.F.);
#2534 = ORIENTED_EDGE('',*,*,#2350,.F.);
#2535 = PLANE('',#2536);
#2536 = AXIS2_PLACEMENT_3D('',#2537,#2538,#2539);
#2537 = CARTESIAN_POINT('',(-63.81,-8.005254326382,8.25104076401));
#2538 = DIRECTION('',(0.,-0.707106781187,0.707106781187));
#2539 = DIRECTION('',(0.,0.707106781187,0.707106781187));
#2540 = ADVANCED_FACE('',(#2541),#2559,.F.);
#2541 = FACE_BOUND('',#2542,.F.);
#2542 = EDGE_LOOP('',(#2543,#2551,#2557,#2558));
#2543 = ORIENTED_EDGE('',*,*,#2544,.T.);
#2544 = EDGE_CURVE('',#2335,#2545,#2547,.T.);
#2545 = VERTEX_POINT('',#2546);
#2546 = CARTESIAN_POINT('',(-63.31,-5.38895923599,5.634745673618));
#2547 = LINE('',#2548,#2549);
#2548 = CARTESIAN_POINT('',(-63.81,-5.38895923599,5.634745673618));
#2549 = VECTOR('',#2550,1.);
#2550 = DIRECTION('',(1.,0.,0.));
#2551 = ORIENTED_EDGE('',*,*,#2552,.T.);
#2552 = EDGE_CURVE('',#2545,#2521,#2553,.T.);
#2553 = LINE('',#2554,#2555);
#2554 = CARTESIAN_POINT('',(-63.31,-5.38895923599,5.634745673618));
#2555 = VECTOR('',#2556,1.);
#2556 = DIRECTION('',(0.,-0.707106781187,0.707106781187));
#2557 = ORIENTED_EDGE('',*,*,#2520,.F.);
#2558 = ORIENTED_EDGE('',*,*,#2342,.F.);
#2559 = PLANE('',#2560);
#2560 = AXIS2_PLACEMENT_3D('',#2561,#2562,#2563);
#2561 = CARTESIAN_POINT('',(-63.81,-5.38895923599,5.634745673618));
#2562 = DIRECTION('',(0.,-0.707106781187,-0.707106781187));
#2563 = DIRECTION('',(0.,-0.707106781187,0.707106781187));
#2564 = ADVANCED_FACE('',(#2565),#2576,.F.);
#2565 = FACE_BOUND('',#2566,.F.);
#2566 = EDGE_LOOP('',(#2567,#2568,#2574,#2575));
#2567 = ORIENTED_EDGE('',*,*,#2457,.T.);
#2568 = ORIENTED_EDGE('',*,*,#2569,.T.);
#2569 = EDGE_CURVE('',#2450,#2545,#2570,.T.);
#2570 = LINE('',#2571,#2572);
#2571 = CARTESIAN_POINT('',(-63.31,-3.974745673618,7.04895923599));
#2572 = VECTOR('',#2573,1.);
#2573 = DIRECTION('',(0.,-0.707106781187,-0.707106781187));
#2574 = ORIENTED_EDGE('',*,*,#2544,.F.);
#2575 = ORIENTED_EDGE('',*,*,#2334,.F.);
#2576 = PLANE('',#2577);
#2577 = AXIS2_PLACEMENT_3D('',#2578,#2579,#2580);
#2578 = CARTESIAN_POINT('',(-63.81,-3.974745673618,7.04895923599));
#2579 = DIRECTION('',(0.,0.707106781187,-0.707106781187));
#2580 = DIRECTION('',(0.,-0.707106781187,-0.707106781187));
#2581 = ADVANCED_FACE('',(#2582),#2585,.T.);
#2582 = FACE_BOUND('',#2583,.T.);
#2583 = EDGE_LOOP('',(#2584));
#2584 = ORIENTED_EDGE('',*,*,#2424,.T.);
#2585 = PLANE('',#2586);
#2586 = AXIS2_PLACEMENT_3D('',#2587,#2588,#2589);
#2587 = CARTESIAN_POINT('',(-61.86,0.509212733996,7.490007615577));
#2588 = DIRECTION('',(1.,0.,0.));
#2589 = DIRECTION('',(0.,0.,1.));
#2590 = ADVANCED_FACE('',(#2591),#2599,.F.);
#2591 = FACE_BOUND('',#2592,.T.);
#2592 = EDGE_LOOP('',(#2593,#2594,#2595,#2596,#2597,#2598));
#2593 = ORIENTED_EDGE('',*,*,#2569,.T.);
#2594 = ORIENTED_EDGE('',*,*,#2552,.T.);
#2595 = ORIENTED_EDGE('',*,*,#2528,.T.);
#2596 = ORIENTED_EDGE('',*,*,#2504,.T.);
#2597 = ORIENTED_EDGE('',*,*,#2480,.T.);
#2598 = ORIENTED_EDGE('',*,*,#2449,.T.);
#2599 = PLANE('',#2600);
#2600 = AXIS2_PLACEMENT_3D('',#2601,#2602,#2603);
#2601 = CARTESIAN_POINT('',(-63.31,0.976660316306,7.458915936585));
#2602 = DIRECTION('',(1.,0.,0.));
#2603 = DIRECTION('',(0.,0.,1.));
#2604 = MANIFOLD_SOLID_BREP('',#2605);
#2605 = CLOSED_SHELL('',(#2606,#2691,#2724,#2750,#2776,#2801,#2826,#2844
    ,#2875,#2899,#2916,#2979,#3004,#3029,#3085,#3141,#3159,#3170,#3264,
    #3288,#3312,#3329,#3353,#3377,#3394,#3418,#3442,#3459,#3471,#3483,
    #3495,#3520));
#2606 = ADVANCED_FACE('',(#2607,#2660),#2686,.F.);
#2607 = FACE_BOUND('',#2608,.F.);
#2608 = EDGE_LOOP('',(#2609,#2619,#2628,#2636,#2645,#2653));
#2609 = ORIENTED_EDGE('',*,*,#2610,.T.);
#2610 = EDGE_CURVE('',#2611,#2613,#2615,.T.);
#2611 = VERTEX_POINT('',#2612);
#2612 = CARTESIAN_POINT('',(-63.81,3.16337488125,3.36));
#2613 = VERTEX_POINT('',#2614);
#2614 = CARTESIAN_POINT('',(-63.81,-2.14337488125,3.36));
#2615 = LINE('',#2616,#2617);
#2616 = CARTESIAN_POINT('',(-63.81,3.16337488125,3.36));
#2617 = VECTOR('',#2618,1.);
#2618 = DIRECTION('',(0.,-1.,0.));
#2619 = ORIENTED_EDGE('',*,*,#2620,.T.);
#2620 = EDGE_CURVE('',#2613,#2621,#2623,.T.);
#2621 = VERTEX_POINT('',#2622);
#2622 = CARTESIAN_POINT('',(-63.81,-2.697102814959,2.107861286628));
#2623 = CIRCLE('',#2624,0.750004555921);
#2624 = AXIS2_PLACEMENT_3D('',#2625,#2626,#2627);
#2625 = CARTESIAN_POINT('',(-63.81,-2.14,2.61));
#2626 = DIRECTION('',(1.,0.,0.));
#2627 = DIRECTION('',(0.,-2.699895159235E-03,0.999996355276));
#2628 = ORIENTED_EDGE('',*,*,#2629,.T.);
#2629 = EDGE_CURVE('',#2621,#2630,#2632,.T.);
#2630 = VERTEX_POINT('',#2631);
#2631 = CARTESIAN_POINT('',(-63.81,-5.070586850009E-02,-0.844195255703)
  );
#2632 = LINE('',#2633,#2634);
#2633 = CARTESIAN_POINT('',(-63.81,-2.696200359514,2.106857326497));
#2634 = VECTOR('',#2635,1.);
#2635 = DIRECTION('',(0.,0.667506297229,-0.744604151989));
#2636 = ORIENTED_EDGE('',*,*,#2637,.T.);
#2637 = EDGE_CURVE('',#2630,#2638,#2640,.T.);
#2638 = VERTEX_POINT('',#2639);
#2639 = CARTESIAN_POINT('',(-63.81,1.067102814959,-0.848217196769));
#2640 = CIRCLE('',#2641,0.750004555921);
#2641 = AXIS2_PLACEMENT_3D('',#2642,#2643,#2644);
#2642 = CARTESIAN_POINT('',(-63.81,0.51,-0.346078483397));
#2643 = DIRECTION('',(1.,0.,0.));
#2644 = DIRECTION('',(0.,-0.746403635151,-0.665493511188));
#2645 = ORIENTED_EDGE('',*,*,#2646,.T.);
#2646 = EDGE_CURVE('',#2638,#2647,#2649,.T.);
#2647 = VERTEX_POINT('',#2648);
#2648 = CARTESIAN_POINT('',(-63.81,3.72070586847,2.111883227659));
#2649 = LINE('',#2650,#2651);
#2650 = CARTESIAN_POINT('',(-63.81,1.066200359514,-0.8492211569));
#2651 = VECTOR('',#2652,1.);
#2652 = DIRECTION('',(0.,0.667506297229,0.744604151989));
#2653 = ORIENTED_EDGE('',*,*,#2654,.T.);
#2654 = EDGE_CURVE('',#2647,#2611,#2655,.T.);
#2655 = CIRCLE('',#2656,0.750004555921);
#2656 = AXIS2_PLACEMENT_3D('',#2657,#2658,#2659);
#2657 = CARTESIAN_POINT('',(-63.81,3.16,2.61));
#2658 = DIRECTION('',(1.,-0.,0.));
#2659 = DIRECTION('',(0.,0.746403635127,-0.665493511215));
#2660 = FACE_BOUND('',#2661,.F.);
#2661 = EDGE_LOOP('',(#2662,#2672,#2680));
#2662 = ORIENTED_EDGE('',*,*,#2663,.F.);
#2663 = EDGE_CURVE('',#2664,#2666,#2668,.T.);
#2664 = VERTEX_POINT('',#2665);
#2665 = CARTESIAN_POINT('',(-63.81,2.600136650872,2.36));
#2666 = VERTEX_POINT('',#2667);
#2667 = CARTESIAN_POINT('',(-63.81,-1.580136650872,2.36));
#2668 = LINE('',#2669,#2670);
#2669 = CARTESIAN_POINT('',(-63.81,2.600136650872,2.36));
#2670 = VECTOR('',#2671,1.);
#2671 = DIRECTION('',(0.,-1.,0.));
#2672 = ORIENTED_EDGE('',*,*,#2673,.F.);
#2673 = EDGE_CURVE('',#2674,#2664,#2676,.T.);
#2674 = VERTEX_POINT('',#2675);
#2675 = CARTESIAN_POINT('',(-63.81,0.51,2.844981849003E-02));
#2676 = LINE('',#2677,#2678);
#2677 = CARTESIAN_POINT('',(-63.81,0.51,2.844981849003E-02));
#2678 = VECTOR('',#2679,1.);
#2679 = DIRECTION('',(0.,0.667506297229,0.744604151989));
#2680 = ORIENTED_EDGE('',*,*,#2681,.F.);
#2681 = EDGE_CURVE('',#2666,#2674,#2682,.T.);
#2682 = LINE('',#2683,#2684);
#2683 = CARTESIAN_POINT('',(-63.81,-1.580136650872,2.36));
#2684 = VECTOR('',#2685,1.);
#2685 = DIRECTION('',(-0.,0.667506297229,-0.744604151989));
#2686 = PLANE('',#2687);
#2687 = AXIS2_PLACEMENT_3D('',#2688,#2689,#2690);
#2688 = CARTESIAN_POINT('',(-63.81,0.507427184833,7.497683131549));
#2689 = DIRECTION('',(1.,0.,0.));
#2690 = DIRECTION('',(0.,0.,1.));
#2691 = ADVANCED_FACE('',(#2692),#2719,.T.);
#2692 = FACE_BOUND('',#2693,.F.);
#2693 = EDGE_LOOP('',(#2694,#2703,#2711,#2718));
#2694 = ORIENTED_EDGE('',*,*,#2695,.T.);
#2695 = EDGE_CURVE('',#2611,#2696,#2698,.T.);
#2696 = VERTEX_POINT('',#2697);
#2697 = CARTESIAN_POINT('',(-63.31,3.16337488125,3.86));
#2698 = CIRCLE('',#2699,0.5);
#2699 = AXIS2_PLACEMENT_3D('',#2700,#2701,#2702);
#2700 = CARTESIAN_POINT('',(-63.31,3.16337488125,3.36));
#2701 = DIRECTION('',(0.,1.,-0.));
#2702 = DIRECTION('',(-1.,0.,0.));
#2703 = ORIENTED_EDGE('',*,*,#2704,.T.);
#2704 = EDGE_CURVE('',#2696,#2705,#2707,.T.);
#2705 = VERTEX_POINT('',#2706);
#2706 = CARTESIAN_POINT('',(-63.31,-2.14337488125,3.86));
#2707 = LINE('',#2708,#2709);
#2708 = CARTESIAN_POINT('',(-63.31,3.16337488125,3.86));
#2709 = VECTOR('',#2710,1.);
#2710 = DIRECTION('',(0.,-1.,0.));
#2711 = ORIENTED_EDGE('',*,*,#2712,.F.);
#2712 = EDGE_CURVE('',#2613,#2705,#2713,.T.);
#2713 = CIRCLE('',#2714,0.5);
#2714 = AXIS2_PLACEMENT_3D('',#2715,#2716,#2717);
#2715 = CARTESIAN_POINT('',(-63.31,-2.14337488125,3.36));
#2716 = DIRECTION('',(0.,1.,-0.));
#2717 = DIRECTION('',(-1.,0.,0.));
#2718 = ORIENTED_EDGE('',*,*,#2610,.F.);
#2719 = CYLINDRICAL_SURFACE('',#2720,0.5);
#2720 = AXIS2_PLACEMENT_3D('',#2721,#2722,#2723);
#2721 = CARTESIAN_POINT('',(-63.31,3.16337488125,3.36));
#2722 = DIRECTION('',(0.,-1.,0.));
#2723 = DIRECTION('',(-1.,0.,0.));
#2724 = ADVANCED_FACE('',(#2725),#2745,.T.);
#2725 = FACE_BOUND('',#2726,.T.);
#2726 = EDGE_LOOP('',(#2727,#2736,#2737,#2738));
#2727 = ORIENTED_EDGE('',*,*,#2728,.F.);
#2728 = EDGE_CURVE('',#2647,#2729,#2731,.T.);
#2729 = VERTEX_POINT('',#2730);
#2730 = CARTESIAN_POINT('',(-63.31,4.093007944464,1.778130079045));
#2731 = CIRCLE('',#2732,0.5);
#2732 = AXIS2_PLACEMENT_3D('',#2733,#2734,#2735);
#2733 = CARTESIAN_POINT('',(-63.31,3.72070586847,2.111883227659));
#2734 = DIRECTION('',(-0.,-0.667506297229,-0.744604151989));
#2735 = DIRECTION('',(-1.,0.,0.));
#2736 = ORIENTED_EDGE('',*,*,#2654,.T.);
#2737 = ORIENTED_EDGE('',*,*,#2695,.T.);
#2738 = ORIENTED_EDGE('',*,*,#2739,.F.);
#2739 = EDGE_CURVE('',#2729,#2696,#2740,.T.);
#2740 = CIRCLE('',#2741,1.250004555921);
#2741 = AXIS2_PLACEMENT_3D('',#2742,#2743,#2744);
#2742 = CARTESIAN_POINT('',(-63.31,3.16,2.61));
#2743 = DIRECTION('',(1.,-0.,0.));
#2744 = DIRECTION('',(0.,0.746403635127,-0.665493511215));
#2745 = TOROIDAL_SURFACE('',#2746,0.750004555921,0.5);
#2746 = AXIS2_PLACEMENT_3D('',#2747,#2748,#2749);
#2747 = CARTESIAN_POINT('',(-63.31,3.16,2.61));
#2748 = DIRECTION('',(1.,0.,0.));
#2749 = DIRECTION('',(0.,0.746403635127,-0.665493511215));
#2750 = ADVANCED_FACE('',(#2751),#2771,.T.);
#2751 = FACE_BOUND('',#2752,.T.);
#2752 = EDGE_LOOP('',(#2753,#2754,#2755,#2764));
#2753 = ORIENTED_EDGE('',*,*,#2712,.F.);
#2754 = ORIENTED_EDGE('',*,*,#2620,.T.);
#2755 = ORIENTED_EDGE('',*,*,#2756,.T.);
#2756 = EDGE_CURVE('',#2621,#2757,#2759,.T.);
#2757 = VERTEX_POINT('',#2758);
#2758 = CARTESIAN_POINT('',(-63.31,-3.068502435509,1.773104177883));
#2759 = CIRCLE('',#2760,0.5);
#2760 = AXIS2_PLACEMENT_3D('',#2761,#2762,#2763);
#2761 = CARTESIAN_POINT('',(-63.31,-2.697102814959,2.107861286628));
#2762 = DIRECTION('',(0.,-0.669514217491,0.742799241099));
#2763 = DIRECTION('',(0.,-0.742799241099,-0.669514217491));
#2764 = ORIENTED_EDGE('',*,*,#2765,.F.);
#2765 = EDGE_CURVE('',#2705,#2757,#2766,.T.);
#2766 = CIRCLE('',#2767,1.250004555921);
#2767 = AXIS2_PLACEMENT_3D('',#2768,#2769,#2770);
#2768 = CARTESIAN_POINT('',(-63.31,-2.14,2.61));
#2769 = DIRECTION('',(1.,0.,0.));
#2770 = DIRECTION('',(0.,-2.699895159235E-03,0.999996355276));
#2771 = TOROIDAL_SURFACE('',#2772,0.750004555921,0.5);
#2772 = AXIS2_PLACEMENT_3D('',#2773,#2774,#2775);
#2773 = CARTESIAN_POINT('',(-63.31,-2.14,2.61));
#2774 = DIRECTION('',(1.,0.,0.));
#2775 = DIRECTION('',(0.,-2.699895159235E-03,0.999996355276));
#2776 = ADVANCED_FACE('',(#2777),#2796,.T.);
#2777 = FACE_BOUND('',#2778,.F.);
#2778 = EDGE_LOOP('',(#2779,#2788,#2794,#2795));
#2779 = ORIENTED_EDGE('',*,*,#2780,.T.);
#2780 = EDGE_CURVE('',#2638,#2781,#2783,.T.);
#2781 = VERTEX_POINT('',#2782);
#2782 = CARTESIAN_POINT('',(-63.31,1.438502435509,-1.182974305515));
#2783 = CIRCLE('',#2784,0.5);
#2784 = AXIS2_PLACEMENT_3D('',#2785,#2786,#2787);
#2785 = CARTESIAN_POINT('',(-63.31,1.067102814959,-0.848217196769));
#2786 = DIRECTION('',(0.,-0.669514217491,-0.742799241099));
#2787 = DIRECTION('',(0.,0.742799241099,-0.669514217491));
#2788 = ORIENTED_EDGE('',*,*,#2789,.T.);
#2789 = EDGE_CURVE('',#2781,#2729,#2790,.T.);
#2790 = LINE('',#2791,#2792);
#2791 = CARTESIAN_POINT('',(-63.31,1.438502435509,-1.182974305515));
#2792 = VECTOR('',#2793,1.);
#2793 = DIRECTION('',(0.,0.667506297229,0.744604151989));
#2794 = ORIENTED_EDGE('',*,*,#2728,.F.);
#2795 = ORIENTED_EDGE('',*,*,#2646,.F.);
#2796 = CYLINDRICAL_SURFACE('',#2797,0.5);
#2797 = AXIS2_PLACEMENT_3D('',#2798,#2799,#2800);
#2798 = CARTESIAN_POINT('',(-63.31,1.066200359514,-0.8492211569));
#2799 = DIRECTION('',(0.,0.667506297229,0.744604151989));
#2800 = DIRECTION('',(-1.,0.,0.));
#2801 = ADVANCED_FACE('',(#2802),#2821,.T.);
#2802 = FACE_BOUND('',#2803,.F.);
#2803 = EDGE_LOOP('',(#2804,#2805,#2813,#2820));
#2804 = ORIENTED_EDGE('',*,*,#2756,.T.);
#2805 = ORIENTED_EDGE('',*,*,#2806,.T.);
#2806 = EDGE_CURVE('',#2757,#2807,#2809,.T.);
#2807 = VERTEX_POINT('',#2808);
#2808 = CARTESIAN_POINT('',(-63.31,-0.423007944495,-1.177948404318));
#2809 = LINE('',#2810,#2811);
#2810 = CARTESIAN_POINT('',(-63.31,-3.068502435509,1.773104177883));
#2811 = VECTOR('',#2812,1.);
#2812 = DIRECTION('',(0.,0.667506297229,-0.744604151989));
#2813 = ORIENTED_EDGE('',*,*,#2814,.F.);
#2814 = EDGE_CURVE('',#2630,#2807,#2815,.T.);
#2815 = CIRCLE('',#2816,0.5);
#2816 = AXIS2_PLACEMENT_3D('',#2817,#2818,#2819);
#2817 = CARTESIAN_POINT('',(-63.31,-5.070586850009E-02,-0.844195255703)
  );
#2818 = DIRECTION('',(0.,-0.667506297229,0.744604151989));
#2819 = DIRECTION('',(-1.,0.,0.));
#2820 = ORIENTED_EDGE('',*,*,#2629,.F.);
#2821 = CYLINDRICAL_SURFACE('',#2822,0.5);
#2822 = AXIS2_PLACEMENT_3D('',#2823,#2824,#2825);
#2823 = CARTESIAN_POINT('',(-63.31,-2.696200359514,2.106857326497));
#2824 = DIRECTION('',(0.,0.667506297229,-0.744604151989));
#2825 = DIRECTION('',(-1.,0.,0.));
#2826 = ADVANCED_FACE('',(#2827),#2839,.T.);
#2827 = FACE_BOUND('',#2828,.T.);
#2828 = EDGE_LOOP('',(#2829,#2830,#2831,#2832));
#2829 = ORIENTED_EDGE('',*,*,#2814,.F.);
#2830 = ORIENTED_EDGE('',*,*,#2637,.T.);
#2831 = ORIENTED_EDGE('',*,*,#2780,.T.);
#2832 = ORIENTED_EDGE('',*,*,#2833,.F.);
#2833 = EDGE_CURVE('',#2807,#2781,#2834,.T.);
#2834 = CIRCLE('',#2835,1.250004555921);
#2835 = AXIS2_PLACEMENT_3D('',#2836,#2837,#2838);
#2836 = CARTESIAN_POINT('',(-63.31,0.51,-0.346078483397));
#2837 = DIRECTION('',(1.,0.,0.));
#2838 = DIRECTION('',(0.,-0.746403635151,-0.665493511188));
#2839 = TOROIDAL_SURFACE('',#2840,0.750004555921,0.5);
#2840 = AXIS2_PLACEMENT_3D('',#2841,#2842,#2843);
#2841 = CARTESIAN_POINT('',(-63.31,0.51,-0.346078483397));
#2842 = DIRECTION('',(1.,0.,0.));
#2843 = DIRECTION('',(0.,-0.746403635151,-0.665493511188));
#2844 = ADVANCED_FACE('',(#2845),#2870,.T.);
#2845 = FACE_BOUND('',#2846,.T.);
#2846 = EDGE_LOOP('',(#2847,#2855,#2863,#2869));
#2847 = ORIENTED_EDGE('',*,*,#2848,.T.);
#2848 = EDGE_CURVE('',#2664,#2849,#2851,.T.);
#2849 = VERTEX_POINT('',#2850);
#2850 = CARTESIAN_POINT('',(-63.31,2.600136650872,2.36));
#2851 = LINE('',#2852,#2853);
#2852 = CARTESIAN_POINT('',(-63.81,2.600136650872,2.36));
#2853 = VECTOR('',#2854,1.);
#2854 = DIRECTION('',(1.,0.,0.));
#2855 = ORIENTED_EDGE('',*,*,#2856,.T.);
#2856 = EDGE_CURVE('',#2849,#2857,#2859,.T.);
#2857 = VERTEX_POINT('',#2858);
#2858 = CARTESIAN_POINT('',(-63.31,-1.580136650872,2.36));
#2859 = LINE('',#2860,#2861);
#2860 = CARTESIAN_POINT('',(-63.31,2.600136650872,2.36));
#2861 = VECTOR('',#2862,1.);
#2862 = DIRECTION('',(0.,-1.,0.));
#2863 = ORIENTED_EDGE('',*,*,#2864,.F.);
#2864 = EDGE_CURVE('',#2666,#2857,#2865,.T.);
#2865 = LINE('',#2866,#2867);
#2866 = CARTESIAN_POINT('',(-63.81,-1.580136650872,2.36));
#2867 = VECTOR('',#2868,1.);
#2868 = DIRECTION('',(1.,0.,0.));
#2869 = ORIENTED_EDGE('',*,*,#2663,.F.);
#2870 = PLANE('',#2871);
#2871 = AXIS2_PLACEMENT_3D('',#2872,#2873,#2874);
#2872 = CARTESIAN_POINT('',(-63.81,2.600136650872,2.36));
#2873 = DIRECTION('',(0.,0.,-1.));
#2874 = DIRECTION('',(0.,-1.,0.));
#2875 = ADVANCED_FACE('',(#2876),#2894,.T.);
#2876 = FACE_BOUND('',#2877,.T.);
#2877 = EDGE_LOOP('',(#2878,#2879,#2887,#2893));
#2878 = ORIENTED_EDGE('',*,*,#2864,.T.);
#2879 = ORIENTED_EDGE('',*,*,#2880,.T.);
#2880 = EDGE_CURVE('',#2857,#2881,#2883,.T.);
#2881 = VERTEX_POINT('',#2882);
#2882 = CARTESIAN_POINT('',(-63.31,0.51,2.844981849003E-02));
#2883 = LINE('',#2884,#2885);
#2884 = CARTESIAN_POINT('',(-63.31,-1.580136650872,2.36));
#2885 = VECTOR('',#2886,1.);
#2886 = DIRECTION('',(-0.,0.667506297229,-0.744604151989));
#2887 = ORIENTED_EDGE('',*,*,#2888,.F.);
#2888 = EDGE_CURVE('',#2674,#2881,#2889,.T.);
#2889 = LINE('',#2890,#2891);
#2890 = CARTESIAN_POINT('',(-63.81,0.51,2.844981849003E-02));
#2891 = VECTOR('',#2892,1.);
#2892 = DIRECTION('',(1.,0.,0.));
#2893 = ORIENTED_EDGE('',*,*,#2681,.F.);
#2894 = PLANE('',#2895);
#2895 = AXIS2_PLACEMENT_3D('',#2896,#2897,#2898);
#2896 = CARTESIAN_POINT('',(-63.81,-1.580136650872,2.36));
#2897 = DIRECTION('',(0.,0.744604151989,0.667506297229));
#2898 = DIRECTION('',(0.,0.667506297229,-0.744604151989));
#2899 = ADVANCED_FACE('',(#2900),#2911,.T.);
#2900 = FACE_BOUND('',#2901,.T.);
#2901 = EDGE_LOOP('',(#2902,#2903,#2909,#2910));
#2902 = ORIENTED_EDGE('',*,*,#2888,.T.);
#2903 = ORIENTED_EDGE('',*,*,#2904,.T.);
#2904 = EDGE_CURVE('',#2881,#2849,#2905,.T.);
#2905 = LINE('',#2906,#2907);
#2906 = CARTESIAN_POINT('',(-63.31,0.51,2.844981849003E-02));
#2907 = VECTOR('',#2908,1.);
#2908 = DIRECTION('',(0.,0.667506297229,0.744604151989));
#2909 = ORIENTED_EDGE('',*,*,#2848,.F.);
#2910 = ORIENTED_EDGE('',*,*,#2673,.F.);
#2911 = PLANE('',#2912);
#2912 = AXIS2_PLACEMENT_3D('',#2913,#2914,#2915);
#2913 = CARTESIAN_POINT('',(-63.81,0.51,2.844981849003E-02));
#2914 = DIRECTION('',(0.,-0.744604151989,0.667506297229));
#2915 = DIRECTION('',(0.,0.667506297229,0.744604151989));
#2916 = ADVANCED_FACE('',(#2917),#2974,.T.);
#2917 = FACE_BOUND('',#2918,.T.);
#2918 = EDGE_LOOP('',(#2919,#2927,#2928,#2936,#2944,#2952,#2960,#2968));
#2919 = ORIENTED_EDGE('',*,*,#2920,.F.);
#2920 = EDGE_CURVE('',#2696,#2921,#2923,.T.);
#2921 = VERTEX_POINT('',#2922);
#2922 = CARTESIAN_POINT('',(-60.06,3.16337488125,3.86));
#2923 = LINE('',#2924,#2925);
#2924 = CARTESIAN_POINT('',(-61.81,3.16337488125,3.86));
#2925 = VECTOR('',#2926,1.);
#2926 = DIRECTION('',(1.,0.,0.));
#2927 = ORIENTED_EDGE('',*,*,#2704,.T.);
#2928 = ORIENTED_EDGE('',*,*,#2929,.F.);
#2929 = EDGE_CURVE('',#2930,#2705,#2932,.T.);
#2930 = VERTEX_POINT('',#2931);
#2931 = CARTESIAN_POINT('',(-60.06,-2.14337488125,3.86));
#2932 = LINE('',#2933,#2934);
#2933 = CARTESIAN_POINT('',(-61.81,-2.14337488125,3.86));
#2934 = VECTOR('',#2935,1.);
#2935 = DIRECTION('',(-1.,0.,0.));
#2936 = ORIENTED_EDGE('',*,*,#2937,.F.);
#2937 = EDGE_CURVE('',#2938,#2930,#2940,.T.);
#2938 = VERTEX_POINT('',#2939);
#2939 = CARTESIAN_POINT('',(-60.06,-0.250649619015,3.86));
#2940 = LINE('',#2941,#2942);
#2941 = CARTESIAN_POINT('',(-60.06,3.230627227388,3.86));
#2942 = VECTOR('',#2943,1.);
#2943 = DIRECTION('',(0.,-1.,0.));
#2944 = ORIENTED_EDGE('',*,*,#2945,.T.);
#2945 = EDGE_CURVE('',#2938,#2946,#2948,.T.);
#2946 = VERTEX_POINT('',#2947);
#2947 = CARTESIAN_POINT('',(-60.81,-0.250649619015,3.86));
#2948 = LINE('',#2949,#2950);
#2949 = CARTESIAN_POINT('',(-60.06,-0.250649619015,3.86));
#2950 = VECTOR('',#2951,1.);
#2951 = DIRECTION('',(-1.,-0.,-0.));
#2952 = ORIENTED_EDGE('',*,*,#2953,.T.);
#2953 = EDGE_CURVE('',#2946,#2954,#2956,.T.);
#2954 = VERTEX_POINT('',#2955);
#2955 = CARTESIAN_POINT('',(-60.81,1.249350380985,3.86));
#2956 = LINE('',#2957,#2958);
#2957 = CARTESIAN_POINT('',(-60.81,1.003123914661,3.86));
#2958 = VECTOR('',#2959,1.);
#2959 = DIRECTION('',(0.,1.,0.));
#2960 = ORIENTED_EDGE('',*,*,#2961,.F.);
#2961 = EDGE_CURVE('',#2962,#2954,#2964,.T.);
#2962 = VERTEX_POINT('',#2963);
#2963 = CARTESIAN_POINT('',(-60.06,1.249350380985,3.86));
#2964 = LINE('',#2965,#2966);
#2965 = CARTESIAN_POINT('',(-60.06,1.249350380985,3.86));
#2966 = VECTOR('',#2967,1.);
#2967 = DIRECTION('',(-1.,-0.,-0.));
#2968 = ORIENTED_EDGE('',*,*,#2969,.F.);
#2969 = EDGE_CURVE('',#2921,#2962,#2970,.T.);
#2970 = LINE('',#2971,#2972);
#2971 = CARTESIAN_POINT('',(-60.06,3.230627227388,3.86));
#2972 = VECTOR('',#2973,1.);
#2973 = DIRECTION('',(0.,-1.,0.));
#2974 = PLANE('',#2975);
#2975 = AXIS2_PLACEMENT_3D('',#2976,#2977,#2978);
#2976 = CARTESIAN_POINT('',(-61.935,0.51,3.86));
#2977 = DIRECTION('',(0.,0.,1.));
#2978 = DIRECTION('',(1.,0.,0.));
#2979 = ADVANCED_FACE('',(#2980),#2999,.T.);
#2980 = FACE_BOUND('',#2981,.F.);
#2981 = EDGE_LOOP('',(#2982,#2990,#2997,#2998));
#2982 = ORIENTED_EDGE('',*,*,#2983,.F.);
#2983 = EDGE_CURVE('',#2984,#2729,#2986,.T.);
#2984 = VERTEX_POINT('',#2985);
#2985 = CARTESIAN_POINT('',(-60.06,4.093007944464,1.778130079045));
#2986 = LINE('',#2987,#2988);
#2987 = CARTESIAN_POINT('',(-61.81,4.093007944464,1.778130079045));
#2988 = VECTOR('',#2989,1.);
#2989 = DIRECTION('',(-1.,0.,0.));
#2990 = ORIENTED_EDGE('',*,*,#2991,.F.);
#2991 = EDGE_CURVE('',#2921,#2984,#2992,.T.);
#2992 = CIRCLE('',#2993,1.250004555921);
#2993 = AXIS2_PLACEMENT_3D('',#2994,#2995,#2996);
#2994 = CARTESIAN_POINT('',(-60.06,3.16,2.61));
#2995 = DIRECTION('',(-1.,0.,0.));
#2996 = DIRECTION('',(0.,-1.,0.));
#2997 = ORIENTED_EDGE('',*,*,#2920,.F.);
#2998 = ORIENTED_EDGE('',*,*,#2739,.F.);
#2999 = CYLINDRICAL_SURFACE('',#3000,1.250004555921);
#3000 = AXIS2_PLACEMENT_3D('',#3001,#3002,#3003);
#3001 = CARTESIAN_POINT('',(-61.81,3.16,2.61));
#3002 = DIRECTION('',(1.,0.,0.));
#3003 = DIRECTION('',(0.,-1.,0.));
#3004 = ADVANCED_FACE('',(#3005),#3024,.T.);
#3005 = FACE_BOUND('',#3006,.F.);
#3006 = EDGE_LOOP('',(#3007,#3008,#3017,#3023));
#3007 = ORIENTED_EDGE('',*,*,#2929,.F.);
#3008 = ORIENTED_EDGE('',*,*,#3009,.F.);
#3009 = EDGE_CURVE('',#3010,#2930,#3012,.T.);
#3010 = VERTEX_POINT('',#3011);
#3011 = CARTESIAN_POINT('',(-60.06,-3.068502435509,1.773104177883));
#3012 = CIRCLE('',#3013,1.250004555921);
#3013 = AXIS2_PLACEMENT_3D('',#3014,#3015,#3016);
#3014 = CARTESIAN_POINT('',(-60.06,-2.14,2.61));
#3015 = DIRECTION('',(-1.,0.,0.));
#3016 = DIRECTION('',(0.,-1.,0.));
#3017 = ORIENTED_EDGE('',*,*,#3018,.F.);
#3018 = EDGE_CURVE('',#2757,#3010,#3019,.T.);
#3019 = LINE('',#3020,#3021);
#3020 = CARTESIAN_POINT('',(-61.81,-3.068502435509,1.773104177883));
#3021 = VECTOR('',#3022,1.);
#3022 = DIRECTION('',(1.,0.,0.));
#3023 = ORIENTED_EDGE('',*,*,#2765,.F.);
#3024 = CYLINDRICAL_SURFACE('',#3025,1.250004555921);
#3025 = AXIS2_PLACEMENT_3D('',#3026,#3027,#3028);
#3026 = CARTESIAN_POINT('',(-61.81,-2.14,2.61));
#3027 = DIRECTION('',(1.,0.,0.));
#3028 = DIRECTION('',(0.,-1.,0.));
#3029 = ADVANCED_FACE('',(#3030),#3080,.T.);
#3030 = FACE_BOUND('',#3031,.T.);
#3031 = EDGE_LOOP('',(#3032,#3033,#3041,#3049,#3057,#3065,#3073,#3079));
#3032 = ORIENTED_EDGE('',*,*,#2983,.F.);
#3033 = ORIENTED_EDGE('',*,*,#3034,.T.);
#3034 = EDGE_CURVE('',#2984,#3035,#3037,.T.);
#3035 = VERTEX_POINT('',#3036);
#3036 = CARTESIAN_POINT('',(-60.06,3.266384912908,0.856031000757));
#3037 = LINE('',#3038,#3039);
#3038 = CARTESIAN_POINT('',(-60.06,5.34110076486,3.170379260801));
#3039 = VECTOR('',#3040,1.);
#3040 = DIRECTION('',(-2.903956192757E-16,-0.667506297229,
    -0.744604151989));
#3041 = ORIENTED_EDGE('',*,*,#3042,.T.);
#3042 = EDGE_CURVE('',#3035,#3043,#3045,.T.);
#3043 = VERTEX_POINT('',#3044);
#3044 = CARTESIAN_POINT('',(-60.81,3.266384912908,0.856031000757));
#3045 = LINE('',#3046,#3047);
#3046 = CARTESIAN_POINT('',(-60.06,3.266384912908,0.856031000757));
#3047 = VECTOR('',#3048,1.);
#3048 = DIRECTION('',(-1.,-0.,-0.));
#3049 = ORIENTED_EDGE('',*,*,#3050,.F.);
#3050 = EDGE_CURVE('',#3051,#3043,#3053,.T.);
#3051 = VERTEX_POINT('',#3052);
#3052 = CARTESIAN_POINT('',(-60.81,2.265125467064,-0.260875227227));
#3053 = LINE('',#3054,#3055);
#3054 = CARTESIAN_POINT('',(-60.81,4.330638163663,2.043206900923));
#3055 = VECTOR('',#3056,1.);
#3056 = DIRECTION('',(0.,0.667506297229,0.744604151989));
#3057 = ORIENTED_EDGE('',*,*,#3058,.F.);
#3058 = EDGE_CURVE('',#3059,#3051,#3061,.T.);
#3059 = VERTEX_POINT('',#3060);
#3060 = CARTESIAN_POINT('',(-60.06,2.265125467064,-0.260875227227));
#3061 = LINE('',#3062,#3063);
#3062 = CARTESIAN_POINT('',(-60.06,2.265125467064,-0.260875227227));
#3063 = VECTOR('',#3064,1.);
#3064 = DIRECTION('',(-1.,-0.,-0.));
#3065 = ORIENTED_EDGE('',*,*,#3066,.T.);
#3066 = EDGE_CURVE('',#3059,#3067,#3069,.T.);
#3067 = VERTEX_POINT('',#3068);
#3068 = CARTESIAN_POINT('',(-60.06,1.438502435509,-1.182974305515));
#3069 = LINE('',#3070,#3071);
#3070 = CARTESIAN_POINT('',(-60.06,5.34110076486,3.170379260801));
#3071 = VECTOR('',#3072,1.);
#3072 = DIRECTION('',(-2.903956192757E-16,-0.667506297229,
    -0.744604151989));
#3073 = ORIENTED_EDGE('',*,*,#3074,.F.);
#3074 = EDGE_CURVE('',#2781,#3067,#3075,.T.);
#3075 = LINE('',#3076,#3077);
#3076 = CARTESIAN_POINT('',(-61.81,1.438502435509,-1.182974305515));
#3077 = VECTOR('',#3078,1.);
#3078 = DIRECTION('',(1.,0.,0.));
#3079 = ORIENTED_EDGE('',*,*,#2789,.T.);
#3080 = PLANE('',#3081);
#3081 = AXIS2_PLACEMENT_3D('',#3082,#3083,#3084);
#3082 = CARTESIAN_POINT('',(-61.935,2.765755189986,0.297577886765));
#3083 = DIRECTION('',(-1.424983024236E-16,0.744604151989,-0.667506297229
    ));
#3084 = DIRECTION('',(-3.627361259208E-33,0.667506297229,0.744604151989)
  );
#3085 = ADVANCED_FACE('',(#3086),#3136,.T.);
#3086 = FACE_BOUND('',#3087,.T.);
#3087 = EDGE_LOOP('',(#3088,#3096,#3104,#3112,#3120,#3128,#3134,#3135));
#3088 = ORIENTED_EDGE('',*,*,#3089,.F.);
#3089 = EDGE_CURVE('',#3090,#2807,#3092,.T.);
#3090 = VERTEX_POINT('',#3091);
#3091 = CARTESIAN_POINT('',(-60.06,-0.423007944495,-1.177948404318));
#3092 = LINE('',#3093,#3094);
#3093 = CARTESIAN_POINT('',(-61.81,-0.423007944495,-1.177948404318));
#3094 = VECTOR('',#3095,1.);
#3095 = DIRECTION('',(-1.,0.,0.));
#3096 = ORIENTED_EDGE('',*,*,#3097,.T.);
#3097 = EDGE_CURVE('',#3090,#3098,#3100,.T.);
#3098 = VERTEX_POINT('',#3099);
#3099 = CARTESIAN_POINT('',(-60.06,-1.245125467064,-0.260875227227));
#3100 = LINE('',#3101,#3102);
#3101 = CARTESIAN_POINT('',(-60.06,-1.753920159384,0.306685920861));
#3102 = VECTOR('',#3103,1.);
#3103 = DIRECTION('',(2.903956192757E-16,-0.667506297229,0.744604151989)
  );
#3104 = ORIENTED_EDGE('',*,*,#3105,.T.);
#3105 = EDGE_CURVE('',#3098,#3106,#3108,.T.);
#3106 = VERTEX_POINT('',#3107);
#3107 = CARTESIAN_POINT('',(-60.81,-1.245125467064,-0.260875227227));
#3108 = LINE('',#3109,#3110);
#3109 = CARTESIAN_POINT('',(-60.06,-1.245125467064,-0.260875227227));
#3110 = VECTOR('',#3111,1.);
#3111 = DIRECTION('',(-1.,-0.,-0.));
#3112 = ORIENTED_EDGE('',*,*,#3113,.F.);
#3113 = EDGE_CURVE('',#3114,#3106,#3116,.T.);
#3114 = VERTEX_POINT('',#3115);
#3115 = CARTESIAN_POINT('',(-60.81,-2.246384912908,0.856031000757));
#3116 = LINE('',#3117,#3118);
#3117 = CARTESIAN_POINT('',(-60.81,-2.699999663898,1.362038851758));
#3118 = VECTOR('',#3119,1.);
#3119 = DIRECTION('',(0.,0.667506297229,-0.744604151989));
#3120 = ORIENTED_EDGE('',*,*,#3121,.F.);
#3121 = EDGE_CURVE('',#3122,#3114,#3124,.T.);
#3122 = VERTEX_POINT('',#3123);
#3123 = CARTESIAN_POINT('',(-60.06,-2.246384912908,0.856031000757));
#3124 = LINE('',#3125,#3126);
#3125 = CARTESIAN_POINT('',(-60.06,-2.246384912908,0.856031000757));
#3126 = VECTOR('',#3127,1.);
#3127 = DIRECTION('',(-1.,-0.,-0.));
#3128 = ORIENTED_EDGE('',*,*,#3129,.T.);
#3129 = EDGE_CURVE('',#3122,#3010,#3130,.T.);
#3130 = LINE('',#3131,#3132);
#3131 = CARTESIAN_POINT('',(-60.06,-1.753920159384,0.306685920861));
#3132 = VECTOR('',#3133,1.);
#3133 = DIRECTION('',(2.903956192757E-16,-0.667506297229,0.744604151989)
  );
#3134 = ORIENTED_EDGE('',*,*,#3018,.F.);
#3135 = ORIENTED_EDGE('',*,*,#2806,.T.);
#3136 = PLANE('',#3137);
#3137 = AXIS2_PLACEMENT_3D('',#3138,#3139,#3140);
#3138 = CARTESIAN_POINT('',(-61.935,-1.745755190002,0.297577886782));
#3139 = DIRECTION('',(-0.,-0.744604151989,-0.667506297229));
#3140 = DIRECTION('',(0.,0.667506297229,-0.744604151989));
#3141 = ADVANCED_FACE('',(#3142),#3154,.T.);
#3142 = FACE_BOUND('',#3143,.F.);
#3143 = EDGE_LOOP('',(#3144,#3145,#3152,#3153));
#3144 = ORIENTED_EDGE('',*,*,#3089,.F.);
#3145 = ORIENTED_EDGE('',*,*,#3146,.F.);
#3146 = EDGE_CURVE('',#3067,#3090,#3147,.T.);
#3147 = CIRCLE('',#3148,1.250004555921);
#3148 = AXIS2_PLACEMENT_3D('',#3149,#3150,#3151);
#3149 = CARTESIAN_POINT('',(-60.06,0.51,-0.346078483397));
#3150 = DIRECTION('',(-1.,0.,0.));
#3151 = DIRECTION('',(0.,-1.,0.));
#3152 = ORIENTED_EDGE('',*,*,#3074,.F.);
#3153 = ORIENTED_EDGE('',*,*,#2833,.F.);
#3154 = CYLINDRICAL_SURFACE('',#3155,1.250004555921);
#3155 = AXIS2_PLACEMENT_3D('',#3156,#3157,#3158);
#3156 = CARTESIAN_POINT('',(-61.81,0.51,-0.346078483397));
#3157 = DIRECTION('',(1.,0.,0.));
#3158 = DIRECTION('',(0.,-1.,0.));
#3159 = ADVANCED_FACE('',(#3160),#3165,.F.);
#3160 = FACE_BOUND('',#3161,.F.);
#3161 = EDGE_LOOP('',(#3162,#3163,#3164));
#3162 = ORIENTED_EDGE('',*,*,#2856,.T.);
#3163 = ORIENTED_EDGE('',*,*,#2880,.T.);
#3164 = ORIENTED_EDGE('',*,*,#2904,.T.);
#3165 = PLANE('',#3166);
#3166 = AXIS2_PLACEMENT_3D('',#3167,#3168,#3169);
#3167 = CARTESIAN_POINT('',(-63.31,0.976660316306,7.458915936585));
#3168 = DIRECTION('',(1.,0.,0.));
#3169 = DIRECTION('',(0.,0.,1.));
#3170 = ADVANCED_FACE('',(#3171,#3248),#3259,.T.);
#3171 = FACE_BOUND('',#3172,.T.);
#3172 = EDGE_LOOP('',(#3173,#3174,#3175,#3183,#3191,#3197,#3198,#3199,
    #3200,#3208,#3216,#3222,#3223,#3224,#3225,#3233,#3241,#3247));
#3173 = ORIENTED_EDGE('',*,*,#2991,.F.);
#3174 = ORIENTED_EDGE('',*,*,#2969,.T.);
#3175 = ORIENTED_EDGE('',*,*,#3176,.F.);
#3176 = EDGE_CURVE('',#3177,#2962,#3179,.T.);
#3177 = VERTEX_POINT('',#3178);
#3178 = CARTESIAN_POINT('',(-60.06,1.249350380985,5.09));
#3179 = LINE('',#3180,#3181);
#3180 = CARTESIAN_POINT('',(-60.06,1.249350380985,5.09));
#3181 = VECTOR('',#3182,1.);
#3182 = DIRECTION('',(0.,0.,-1.));
#3183 = ORIENTED_EDGE('',*,*,#3184,.F.);
#3184 = EDGE_CURVE('',#3185,#3177,#3187,.T.);
#3185 = VERTEX_POINT('',#3186);
#3186 = CARTESIAN_POINT('',(-60.06,-0.250649619015,5.09));
#3187 = LINE('',#3188,#3189);
#3188 = CARTESIAN_POINT('',(-60.06,-0.250649619015,5.09));
#3189 = VECTOR('',#3190,1.);
#3190 = DIRECTION('',(0.,1.,0.));
#3191 = ORIENTED_EDGE('',*,*,#3192,.F.);
#3192 = EDGE_CURVE('',#2938,#3185,#3193,.T.);
#3193 = LINE('',#3194,#3195);
#3194 = CARTESIAN_POINT('',(-60.06,-0.250649619015,3.86));
#3195 = VECTOR('',#3196,1.);
#3196 = DIRECTION('',(0.,0.,1.));
#3197 = ORIENTED_EDGE('',*,*,#2937,.T.);
#3198 = ORIENTED_EDGE('',*,*,#3009,.F.);
#3199 = ORIENTED_EDGE('',*,*,#3129,.F.);
#3200 = ORIENTED_EDGE('',*,*,#3201,.T.);
#3201 = EDGE_CURVE('',#3122,#3202,#3204,.T.);
#3202 = VERTEX_POINT('',#3203);
#3203 = CARTESIAN_POINT('',(-60.06,-3.162248019855,3.499825516499E-02));
#3204 = LINE('',#3205,#3206);
#3205 = CARTESIAN_POINT('',(-60.06,-2.246384912908,0.856031000757));
#3206 = VECTOR('',#3207,1.);
#3207 = DIRECTION('',(0.,-0.744604151989,-0.667506297229));
#3208 = ORIENTED_EDGE('',*,*,#3209,.T.);
#3209 = EDGE_CURVE('',#3202,#3210,#3212,.T.);
#3210 = VERTEX_POINT('',#3211);
#3211 = CARTESIAN_POINT('',(-60.06,-2.160988574011,-1.081907972819));
#3212 = LINE('',#3213,#3214);
#3213 = CARTESIAN_POINT('',(-60.06,-3.162248019855,3.499825516499E-02));
#3214 = VECTOR('',#3215,1.);
#3215 = DIRECTION('',(0.,0.667506297229,-0.744604151989));
#3216 = ORIENTED_EDGE('',*,*,#3217,.T.);
#3217 = EDGE_CURVE('',#3210,#3098,#3218,.T.);
#3218 = LINE('',#3219,#3220);
#3219 = CARTESIAN_POINT('',(-60.06,-2.160988574011,-1.081907972819));
#3220 = VECTOR('',#3221,1.);
#3221 = DIRECTION('',(0.,0.744604151989,0.667506297229));
#3222 = ORIENTED_EDGE('',*,*,#3097,.F.);
#3223 = ORIENTED_EDGE('',*,*,#3146,.F.);
#3224 = ORIENTED_EDGE('',*,*,#3066,.F.);
#3225 = ORIENTED_EDGE('',*,*,#3226,.T.);
#3226 = EDGE_CURVE('',#3059,#3227,#3229,.T.);
#3227 = VERTEX_POINT('',#3228);
#3228 = CARTESIAN_POINT('',(-60.06,3.180988574011,-1.081907972819));
#3229 = LINE('',#3230,#3231);
#3230 = CARTESIAN_POINT('',(-60.06,2.265125467064,-0.260875227227));
#3231 = VECTOR('',#3232,1.);
#3232 = DIRECTION('',(0.,0.744604151989,-0.667506297229));
#3233 = ORIENTED_EDGE('',*,*,#3234,.T.);
#3234 = EDGE_CURVE('',#3227,#3235,#3237,.T.);
#3235 = VERTEX_POINT('',#3236);
#3236 = CARTESIAN_POINT('',(-60.06,4.182248019855,3.4998255165E-02));
#3237 = LINE('',#3238,#3239);
#3238 = CARTESIAN_POINT('',(-60.06,3.180988574011,-1.081907972819));
#3239 = VECTOR('',#3240,1.);
#3240 = DIRECTION('',(0.,0.667506297229,0.744604151989));
#3241 = ORIENTED_EDGE('',*,*,#3242,.T.);
#3242 = EDGE_CURVE('',#3235,#3035,#3243,.T.);
#3243 = LINE('',#3244,#3245);
#3244 = CARTESIAN_POINT('',(-60.06,4.182248019855,3.4998255165E-02));
#3245 = VECTOR('',#3246,1.);
#3246 = DIRECTION('',(0.,-0.744604151989,0.667506297229));
#3247 = ORIENTED_EDGE('',*,*,#3034,.F.);
#3248 = FACE_BOUND('',#3249,.T.);
#3249 = EDGE_LOOP('',(#3250));
#3250 = ORIENTED_EDGE('',*,*,#3251,.F.);
#3251 = EDGE_CURVE('',#3252,#3252,#3254,.T.);
#3252 = VERTEX_POINT('',#3253);
#3253 = CARTESIAN_POINT('',(-60.06,1.635,1.56));
#3254 = CIRCLE('',#3255,1.125);
#3255 = AXIS2_PLACEMENT_3D('',#3256,#3257,#3258);
#3256 = CARTESIAN_POINT('',(-60.06,0.51,1.56));
#3257 = DIRECTION('',(1.,0.,0.));
#3258 = DIRECTION('',(0.,1.,0.));
#3259 = PLANE('',#3260);
#3260 = AXIS2_PLACEMENT_3D('',#3261,#3262,#3263);
#3261 = CARTESIAN_POINT('',(-60.06,0.509176025342,1.643218275365));
#3262 = DIRECTION('',(1.,0.,0.));
#3263 = DIRECTION('',(0.,0.,1.));
#3264 = ADVANCED_FACE('',(#3265),#3283,.F.);
#3265 = FACE_BOUND('',#3266,.F.);
#3266 = EDGE_LOOP('',(#3267,#3268,#3276,#3282));
#3267 = ORIENTED_EDGE('',*,*,#3176,.F.);
#3268 = ORIENTED_EDGE('',*,*,#3269,.T.);
#3269 = EDGE_CURVE('',#3177,#3270,#3272,.T.);
#3270 = VERTEX_POINT('',#3271);
#3271 = CARTESIAN_POINT('',(-60.81,1.249350380985,5.09));
#3272 = LINE('',#3273,#3274);
#3273 = CARTESIAN_POINT('',(-60.06,1.249350380985,5.09));
#3274 = VECTOR('',#3275,1.);
#3275 = DIRECTION('',(-1.,-0.,-0.));
#3276 = ORIENTED_EDGE('',*,*,#3277,.F.);
#3277 = EDGE_CURVE('',#2954,#3270,#3278,.T.);
#3278 = LINE('',#3279,#3280);
#3279 = CARTESIAN_POINT('',(-60.81,1.249350380985,6.239074637094));
#3280 = VECTOR('',#3281,1.);
#3281 = DIRECTION('',(0.,0.,1.));
#3282 = ORIENTED_EDGE('',*,*,#2961,.F.);
#3283 = PLANE('',#3284);
#3284 = AXIS2_PLACEMENT_3D('',#3285,#3286,#3287);
#3285 = CARTESIAN_POINT('',(-60.06,1.249350380985,5.09));
#3286 = DIRECTION('',(0.,-1.,0.));
#3287 = DIRECTION('',(0.,0.,-1.));
#3288 = ADVANCED_FACE('',(#3289),#3307,.F.);
#3289 = FACE_BOUND('',#3290,.F.);
#3290 = EDGE_LOOP('',(#3291,#3299,#3305,#3306));
#3291 = ORIENTED_EDGE('',*,*,#3292,.T.);
#3292 = EDGE_CURVE('',#3270,#3293,#3295,.T.);
#3293 = VERTEX_POINT('',#3294);
#3294 = CARTESIAN_POINT('',(-60.81,-0.250649619015,5.09));
#3295 = LINE('',#3296,#3297);
#3296 = CARTESIAN_POINT('',(-60.81,0.253123914661,5.09));
#3297 = VECTOR('',#3298,1.);
#3298 = DIRECTION('',(0.,-1.,0.));
#3299 = ORIENTED_EDGE('',*,*,#3300,.T.);
#3300 = EDGE_CURVE('',#3293,#2946,#3301,.T.);
#3301 = LINE('',#3302,#3303);
#3302 = CARTESIAN_POINT('',(-60.81,-0.250649619015,5.624074637094));
#3303 = VECTOR('',#3304,1.);
#3304 = DIRECTION('',(0.,0.,-1.));
#3305 = ORIENTED_EDGE('',*,*,#2953,.T.);
#3306 = ORIENTED_EDGE('',*,*,#3277,.T.);
#3307 = PLANE('',#3308);
#3308 = AXIS2_PLACEMENT_3D('',#3309,#3310,#3311);
#3309 = CARTESIAN_POINT('',(-60.81,0.756897448336,7.388149274187));
#3310 = DIRECTION('',(1.,0.,0.));
#3311 = DIRECTION('',(0.,0.,1.));
#3312 = ADVANCED_FACE('',(#3313),#3324,.F.);
#3313 = FACE_BOUND('',#3314,.F.);
#3314 = EDGE_LOOP('',(#3315,#3316,#3317,#3318));
#3315 = ORIENTED_EDGE('',*,*,#3192,.F.);
#3316 = ORIENTED_EDGE('',*,*,#2945,.T.);
#3317 = ORIENTED_EDGE('',*,*,#3300,.F.);
#3318 = ORIENTED_EDGE('',*,*,#3319,.F.);
#3319 = EDGE_CURVE('',#3185,#3293,#3320,.T.);
#3320 = LINE('',#3321,#3322);
#3321 = CARTESIAN_POINT('',(-60.06,-0.250649619015,5.09));
#3322 = VECTOR('',#3323,1.);
#3323 = DIRECTION('',(-1.,-0.,-0.));
#3324 = PLANE('',#3325);
#3325 = AXIS2_PLACEMENT_3D('',#3326,#3327,#3328);
#3326 = CARTESIAN_POINT('',(-60.06,-0.250649619015,3.86));
#3327 = DIRECTION('',(0.,1.,0.));
#3328 = DIRECTION('',(0.,0.,1.));
#3329 = ADVANCED_FACE('',(#3330),#3348,.T.);
#3330 = FACE_BOUND('',#3331,.T.);
#3331 = EDGE_LOOP('',(#3332,#3333,#3341,#3347));
#3332 = ORIENTED_EDGE('',*,*,#3242,.F.);
#3333 = ORIENTED_EDGE('',*,*,#3334,.T.);
#3334 = EDGE_CURVE('',#3235,#3335,#3337,.T.);
#3335 = VERTEX_POINT('',#3336);
#3336 = CARTESIAN_POINT('',(-60.81,4.182248019855,3.4998255165E-02));
#3337 = LINE('',#3338,#3339);
#3338 = CARTESIAN_POINT('',(-60.06,4.182248019855,3.4998255165E-02));
#3339 = VECTOR('',#3340,1.);
#3340 = DIRECTION('',(-1.,-0.,-0.));
#3341 = ORIENTED_EDGE('',*,*,#3342,.F.);
#3342 = EDGE_CURVE('',#3043,#3335,#3343,.T.);
#3343 = LINE('',#3344,#3345);
#3344 = CARTESIAN_POINT('',(-60.81,1.405319483341,2.52439786451));
#3345 = VECTOR('',#3346,1.);
#3346 = DIRECTION('',(0.,0.744604151989,-0.667506297229));
#3347 = ORIENTED_EDGE('',*,*,#3042,.F.);
#3348 = PLANE('',#3349);
#3349 = AXIS2_PLACEMENT_3D('',#3350,#3351,#3352);
#3350 = CARTESIAN_POINT('',(-60.06,4.182248019855,3.4998255165E-02));
#3351 = DIRECTION('',(0.,0.667506297229,0.744604151989));
#3352 = DIRECTION('',(0.,-0.744604151989,0.667506297229));
#3353 = ADVANCED_FACE('',(#3354),#3372,.F.);
#3354 = FACE_BOUND('',#3355,.F.);
#3355 = EDGE_LOOP('',(#3356,#3364,#3370,#3371));
#3356 = ORIENTED_EDGE('',*,*,#3357,.F.);
#3357 = EDGE_CURVE('',#3358,#3051,#3360,.T.);
#3358 = VERTEX_POINT('',#3359);
#3359 = CARTESIAN_POINT('',(-60.81,3.180988574011,-1.081907972819));
#3360 = LINE('',#3361,#3362);
#3361 = CARTESIAN_POINT('',(-60.81,-5.387151597594E-02,1.818008009322));
#3362 = VECTOR('',#3363,1.);
#3363 = DIRECTION('',(0.,-0.744604151989,0.667506297229));
#3364 = ORIENTED_EDGE('',*,*,#3365,.F.);
#3365 = EDGE_CURVE('',#3335,#3358,#3366,.T.);
#3366 = LINE('',#3367,#3368);
#3367 = CARTESIAN_POINT('',(-60.81,4.745871547687,0.663721041339));
#3368 = VECTOR('',#3369,1.);
#3369 = DIRECTION('',(0.,-0.667506297229,-0.744604151989));
#3370 = ORIENTED_EDGE('',*,*,#3342,.F.);
#3371 = ORIENTED_EDGE('',*,*,#3050,.F.);
#3372 = PLANE('',#3373);
#3373 = AXIS2_PLACEMENT_3D('',#3374,#3375,#3376);
#3374 = CARTESIAN_POINT('',(-60.81,0.756897448336,7.388149274187));
#3375 = DIRECTION('',(1.,0.,0.));
#3376 = DIRECTION('',(0.,0.,1.));
#3377 = ADVANCED_FACE('',(#3378),#3389,.T.);
#3378 = FACE_BOUND('',#3379,.T.);
#3379 = EDGE_LOOP('',(#3380,#3381,#3382,#3383));
#3380 = ORIENTED_EDGE('',*,*,#3226,.F.);
#3381 = ORIENTED_EDGE('',*,*,#3058,.T.);
#3382 = ORIENTED_EDGE('',*,*,#3357,.F.);
#3383 = ORIENTED_EDGE('',*,*,#3384,.F.);
#3384 = EDGE_CURVE('',#3227,#3358,#3385,.T.);
#3385 = LINE('',#3386,#3387);
#3386 = CARTESIAN_POINT('',(-60.06,3.180988574011,-1.081907972819));
#3387 = VECTOR('',#3388,1.);
#3388 = DIRECTION('',(-1.,-0.,-0.));
#3389 = PLANE('',#3390);
#3390 = AXIS2_PLACEMENT_3D('',#3391,#3392,#3393);
#3391 = CARTESIAN_POINT('',(-60.06,2.265125467064,-0.260875227227));
#3392 = DIRECTION('',(0.,-0.667506297229,-0.744604151989));
#3393 = DIRECTION('',(0.,0.744604151989,-0.667506297229));
#3394 = ADVANCED_FACE('',(#3395),#3413,.T.);
#3395 = FACE_BOUND('',#3396,.T.);
#3396 = EDGE_LOOP('',(#3397,#3398,#3406,#3412));
#3397 = ORIENTED_EDGE('',*,*,#3217,.F.);
#3398 = ORIENTED_EDGE('',*,*,#3399,.T.);
#3399 = EDGE_CURVE('',#3210,#3400,#3402,.T.);
#3400 = VERTEX_POINT('',#3401);
#3401 = CARTESIAN_POINT('',(-60.81,-2.160988574011,-1.081907972819));
#3402 = LINE('',#3403,#3404);
#3403 = CARTESIAN_POINT('',(-60.06,-2.160988574011,-1.081907972819));
#3404 = VECTOR('',#3405,1.);
#3405 = DIRECTION('',(-1.,-0.,-0.));
#3406 = ORIENTED_EDGE('',*,*,#3407,.F.);
#3407 = EDGE_CURVE('',#3106,#3400,#3408,.T.);
#3408 = LINE('',#3409,#3410);
#3409 = CARTESIAN_POINT('',(-60.81,0.752828633996,1.5302065717));
#3410 = VECTOR('',#3411,1.);
#3411 = DIRECTION('',(0.,-0.744604151989,-0.667506297229));
#3412 = ORIENTED_EDGE('',*,*,#3105,.F.);
#3413 = PLANE('',#3414);
#3414 = AXIS2_PLACEMENT_3D('',#3415,#3416,#3417);
#3415 = CARTESIAN_POINT('',(-60.06,-2.160988574011,-1.081907972819));
#3416 = DIRECTION('',(0.,0.667506297229,-0.744604151989));
#3417 = DIRECTION('',(0.,0.744604151989,0.667506297229));
#3418 = ADVANCED_FACE('',(#3419),#3437,.F.);
#3419 = FACE_BOUND('',#3420,.F.);
#3420 = EDGE_LOOP('',(#3421,#3429,#3435,#3436));
#3421 = ORIENTED_EDGE('',*,*,#3422,.F.);
#3422 = EDGE_CURVE('',#3423,#3114,#3425,.T.);
#3423 = VERTEX_POINT('',#3424);
#3424 = CARTESIAN_POINT('',(-60.81,-3.162248019855,3.499825516499E-02));
#3425 = LINE('',#3426,#3427);
#3426 = CARTESIAN_POINT('',(-60.81,0.209500741626,3.057629172479));
#3427 = VECTOR('',#3428,1.);
#3428 = DIRECTION('',(0.,0.744604151989,0.667506297229));
#3429 = ORIENTED_EDGE('',*,*,#3430,.F.);
#3430 = EDGE_CURVE('',#3400,#3423,#3431,.T.);
#3431 = LINE('',#3432,#3433);
#3432 = CARTESIAN_POINT('',(-60.81,-4.116492493766,1.099459220158));
#3433 = VECTOR('',#3434,1.);
#3434 = DIRECTION('',(0.,-0.667506297229,0.744604151989));
#3435 = ORIENTED_EDGE('',*,*,#3407,.F.);
#3436 = ORIENTED_EDGE('',*,*,#3113,.F.);
#3437 = PLANE('',#3438);
#3438 = AXIS2_PLACEMENT_3D('',#3439,#3440,#3441);
#3439 = CARTESIAN_POINT('',(-60.81,0.756897448336,7.388149274187));
#3440 = DIRECTION('',(1.,0.,0.));
#3441 = DIRECTION('',(0.,0.,1.));
#3442 = ADVANCED_FACE('',(#3443),#3454,.T.);
#3443 = FACE_BOUND('',#3444,.T.);
#3444 = EDGE_LOOP('',(#3445,#3446,#3447,#3448));
#3445 = ORIENTED_EDGE('',*,*,#3201,.F.);
#3446 = ORIENTED_EDGE('',*,*,#3121,.T.);
#3447 = ORIENTED_EDGE('',*,*,#3422,.F.);
#3448 = ORIENTED_EDGE('',*,*,#3449,.F.);
#3449 = EDGE_CURVE('',#3202,#3423,#3450,.T.);
#3450 = LINE('',#3451,#3452);
#3451 = CARTESIAN_POINT('',(-60.06,-3.162248019855,3.499825516499E-02));
#3452 = VECTOR('',#3453,1.);
#3453 = DIRECTION('',(-1.,-0.,-0.));
#3454 = PLANE('',#3455);
#3455 = AXIS2_PLACEMENT_3D('',#3456,#3457,#3458);
#3456 = CARTESIAN_POINT('',(-60.06,-2.246384912908,0.856031000757));
#3457 = DIRECTION('',(0.,-0.667506297229,0.744604151989));
#3458 = DIRECTION('',(0.,-0.744604151989,-0.667506297229));
#3459 = ADVANCED_FACE('',(#3460),#3466,.F.);
#3460 = FACE_BOUND('',#3461,.F.);
#3461 = EDGE_LOOP('',(#3462,#3463,#3464,#3465));
#3462 = ORIENTED_EDGE('',*,*,#3184,.F.);
#3463 = ORIENTED_EDGE('',*,*,#3319,.T.);
#3464 = ORIENTED_EDGE('',*,*,#3292,.F.);
#3465 = ORIENTED_EDGE('',*,*,#3269,.F.);
#3466 = PLANE('',#3467);
#3467 = AXIS2_PLACEMENT_3D('',#3468,#3469,#3470);
#3468 = CARTESIAN_POINT('',(-60.06,-0.250649619015,5.09));
#3469 = DIRECTION('',(0.,0.,-1.));
#3470 = DIRECTION('',(0.,1.,0.));
#3471 = ADVANCED_FACE('',(#3472),#3478,.T.);
#3472 = FACE_BOUND('',#3473,.T.);
#3473 = EDGE_LOOP('',(#3474,#3475,#3476,#3477));
#3474 = ORIENTED_EDGE('',*,*,#3234,.F.);
#3475 = ORIENTED_EDGE('',*,*,#3384,.T.);
#3476 = ORIENTED_EDGE('',*,*,#3365,.F.);
#3477 = ORIENTED_EDGE('',*,*,#3334,.F.);
#3478 = PLANE('',#3479);
#3479 = AXIS2_PLACEMENT_3D('',#3480,#3481,#3482);
#3480 = CARTESIAN_POINT('',(-60.06,3.180988574011,-1.081907972819));
#3481 = DIRECTION('',(0.,0.744604151989,-0.667506297229));
#3482 = DIRECTION('',(0.,0.667506297229,0.744604151989));
#3483 = ADVANCED_FACE('',(#3484),#3490,.T.);
#3484 = FACE_BOUND('',#3485,.T.);
#3485 = EDGE_LOOP('',(#3486,#3487,#3488,#3489));
#3486 = ORIENTED_EDGE('',*,*,#3209,.F.);
#3487 = ORIENTED_EDGE('',*,*,#3449,.T.);
#3488 = ORIENTED_EDGE('',*,*,#3430,.F.);
#3489 = ORIENTED_EDGE('',*,*,#3399,.F.);
#3490 = PLANE('',#3491);
#3491 = AXIS2_PLACEMENT_3D('',#3492,#3493,#3494);
#3492 = CARTESIAN_POINT('',(-60.06,-3.162248019855,3.499825516499E-02));
#3493 = DIRECTION('',(0.,-0.744604151989,-0.667506297229));
#3494 = DIRECTION('',(0.,0.667506297229,-0.744604151989));
#3495 = ADVANCED_FACE('',(#3496),#3515,.F.);
#3496 = FACE_BOUND('',#3497,.F.);
#3497 = EDGE_LOOP('',(#3498,#3506,#3513,#3514));
#3498 = ORIENTED_EDGE('',*,*,#3499,.T.);
#3499 = EDGE_CURVE('',#3252,#3500,#3502,.T.);
#3500 = VERTEX_POINT('',#3501);
#3501 = CARTESIAN_POINT('',(-61.86,1.635,1.56));
#3502 = LINE('',#3503,#3504);
#3503 = CARTESIAN_POINT('',(-60.06,1.635,1.56));
#3504 = VECTOR('',#3505,1.);
#3505 = DIRECTION('',(-1.,-0.,-0.));
#3506 = ORIENTED_EDGE('',*,*,#3507,.T.);
#3507 = EDGE_CURVE('',#3500,#3500,#3508,.T.);
#3508 = CIRCLE('',#3509,1.125);
#3509 = AXIS2_PLACEMENT_3D('',#3510,#3511,#3512);
#3510 = CARTESIAN_POINT('',(-61.86,0.51,1.56));
#3511 = DIRECTION('',(1.,0.,0.));
#3512 = DIRECTION('',(0.,1.,0.));
#3513 = ORIENTED_EDGE('',*,*,#3499,.F.);
#3514 = ORIENTED_EDGE('',*,*,#3251,.F.);
#3515 = CYLINDRICAL_SURFACE('',#3516,1.125);
#3516 = AXIS2_PLACEMENT_3D('',#3517,#3518,#3519);
#3517 = CARTESIAN_POINT('',(-60.06,0.51,1.56));
#3518 = DIRECTION('',(1.,0.,0.));
#3519 = DIRECTION('',(0.,1.,0.));
#3520 = ADVANCED_FACE('',(#3521),#3524,.T.);
#3521 = FACE_BOUND('',#3522,.T.);
#3522 = EDGE_LOOP('',(#3523));
#3523 = ORIENTED_EDGE('',*,*,#3507,.T.);
#3524 = PLANE('',#3525);
#3525 = AXIS2_PLACEMENT_3D('',#3526,#3527,#3528);
#3526 = CARTESIAN_POINT('',(-61.86,0.509212733996,7.490007615577));
#3527 = DIRECTION('',(1.,0.,0.));
#3528 = DIRECTION('',(0.,0.,1.));
#3529 = ( GEOMETRIC_REPRESENTATION_CONTEXT(3) 
GLOBAL_UNCERTAINTY_ASSIGNED_CONTEXT((#3533)) 
GLOBAL_UNIT_ASSIGNED_CONTEXT((#3530,#3531,#3532)) REPRESENTATION_CONTEXT
('Context #1','3D Context with UNIT and UNCERTAINTY') );
#3530 = ( LENGTH_UNIT() NAMED_UNIT(*) SI_UNIT(.MILLI.,.METRE.) );
#3531 = ( NAMED_UNIT(*) PLANE_ANGLE_UNIT() SI_UNIT($,.RADIAN.) );
#3532 = ( NAMED_UNIT(*) SI_UNIT($,.STERADIAN.) SOLID_ANGLE_UNIT() );
#3533 = UNCERTAINTY_MEASURE_WITH_UNIT(LENGTH_MEASURE(2.E-04),#3530,
  'distance_accuracy_value','confusion accuracy');
#3534 = PRODUCT_RELATED_PRODUCT_CATEGORY('part',$,(#7));
#3535 = MECHANICAL_DESIGN_GEOMETRIC_PRESENTATION_REPRESENTATION('',(
    #3536,#3547,#3556,#3565),#3529);
#3536 = STYLED_ITEM('color',(#3537),#15);
#3537 = PRESENTATION_STYLE_ASSIGNMENT((#3538,#3544));
#3538 = SURFACE_STYLE_USAGE(.BOTH.,#3539);
#3539 = SURFACE_SIDE_STYLE('',(#3540));
#3540 = SURFACE_STYLE_FILL_AREA(#3541);
#3541 = FILL_AREA_STYLE('',(#3542));
#3542 = FILL_AREA_STYLE_COLOUR('',#3543);
#3543 = COLOUR_RGB('',0.800000010877,0.800000010877,0.800000010877);
#3544 = CURVE_STYLE('',#3545,POSITIVE_LENGTH_MEASURE(0.1),#3546);
#3545 = DRAUGHTING_PRE_DEFINED_CURVE_FONT('continuous');
#3546 = COLOUR_RGB('',9.803921802644E-02,9.803921802644E-02,
  9.803921802644E-02);
#3547 = STYLED_ITEM('color',(#3548),#946);
#3548 = PRESENTATION_STYLE_ASSIGNMENT((#3549,#3554));
#3549 = SURFACE_STYLE_USAGE(.BOTH.,#3550);
#3550 = SURFACE_SIDE_STYLE('',(#3551));
#3551 = SURFACE_STYLE_FILL_AREA(#3552);
#3552 = FILL_AREA_STYLE('',(#3553));
#3553 = FILL_AREA_STYLE_COLOUR('',#3543);
#3554 = CURVE_STYLE('',#3555,POSITIVE_LENGTH_MEASURE(0.1),#3546);
#3555 = DRAUGHTING_PRE_DEFINED_CURVE_FONT('continuous');
#3556 = STYLED_ITEM('color',(#3557),#1871);
#3557 = PRESENTATION_STYLE_ASSIGNMENT((#3558,#3563));
#3558 = SURFACE_STYLE_USAGE(.BOTH.,#3559);
#3559 = SURFACE_SIDE_STYLE('',(#3560));
#3560 = SURFACE_STYLE_FILL_AREA(#3561);
#3561 = FILL_AREA_STYLE('',(#3562));
#3562 = FILL_AREA_STYLE_COLOUR('',#3543);
#3563 = CURVE_STYLE('',#3564,POSITIVE_LENGTH_MEASURE(0.1),#3546);
#3564 = DRAUGHTING_PRE_DEFINED_CURVE_FONT('continuous');
#3565 = STYLED_ITEM('color',(#3566),#2604);
#3566 = PRESENTATION_STYLE_ASSIGNMENT((#3567,#3572));
#3567 = SURFACE_STYLE_USAGE(.BOTH.,#3568);
#3568 = SURFACE_SIDE_STYLE('',(#3569));
#3569 = SURFACE_STYLE_FILL_AREA(#3570);
#3570 = FILL_AREA_STYLE('',(#3571));
#3571 = FILL_AREA_STYLE_COLOUR('',#3543);
#3572 = CURVE_STYLE('',#3573,POSITIVE_LENGTH_MEASURE(0.1),#3546);
#3573 = DRAUGHTING_PRE_DEFINED_CURVE_FONT('continuous');
ENDSEC;
END-ISO-10303-21;
